Date,Region,Season,Temperature_C,Is_Festival,Base_Demand,City_Proxy,Latitude,Longitude,Served_Population_M,Urbanisation,Elevation_m,Coastal,Area_k_km2,Climate_Zone,Humidity_pct,Rainfall_mm,Heat_Index_C,Wind_Speed_kmph,UV_Index,Extreme_Weather_Flag,Temp_Anomaly_C,Drought_Index,Air_Quality_Index,Water_Stress_Index,Political_Stability_Index,Plastic_Ban_Active,Economic_Index,Consumer_Confidence,Tourism_Index,Election_Period,Water_Tax_Rate,Govt_Subsidy_Active,Target_Demand
2021-01-01,East_Zone,Winter,15.0,0,7844,Kolkata,22.57,88.36,18.4,0.82,9,1,1.85,Humid_Subtropical,80.5,0.0,15.0,4.9,2.9,0,-0.148,0.428,173.0,0.438,77.8,0,100.18,52.9,67.1,0,3.5,0,7869
2021-01-02,East_Zone,Winter,14.8,0,8666,Kolkata,22.57,88.36,18.4,0.82,9,1,1.85,Humid_Subtropical,73.9,0.0,14.8,10.8,4.2,0,-0.047,0.414,132.0,0.44,68.7,0,101.2,57.8,62.7,0,3.5,0,8489
2021-01-03,East_Zone,Winter,15.5,0,9400,Kolkata,22.57,88.36,18.4,0.82,9,1,1.85,Humid_Subtropical,82.5,0.0,15.5,9.3,4.1,0,-0.243,0.351,164.0,0.387,76.8,0,100.38,53.7,79.0,0,3.5,0,9578
2021-01-04,East_Zone,Winter,11.9,0,9320,Kolkata,22.57,88.36,18.4,0.82,9,1,1.85,Humid_Subtropical,85.6,0.0,11.9,8.0,3.2,0,0.083,0.535,148.0,0.492,74.0,0,100.07,55.1,73.4,0,3.5,0,9622
2021-01-05,East_Zone,Winter,15.7,0,9515,Kolkata,22.57,88.36,18.4,0.82,9,1,1.85,Humid_Subtropical,68.8,0.0,15.7,5.5,3.5,0,0.115,0.516,152.0,0.447,73.7,0,100.51,49.3,74.7,0,3.5,0,9722
2021-01-06,East_Zone,Winter,13.1,0,9307,Kolkata,22.57,88.36,18.4,0.82,9,1,1.85,Humid_Subtropical,73.6,0.0,13.1,3.0,3.4,0,0.008,0.409,159.0,0.396,74.4,0,98.77,50.9,74.2,0,3.5,0,9279
2021-01-07,East_Zone,Winter,14.2,0,8779,Kolkata,22.57,88.36,18.4,0.82,9,1,1.85,Humid_Subtropical,80.1,0.0,14.2,6.6,3.6,0,0.183,0.462,149.0,0.427,69.7,0,101.19,50.0,73.1,0,3.5,0,8999
2021-01-08,East_Zone,Winter,12.2,0,7252,Kolkata,22.57,88.36,18.4,0.82,9,1,1.85,Humid_Subtropical,79.1,0.3,12.2,9.3,3.0,0,0.135,0.543,138.0,0.482,77.4,0,99.08,52.3,71.9,0,3.5,0,7266
2021-01-09,East_Zone,Winter,17.1,0,8911,Kolkata,22.57,88.36,18.4,0.82,9,1,1.85,Humid_Subtropical,77.7,0.0,17.1,7.2,3.3,0,0.048,0.494,135.0,0.416,72.7,0,101.86,53.0,71.6,0,3.5,0,9097
2021-01-10,East_Zone,Winter,12.4,0,7595,Kolkata,22.57,88.36,18.4,0.82,9,1,1.85,Humid_Subtropical,76.3,0.4,12.4,1.2,3.2,0,-0.011,0.402,159.0,0.399,71.5,0,101.11,51.3,67.1,0,3.5,0,7526
2021-01-11,East_Zone,Winter,17.1,0,8770,Kolkata,22.57,88.36,18.4,0.82,9,1,1.85,Humid_Subtropical,82.1,0.0,17.1,6.3,3.4,0,-0.035,0.415,116.0,0.461,80.5,0,100.93,55.9,63.2,0,3.5,0,8555
2021-01-12,East_Zone,Winter,14.6,0,8673,Kolkata,22.57,88.36,18.4,0.82,9,1,1.85,Humid_Subtropical,83.1,0.0,14.6,1.0,3.3,0,0.056,0.317,180.0,0.417,73.0,0,101.01,49.1,83.2,0,3.5,0,8587
2021-01-13,East_Zone,Winter,9.2,0,6135,Kolkata,22.57,88.36,18.4,0.82,9,1,1.85,Humid_Subtropical,82.8,0.0,9.2,8.4,1.9,0,-0.014,0.466,152.0,0.429,71.4,0,100.44,44.6,72.2,0,3.5,0,6210
2021-01-14,East_Zone,Winter,16.0,0,8412,Kolkata,22.57,88.36,18.4,0.82,9,1,1.85,Humid_Subtropical,84.0,0.0,16.0,3.9,3.6,0,0.055,0.495,144.0,0.454,76.4,0,99.69,50.6,69.8,0,3.5,0,8507
2021-01-15,East_Zone,Winter,18.2,0,10315,Kolkata,22.57,88.36,18.4,0.82,9,1,1.85,Humid_Subtropical,79.4,0.0,18.2,2.3,3.3,0,0.062,0.495,155.0,0.516,74.8,0,99.57,61.4,68.0,0,3.5,0,10527
2021-01-16,East_Zone,Winter,17.2,0,10745,Kolkata,22.57,88.36,18.4,0.82,9,1,1.85,Humid_Subtropical,73.4,0.0,17.2,8.5,2.5,0,-0.023,0.462,139.0,0.494,77.0,0,102.3,56.0,77.2,0,3.5,0,10907
2021-01-17,East_Zone,Winter,14.8,0,9206,Kolkata,22.57,88.36,18.4,0.82,9,1,1.85,Humid_Subtropical,81.0,3.2,14.8,7.7,3.3,0,0.11,0.441,147.0,0.447,74.3,0,100.68,49.9,72.7,0,3.5,0,9305
2021-01-18,East_Zone,Winter,13.2,0,10273,Kolkata,22.57,88.36,18.4,0.82,9,1,1.85,Humid_Subtropical,75.3,0.0,13.2,6.7,3.2,0,-0.023,0.36,130.0,0.454,76.9,0,99.49,54.6,67.7,0,3.5,0,10347
2021-01-19,East_Zone,Winter,21.0,0,10247,Kolkata,22.57,88.36,18.4,0.82,9,1,1.85,Humid_Subtropical,79.8,0.0,21.0,12.6,4.6,0,0.002,0.439,157.0,0.453,80.2,0,101.16,52.9,70.5,0,3.5,0,10686
2021-01-20,East_Zone,Winter,16.2,0,10127,Kolkata,22.57,88.36,18.4,0.82,9,1,1.85,Humid_Subtropical,78.0,2.3,16.2,7.9,3.2,0,-0.098,0.382,149.0,0.382,71.7,0,101.02,55.0,73.6,0,3.5,0,10041
2021-01-21,East_Zone,Winter,14.6,0,8114,Kolkata,22.57,88.36,18.4,0.82,9,1,1.85,Humid_Subtropical,78.3,0.0,14.6,4.1,3.9,0,-0.027,0.452,153.0,0.394,72.6,0,100.38,56.7,70.1,0,3.5,0,8233
2021-01-22,East_Zone,Winter,17.6,0,9468,Kolkata,22.57,88.36,18.4,0.82,9,1,1.85,Humid_Subtropical,74.0,0.1,17.6,7.6,4.5,0,0.216,0.374,177.0,0.406,69.2,0,99.84,53.7,76.1,0,3.5,0,9560
2021-01-23,East_Zone,Winter,15.5,0,8219,Kolkata,22.57,88.36,18.4,0.82,9,1,1.85,Humid_Subtropical,84.8,0.0,15.5,5.1,3.1,0,-0.09,0.451,136.0,0.405,75.1,0,101.51,54.1,82.6,0,3.5,0,8334
2021-01-24,East_Zone,Winter,9.8,0,7650,Kolkata,22.57,88.36,18.4,0.82,9,1,1.85,Humid_Subtropical,81.3,1.9,9.8,9.8,3.2,0,0.044,0.499,148.0,0.473,74.4,0,101.75,59.6,69.9,0,3.5,0,7603
2021-01-25,East_Zone,Winter,17.7,0,9248,Kolkata,22.57,88.36,18.4,0.82,9,1,1.85,Humid_Subtropical,75.2,0.0,17.7,6.8,4.7,0,-0.045,0.443,120.0,0.434,77.8,0,101.16,55.6,70.6,0,3.5,0,9490
2021-01-26,East_Zone,Winter,19.3,0,9264,Kolkata,22.57,88.36,18.4,0.82,9,1,1.85,Humid_Subtropical,74.7,0.0,19.3,7.1,3.9,0,-0.221,0.44,160.0,0.463,73.9,0,100.94,54.2,67.9,0,3.5,0,9355
2021-01-27,East_Zone,Winter,11.8,0,7905,Kolkata,22.57,88.36,18.4,0.82,9,1,1.85,Humid_Subtropical,83.6,0.0,11.8,1.7,3.6,0,0.056,0.475,150.0,0.472,73.7,0,100.11,53.2,71.2,0,3.5,0,7918
2021-01-28,East_Zone,Winter,14.8,0,9304,Kolkata,22.57,88.36,18.4,0.82,9,1,1.85,Humid_Subtropical,80.9,0.0,14.8,6.2,3.2,0,-0.056,0.526,150.0,0.492,74.6,0,101.41,51.3,62.2,0,3.5,0,9281
2021-01-29,East_Zone,Winter,12.7,0,9263,Kolkata,22.57,88.36,18.4,0.82,9,1,1.85,Humid_Subtropical,82.4,0.0,12.7,5.8,3.8,0,0.032,0.414,147.0,0.416,73.3,0,100.32,48.1,77.5,0,3.5,0,9350
2021-01-30,East_Zone,Winter,20.9,0,10193,Kolkata,22.57,88.36,18.4,0.82,9,1,1.85,Humid_Subtropical,77.6,0.0,20.9,2.9,3.8,0,0.099,0.451,140.0,0.468,75.1,0,99.72,55.6,65.3,0,3.5,0,10084
2021-01-31,East_Zone,Winter,18.7,0,8842,Kolkata,22.57,88.36,18.4,0.82,9,1,1.85,Humid_Subtropical,87.5,0.0,18.7,5.3,2.6,0,0.023,0.511,195.0,0.439,74.7,0,102.14,59.0,68.0,0,3.5,0,8848
2021-02-01,East_Zone,Winter,18.2,0,10394,Kolkata,22.57,88.36,18.4,0.82,9,1,1.85,Humid_Subtropical,75.0,0.0,18.2,7.3,3.4,0,0.033,0.46,151.0,0.476,75.6,0,100.02,54.7,72.4,0,3.5,0,10415
2021-02-02,East_Zone,Winter,17.6,0,9385,Kolkata,22.57,88.36,18.4,0.82,9,1,1.85,Humid_Subtropical,74.9,0.0,17.6,6.0,2.9,0,-0.087,0.3,155.0,0.452,73.3,0,99.18,54.9,78.9,0,3.5,0,9413
2021-02-03,East_Zone,Winter,6.1,0,6020,Kolkata,22.57,88.36,18.4,0.82,9,1,1.85,Humid_Subtropical,80.3,0.0,6.1,1.8,3.1,0,0.071,0.377,129.0,0.456,75.7,0,102.41,50.4,67.7,0,3.5,0,6095
2021-02-04,East_Zone,Winter,13.1,0,7497,Kolkata,22.57,88.36,18.4,0.82,9,1,1.85,Humid_Subtropical,83.2,0.0,13.1,5.2,2.9,0,-0.019,0.465,166.0,0.451,75.9,0,99.39,50.4,71.1,0,3.5,0,7508
2021-02-05,East_Zone,Winter,15.4,0,8506,Kolkata,22.57,88.36,18.4,0.82,9,1,1.85,Humid_Subtropical,84.4,0.0,15.4,4.6,3.8,0,-0.2,0.396,148.0,0.456,73.0,0,100.77,48.2,73.5,0,3.5,0,8536
2021-02-06,East_Zone,Winter,12.5,0,7284,Kolkata,22.57,88.36,18.4,0.82,9,1,1.85,Humid_Subtropical,79.9,1.1,12.5,6.6,3.4,0,0.083,0.506,158.0,0.421,73.8,0,100.09,52.0,68.6,0,3.5,0,7326
2021-02-07,East_Zone,Winter,12.9,0,9110,Kolkata,22.57,88.36,18.4,0.82,9,1,1.85,Humid_Subtropical,76.1,0.0,12.9,6.3,2.6,0,0.113,0.531,166.0,0.42,73.5,0,100.49,57.1,71.4,0,3.5,0,9083
2021-02-08,East_Zone,Winter,13.0,0,7842,Kolkata,22.57,88.36,18.4,0.82,9,1,1.85,Humid_Subtropical,76.1,0.0,13.0,4.8,3.1,0,0.148,0.385,148.0,0.45,70.3,0,103.47,51.6,64.0,0,3.5,0,7788
2021-02-09,East_Zone,Winter,13.6,0,8678,Kolkata,22.57,88.36,18.4,0.82,9,1,1.85,Humid_Subtropical,83.1,0.0,13.6,4.6,3.8,0,0.217,0.358,138.0,0.469,72.5,0,101.17,53.2,69.4,0,3.5,0,8646
2021-02-10,East_Zone,Winter,16.4,0,6656,Kolkata,22.57,88.36,18.4,0.82,9,1,1.85,Humid_Subtropical,81.9,0.0,16.4,6.2,4.3,0,0.077,0.398,108.0,0.403,76.3,0,101.66,56.5,78.2,0,3.5,0,6721
2021-02-11,East_Zone,Winter,18.1,0,10665,Kolkata,22.57,88.36,18.4,0.82,9,1,1.85,Humid_Subtropical,79.9,0.0,18.1,8.9,3.1,0,0.051,0.395,143.0,0.439,76.5,0,102.11,58.7,76.1,0,3.5,0,11018
2021-02-12,East_Zone,Winter,11.8,0,7184,Kolkata,22.57,88.36,18.4,0.82,9,1,1.85,Humid_Subtropical,77.6,0.0,11.8,6.8,2.7,0,0.109,0.512,138.0,0.481,75.0,0,100.7,46.7,69.8,0,3.5,0,7147
2021-02-13,East_Zone,Winter,13.6,0,7807,Kolkata,22.57,88.36,18.4,0.82,9,1,1.85,Humid_Subtropical,81.0,0.0,13.6,10.3,4.6,0,-0.089,0.358,129.0,0.411,71.0,0,102.45,52.1,66.9,0,3.5,0,7806
2021-02-14,East_Zone,Winter,15.7,0,7360,Kolkata,22.57,88.36,18.4,0.82,9,1,1.85,Humid_Subtropical,79.2,0.0,15.7,9.4,3.5,0,-0.167,0.465,176.0,0.446,76.9,0,101.77,50.8,70.9,0,3.5,0,7402
2021-02-15,East_Zone,Winter,11.6,0,9142,Kolkata,22.57,88.36,18.4,0.82,9,1,1.85,Humid_Subtropical,82.1,0.5,11.6,10.5,3.4,0,-0.048,0.503,168.0,0.484,79.6,0,102.18,50.4,64.7,0,3.5,0,9226
2021-02-16,East_Zone,Winter,12.2,0,9048,Kolkata,22.57,88.36,18.4,0.82,9,1,1.85,Humid_Subtropical,85.0,0.0,12.2,10.1,2.9,0,0.128,0.469,117.0,0.46,75.8,0,100.72,51.8,71.0,0,3.5,0,9068
2021-02-17,East_Zone,Winter,16.1,0,7569,Kolkata,22.57,88.36,18.4,0.82,9,1,1.85,Humid_Subtropical,79.5,0.0,16.1,10.7,3.7,0,-0.066,0.446,153.0,0.455,74.0,0,101.91,46.0,69.9,0,3.5,0,7764
2021-02-18,East_Zone,Winter,16.9,0,9132,Kolkata,22.57,88.36,18.4,0.82,9,1,1.85,Humid_Subtropical,81.3,0.0,16.9,2.5,4.6,0,0.047,0.41,135.0,0.413,71.4,0,101.49,52.1,69.8,0,3.5,0,8804
2021-02-19,East_Zone,Winter,13.6,0,8604,Kolkata,22.57,88.36,18.4,0.82,9,1,1.85,Humid_Subtropical,80.2,0.0,13.6,7.9,3.6,0,0.057,0.531,157.0,0.472,74.0,0,102.65,54.2,71.3,0,3.5,0,8610
2021-02-20,East_Zone,Winter,16.4,0,9672,Kolkata,22.57,88.36,18.4,0.82,9,1,1.85,Humid_Subtropical,79.6,0.0,16.4,9.7,4.2,0,0.024,0.405,136.0,0.429,72.5,0,101.0,49.2,74.7,0,3.5,0,9882
2021-02-21,East_Zone,Winter,18.5,0,9960,Kolkata,22.57,88.36,18.4,0.82,9,1,1.85,Humid_Subtropical,80.1,0.0,18.5,10.2,3.7,0,-0.128,0.477,140.0,0.449,73.4,0,103.59,52.5,66.8,0,3.5,0,10233
2021-02-22,East_Zone,Winter,10.9,0,7339,Kolkata,22.57,88.36,18.4,0.82,9,1,1.85,Humid_Subtropical,74.2,0.0,10.9,3.7,2.7,0,0.034,0.41,167.0,0.426,77.9,0,101.92,53.8,76.8,0,3.5,0,7595
2021-02-23,East_Zone,Winter,23.8,0,11536,Kolkata,22.57,88.36,18.4,0.82,9,1,1.85,Humid_Subtropical,72.1,0.0,23.8,8.0,3.5,0,-0.042,0.309,165.0,0.416,76.6,0,101.48,54.1,77.6,0,3.5,0,11600
2021-02-24,East_Zone,Winter,22.1,0,11643,Kolkata,22.57,88.36,18.4,0.82,9,1,1.85,Humid_Subtropical,72.4,0.0,22.1,6.2,3.2,0,0.17,0.404,177.0,0.415,73.0,0,101.38,47.0,83.0,0,3.5,0,11852
2021-02-25,East_Zone,Winter,15.7,0,9172,Kolkata,22.57,88.36,18.4,0.82,9,1,1.85,Humid_Subtropical,75.4,0.0,15.7,11.5,3.7,0,0.114,0.411,146.0,0.443,74.3,0,101.64,56.5,73.5,0,3.5,0,8982
2021-02-26,East_Zone,Winter,14.9,0,7332,Kolkata,22.57,88.36,18.4,0.82,9,1,1.85,Humid_Subtropical,77.7,0.0,14.9,1.8,4.2,0,-0.039,0.411,124.0,0.432,74.0,0,101.03,56.3,79.4,0,3.5,0,7404
2021-02-27,East_Zone,Winter,15.1,0,9732,Kolkata,22.57,88.36,18.4,0.82,9,1,1.85,Humid_Subtropical,86.4,0.0,15.1,3.7,3.6,0,0.177,0.38,167.0,0.407,72.7,0,102.35,51.0,76.9,0,3.5,0,9862
2021-02-28,East_Zone,Winter,13.2,0,8629,Kolkata,22.57,88.36,18.4,0.82,9,1,1.85,Humid_Subtropical,75.8,0.0,13.2,1.0,3.2,0,0.034,0.458,167.0,0.396,70.0,0,101.69,60.4,73.0,0,3.5,0,8602
2021-03-01,East_Zone,Summer,38.4,0,13873,Kolkata,22.57,88.36,18.4,0.82,9,1,1.85,Humid_Subtropical,45.8,0.0,47.3,6.4,9.2,0,-0.167,0.664,106.0,0.534,76.5,0,103.66,56.3,38.9,0,3.5,0,13977
2021-03-02,East_Zone,Summer,29.8,0,11800,Kolkata,22.57,88.36,18.4,0.82,9,1,1.85,Humid_Subtropical,37.7,0.0,29.2,12.8,9.5,0,-0.008,0.602,82.0,0.513,77.5,0,101.3,54.8,49.5,0,3.5,0,12110
2021-03-03,East_Zone,Summer,31.4,0,13985,Kolkata,22.57,88.36,18.4,0.82,9,1,1.85,Humid_Subtropical,43.5,0.0,32.0,5.9,8.6,0,0.164,0.601,76.0,0.466,72.2,0,101.63,56.4,46.2,0,3.5,0,14288
2021-03-04,East_Zone,Summer,40.8,0,14183,Kolkata,22.57,88.36,18.4,0.82,9,1,1.85,Humid_Subtropical,40.3,0.0,50.6,6.3,9.1,0,-0.082,0.557,105.0,0.5,72.0,0,101.33,49.4,53.9,0,3.5,1,14336
2021-03-05,East_Zone,Summer,36.2,0,13871,Kolkata,22.57,88.36,18.4,0.82,9,1,1.85,Humid_Subtropical,45.2,0.0,41.6,7.7,10.1,0,-0.007,0.635,79.0,0.468,76.7,0,103.65,53.0,48.7,0,3.5,0,13959
2021-03-06,East_Zone,Summer,29.9,0,12242,Kolkata,22.57,88.36,18.4,0.82,9,1,1.85,Humid_Subtropical,49.6,0.0,30.8,5.7,9.1,0,-0.136,0.703,89.0,0.507,72.0,0,100.35,55.6,50.3,0,3.5,1,12526
2021-03-07,East_Zone,Summer,32.0,0,13521,Kolkata,22.57,88.36,18.4,0.82,9,1,1.85,Humid_Subtropical,48.8,0.0,34.1,7.1,9.2,0,-0.12,0.703,147.0,0.5,69.8,0,101.91,50.6,42.1,0,3.5,1,13541
2021-03-08,East_Zone,Summer,37.4,0,15100,Kolkata,22.57,88.36,18.4,0.82,9,1,1.85,Humid_Subtropical,39.8,0.0,42.0,7.2,9.5,0,-0.083,0.584,133.0,0.478,72.7,0,102.14,52.4,46.2,0,3.5,1,15352
2021-03-09,East_Zone,Summer,41.9,0,15102,Kolkata,22.57,88.36,18.4,0.82,9,1,1.85,Humid_Subtropical,36.5,0.0,51.0,3.5,10.3,0,-0.123,0.739,109.0,0.544,78.1,0,100.71,55.7,35.4,0,3.5,0,15091
2021-03-10,East_Zone,Summer,37.2,1,16833,Kolkata,22.57,88.36,18.4,0.82,9,1,1.85,Humid_Subtropical,46.0,0.0,44.3,5.7,9.7,0,-0.062,0.598,83.0,0.477,72.4,0,104.5,56.0,59.8,0,3.5,1,17299
2021-03-11,East_Zone,Summer,33.4,0,11829,Kolkata,22.57,88.36,18.4,0.82,9,1,1.85,Humid_Subtropical,43.0,0.0,35.2,8.2,9.0,0,0.174,0.559,82.0,0.47,72.1,0,100.94,53.5,51.1,0,3.5,1,11833
2021-03-12,East_Zone,Summer,39.8,0,15071,Kolkata,22.57,88.36,18.4,0.82,9,1,1.85,Humid_Subtropical,33.7,3.4,44.5,8.8,9.3,0,-0.004,0.538,108.0,0.497,72.6,0,101.91,54.0,52.0,0,3.5,1,15003
2021-03-13,East_Zone,Summer,37.3,0,14640,Kolkata,22.57,88.36,18.4,0.82,9,1,1.85,Humid_Subtropical,36.0,0.0,40.3,9.9,9.5,0,0.079,0.555,122.0,0.481,70.5,0,103.58,53.7,43.2,0,3.5,1,14710
2021-03-14,East_Zone,Summer,38.4,0,14322,Kolkata,22.57,88.36,18.4,0.82,9,1,1.85,Humid_Subtropical,36.4,0.0,42.7,7.0,9.9,0,0.109,0.64,86.0,0.482,70.0,0,101.53,57.0,35.9,0,3.5,1,14175
2021-03-15,East_Zone,Summer,33.7,0,13685,Kolkata,22.57,88.36,18.4,0.82,9,1,1.85,Humid_Subtropical,46.3,0.0,36.6,7.1,9.4,0,-0.111,0.605,87.0,0.498,73.2,0,102.06,62.2,42.3,0,3.5,1,13908
2021-03-16,East_Zone,Summer,35.8,0,15535,Kolkata,22.57,88.36,18.4,0.82,9,1,1.85,Humid_Subtropical,43.2,0.0,39.9,8.3,9.5,0,-0.083,0.582,97.0,0.515,69.8,0,101.58,54.8,44.6,0,3.5,1,15352
2021-03-17,East_Zone,Summer,29.8,0,12166,Kolkata,22.57,88.36,18.4,0.82,9,1,1.85,Humid_Subtropical,49.6,0.0,30.7,4.2,9.3,0,0.077,0.569,70.0,0.514,72.8,0,101.88,58.9,47.0,0,3.5,1,12264
2021-03-18,East_Zone,Summer,48.1,0,17458,Kolkata,22.57,88.36,18.4,0.82,9,1,1.85,Humid_Subtropical,33.0,0.0,65.4,4.1,10.1,1,-0.063,0.555,71.0,0.439,74.8,0,103.02,52.5,34.9,0,3.5,0,17892
2021-03-19,East_Zone,Summer,36.5,0,15223,Kolkata,22.57,88.36,18.4,0.82,9,1,1.85,Humid_Subtropical,42.9,0.0,41.3,5.6,9.1,0,0.07,0.567,74.0,0.444,75.1,0,101.53,50.9,44.5,0,3.5,0,15398
2021-03-20,East_Zone,Summer,38.3,0,13719,Kolkata,22.57,88.36,18.4,0.82,9,1,1.85,Humid_Subtropical,44.1,0.0,46.2,2.2,10.3,0,0.168,0.681,105.0,0.54,73.6,0,99.3,49.6,39.8,0,3.5,0,13932
2021-03-21,East_Zone,Summer,33.5,0,13934,Kolkata,22.57,88.36,18.4,0.82,9,1,1.85,Humid_Subtropical,42.4,0.0,35.2,7.2,9.1,0,-0.146,0.728,100.0,0.513,70.4,0,101.93,50.1,52.2,0,3.5,1,14180
2021-03-22,East_Zone,Summer,37.7,0,13049,Kolkata,22.57,88.36,18.4,0.82,9,1,1.85,Humid_Subtropical,43.7,0.0,44.4,9.1,9.7,0,-0.036,0.732,115.0,0.457,72.8,0,102.03,52.6,33.3,0,3.5,1,13002
2021-03-23,East_Zone,Summer,39.2,0,14880,Kolkata,22.57,88.36,18.4,0.82,9,1,1.85,Humid_Subtropical,37.2,0.0,44.8,3.9,8.5,0,-0.02,0.661,64.0,0.483,75.0,0,102.17,57.4,50.1,0,3.5,0,15399
2021-03-24,East_Zone,Summer,33.9,0,12109,Kolkata,22.57,88.36,18.4,0.82,9,1,1.85,Humid_Subtropical,41.8,0.0,35.7,7.3,9.3,0,-0.053,0.59,68.0,0.474,75.9,0,101.8,57.7,44.2,0,3.5,0,12232
2021-03-25,East_Zone,Summer,38.1,0,13802,Kolkata,22.57,88.36,18.4,0.82,9,1,1.85,Humid_Subtropical,39.2,0.0,43.3,4.1,9.0,0,-0.061,0.58,103.0,0.476,73.2,0,101.12,51.4,34.8,0,3.5,1,13507
2021-03-26,East_Zone,Summer,31.4,0,10428,Kolkata,22.57,88.36,18.4,0.82,9,1,1.85,Humid_Subtropical,39.2,0.0,31.3,3.0,8.7,0,-0.049,0.665,79.0,0.529,71.9,0,101.74,52.4,53.4,0,3.5,1,10756
2021-03-27,East_Zone,Summer,30.5,0,13439,Kolkata,22.57,88.36,18.4,0.82,9,1,1.85,Humid_Subtropical,48.1,0.0,31.5,12.2,10.7,0,-0.002,0.605,81.0,0.463,74.2,0,103.76,54.5,51.8,0,3.5,0,13424
2021-03-28,East_Zone,Summer,31.5,0,12471,Kolkata,22.57,88.36,18.4,0.82,9,1,1.85,Humid_Subtropical,42.8,0.0,32.0,3.0,9.5,0,0.016,0.645,113.0,0.529,72.9,0,101.95,54.7,51.2,0,3.5,0,12681
2021-03-29,East_Zone,Summer,35.8,0,12706,Kolkata,22.57,88.36,18.4,0.82,9,1,1.85,Humid_Subtropical,42.6,0.0,39.7,2.2,10.3,0,0.095,0.736,85.0,0.533,70.9,0,102.65,56.4,45.5,0,3.5,1,12514
2021-03-30,East_Zone,Summer,30.1,0,12545,Kolkata,22.57,88.36,18.4,0.82,9,1,1.85,Humid_Subtropical,48.3,0.0,30.9,6.6,9.8,0,-0.003,0.633,87.0,0.46,74.9,0,100.96,51.8,41.6,0,3.5,1,12651
2021-03-31,East_Zone,Summer,33.2,0,13534,Kolkata,22.57,88.36,18.4,0.82,9,1,1.85,Humid_Subtropical,46.3,0.0,35.7,6.8,10.0,0,0.112,0.757,90.0,0.52,74.1,0,101.71,52.9,45.3,0,3.5,0,13599
2021-04-01,East_Zone,Summer,35.6,0,13352,Kolkata,22.57,88.36,18.4,0.82,9,1,1.85,Humid_Subtropical,46.0,0.0,40.5,8.0,9.4,0,-0.059,0.552,92.0,0.493,70.7,0,101.0,58.8,47.7,0,3.5,1,13315
2021-04-02,East_Zone,Summer,35.8,0,12578,Kolkata,22.57,88.36,18.4,0.82,9,1,1.85,Humid_Subtropical,42.0,0.0,39.5,12.0,10.5,0,-0.12,0.647,107.0,0.503,72.1,0,103.29,53.2,42.3,0,3.5,0,12393
2021-04-03,East_Zone,Summer,38.2,0,14583,Kolkata,22.57,88.36,18.4,0.82,9,1,1.85,Humid_Subtropical,39.0,0.0,43.4,3.7,10.2,0,-0.03,0.639,73.0,0.511,73.4,0,100.44,50.9,40.7,0,3.5,1,14640
2021-04-04,East_Zone,Summer,43.8,0,17003,Kolkata,22.57,88.36,18.4,0.82,9,1,1.85,Humid_Subtropical,37.3,0.0,56.8,4.3,10.0,0,0.046,0.561,92.0,0.463,69.4,0,102.37,53.6,47.5,0,3.5,1,17008
2021-04-05,East_Zone,Summer,37.3,0,14216,Kolkata,22.57,88.36,18.4,0.82,9,1,1.85,Humid_Subtropical,33.2,0.0,39.3,10.8,9.8,0,0.086,0.668,116.0,0.524,71.8,0,102.34,54.2,46.0,0,3.5,0,14107
2021-04-06,East_Zone,Summer,32.1,0,13774,Kolkata,22.57,88.36,18.4,0.82,9,1,1.85,Humid_Subtropical,37.5,0.0,32.0,8.8,9.3,0,0.146,0.712,133.0,0.506,75.9,0,102.27,47.7,49.6,0,3.5,0,13987
2021-04-07,East_Zone,Summer,34.1,0,14455,Kolkata,22.57,88.36,18.4,0.82,9,1,1.85,Humid_Subtropical,36.9,0.0,34.8,8.4,9.5,0,0.029,0.752,71.0,0.604,72.5,0,99.65,51.1,52.6,0,3.5,0,14796
2021-04-08,East_Zone,Summer,36.6,0,14477,Kolkata,22.57,88.36,18.4,0.82,9,1,1.85,Humid_Subtropical,37.1,0.0,39.3,4.2,9.6,0,0.075,0.645,101.0,0.462,71.6,0,99.96,54.7,49.3,0,3.5,0,14770
2021-04-09,East_Zone,Summer,37.4,0,13608,Kolkata,22.57,88.36,18.4,0.82,9,1,1.85,Humid_Subtropical,43.6,0.0,43.7,9.4,9.8,0,0.137,0.506,92.0,0.547,77.2,0,102.1,61.9,39.2,0,3.5,0,13449
2021-04-10,East_Zone,Summer,30.9,0,11882,Kolkata,22.57,88.36,18.4,0.82,9,1,1.85,Humid_Subtropical,40.9,0.0,30.9,8.4,10.3,0,-0.078,0.649,93.0,0.474,75.0,0,101.05,51.3,44.9,0,3.5,0,11987
2021-04-11,East_Zone,Summer,39.2,0,14040,Kolkata,22.57,88.36,18.4,0.82,9,1,1.85,Humid_Subtropical,38.6,3.4,45.5,6.6,9.0,0,-0.021,0.665,81.0,0.544,76.1,0,101.33,56.6,46.9,0,3.5,1,13911
2021-04-12,East_Zone,Summer,31.7,0,13358,Kolkata,22.57,88.36,18.4,0.82,9,1,1.85,Humid_Subtropical,51.5,0.0,34.2,4.2,10.0,0,0.277,0.606,109.0,0.516,71.6,0,101.54,54.3,49.0,0,3.5,0,13484
2021-04-13,East_Zone,Summer,34.0,0,13194,Kolkata,22.57,88.36,18.4,0.82,9,1,1.85,Humid_Subtropical,41.8,0.0,35.9,6.3,9.2,0,0.086,0.633,108.0,0.471,73.1,0,100.91,58.0,49.3,0,3.5,0,13314
2021-04-14,East_Zone,Summer,33.1,0,11422,Kolkata,22.57,88.36,18.4,0.82,9,1,1.85,Humid_Subtropical,47.8,0.0,35.9,10.9,10.2,0,0.051,0.591,140.0,0.506,74.0,0,100.73,50.8,44.7,0,3.5,0,11508
2021-04-15,East_Zone,Summer,31.1,0,13728,Kolkata,22.57,88.36,18.4,0.82,9,1,1.85,Humid_Subtropical,40.7,0.0,31.1,2.7,9.1,0,0.089,0.612,71.0,0.478,74.7,0,101.94,58.2,42.5,0,3.5,1,13695
2021-04-16,East_Zone,Summer,32.8,0,11690,Kolkata,22.57,88.36,18.4,0.82,9,1,1.85,Humid_Subtropical,43.3,6.1,34.2,3.6,9.6,0,-0.134,0.681,64.0,0.518,80.9,0,100.03,58.6,50.0,0,3.5,0,12131
2021-04-17,East_Zone,Summer,31.0,0,13029,Kolkata,22.57,88.36,18.4,0.82,9,1,1.85,Humid_Subtropical,40.6,0.0,31.0,4.1,9.2,0,-0.065,0.703,132.0,0.52,74.3,0,101.42,59.3,46.9,0,3.5,0,13122
2021-04-18,East_Zone,Summer,36.4,0,13854,Kolkata,22.57,88.36,18.4,0.82,9,1,1.85,Humid_Subtropical,40.5,0.0,40.1,4.8,8.5,0,-0.101,0.544,94.0,0.466,77.3,0,101.25,59.2,46.4,0,3.5,1,13898
2021-04-19,East_Zone,Summer,32.2,0,11939,Kolkata,22.57,88.36,18.4,0.82,9,1,1.85,Humid_Subtropical,48.9,0.0,34.5,6.0,10.4,0,0.042,0.589,87.0,0.474,80.9,0,101.88,54.5,41.5,0,3.5,0,11843
2021-04-20,East_Zone,Summer,36.5,0,14788,Kolkata,22.57,88.36,18.4,0.82,9,1,1.85,Humid_Subtropical,33.5,0.0,37.9,8.9,9.0,0,-0.037,0.525,98.0,0.481,79.1,0,104.28,57.1,55.5,0,3.5,1,14727
2021-04-21,East_Zone,Summer,40.2,0,14150,Kolkata,22.57,88.36,18.4,0.82,9,1,1.85,Humid_Subtropical,42.1,0.0,50.0,7.4,9.8,0,0.01,0.73,70.0,0.495,74.5,0,100.9,51.7,46.2,0,3.5,0,14035
2021-04-22,East_Zone,Summer,40.5,0,15070,Kolkata,22.57,88.36,18.4,0.82,9,1,1.85,Humid_Subtropical,40.9,0.0,50.1,6.2,9.1,0,-0.031,0.672,102.0,0.482,77.4,0,102.28,45.0,44.6,0,3.5,0,14947
2021-04-23,East_Zone,Summer,35.1,0,14491,Kolkata,22.57,88.36,18.4,0.82,9,1,1.85,Humid_Subtropical,40.0,0.0,37.4,6.8,8.7,0,-0.163,0.5,94.0,0.494,74.4,0,102.08,54.9,46.2,0,3.5,0,14591
2021-04-24,East_Zone,Summer,32.8,0,11478,Kolkata,22.57,88.36,18.4,0.82,9,1,1.85,Humid_Subtropical,37.1,1.9,32.9,7.9,9.3,0,0.088,0.616,114.0,0.507,73.9,0,102.41,53.3,44.3,0,3.5,0,11768
2021-04-25,East_Zone,Summer,37.8,0,14733,Kolkata,22.57,88.36,18.4,0.82,9,1,1.85,Humid_Subtropical,41.7,0.0,43.7,1.0,9.3,0,-0.176,0.603,110.0,0.452,76.5,0,101.62,57.5,38.6,0,3.5,0,14749
2021-04-26,East_Zone,Summer,33.6,0,13887,Kolkata,22.57,88.36,18.4,0.82,9,1,1.85,Humid_Subtropical,41.2,0.0,35.0,9.2,8.7,0,-0.073,0.575,112.0,0.454,76.7,0,103.26,57.8,46.5,0,3.5,0,13810
2021-04-27,East_Zone,Summer,38.3,0,13367,Kolkata,22.57,88.36,18.4,0.82,9,1,1.85,Humid_Subtropical,42.2,0.0,45.2,3.5,9.6,0,-0.132,0.682,98.0,0.446,75.5,0,102.49,49.7,37.7,0,3.5,1,13196
2021-04-28,East_Zone,Summer,35.1,0,11950,Kolkata,22.57,88.36,18.4,0.82,9,1,1.85,Humid_Subtropical,43.0,0.0,38.4,4.7,8.6,0,-0.088,0.681,124.0,0.538,73.5,0,102.49,63.4,45.5,0,3.5,0,12147
2021-04-29,East_Zone,Summer,34.5,0,13328,Kolkata,22.57,88.36,18.4,0.82,9,1,1.85,Humid_Subtropical,51.3,0.0,40.0,7.0,9.6,0,0.02,0.636,105.0,0.52,72.6,0,100.36,54.7,37.0,0,3.5,0,13107
2021-04-30,East_Zone,Summer,37.0,0,13383,Kolkata,22.57,88.36,18.4,0.82,9,1,1.85,Humid_Subtropical,40.6,0.4,41.5,5.8,9.5,0,0.124,0.582,85.0,0.453,70.4,0,101.86,48.6,34.2,0,3.5,1,13395
2021-05-01,East_Zone,Summer,33.3,0,10755,Kolkata,22.57,88.36,18.4,0.82,9,1,1.85,Humid_Subtropical,38.9,0.0,34.0,7.5,7.9,0,-0.156,0.582,80.0,0.505,74.5,0,101.23,48.9,48.1,0,3.5,1,10861
2021-05-02,East_Zone,Summer,37.2,0,14236,Kolkata,22.57,88.36,18.4,0.82,9,1,1.85,Humid_Subtropical,42.6,0.0,42.7,6.4,9.3,0,-0.056,0.623,82.0,0.555,74.7,0,100.86,44.6,39.5,0,3.5,0,14103
2021-05-03,East_Zone,Summer,35.3,0,12642,Kolkata,22.57,88.36,18.4,0.82,9,1,1.85,Humid_Subtropical,43.9,3.5,39.1,5.1,9.8,0,-0.175,0.593,106.0,0.442,76.5,0,101.08,56.5,47.2,0,3.5,0,12878
2021-05-04,East_Zone,Summer,36.6,0,15470,Kolkata,22.57,88.36,18.4,0.82,9,1,1.85,Humid_Subtropical,48.8,2.3,44.1,10.6,8.9,0,-0.061,0.62,71.0,0.477,69.6,0,101.63,51.5,45.8,0,3.5,1,15219
2021-05-05,East_Zone,Summer,34.3,0,14085,Kolkata,22.57,88.36,18.4,0.82,9,1,1.85,Humid_Subtropical,47.6,0.0,38.2,8.1,9.8,0,0.007,0.653,98.0,0.456,74.3,0,102.13,50.5,45.7,0,3.5,0,14124
2021-05-06,East_Zone,Summer,31.5,0,12817,Kolkata,22.57,88.36,18.4,0.82,9,1,1.85,Humid_Subtropical,46.9,0.0,32.8,6.9,9.6,0,0.077,0.528,80.0,0.5,73.4,0,102.63,51.5,41.9,0,3.5,1,12946
2021-05-07,East_Zone,Summer,28.9,0,12849,Kolkata,22.57,88.36,18.4,0.82,9,1,1.85,Humid_Subtropical,54.0,0.0,30.0,8.1,8.6,0,-0.212,0.575,72.0,0.481,73.8,0,102.57,52.8,44.3,0,3.5,0,12990
2021-05-08,East_Zone,Summer,35.6,0,12934,Kolkata,22.57,88.36,18.4,0.82,9,1,1.85,Humid_Subtropical,36.7,0.3,37.3,3.9,9.5,0,0.055,0.618,75.0,0.483,77.7,0,101.91,56.1,41.7,0,3.5,1,12808
2021-05-09,East_Zone,Summer,31.8,0,12997,Kolkata,22.57,88.36,18.4,0.82,9,1,1.85,Humid_Subtropical,41.7,0.0,32.3,12.5,9.8,0,-0.097,0.714,95.0,0.525,77.8,0,101.65,47.1,49.7,0,3.5,0,13130
2021-05-10,East_Zone,Summer,38.7,0,15857,Kolkata,22.57,88.36,18.4,0.82,9,1,1.85,Humid_Subtropical,36.1,0.0,43.2,2.7,9.2,0,-0.122,0.671,109.0,0.491,77.0,0,101.25,49.2,42.6,0,3.5,1,15684
2021-05-11,East_Zone,Summer,34.5,0,12524,Kolkata,22.57,88.36,18.4,0.82,9,1,1.85,Humid_Subtropical,41.4,0.0,36.7,6.3,9.4,0,0.007,0.62,83.0,0.483,74.3,0,101.3,55.4,43.8,0,3.5,1,12572
2021-05-12,East_Zone,Summer,36.0,0,15416,Kolkata,22.57,88.36,18.4,0.82,9,1,1.85,Humid_Subtropical,35.5,0.0,37.7,5.1,10.2,0,0.063,0.644,58.0,0.509,73.4,0,100.75,50.9,48.7,0,3.5,1,15734
2021-05-13,East_Zone,Summer,28.5,0,11363,Kolkata,22.57,88.36,18.4,0.82,9,1,1.85,Humid_Subtropical,50.1,0.0,29.0,5.0,8.7,0,-0.01,0.614,152.0,0.475,77.6,0,101.08,55.8,41.9,0,3.5,0,11008
2021-05-14,East_Zone,Summer,37.4,0,14483,Kolkata,22.57,88.36,18.4,0.82,9,1,1.85,Humid_Subtropical,40.4,0.0,42.3,4.6,9.9,0,-0.109,0.685,115.0,0.497,79.1,0,101.84,51.7,36.0,0,3.5,1,14612
2021-05-15,East_Zone,Summer,32.8,0,13381,Kolkata,22.57,88.36,18.4,0.82,9,1,1.85,Humid_Subtropical,37.0,0.0,32.9,3.7,8.7,0,-0.01,0.646,112.0,0.497,78.8,0,103.0,60.5,39.7,0,3.5,0,13322
2021-05-16,East_Zone,Summer,38.9,0,14648,Kolkata,22.57,88.36,18.4,0.82,9,1,1.85,Humid_Subtropical,35.6,0.0,43.4,9.6,9.6,0,-0.073,0.697,124.0,0.517,75.5,0,101.29,54.4,50.3,0,3.5,0,14839
2021-05-17,East_Zone,Summer,34.3,0,14035,Kolkata,22.57,88.36,18.4,0.82,9,1,1.85,Humid_Subtropical,45.0,0.0,37.4,2.4,9.7,0,0.06,0.539,97.0,0.493,74.1,0,100.6,58.1,45.4,0,3.5,0,13772
2021-05-18,East_Zone,Summer,33.9,0,14393,Kolkata,22.57,88.36,18.4,0.82,9,1,1.85,Humid_Subtropical,47.9,0.0,37.5,9.0,8.0,0,0.108,0.572,93.0,0.5,76.1,0,102.36,56.0,46.5,0,3.5,1,14309
2021-05-19,East_Zone,Summer,43.1,0,15062,Kolkata,22.57,88.36,18.4,0.82,9,1,1.85,Humid_Subtropical,48.1,0.0,64.0,7.9,9.6,0,0.101,0.636,119.0,0.454,76.3,0,99.36,55.1,46.5,0,3.5,1,15469
2021-05-20,East_Zone,Summer,30.0,0,12797,Kolkata,22.57,88.36,18.4,0.82,9,1,1.85,Humid_Subtropical,60.6,0.0,32.9,4.9,9.5,0,-0.002,0.65,119.0,0.545,72.8,0,102.38,50.9,53.9,0,3.5,0,12982
2021-05-21,East_Zone,Summer,29.9,0,11422,Kolkata,22.57,88.36,18.4,0.82,9,1,1.85,Humid_Subtropical,48.1,0.0,30.6,7.6,9.4,0,0.112,0.764,106.0,0.533,73.4,0,99.88,57.6,34.6,0,3.5,0,11483
2021-05-22,East_Zone,Summer,26.8,0,11394,Kolkata,22.57,88.36,18.4,0.82,9,1,1.85,Humid_Subtropical,43.0,1.0,26.9,5.5,8.8,0,-0.102,0.512,111.0,0.458,83.1,0,101.94,54.6,44.4,0,3.5,1,11154
2021-05-23,East_Zone,Summer,34.9,0,13303,Kolkata,22.57,88.36,18.4,0.82,9,1,1.85,Humid_Subtropical,32.4,0.0,35.0,2.7,8.8,0,0.178,0.618,73.0,0.467,72.8,0,100.78,49.5,45.2,0,3.5,0,13802
2021-05-24,East_Zone,Summer,40.6,0,16193,Kolkata,22.57,88.36,18.4,0.82,9,1,1.85,Humid_Subtropical,41.0,0.0,50.4,2.7,10.2,0,-0.103,0.615,90.0,0.553,76.6,0,101.55,45.2,44.9,0,3.5,1,16468
2021-05-25,East_Zone,Summer,42.7,0,15716,Kolkata,22.57,88.36,18.4,0.82,9,1,1.85,Humid_Subtropical,34.3,0.0,51.6,8.0,9.7,0,-0.203,0.634,126.0,0.569,72.5,0,103.29,54.9,49.0,0,3.5,1,16009
2021-05-26,East_Zone,Summer,39.7,0,15180,Kolkata,22.57,88.36,18.4,0.82,9,1,1.85,Humid_Subtropical,38.1,0.0,46.5,7.8,10.1,0,0.137,0.724,109.0,0.577,73.6,0,100.34,59.2,49.1,0,3.5,0,15712
2021-05-27,East_Zone,Summer,35.8,0,13584,Kolkata,22.57,88.36,18.4,0.82,9,1,1.85,Humid_Subtropical,39.5,2.7,38.6,6.7,9.8,0,-0.071,0.673,69.0,0.512,71.2,0,100.15,49.4,43.9,0,3.5,1,13732
2021-05-28,East_Zone,Summer,25.9,0,11996,Kolkata,22.57,88.36,18.4,0.82,9,1,1.85,Humid_Subtropical,47.8,0.0,25.9,4.8,8.8,0,0.012,0.524,85.0,0.481,71.2,0,101.2,49.7,36.6,0,3.5,1,11830
2021-05-29,East_Zone,Summer,39.6,0,13683,Kolkata,22.57,88.36,18.4,0.82,9,1,1.85,Humid_Subtropical,45.6,2.3,50.6,5.4,10.4,0,-0.103,0.712,123.0,0.563,75.9,0,102.62,52.8,57.5,0,3.5,1,14051
2021-05-30,East_Zone,Summer,35.0,0,14533,Kolkata,22.57,88.36,18.4,0.82,9,1,1.85,Humid_Subtropical,43.8,0.0,38.4,5.0,9.1,0,0.236,0.71,103.0,0.51,75.5,0,101.24,57.9,45.0,0,3.5,1,14340
2021-05-31,East_Zone,Summer,33.6,0,14344,Kolkata,22.57,88.36,18.4,0.82,9,1,1.85,Humid_Subtropical,43.0,0.0,35.5,1.0,10.1,0,0.182,0.636,98.0,0.515,79.5,0,101.08,46.1,45.4,0,3.5,0,14355
2021-06-01,East_Zone,Monsoon,27.6,0,11474,Kolkata,22.57,88.36,18.4,0.82,9,1,1.85,Humid_Subtropical,88.3,8.8,32.3,14.2,6.4,0,0.155,0.0,64.0,0.347,74.1,0,101.17,50.9,40.3,0,3.5,0,10763
2021-06-02,East_Zone,Monsoon,31.8,0,12190,Kolkata,22.57,88.36,18.4,0.82,9,1,1.85,Humid_Subtropical,82.5,0.0,44.7,15.6,6.5,0,0.009,0.071,58.0,0.415,74.5,0,99.97,49.0,32.0,0,3.5,0,11625
2021-06-03,East_Zone,Monsoon,25.8,0,10739,Kolkata,22.57,88.36,18.4,0.82,9,1,1.85,Humid_Subtropical,92.1,0.0,25.8,14.2,5.4,0,0.098,0.108,51.0,0.41,73.9,0,101.12,55.7,40.5,0,3.5,0,10265
2021-06-04,East_Zone,Monsoon,24.6,0,11265,Kolkata,22.57,88.36,18.4,0.82,9,1,1.85,Humid_Subtropical,95.0,15.8,24.6,19.3,7.0,0,-0.005,0.14,45.0,0.371,71.1,0,100.52,52.6,32.5,0,3.5,0,10802
2021-06-05,East_Zone,Monsoon,26.5,0,12006,Kolkata,22.57,88.36,18.4,0.82,9,1,1.85,Humid_Subtropical,99.0,57.3,26.5,11.0,5.7,0,0.112,0.0,78.0,0.386,75.8,0,102.2,52.5,43.1,0,3.5,0,11463
2021-06-06,East_Zone,Monsoon,22.8,0,9800,Kolkata,22.57,88.36,18.4,0.82,9,1,1.85,Humid_Subtropical,97.0,26.6,22.8,12.0,5.5,0,-0.041,0.034,64.0,0.348,73.5,0,101.65,52.9,36.3,0,3.5,0,9143
2021-06-07,East_Zone,Monsoon,28.2,0,13214,Kolkata,22.57,88.36,18.4,0.82,9,1,1.85,Humid_Subtropical,98.0,17.3,36.0,14.4,5.6,0,0.158,0.146,73.0,0.36,69.7,0,99.49,55.9,30.6,0,3.5,0,12770
2021-06-08,East_Zone,Monsoon,29.1,0,11812,Kolkata,22.57,88.36,18.4,0.82,9,1,1.85,Humid_Subtropical,90.0,41.1,37.4,14.7,5.0,0,-0.046,0.17,70.0,0.374,77.3,0,100.5,57.7,44.9,0,3.5,0,11283
2021-06-09,East_Zone,Monsoon,23.5,0,10364,Kolkata,22.57,88.36,18.4,0.82,9,1,1.85,Humid_Subtropical,90.0,56.0,23.5,8.3,6.2,0,-0.035,0.106,85.0,0.371,72.3,0,101.28,57.6,37.0,0,3.5,0,9946
2021-06-10,East_Zone,Monsoon,27.9,0,10081,Kolkata,22.57,88.36,18.4,0.82,9,1,1.85,Humid_Subtropical,88.4,44.0,33.2,15.8,5.3,0,-0.047,0.149,68.0,0.354,75.0,0,99.74,55.2,31.0,0,3.5,0,9344
2021-06-11,East_Zone,Monsoon,24.4,0,10499,Kolkata,22.57,88.36,18.4,0.82,9,1,1.85,Humid_Subtropical,91.7,0.6,24.4,14.7,6.0,0,0.019,0.107,75.0,0.351,75.1,0,99.61,58.4,27.0,0,3.5,0,9977
2021-06-12,East_Zone,Monsoon,27.2,0,11763,Kolkata,22.57,88.36,18.4,0.82,9,1,1.85,Humid_Subtropical,99.0,41.4,32.4,7.6,6.3,0,-0.039,0.138,63.0,0.331,74.6,0,100.2,49.4,37.5,0,3.5,0,10875
2021-06-13,East_Zone,Monsoon,26.2,0,11946,Kolkata,22.57,88.36,18.4,0.82,9,1,1.85,Humid_Subtropical,90.2,0.0,26.2,13.6,5.9,0,0.049,0.089,43.0,0.338,71.0,0,100.97,54.9,40.9,0,3.5,0,11672
2021-06-14,East_Zone,Monsoon,28.4,0,11797,Kolkata,22.57,88.36,18.4,0.82,9,1,1.85,Humid_Subtropical,97.2,6.6,36.6,11.6,5.3,0,-0.048,0.109,56.0,0.374,78.2,0,101.63,63.0,35.9,0,3.5,0,11345
2021-06-15,East_Zone,Monsoon,29.9,0,12932,Kolkata,22.57,88.36,18.4,0.82,9,1,1.85,Humid_Subtropical,87.5,0.0,39.6,12.6,5.5,0,0.079,0.007,71.0,0.373,71.8,0,100.79,46.0,35.7,0,3.5,0,12175
2021-06-16,East_Zone,Monsoon,23.6,0,10884,Kolkata,22.57,88.36,18.4,0.82,9,1,1.85,Humid_Subtropical,99.0,57.4,23.6,10.0,3.8,0,0.152,0.123,72.0,0.398,66.6,0,102.99,52.1,41.8,0,3.5,0,10561
2021-06-17,East_Zone,Monsoon,30.7,0,13513,Kolkata,22.57,88.36,18.4,0.82,9,1,1.85,Humid_Subtropical,93.5,9.4,44.8,15.2,5.7,0,0.008,0.005,86.0,0.354,76.5,0,99.82,48.8,37.0,0,3.5,0,12485
2021-06-18,East_Zone,Monsoon,29.1,0,12091,Kolkata,22.57,88.36,18.4,0.82,9,1,1.85,Humid_Subtropical,91.8,47.0,37.9,19.3,6.2,0,0.222,0.123,52.0,0.325,76.4,0,101.2,54.6,30.7,0,3.5,0,11361
2021-06-19,East_Zone,Monsoon,29.3,0,12962,Kolkata,22.57,88.36,18.4,0.82,9,1,1.85,Humid_Subtropical,92.2,27.2,38.7,14.8,5.6,0,0.113,0.054,64.0,0.328,70.4,0,99.32,58.5,30.9,0,3.5,0,12272
2021-06-20,East_Zone,Monsoon,28.3,0,12269,Kolkata,22.57,88.36,18.4,0.82,9,1,1.85,Humid_Subtropical,89.7,5.6,34.7,7.5,5.3,0,0.214,0.102,58.0,0.36,74.0,0,102.0,56.0,36.8,0,3.5,0,11770
2021-06-21,East_Zone,Monsoon,27.3,0,10743,Kolkata,22.57,88.36,18.4,0.82,9,1,1.85,Humid_Subtropical,95.9,12.9,32.4,14.9,5.4,0,-0.006,0.023,89.0,0.375,77.2,0,101.72,52.8,36.5,0,3.5,0,10179
2021-06-22,East_Zone,Monsoon,27.5,0,11327,Kolkata,22.57,88.36,18.4,0.82,9,1,1.85,Humid_Subtropical,91.2,58.3,32.4,13.4,6.4,0,-0.166,0.05,67.0,0.336,78.2,0,101.04,55.6,39.4,0,3.5,0,10765
2021-06-23,East_Zone,Monsoon,26.0,0,12641,Kolkata,22.57,88.36,18.4,0.82,9,1,1.85,Humid_Subtropical,88.3,0.0,26.0,10.7,5.5,0,-0.071,0.102,67.0,0.329,75.8,0,98.56,51.3,35.8,0,3.5,0,12099
2021-06-24,East_Zone,Monsoon,30.9,0,11358,Kolkata,22.57,88.36,18.4,0.82,9,1,1.85,Humid_Subtropical,85.1,13.4,42.4,15.1,6.9,0,-0.06,0.125,59.0,0.415,76.5,0,100.96,54.2,37.4,0,3.5,0,10997
2021-06-25,East_Zone,Monsoon,24.7,0,10895,Kolkata,22.57,88.36,18.4,0.82,9,1,1.85,Humid_Subtropical,96.0,14.0,24.7,16.6,5.1,0,-0.095,0.146,56.0,0.354,76.2,0,99.4,55.2,35.7,0,3.5,0,10042
2021-06-26,East_Zone,Monsoon,26.1,0,11773,Kolkata,22.57,88.36,18.4,0.82,9,1,1.85,Humid_Subtropical,99.0,0.0,26.1,12.0,5.7,0,-0.22,0.011,34.0,0.309,73.6,0,100.64,60.3,38.8,0,3.5,0,11060
2021-06-27,East_Zone,Monsoon,24.3,0,11834,Kolkata,22.57,88.36,18.4,0.82,9,1,1.85,Humid_Subtropical,96.2,48.2,24.3,9.1,5.2,0,0.102,0.0,37.0,0.347,70.7,0,98.7,54.3,37.7,0,3.5,0,11123
2021-06-28,East_Zone,Monsoon,27.9,0,11694,Kolkata,22.57,88.36,18.4,0.82,9,1,1.85,Humid_Subtropical,92.7,0.0,33.9,8.0,6.9,0,-0.186,0.021,63.0,0.344,73.2,0,100.39,54.0,32.7,0,3.5,0,10776
2021-06-29,East_Zone,Monsoon,28.0,0,11655,Kolkata,22.57,88.36,18.4,0.82,9,1,1.85,Humid_Subtropical,94.6,17.5,34.6,12.0,5.8,0,0.093,0.016,61.0,0.329,77.4,0,99.73,61.0,33.1,0,3.5,0,10742
2021-06-30,East_Zone,Monsoon,21.9,0,10486,Kolkata,22.57,88.36,18.4,0.82,9,1,1.85,Humid_Subtropical,99.0,18.2,21.9,13.5,6.6,0,0.219,0.174,63.0,0.384,77.3,0,99.27,44.9,35.6,0,3.5,0,10220
2021-07-01,East_Zone,Monsoon,27.0,0,10995,Kolkata,22.57,88.36,18.4,0.82,9,1,1.85,Humid_Subtropical,94.9,26.3,31.3,12.5,5.3,0,-0.078,0.16,77.0,0.352,74.6,0,100.61,52.9,34.6,0,3.5,0,10330
2021-07-02,East_Zone,Monsoon,31.3,0,13358,Kolkata,22.57,88.36,18.4,0.82,9,1,1.85,Humid_Subtropical,89.2,3.0,45.6,12.0,6.7,0,0.039,0.02,62.0,0.33,73.0,0,99.93,50.0,40.6,0,3.5,0,12514
2021-07-03,East_Zone,Monsoon,35.3,0,14497,Kolkata,22.57,88.36,18.4,0.82,9,1,1.85,Humid_Subtropical,94.4,0.7,68.8,15.7,6.1,0,-0.04,0.183,54.0,0.385,79.2,0,99.74,51.9,35.1,0,3.5,0,13667
2021-07-04,East_Zone,Monsoon,26.1,0,10792,Kolkata,22.57,88.36,18.4,0.82,9,1,1.85,Humid_Subtropical,96.5,0.0,26.1,15.4,6.1,0,0.083,0.157,56.0,0.318,74.4,0,100.65,55.7,26.9,0,3.5,0,10206
2021-07-05,East_Zone,Monsoon,26.5,0,11095,Kolkata,22.57,88.36,18.4,0.82,9,1,1.85,Humid_Subtropical,99.0,1.9,26.5,14.6,4.8,0,-0.119,0.0,64.0,0.369,75.9,0,101.78,57.6,28.1,0,3.5,0,10465
2021-07-06,East_Zone,Monsoon,28.3,0,10850,Kolkata,22.57,88.36,18.4,0.82,9,1,1.85,Humid_Subtropical,93.9,0.0,35.5,16.4,5.9,0,-0.013,0.018,53.0,0.303,70.4,0,100.12,51.0,32.8,0,3.5,0,10428
2021-07-07,East_Zone,Monsoon,29.9,0,12558,Kolkata,22.57,88.36,18.4,0.82,9,1,1.85,Humid_Subtropical,85.9,46.4,39.1,12.0,5.1,0,0.112,0.0,79.0,0.312,73.8,0,98.0,54.9,37.6,0,3.5,0,11642
2021-07-08,East_Zone,Monsoon,29.6,0,11484,Kolkata,22.57,88.36,18.4,0.82,9,1,1.85,Humid_Subtropical,85.4,9.9,37.9,10.7,5.9,0,-0.005,0.075,60.0,0.389,77.3,0,98.22,48.7,30.4,0,3.5,0,10910
2021-07-09,East_Zone,Monsoon,28.7,0,13224,Kolkata,22.57,88.36,18.4,0.82,9,1,1.85,Humid_Subtropical,99.0,0.0,38.2,12.4,4.8,0,-0.163,0.081,65.0,0.377,69.9,0,99.81,47.8,37.3,0,3.5,0,12196
2021-07-10,East_Zone,Monsoon,25.4,0,10644,Kolkata,22.57,88.36,18.4,0.82,9,1,1.85,Humid_Subtropical,99.0,0.0,25.4,12.2,5.5,0,0.124,0.081,45.0,0.363,73.9,0,100.73,53.6,30.2,0,3.5,0,9828
2021-07-11,East_Zone,Monsoon,30.1,0,11758,Kolkata,22.57,88.36,18.4,0.82,9,1,1.85,Humid_Subtropical,91.0,29.5,41.5,7.8,6.4,0,-0.13,0.0,79.0,0.289,75.2,0,99.81,52.0,34.8,0,3.5,0,11182
2021-07-12,East_Zone,Monsoon,27.3,0,13005,Kolkata,22.57,88.36,18.4,0.82,9,1,1.85,Humid_Subtropical,91.7,55.1,31.8,12.4,5.9,0,0.008,0.0,86.0,0.322,78.3,0,100.15,59.0,36.1,0,3.5,0,12396
2021-07-13,East_Zone,Monsoon,25.4,0,12580,Kolkata,22.57,88.36,18.4,0.82,9,1,1.85,Humid_Subtropical,99.0,83.1,25.4,17.3,4.8,1,0.058,0.096,35.0,0.358,76.9,0,99.55,61.3,28.3,0,3.5,0,12506
2021-07-14,East_Zone,Monsoon,27.0,0,10851,Kolkata,22.57,88.36,18.4,0.82,9,1,1.85,Humid_Subtropical,88.3,13.1,30.6,16.4,4.5,0,0.012,0.117,67.0,0.365,79.1,0,100.54,50.8,36.0,0,3.5,0,10481
2021-07-15,East_Zone,Monsoon,29.8,0,12538,Kolkata,22.57,88.36,18.4,0.82,9,1,1.85,Humid_Subtropical,87.6,0.0,39.2,15.6,6.0,0,0.254,0.0,58.0,0.374,76.5,0,100.16,45.8,42.1,0,3.5,0,11697
2021-07-16,East_Zone,Monsoon,28.0,0,11394,Kolkata,22.57,88.36,18.4,0.82,9,1,1.85,Humid_Subtropical,96.4,6.2,34.9,14.4,6.6,0,0.073,0.003,65.0,0.401,76.7,0,98.49,46.9,33.0,0,3.5,0,11001
2021-07-17,East_Zone,Monsoon,28.3,0,10421,Kolkata,22.57,88.36,18.4,0.82,9,1,1.85,Humid_Subtropical,91.0,18.4,34.9,18.3,5.1,0,-0.02,0.141,68.0,0.394,71.1,0,99.92,49.6,34.4,0,3.5,0,9772
2021-07-18,East_Zone,Monsoon,28.7,0,13201,Kolkata,22.57,88.36,18.4,0.82,9,1,1.85,Humid_Subtropical,92.8,13.0,36.7,10.8,6.9,0,0.06,0.007,20.0,0.326,71.0,0,97.9,53.0,35.3,0,3.5,0,12399
2021-07-19,East_Zone,Monsoon,22.7,0,10350,Kolkata,22.57,88.36,18.4,0.82,9,1,1.85,Humid_Subtropical,95.6,6.2,22.7,11.1,5.4,0,0.021,0.079,74.0,0.396,79.0,0,99.85,51.9,34.5,0,3.5,0,10232
2021-07-20,East_Zone,Monsoon,25.4,0,10135,Kolkata,22.57,88.36,18.4,0.82,9,1,1.85,Humid_Subtropical,96.4,21.5,25.4,17.4,4.3,0,0.004,0.001,80.0,0.323,72.6,0,99.09,47.6,34.1,0,3.5,0,9349
2021-07-21,East_Zone,Monsoon,21.8,0,9515,Kolkata,22.57,88.36,18.4,0.82,9,1,1.85,Humid_Subtropical,99.0,2.5,21.8,14.1,4.4,0,0.024,0.13,82.0,0.294,72.4,0,99.5,59.9,33.7,0,3.5,0,9117
2021-07-22,East_Zone,Monsoon,27.3,0,12737,Kolkata,22.57,88.36,18.4,0.82,9,1,1.85,Humid_Subtropical,94.1,107.6,32.1,12.0,6.1,1,-0.043,0.0,43.0,0.303,67.1,0,99.63,55.5,26.2,0,3.5,0,12581
2021-07-23,East_Zone,Monsoon,23.4,0,11093,Kolkata,22.57,88.36,18.4,0.82,9,1,1.85,Humid_Subtropical,99.0,0.0,23.4,15.7,5.5,0,0.021,0.062,59.0,0.284,77.2,0,99.56,59.9,36.3,0,3.5,0,10302
2021-07-24,East_Zone,Monsoon,28.7,0,13502,Kolkata,22.57,88.36,18.4,0.82,9,1,1.85,Humid_Subtropical,82.5,0.0,34.4,12.7,6.6,0,-0.051,0.136,50.0,0.362,70.6,0,100.66,46.1,28.6,0,3.5,0,13161
2021-07-25,East_Zone,Monsoon,29.7,0,12931,Kolkata,22.57,88.36,18.4,0.82,9,1,1.85,Humid_Subtropical,91.9,58.8,40.2,11.5,5.0,0,-0.19,0.117,26.0,0.364,71.5,0,99.25,57.8,35.9,0,3.5,0,12089
2021-07-26,East_Zone,Monsoon,30.1,0,11785,Kolkata,22.57,88.36,18.4,0.82,9,1,1.85,Humid_Subtropical,87.7,29.0,40.4,11.4,5.8,0,0.114,0.052,49.0,0.305,77.3,0,99.37,52.2,37.5,0,3.5,0,11056
2021-07-27,East_Zone,Monsoon,26.3,0,12463,Kolkata,22.57,88.36,18.4,0.82,9,1,1.85,Humid_Subtropical,88.1,0.0,26.3,15.0,5.6,0,-0.057,0.038,40.0,0.324,67.4,0,100.48,51.6,36.0,0,3.5,0,11834
2021-07-28,East_Zone,Monsoon,21.8,0,9916,Kolkata,22.57,88.36,18.4,0.82,9,1,1.85,Humid_Subtropical,92.5,0.0,21.8,14.6,5.3,0,0.014,0.066,66.0,0.314,78.1,0,101.02,53.5,29.6,0,3.5,0,9276
2021-07-29,East_Zone,Monsoon,24.0,0,11189,Kolkata,22.57,88.36,18.4,0.82,9,1,1.85,Humid_Subtropical,93.9,0.0,24.0,18.6,5.2,0,-0.076,0.003,31.0,0.337,71.5,0,99.07,49.8,35.6,0,3.5,0,10980
2021-07-30,East_Zone,Monsoon,26.7,0,12184,Kolkata,22.57,88.36,18.4,0.82,9,1,1.85,Humid_Subtropical,98.6,19.6,30.6,13.1,5.4,0,-0.073,0.074,42.0,0.333,73.6,0,98.55,51.8,32.9,0,3.5,0,11219
2021-07-31,East_Zone,Monsoon,27.7,0,10681,Kolkata,22.57,88.36,18.4,0.82,9,1,1.85,Humid_Subtropical,86.7,11.2,32.3,13.1,5.7,0,-0.104,0.075,51.0,0.389,71.7,0,98.56,56.2,31.1,0,3.5,0,10323
2021-08-01,East_Zone,Monsoon,23.5,0,10870,Kolkata,22.57,88.36,18.4,0.82,9,1,1.85,Humid_Subtropical,96.1,0.0,23.5,18.3,5.6,0,0.095,0.055,74.0,0.359,70.0,0,99.45,44.9,44.3,0,3.5,0,9980
2021-08-02,East_Zone,Monsoon,25.7,0,10995,Kolkata,22.57,88.36,18.4,0.82,9,1,1.85,Humid_Subtropical,92.2,9.6,25.7,17.0,5.7,0,0.119,0.14,110.0,0.423,71.7,0,98.76,58.5,29.5,0,3.5,0,9996
2021-08-03,East_Zone,Monsoon,30.8,0,13311,Kolkata,22.57,88.36,18.4,0.82,9,1,1.85,Humid_Subtropical,89.9,21.5,43.8,14.4,6.5,0,0.003,0.016,65.0,0.33,71.5,0,97.19,53.4,36.5,0,3.5,0,12464
2021-08-04,East_Zone,Monsoon,33.4,0,13095,Kolkata,22.57,88.36,18.4,0.82,9,1,1.85,Humid_Subtropical,95.0,19.5,58.6,9.3,5.2,0,-0.054,0.0,41.0,0.404,70.3,0,100.03,52.6,41.6,0,3.5,0,12593
2021-08-05,East_Zone,Monsoon,26.1,0,11853,Kolkata,22.57,88.36,18.4,0.82,9,1,1.85,Humid_Subtropical,97.0,24.2,26.1,11.6,4.5,0,-0.169,0.048,48.0,0.352,78.6,0,99.7,56.6,35.9,0,3.5,0,11428
2021-08-06,East_Zone,Monsoon,26.3,0,11156,Kolkata,22.57,88.36,18.4,0.82,9,1,1.85,Humid_Subtropical,99.0,100.7,26.3,10.8,6.2,1,0.08,0.087,72.0,0.346,71.1,0,100.0,54.5,30.9,0,3.5,0,11292
2021-08-07,East_Zone,Monsoon,27.4,0,13170,Kolkata,22.57,88.36,18.4,0.82,9,1,1.85,Humid_Subtropical,92.8,36.3,32.3,14.1,5.1,0,-0.068,0.074,36.0,0.431,68.3,0,100.17,51.1,31.2,0,3.5,0,12559
2021-08-08,East_Zone,Monsoon,30.1,0,13175,Kolkata,22.57,88.36,18.4,0.82,9,1,1.85,Humid_Subtropical,88.5,11.0,40.6,12.5,5.5,0,-0.112,0.071,80.0,0.303,67.8,0,98.99,49.5,27.0,0,3.5,0,12358
2021-08-09,East_Zone,Monsoon,32.8,0,13927,Kolkata,22.57,88.36,18.4,0.82,9,1,1.85,Humid_Subtropical,89.2,75.6,52.2,18.8,5.5,1,0.003,0.012,65.0,0.326,75.3,0,99.03,58.6,34.5,0,3.5,0,13737
2021-08-10,East_Zone,Monsoon,24.6,0,11861,Kolkata,22.57,88.36,18.4,0.82,9,1,1.85,Humid_Subtropical,96.5,42.7,24.6,9.3,5.1,0,-0.033,0.021,58.0,0.295,68.8,0,99.75,47.0,34.7,0,3.5,0,11333
2021-08-11,East_Zone,Monsoon,31.0,0,13282,Kolkata,22.57,88.36,18.4,0.82,9,1,1.85,Humid_Subtropical,92.3,0.0,45.6,10.5,4.9,0,-0.152,0.051,30.0,0.298,73.5,0,97.5,51.2,32.7,0,3.5,0,12143
2021-08-12,East_Zone,Monsoon,27.4,0,12290,Kolkata,22.57,88.36,18.4,0.82,9,1,1.85,Humid_Subtropical,88.1,65.8,31.7,14.7,5.3,1,-0.138,0.046,77.0,0.289,79.9,0,98.34,46.7,41.1,0,3.5,0,11980
2021-08-13,East_Zone,Monsoon,27.9,0,11202,Kolkata,22.57,88.36,18.4,0.82,9,1,1.85,Humid_Subtropical,93.7,2.5,34.1,15.6,6.0,0,0.034,0.146,46.0,0.395,74.5,0,98.6,54.4,33.8,0,3.5,0,10785
2021-08-14,East_Zone,Monsoon,25.8,0,12015,Kolkata,22.57,88.36,18.4,0.82,9,1,1.85,Humid_Subtropical,95.7,4.0,25.8,6.2,5.5,0,-0.066,0.096,63.0,0.324,75.0,0,99.56,52.4,26.2,0,3.5,0,11412
2021-08-15,East_Zone,Monsoon,25.3,0,10671,Kolkata,22.57,88.36,18.4,0.82,9,1,1.85,Humid_Subtropical,99.0,0.3,25.3,8.8,5.8,0,0.051,0.048,57.0,0.344,72.4,0,98.07,47.2,41.6,0,3.5,0,10279
2021-08-16,East_Zone,Monsoon,30.3,0,12672,Kolkata,22.57,88.36,18.4,0.82,9,1,1.85,Humid_Subtropical,99.0,61.7,45.2,13.2,5.5,1,0.015,0.146,31.0,0.403,74.0,0,97.88,48.7,28.3,0,3.5,0,12576
2021-08-17,East_Zone,Monsoon,29.7,0,11449,Kolkata,22.57,88.36,18.4,0.82,9,1,1.85,Humid_Subtropical,87.9,24.5,39.0,18.1,6.3,0,0.105,0.107,56.0,0.381,73.4,0,98.13,52.4,36.7,0,3.5,0,10775
2021-08-18,East_Zone,Monsoon,29.6,0,11884,Kolkata,22.57,88.36,18.4,0.82,9,1,1.85,Humid_Subtropical,90.8,0.0,39.5,19.7,5.4,0,-0.083,0.0,38.0,0.352,74.9,0,99.01,53.7,37.4,0,3.5,0,11295
2021-08-19,East_Zone,Monsoon,24.9,0,10833,Kolkata,22.57,88.36,18.4,0.82,9,1,1.85,Humid_Subtropical,87.7,19.0,24.9,12.8,4.2,0,0.023,0.0,48.0,0.376,79.0,0,98.45,44.6,33.8,0,3.5,0,10012
2021-08-20,East_Zone,Monsoon,32.1,0,12729,Kolkata,22.57,88.36,18.4,0.82,9,1,1.85,Humid_Subtropical,87.8,0.0,48.3,13.5,6.0,0,0.064,0.0,68.0,0.388,72.7,0,97.04,49.0,38.9,0,3.5,0,12303
2021-08-21,East_Zone,Monsoon,34.6,0,12001,Kolkata,22.57,88.36,18.4,0.82,9,1,1.85,Humid_Subtropical,90.8,7.4,62.1,11.5,6.4,0,-0.063,0.116,73.0,0.331,71.6,0,97.22,52.5,34.6,0,3.5,0,11197
2021-08-22,East_Zone,Monsoon,23.4,0,11899,Kolkata,22.57,88.36,18.4,0.82,9,1,1.85,Humid_Subtropical,99.0,13.5,23.4,15.9,5.1,0,0.113,0.133,60.0,0.388,73.8,0,98.59,57.3,32.4,0,3.5,0,11232
2021-08-23,East_Zone,Monsoon,32.7,0,12490,Kolkata,22.57,88.36,18.4,0.82,9,1,1.85,Humid_Subtropical,86.7,111.6,50.4,18.6,6.6,1,-0.167,0.0,44.0,0.332,76.9,0,98.6,55.8,23.8,0,3.5,0,12298
2021-08-24,East_Zone,Monsoon,28.2,0,12621,Kolkata,22.57,88.36,18.4,0.82,9,1,1.85,Humid_Subtropical,89.8,15.1,34.4,17.8,5.1,0,-0.083,0.12,48.0,0.366,73.0,0,98.44,50.6,25.6,0,3.5,0,11724
2021-08-25,East_Zone,Monsoon,27.3,0,11947,Kolkata,22.57,88.36,18.4,0.82,9,1,1.85,Humid_Subtropical,82.9,0.0,30.7,13.9,6.0,0,-0.17,0.117,48.0,0.324,74.8,0,97.92,56.2,48.0,0,3.5,0,11160
2021-08-26,East_Zone,Monsoon,28.0,0,10823,Kolkata,22.57,88.36,18.4,0.82,9,1,1.85,Humid_Subtropical,92.4,0.0,34.2,11.5,6.7,0,-0.074,0.164,22.0,0.365,75.5,0,99.15,51.4,37.9,0,3.5,0,10482
2021-08-27,East_Zone,Monsoon,27.0,0,11751,Kolkata,22.57,88.36,18.4,0.82,9,1,1.85,Humid_Subtropical,88.5,1.2,30.6,14.0,5.6,0,-0.015,0.137,61.0,0.362,80.5,0,98.72,40.0,40.5,0,3.5,0,11006
2021-08-28,East_Zone,Monsoon,28.3,0,10692,Kolkata,22.57,88.36,18.4,0.82,9,1,1.85,Humid_Subtropical,90.4,39.3,34.8,18.1,5.5,0,0.083,0.161,30.0,0.423,76.8,0,98.66,58.2,46.8,0,3.5,0,10356
2021-08-29,East_Zone,Monsoon,30.3,0,12668,Kolkata,22.57,88.36,18.4,0.82,9,1,1.85,Humid_Subtropical,87.4,0.0,41.0,12.8,5.7,0,-0.016,0.109,61.0,0.333,71.4,0,98.68,54.3,32.4,0,3.5,0,11915
2021-08-30,East_Zone,Monsoon,24.8,0,12647,Kolkata,22.57,88.36,18.4,0.82,9,1,1.85,Humid_Subtropical,94.6,5.7,24.8,8.6,6.5,0,-0.06,0.107,34.0,0.295,67.4,0,99.89,53.7,33.5,0,3.5,0,11529
2021-08-31,East_Zone,Monsoon,27.0,0,11514,Kolkata,22.57,88.36,18.4,0.82,9,1,1.85,Humid_Subtropical,85.0,120.1,30.2,12.9,5.8,1,-0.155,0.06,38.0,0.355,74.5,0,97.25,51.9,26.0,0,3.5,0,11104
2021-09-01,East_Zone,Autumn,25.9,0,12988,Kolkata,22.57,88.36,18.4,0.82,9,1,1.85,Humid_Subtropical,63.1,0.0,25.9,5.2,7.8,0,-0.121,0.429,132.0,0.41,71.9,0,97.84,53.3,58.8,0,3.5,0,12890
2021-09-02,East_Zone,Autumn,26.0,0,12171,Kolkata,22.57,88.36,18.4,0.82,9,1,1.85,Humid_Subtropical,81.0,0.0,26.0,1.0,6.7,0,0.031,0.3,120.0,0.411,72.5,0,97.9,52.2,58.7,0,3.5,0,12144
2021-09-03,East_Zone,Autumn,21.0,0,10318,Kolkata,22.57,88.36,18.4,0.82,9,1,1.85,Humid_Subtropical,67.0,0.0,21.0,6.7,5.9,0,0.088,0.372,86.0,0.453,71.0,0,99.48,51.6,58.3,0,3.5,0,10108
2021-09-04,East_Zone,Autumn,22.4,0,11164,Kolkata,22.57,88.36,18.4,0.82,9,1,1.85,Humid_Subtropical,67.1,0.0,22.4,7.5,6.0,0,-0.042,0.412,110.0,0.44,72.5,0,97.83,49.5,65.5,0,3.5,0,10961
2021-09-05,East_Zone,Autumn,26.4,0,12904,Kolkata,22.57,88.36,18.4,0.82,9,1,1.85,Humid_Subtropical,79.3,0.0,26.4,11.6,6.6,0,0.121,0.464,125.0,0.443,72.4,0,97.4,52.3,63.8,0,3.5,0,12980
2021-09-06,East_Zone,Autumn,17.5,0,8876,Kolkata,22.57,88.36,18.4,0.82,9,1,1.85,Humid_Subtropical,90.0,0.0,17.5,2.0,4.9,0,-0.095,0.351,109.0,0.423,73.7,0,98.07,48.7,64.8,0,3.5,0,8885
2021-09-07,East_Zone,Autumn,27.9,0,10853,Kolkata,22.57,88.36,18.4,0.82,9,1,1.85,Humid_Subtropical,63.4,0.0,29.7,8.2,6.4,0,-0.039,0.438,114.0,0.475,72.0,0,98.27,47.7,54.1,0,3.5,0,10922
2021-09-08,East_Zone,Autumn,26.4,0,12511,Kolkata,22.57,88.36,18.4,0.82,9,1,1.85,Humid_Subtropical,68.3,0.0,26.4,8.9,6.3,0,-0.031,0.368,124.0,0.397,71.8,0,99.35,53.8,60.4,0,3.5,0,12371
2021-09-09,East_Zone,Autumn,23.9,0,9841,Kolkata,22.57,88.36,18.4,0.82,9,1,1.85,Humid_Subtropical,73.4,0.0,23.9,7.6,6.6,0,0.153,0.439,121.0,0.472,75.6,0,97.76,56.0,62.0,0,3.5,0,9739
2021-09-10,East_Zone,Autumn,23.6,0,12075,Kolkata,22.57,88.36,18.4,0.82,9,1,1.85,Humid_Subtropical,80.5,0.0,23.6,3.0,7.6,0,0.013,0.332,102.0,0.393,74.0,0,97.44,48.8,69.6,0,3.5,0,12061
2021-09-11,East_Zone,Autumn,28.6,0,12320,Kolkata,22.57,88.36,18.4,0.82,9,1,1.85,Humid_Subtropical,63.9,0.0,30.9,2.8,6.7,0,-0.18,0.424,120.0,0.464,74.0,0,97.2,49.4,60.8,0,3.5,0,12230
2021-09-12,East_Zone,Autumn,21.1,0,11657,Kolkata,22.57,88.36,18.4,0.82,9,1,1.85,Humid_Subtropical,72.1,0.0,21.1,6.3,5.2,0,0.095,0.374,115.0,0.387,73.9,0,97.76,45.3,59.4,0,3.5,0,11557
2021-09-13,East_Zone,Autumn,26.5,0,10886,Kolkata,22.57,88.36,18.4,0.82,9,1,1.85,Humid_Subtropical,74.0,0.0,26.5,6.3,6.0,0,0.185,0.309,151.0,0.434,71.3,0,100.66,48.0,65.7,0,3.5,0,10721
2021-09-14,East_Zone,Autumn,25.0,0,11494,Kolkata,22.57,88.36,18.4,0.82,9,1,1.85,Humid_Subtropical,73.2,0.0,25.0,4.3,6.7,0,-0.025,0.371,118.0,0.43,78.3,0,98.46,47.3,59.0,0,3.5,0,11311
2021-09-15,East_Zone,Autumn,22.1,0,10800,Kolkata,22.57,88.36,18.4,0.82,9,1,1.85,Humid_Subtropical,70.9,0.0,22.1,9.9,6.4,0,-0.09,0.459,122.0,0.458,80.1,0,98.67,56.4,62.6,0,3.5,0,10876
2021-09-16,East_Zone,Autumn,27.3,0,11592,Kolkata,22.57,88.36,18.4,0.82,9,1,1.85,Humid_Subtropical,69.0,0.0,29.3,4.8,7.6,0,0.086,0.319,125.0,0.449,77.7,0,98.06,45.3,62.4,0,3.5,0,11105
2021-09-17,East_Zone,Autumn,27.6,0,10501,Kolkata,22.57,88.36,18.4,0.82,9,1,1.85,Humid_Subtropical,62.6,0.0,29.1,1.0,7.2,0,0.196,0.291,114.0,0.388,68.7,0,98.19,54.1,57.6,0,3.5,0,10455
2021-09-18,East_Zone,Autumn,30.7,0,12709,Kolkata,22.57,88.36,18.4,0.82,9,1,1.85,Humid_Subtropical,66.4,0.0,35.8,5.3,7.3,0,0.085,0.404,107.0,0.44,72.0,0,98.83,51.5,56.8,0,3.5,0,12562
2021-09-19,East_Zone,Autumn,27.2,0,11979,Kolkata,22.57,88.36,18.4,0.82,9,1,1.85,Humid_Subtropical,68.3,0.8,29.0,7.4,6.5,0,-0.162,0.279,128.0,0.419,76.1,0,98.6,54.9,59.8,0,3.5,0,11258
2021-09-20,East_Zone,Autumn,21.5,0,10353,Kolkata,22.57,88.36,18.4,0.82,9,1,1.85,Humid_Subtropical,74.3,0.0,21.5,7.0,7.0,0,0.075,0.474,128.0,0.45,71.7,0,98.38,57.0,57.8,0,3.5,0,10324
2021-09-21,East_Zone,Autumn,18.3,0,10118,Kolkata,22.57,88.36,18.4,0.82,9,1,1.85,Humid_Subtropical,72.2,0.0,18.3,7.0,5.6,0,0.04,0.472,157.0,0.48,71.9,0,98.04,52.1,52.5,0,3.5,0,9986
2021-09-22,East_Zone,Autumn,24.6,0,10992,Kolkata,22.57,88.36,18.4,0.82,9,1,1.85,Humid_Subtropical,73.6,4.7,24.6,10.5,7.1,0,-0.095,0.442,133.0,0.46,69.9,0,97.67,56.6,63.6,0,3.5,0,10793
2021-09-23,East_Zone,Autumn,26.3,0,11594,Kolkata,22.57,88.36,18.4,0.82,9,1,1.85,Humid_Subtropical,75.3,0.0,26.3,2.7,6.4,0,0.129,0.379,134.0,0.417,72.9,0,98.44,58.6,62.9,0,3.5,0,11805
2021-09-24,East_Zone,Autumn,25.8,0,12224,Kolkata,22.57,88.36,18.4,0.82,9,1,1.85,Humid_Subtropical,71.3,0.0,25.8,4.7,5.7,0,0.044,0.48,133.0,0.498,71.5,0,98.1,57.6,56.3,0,3.5,0,12367
2021-09-25,East_Zone,Autumn,22.4,0,9919,Kolkata,22.57,88.36,18.4,0.82,9,1,1.85,Humid_Subtropical,74.3,0.0,22.4,10.6,6.7,0,0.131,0.461,108.0,0.472,66.8,0,100.14,50.4,55.8,0,3.5,0,9872
2021-09-26,East_Zone,Autumn,18.8,0,9806,Kolkata,22.57,88.36,18.4,0.82,9,1,1.85,Humid_Subtropical,75.0,0.0,18.8,1.0,7.0,0,-0.106,0.348,97.0,0.402,77.5,0,99.06,44.7,62.4,0,3.5,0,9677
2021-09-27,East_Zone,Autumn,25.4,0,10280,Kolkata,22.57,88.36,18.4,0.82,9,1,1.85,Humid_Subtropical,70.8,0.0,25.4,5.8,6.3,0,0.04,0.466,102.0,0.431,75.3,0,97.33,51.4,68.8,0,3.5,0,10311
2021-09-28,East_Zone,Autumn,28.3,0,11407,Kolkata,22.57,88.36,18.4,0.82,9,1,1.85,Humid_Subtropical,65.4,0.0,30.6,9.7,7.6,0,-0.09,0.325,132.0,0.415,70.0,0,96.83,52.4,65.1,0,3.5,0,10962
2021-09-29,East_Zone,Autumn,17.7,0,10618,Kolkata,22.57,88.36,18.4,0.82,9,1,1.85,Humid_Subtropical,77.0,0.0,17.7,9.6,5.1,0,0.025,0.368,146.0,0.445,76.6,0,97.6,44.2,66.0,0,3.5,0,10960
2021-09-30,East_Zone,Autumn,18.1,0,10291,Kolkata,22.57,88.36,18.4,0.82,9,1,1.85,Humid_Subtropical,74.7,0.0,18.1,8.0,5.4,0,0.148,0.272,133.0,0.342,74.4,0,96.92,52.0,58.5,0,3.5,0,9971
2021-10-01,East_Zone,Autumn,26.2,0,11796,Kolkata,22.57,88.36,18.4,0.82,9,1,1.85,Humid_Subtropical,80.7,0.0,26.2,8.1,6.5,0,-0.143,0.389,117.0,0.413,77.5,0,97.54,41.7,62.1,0,3.5,0,11962
2021-10-02,East_Zone,Autumn,22.3,0,9848,Kolkata,22.57,88.36,18.4,0.82,9,1,1.85,Humid_Subtropical,80.5,0.0,22.3,2.9,6.1,0,-0.137,0.362,150.0,0.413,76.2,0,97.03,58.0,59.3,0,3.5,0,9555
2021-10-03,East_Zone,Autumn,26.9,0,12476,Kolkata,22.57,88.36,18.4,0.82,9,1,1.85,Humid_Subtropical,71.8,0.0,28.8,10.1,6.2,0,0.096,0.353,112.0,0.385,71.7,0,97.67,54.0,56.4,0,3.5,0,12304
2021-10-04,East_Zone,Autumn,26.9,0,12654,Kolkata,22.57,88.36,18.4,0.82,9,1,1.85,Humid_Subtropical,66.0,0.0,28.4,2.4,6.7,0,-0.001,0.37,99.0,0.402,76.0,0,97.69,48.8,61.0,0,3.5,0,12233
2021-10-05,East_Zone,Autumn,21.0,0,9944,Kolkata,22.57,88.36,18.4,0.82,9,1,1.85,Humid_Subtropical,67.8,0.0,21.0,2.6,6.0,0,0.117,0.345,125.0,0.43,76.1,0,98.15,52.8,55.7,0,3.5,0,9349
2021-10-06,East_Zone,Autumn,23.4,0,11450,Kolkata,22.57,88.36,18.4,0.82,9,1,1.85,Humid_Subtropical,77.9,0.0,23.4,7.2,6.2,0,-0.081,0.383,143.0,0.421,77.2,0,97.8,53.1,56.3,0,3.5,0,11417
2021-10-07,East_Zone,Autumn,21.0,1,15504,Kolkata,22.57,88.36,18.4,0.82,9,1,1.85,Humid_Subtropical,74.7,0.0,21.0,4.5,6.5,0,0.005,0.457,105.0,0.442,77.0,0,97.11,53.8,69.8,0,3.5,0,15553
2021-10-08,East_Zone,Autumn,23.2,0,10503,Kolkata,22.57,88.36,18.4,0.82,9,1,1.85,Humid_Subtropical,74.5,0.0,23.2,6.6,6.0,0,0.069,0.316,89.0,0.378,80.2,0,99.23,53.0,58.3,0,3.5,0,10194
2021-10-09,East_Zone,Autumn,19.0,1,12839,Kolkata,22.57,88.36,18.4,0.82,9,1,1.85,Humid_Subtropical,65.9,0.0,19.0,7.3,6.1,0,0.021,0.432,121.0,0.442,76.9,0,98.42,56.1,71.9,0,3.5,0,12218
2021-10-10,East_Zone,Autumn,28.8,0,13366,Kolkata,22.57,88.36,18.4,0.82,9,1,1.85,Humid_Subtropical,73.4,0.0,32.9,11.3,6.3,0,-0.179,0.393,134.0,0.393,71.6,0,97.48,46.9,49.7,0,3.5,0,12945
2021-10-11,East_Zone,Autumn,23.6,1,13713,Kolkata,22.57,88.36,18.4,0.82,9,1,1.85,Humid_Subtropical,74.1,0.0,23.6,7.3,5.7,0,0.282,0.402,67.0,0.484,74.5,0,97.14,51.3,67.3,0,3.5,0,13770
2021-10-12,East_Zone,Autumn,22.0,0,10250,Kolkata,22.57,88.36,18.4,0.82,9,1,1.85,Humid_Subtropical,67.2,0.0,22.0,4.1,6.8,0,0.021,0.378,138.0,0.487,70.9,0,96.57,58.8,67.9,0,3.5,0,10070
2021-10-13,East_Zone,Autumn,26.4,0,11884,Kolkata,22.57,88.36,18.4,0.82,9,1,1.85,Humid_Subtropical,67.8,0.0,26.4,8.0,7.6,0,-0.134,0.337,95.0,0.41,77.6,0,96.5,50.2,60.0,0,3.5,0,11677
2021-10-14,East_Zone,Autumn,21.0,0,9565,Kolkata,22.57,88.36,18.4,0.82,9,1,1.85,Humid_Subtropical,74.7,0.0,21.0,3.5,6.9,0,0.031,0.407,133.0,0.408,71.4,0,99.1,53.6,62.8,0,3.5,0,9385
2021-10-15,East_Zone,Autumn,24.3,0,9659,Kolkata,22.57,88.36,18.4,0.82,9,1,1.85,Humid_Subtropical,71.7,0.0,24.3,8.7,6.7,0,0.043,0.411,84.0,0.468,80.7,0,99.0,48.6,62.1,0,3.5,0,9460
2021-10-16,East_Zone,Autumn,30.2,0,12658,Kolkata,22.57,88.36,18.4,0.82,9,1,1.85,Humid_Subtropical,66.4,0.0,34.7,6.2,6.4,0,0.099,0.332,93.0,0.441,73.1,0,97.48,60.6,59.5,0,3.5,0,12443
2021-10-17,East_Zone,Autumn,21.9,0,10075,Kolkata,22.57,88.36,18.4,0.82,9,1,1.85,Humid_Subtropical,72.3,0.9,21.9,7.2,6.2,0,0.093,0.3,131.0,0.471,73.9,0,99.44,53.9,55.6,0,3.5,0,9617
2021-10-18,East_Zone,Autumn,26.6,0,12293,Kolkata,22.57,88.36,18.4,0.82,9,1,1.85,Humid_Subtropical,68.8,0.0,26.6,1.0,7.2,0,-0.021,0.385,142.0,0.5,72.6,0,98.7,47.4,57.3,0,3.5,0,12329
2021-10-19,East_Zone,Autumn,25.4,0,10202,Kolkata,22.57,88.36,18.4,0.82,9,1,1.85,Humid_Subtropical,71.5,0.0,25.4,1.0,5.2,0,-0.172,0.425,120.0,0.385,71.8,0,98.3,56.7,69.8,0,3.5,0,10148
2021-10-20,East_Zone,Autumn,32.6,0,12427,Kolkata,22.57,88.36,18.4,0.82,9,1,1.85,Humid_Subtropical,73.8,0.0,43.8,1.5,6.7,0,0.046,0.44,163.0,0.485,72.4,0,98.97,48.3,57.3,0,3.5,0,12506
2021-10-21,East_Zone,Autumn,29.1,0,12696,Kolkata,22.57,88.36,18.4,0.82,9,1,1.85,Humid_Subtropical,55.7,0.0,30.6,11.2,7.1,0,-0.164,0.452,102.0,0.446,74.7,0,98.74,55.2,68.6,0,3.5,0,12936
2021-10-22,East_Zone,Autumn,22.3,0,10882,Kolkata,22.57,88.36,18.4,0.82,9,1,1.85,Humid_Subtropical,71.4,0.0,22.3,2.6,5.7,0,0.122,0.402,101.0,0.457,74.1,0,98.29,56.4,57.9,0,3.5,0,10745
2021-10-23,East_Zone,Autumn,23.7,0,10382,Kolkata,22.57,88.36,18.4,0.82,9,1,1.85,Humid_Subtropical,72.7,0.0,23.7,8.2,6.7,0,-0.073,0.364,115.0,0.454,72.7,0,97.9,60.3,58.4,0,3.5,0,9847
2021-10-24,East_Zone,Autumn,27.9,1,15418,Kolkata,22.57,88.36,18.4,0.82,9,1,1.85,Humid_Subtropical,70.7,0.0,30.6,4.1,6.9,0,0.063,0.38,114.0,0.457,74.9,0,98.05,53.1,72.4,0,3.5,0,15373
2021-10-25,East_Zone,Autumn,19.8,0,10978,Kolkata,22.57,88.36,18.4,0.82,9,1,1.85,Humid_Subtropical,72.3,0.0,19.8,5.3,5.4,0,-0.066,0.305,125.0,0.446,72.4,0,96.56,51.8,59.1,0,3.5,0,10600
2021-10-26,East_Zone,Autumn,25.8,1,14723,Kolkata,22.57,88.36,18.4,0.82,9,1,1.85,Humid_Subtropical,61.7,0.0,25.8,5.9,6.6,0,-0.049,0.339,107.0,0.408,74.0,0,97.39,43.8,67.3,0,3.5,0,14853
2021-10-27,East_Zone,Autumn,18.3,0,10082,Kolkata,22.57,88.36,18.4,0.82,9,1,1.85,Humid_Subtropical,76.7,0.0,18.3,10.9,5.8,0,-0.08,0.377,130.0,0.406,79.3,0,100.0,51.2,59.9,0,3.5,0,9903
2021-10-28,East_Zone,Autumn,18.2,0,9109,Kolkata,22.57,88.36,18.4,0.82,9,1,1.85,Humid_Subtropical,83.7,0.0,18.2,7.8,6.4,0,0.072,0.364,130.0,0.467,72.3,0,97.39,49.1,52.6,0,3.5,0,9082
2021-10-29,East_Zone,Autumn,23.4,1,14486,Kolkata,22.57,88.36,18.4,0.82,9,1,1.85,Humid_Subtropical,64.3,0.0,23.4,7.2,6.8,0,-0.062,0.386,149.0,0.41,73.1,0,96.38,50.8,73.8,0,3.5,0,14717
2021-10-30,East_Zone,Autumn,20.0,0,9606,Kolkata,22.57,88.36,18.4,0.82,9,1,1.85,Humid_Subtropical,78.3,0.0,20.0,9.9,6.5,0,0.077,0.298,111.0,0.47,70.5,0,99.15,50.6,61.1,0,3.5,0,9406
2021-10-31,East_Zone,Autumn,21.0,0,9837,Kolkata,22.57,88.36,18.4,0.82,9,1,1.85,Humid_Subtropical,71.8,1.6,21.0,4.1,6.3,0,-0.06,0.311,126.0,0.395,73.0,0,98.51,55.5,63.6,0,3.5,0,9682
2021-11-01,East_Zone,Autumn,27.3,0,11777,Kolkata,22.57,88.36,18.4,0.82,9,1,1.85,Humid_Subtropical,69.3,0.0,29.3,9.2,6.8,0,-0.023,0.427,131.0,0.435,75.1,0,98.59,50.2,57.5,0,3.5,0,11668
2021-11-02,East_Zone,Autumn,27.8,0,12490,Kolkata,22.57,88.36,18.4,0.82,9,1,1.85,Humid_Subtropical,64.1,0.0,29.6,8.7,5.9,0,0.004,0.33,120.0,0.417,72.4,0,98.14,54.2,63.7,0,3.5,0,12728
2021-11-03,East_Zone,Autumn,25.0,1,15203,Kolkata,22.57,88.36,18.4,0.82,9,1,1.85,Humid_Subtropical,69.3,0.0,25.0,8.7,6.5,0,0.015,0.339,116.0,0.379,70.6,0,99.23,52.2,74.2,0,3.5,0,15371
2021-11-04,East_Zone,Autumn,24.1,0,9356,Kolkata,22.57,88.36,18.4,0.82,9,1,1.85,Humid_Subtropical,78.0,0.0,24.1,5.5,6.0,0,-0.092,0.386,83.0,0.39,75.1,0,99.87,50.5,60.6,0,3.5,0,9084
2021-11-05,East_Zone,Autumn,23.2,0,10428,Kolkata,22.57,88.36,18.4,0.82,9,1,1.85,Humid_Subtropical,75.0,3.3,23.2,4.7,7.0,0,0.07,0.324,122.0,0.448,75.4,0,97.84,49.3,69.9,0,3.5,0,10272
2021-11-06,East_Zone,Autumn,24.9,0,11839,Kolkata,22.57,88.36,18.4,0.82,9,1,1.85,Humid_Subtropical,79.7,0.0,24.9,3.4,6.9,0,-0.027,0.446,131.0,0.4,75.8,0,99.01,53.5,62.4,0,3.5,0,11657
2021-11-07,East_Zone,Autumn,20.2,1,14588,Kolkata,22.57,88.36,18.4,0.82,9,1,1.85,Humid_Subtropical,79.8,0.0,20.2,3.6,6.7,0,0.054,0.305,119.0,0.492,70.3,0,99.52,58.3,69.7,0,3.5,0,14420
2021-11-08,East_Zone,Autumn,25.6,0,9996,Kolkata,22.57,88.36,18.4,0.82,9,1,1.85,Humid_Subtropical,72.8,0.0,25.6,3.2,7.6,0,-0.002,0.38,106.0,0.432,78.1,0,97.84,49.2,67.7,0,3.5,0,9888
2021-11-09,East_Zone,Autumn,24.9,0,10047,Kolkata,22.57,88.36,18.4,0.82,9,1,1.85,Humid_Subtropical,79.8,0.0,24.9,7.1,6.3,0,0.059,0.335,90.0,0.393,72.5,0,99.95,53.2,62.6,0,3.5,0,9825
2021-11-10,East_Zone,Autumn,20.0,0,10474,Kolkata,22.57,88.36,18.4,0.82,9,1,1.85,Humid_Subtropical,76.2,0.0,20.0,5.3,5.9,0,-0.041,0.389,128.0,0.45,71.0,0,99.58,54.8,68.9,0,3.5,0,10481
2021-11-11,East_Zone,Autumn,23.5,1,15457,Kolkata,22.57,88.36,18.4,0.82,9,1,1.85,Humid_Subtropical,76.0,0.0,23.5,7.3,6.2,0,-0.079,0.35,121.0,0.354,77.1,0,97.24,51.8,62.7,0,3.5,0,15090
2021-11-12,East_Zone,Autumn,26.1,0,9521,Kolkata,22.57,88.36,18.4,0.82,9,1,1.85,Humid_Subtropical,68.9,0.0,26.1,7.5,5.6,0,0.043,0.379,145.0,0.425,78.0,0,100.1,46.0,58.5,0,3.5,0,9581
2021-11-13,East_Zone,Autumn,28.5,0,11893,Kolkata,22.57,88.36,18.4,0.82,9,1,1.85,Humid_Subtropical,69.2,0.0,31.5,2.8,5.8,0,-0.049,0.453,94.0,0.447,73.1,0,97.34,53.9,58.5,0,3.5,0,11664
2021-11-14,East_Zone,Autumn,20.6,0,9472,Kolkata,22.57,88.36,18.4,0.82,9,1,1.85,Humid_Subtropical,70.2,0.0,20.6,2.7,6.7,0,0.146,0.339,112.0,0.387,71.5,0,97.87,46.1,50.6,0,3.5,0,8984
2021-11-15,East_Zone,Autumn,19.7,0,10272,Kolkata,22.57,88.36,18.4,0.82,9,1,1.85,Humid_Subtropical,79.1,0.0,19.7,5.3,5.4,0,0.007,0.338,96.0,0.406,75.3,0,99.26,46.7,60.8,0,3.5,0,10043
2021-11-16,East_Zone,Autumn,27.9,0,12878,Kolkata,22.57,88.36,18.4,0.82,9,1,1.85,Humid_Subtropical,63.4,0.0,29.7,3.7,6.0,0,-0.137,0.361,138.0,0.476,70.0,0,99.64,47.6,58.1,0,3.5,0,12673
2021-11-17,East_Zone,Autumn,26.9,1,15238,Kolkata,22.57,88.36,18.4,0.82,9,1,1.85,Humid_Subtropical,73.8,0.0,29.0,3.4,6.5,0,-0.059,0.468,142.0,0.462,81.7,0,98.72,51.8,62.0,0,3.5,0,15568
2021-11-18,East_Zone,Autumn,25.5,0,12304,Kolkata,22.57,88.36,18.4,0.82,9,1,1.85,Humid_Subtropical,69.7,0.5,25.5,11.1,6.3,0,-0.1,0.375,155.0,0.446,70.9,0,98.02,48.4,56.2,0,3.5,0,12292
2021-11-19,East_Zone,Autumn,23.2,0,9685,Kolkata,22.57,88.36,18.4,0.82,9,1,1.85,Humid_Subtropical,77.9,0.0,23.2,1.4,6.9,0,0.107,0.454,129.0,0.43,75.1,0,98.42,46.6,66.9,0,3.5,0,9857
2021-11-20,East_Zone,Autumn,24.2,0,11304,Kolkata,22.57,88.36,18.4,0.82,9,1,1.85,Humid_Subtropical,75.2,0.0,24.2,12.1,6.5,0,0.077,0.369,134.0,0.393,73.5,0,98.32,53.8,64.5,0,3.5,0,11315
2021-11-21,East_Zone,Autumn,23.9,0,12696,Kolkata,22.57,88.36,18.4,0.82,9,1,1.85,Humid_Subtropical,80.8,0.0,23.9,6.9,6.0,0,-0.006,0.451,128.0,0.446,71.2,0,99.57,52.7,56.4,0,3.5,0,12240
2021-11-22,East_Zone,Autumn,28.5,0,12754,Kolkata,22.57,88.36,18.4,0.82,9,1,1.85,Humid_Subtropical,72.6,0.0,32.1,9.0,7.3,0,0.029,0.404,130.0,0.367,71.2,0,98.35,55.4,56.3,0,3.5,0,12331
2021-11-23,East_Zone,Autumn,21.7,0,11003,Kolkata,22.57,88.36,18.4,0.82,9,1,1.85,Humid_Subtropical,65.1,0.0,21.7,8.6,6.8,0,-0.009,0.413,121.0,0.41,77.4,0,98.13,49.3,64.3,0,3.5,0,10659
2021-11-24,East_Zone,Autumn,22.8,0,9847,Kolkata,22.57,88.36,18.4,0.82,9,1,1.85,Humid_Subtropical,72.0,0.0,22.8,7.9,5.5,0,0.086,0.294,131.0,0.376,75.1,0,97.33,51.7,50.2,0,3.5,0,9753
2021-11-25,East_Zone,Autumn,22.8,0,11602,Kolkata,22.57,88.36,18.4,0.82,9,1,1.85,Humid_Subtropical,66.5,0.0,22.8,11.0,6.5,0,0.052,0.285,159.0,0.35,71.9,0,98.24,55.5,63.0,0,3.5,0,11459
2021-11-26,East_Zone,Autumn,21.2,0,10936,Kolkata,22.57,88.36,18.4,0.82,9,1,1.85,Humid_Subtropical,70.7,0.0,21.2,2.8,5.9,0,0.07,0.444,124.0,0.47,72.3,0,98.75,47.2,50.8,0,3.5,0,10895
2021-11-27,East_Zone,Autumn,24.2,1,14816,Kolkata,22.57,88.36,18.4,0.82,9,1,1.85,Humid_Subtropical,79.0,0.0,24.2,5.5,6.0,0,-0.019,0.443,120.0,0.447,71.6,0,97.76,49.5,80.2,0,3.5,0,14825
2021-11-28,East_Zone,Autumn,27.8,0,11139,Kolkata,22.57,88.36,18.4,0.82,9,1,1.85,Humid_Subtropical,72.5,0.0,30.6,3.4,7.8,0,-0.063,0.525,124.0,0.453,76.6,0,97.18,55.8,63.3,0,3.5,0,11069
2021-11-29,East_Zone,Autumn,24.3,0,9691,Kolkata,22.57,88.36,18.4,0.82,9,1,1.85,Humid_Subtropical,67.9,0.0,24.3,1.0,6.5,0,0.067,0.291,117.0,0.433,76.8,0,99.93,53.1,50.8,0,3.5,0,9361
2021-11-30,East_Zone,Autumn,22.4,0,10021,Kolkata,22.57,88.36,18.4,0.82,9,1,1.85,Humid_Subtropical,67.5,0.0,22.4,4.0,6.2,0,0.155,0.409,124.0,0.393,75.6,0,97.98,51.6,58.1,0,3.5,0,9953
2021-12-01,East_Zone,Winter,14.8,0,10206,Kolkata,22.57,88.36,18.4,0.82,9,1,1.85,Humid_Subtropical,79.3,0.0,14.8,11.6,3.5,0,0.111,0.359,147.0,0.389,74.8,0,97.7,51.9,73.6,0,3.5,0,10139
2021-12-02,East_Zone,Winter,15.7,0,8256,Kolkata,22.57,88.36,18.4,0.82,9,1,1.85,Humid_Subtropical,72.5,0.0,15.7,5.5,4.1,0,0.158,0.376,171.0,0.468,75.9,0,100.61,58.1,62.1,0,3.5,0,8323
2021-12-03,East_Zone,Winter,15.7,0,8633,Kolkata,22.57,88.36,18.4,0.82,9,1,1.85,Humid_Subtropical,75.2,0.0,15.7,12.0,3.1,0,0.016,0.39,169.0,0.506,69.1,0,99.92,52.9,71.8,0,3.5,0,8772
2021-12-04,East_Zone,Winter,16.0,0,9458,Kolkata,22.57,88.36,18.4,0.82,9,1,1.85,Humid_Subtropical,80.0,0.0,16.0,12.3,3.2,0,-0.097,0.443,189.0,0.471,74.8,0,100.13,53.2,74.4,0,3.5,0,9682
2021-12-05,East_Zone,Winter,18.6,0,9637,Kolkata,22.57,88.36,18.4,0.82,9,1,1.85,Humid_Subtropical,82.6,0.0,18.6,15.0,4.1,0,-0.088,0.38,150.0,0.449,77.2,0,99.64,52.8,61.7,0,3.5,0,9653
2021-12-06,East_Zone,Winter,19.9,0,10705,Kolkata,22.57,88.36,18.4,0.82,9,1,1.85,Humid_Subtropical,79.1,0.0,19.9,11.7,2.8,0,0.138,0.422,155.0,0.428,74.7,0,100.48,46.7,75.7,0,3.5,0,10950
2021-12-07,East_Zone,Winter,12.9,0,9987,Kolkata,22.57,88.36,18.4,0.82,9,1,1.85,Humid_Subtropical,68.8,0.0,12.9,13.1,4.0,0,-0.186,0.47,154.0,0.441,74.2,0,100.08,55.0,71.4,0,3.5,0,10165
2021-12-08,East_Zone,Winter,16.0,0,8327,Kolkata,22.57,88.36,18.4,0.82,9,1,1.85,Humid_Subtropical,79.9,0.0,16.0,7.0,2.6,0,0.15,0.488,154.0,0.469,72.1,0,98.88,49.3,76.6,0,3.5,0,8374
2021-12-09,East_Zone,Winter,20.0,0,11651,Kolkata,22.57,88.36,18.4,0.82,9,1,1.85,Humid_Subtropical,76.4,0.0,20.0,6.7,3.6,0,-0.079,0.462,170.0,0.497,72.3,0,98.2,47.2,70.8,0,3.5,0,11850
2021-12-10,East_Zone,Winter,14.9,0,8322,Kolkata,22.57,88.36,18.4,0.82,9,1,1.85,Humid_Subtropical,81.1,0.0,14.9,6.9,2.5,0,0.192,0.447,121.0,0.465,72.4,0,98.01,45.2,66.7,0,3.5,0,8372
2021-12-11,East_Zone,Winter,14.5,0,9192,Kolkata,22.57,88.36,18.4,0.82,9,1,1.85,Humid_Subtropical,87.4,0.0,14.5,6.0,2.8,0,-0.007,0.412,158.0,0.472,74.7,0,99.19,46.5,66.2,0,3.5,0,9179
2021-12-12,East_Zone,Winter,18.8,0,10164,Kolkata,22.57,88.36,18.4,0.82,9,1,1.85,Humid_Subtropical,66.4,0.0,18.8,6.4,4.5,0,0.072,0.386,186.0,0.409,72.5,0,98.26,43.2,70.4,0,3.5,0,10103
2021-12-13,East_Zone,Winter,15.3,0,10024,Kolkata,22.57,88.36,18.4,0.82,9,1,1.85,Humid_Subtropical,75.9,0.0,15.3,8.3,4.1,0,0.239,0.452,175.0,0.472,68.5,0,98.59,48.3,71.1,0,3.5,0,10245
2021-12-14,East_Zone,Winter,14.1,0,9340,Kolkata,22.57,88.36,18.4,0.82,9,1,1.85,Humid_Subtropical,82.5,0.0,14.1,4.6,4.1,0,-0.033,0.357,172.0,0.409,76.4,0,99.27,51.0,77.3,0,3.5,0,9410
2021-12-15,East_Zone,Winter,14.1,0,8878,Kolkata,22.57,88.36,18.4,0.82,9,1,1.85,Humid_Subtropical,71.6,0.0,14.1,1.9,2.6,0,-0.035,0.427,165.0,0.451,75.6,0,100.85,57.6,70.6,0,3.5,0,9054
2021-12-16,East_Zone,Winter,14.7,0,8620,Kolkata,22.57,88.36,18.4,0.82,9,1,1.85,Humid_Subtropical,86.6,0.0,14.7,7.1,2.9,0,-0.069,0.355,139.0,0.447,75.1,0,97.98,52.4,64.2,0,3.5,0,8553
2021-12-17,East_Zone,Winter,13.9,0,9542,Kolkata,22.57,88.36,18.4,0.82,9,1,1.85,Humid_Subtropical,81.5,0.0,13.9,3.9,3.6,0,-0.1,0.418,137.0,0.429,71.2,0,99.55,53.8,69.7,0,3.5,0,9706
2021-12-18,East_Zone,Winter,12.8,0,7608,Kolkata,22.57,88.36,18.4,0.82,9,1,1.85,Humid_Subtropical,84.6,0.0,12.8,4.2,3.8,0,-0.033,0.357,137.0,0.399,72.5,0,98.3,57.4,64.4,0,3.5,0,7594
2021-12-19,East_Zone,Winter,21.4,0,11123,Kolkata,22.57,88.36,18.4,0.82,9,1,1.85,Humid_Subtropical,72.3,0.0,21.4,5.6,3.3,0,-0.055,0.396,130.0,0.45,75.6,0,99.03,41.2,73.7,0,3.5,0,11027
2021-12-20,East_Zone,Winter,7.8,0,6508,Kolkata,22.57,88.36,18.4,0.82,9,1,1.85,Humid_Subtropical,87.4,0.0,7.8,4.9,2.8,0,-0.125,0.379,167.0,0.431,74.1,0,100.55,54.8,74.9,0,3.5,0,6495
2021-12-21,East_Zone,Winter,9.6,0,6630,Kolkata,22.57,88.36,18.4,0.82,9,1,1.85,Humid_Subtropical,87.6,0.0,9.6,9.3,2.6,0,-0.021,0.372,176.0,0.437,71.9,0,98.81,53.8,75.8,0,3.5,0,6557
2021-12-22,East_Zone,Winter,5.6,0,6286,Kolkata,22.57,88.36,18.4,0.82,9,1,1.85,Humid_Subtropical,85.8,0.0,5.6,5.5,4.0,0,0.045,0.415,158.0,0.463,77.9,0,99.43,56.1,70.5,0,3.5,0,6211
2021-12-23,East_Zone,Winter,11.6,0,7941,Kolkata,22.57,88.36,18.4,0.82,9,1,1.85,Humid_Subtropical,82.2,0.0,11.6,9.5,3.0,0,-0.09,0.275,164.0,0.448,71.5,0,99.87,45.8,68.5,0,3.5,0,8204
2021-12-24,East_Zone,Winter,10.1,0,7597,Kolkata,22.57,88.36,18.4,0.82,9,1,1.85,Humid_Subtropical,83.3,0.0,10.1,6.6,3.3,0,-0.016,0.312,155.0,0.438,65.0,0,100.46,50.9,69.4,0,3.5,0,7754
2021-12-25,East_Zone,Winter,13.8,0,9640,Kolkata,22.57,88.36,18.4,0.82,9,1,1.85,Humid_Subtropical,75.4,0.0,13.8,5.7,3.5,0,0.141,0.468,160.0,0.473,74.3,0,99.25,49.0,71.5,0,3.5,0,9898
2021-12-26,East_Zone,Winter,19.2,0,10436,Kolkata,22.57,88.36,18.4,0.82,9,1,1.85,Humid_Subtropical,75.7,0.0,19.2,6.5,4.4,0,-0.142,0.429,112.0,0.432,74.4,0,101.09,48.3,69.5,0,3.5,0,10539
2021-12-27,East_Zone,Winter,14.0,0,10093,Kolkata,22.57,88.36,18.4,0.82,9,1,1.85,Humid_Subtropical,78.8,0.0,14.0,2.1,2.9,0,0.193,0.377,156.0,0.424,74.2,0,99.42,62.0,80.0,0,3.5,0,10059
2021-12-28,East_Zone,Winter,10.3,0,6462,Kolkata,22.57,88.36,18.4,0.82,9,1,1.85,Humid_Subtropical,83.7,0.0,10.3,7.0,4.0,0,-0.067,0.478,142.0,0.473,75.2,0,100.38,50.9,70.2,0,3.5,0,6422
2021-12-29,East_Zone,Winter,14.7,0,10490,Kolkata,22.57,88.36,18.4,0.82,9,1,1.85,Humid_Subtropical,84.2,0.0,14.7,8.5,2.7,0,0.02,0.382,149.0,0.425,72.3,0,99.74,56.6,71.5,0,3.5,0,10447
2021-12-30,East_Zone,Winter,14.4,0,8451,Kolkata,22.57,88.36,18.4,0.82,9,1,1.85,Humid_Subtropical,74.1,0.0,14.4,9.0,4.2,0,0.128,0.385,154.0,0.45,77.1,0,100.71,56.1,68.2,0,3.5,0,8369
2021-12-31,East_Zone,Winter,10.7,0,8425,Kolkata,22.57,88.36,18.4,0.82,9,1,1.85,Humid_Subtropical,81.0,0.0,10.7,1.9,2.3,0,0.158,0.373,137.0,0.409,69.9,0,102.03,48.1,68.4,0,3.5,0,8494
2022-01-01,East_Zone,Winter,17.9,0,10096,Kolkata,22.57,88.36,18.4,0.82,9,1,1.85,Humid_Subtropical,84.7,0.0,17.9,1.4,3.6,0,0.197,0.534,131.0,0.531,73.9,0,103.76,52.4,65.6,0,3.75,0,10347
2022-01-02,East_Zone,Winter,13.1,0,7712,Kolkata,22.57,88.36,18.4,0.82,9,1,1.85,Humid_Subtropical,76.4,0.4,13.1,4.4,4.4,0,0.081,0.434,137.0,0.454,72.1,0,104.05,54.9,66.9,0,3.75,0,7878
2022-01-03,East_Zone,Winter,11.1,0,7847,Kolkata,22.57,88.36,18.4,0.82,9,1,1.85,Humid_Subtropical,77.2,0.0,11.1,10.2,3.7,0,0.072,0.432,124.0,0.452,77.0,0,103.67,56.0,81.4,0,3.75,0,8026
2022-01-04,East_Zone,Winter,11.8,0,6997,Kolkata,22.57,88.36,18.4,0.82,9,1,1.85,Humid_Subtropical,81.9,0.0,11.8,6.7,3.6,0,0.093,0.448,129.0,0.438,71.6,0,103.55,55.7,74.7,0,3.75,0,6907
2022-01-05,East_Zone,Winter,13.7,0,8040,Kolkata,22.57,88.36,18.4,0.82,9,1,1.85,Humid_Subtropical,84.0,0.0,13.7,3.7,2.8,0,0.339,0.309,132.0,0.475,74.2,0,103.47,61.4,70.3,0,3.75,0,8062
2022-01-06,East_Zone,Winter,13.4,0,8719,Kolkata,22.57,88.36,18.4,0.82,9,1,1.85,Humid_Subtropical,80.0,0.0,13.4,1.6,3.0,0,0.112,0.384,124.0,0.398,74.3,0,104.19,58.3,68.7,0,3.75,0,8773
2022-01-07,East_Zone,Winter,15.2,0,8578,Kolkata,22.57,88.36,18.4,0.82,9,1,1.85,Humid_Subtropical,85.5,0.0,15.2,3.9,4.3,0,0.182,0.447,160.0,0.431,74.6,0,103.46,57.0,78.2,0,3.75,0,8739
2022-01-08,East_Zone,Winter,15.5,0,8094,Kolkata,22.57,88.36,18.4,0.82,9,1,1.85,Humid_Subtropical,83.0,0.8,15.5,3.7,3.8,0,0.046,0.42,134.0,0.471,71.8,0,103.53,58.3,67.8,0,3.75,0,8104
2022-01-09,East_Zone,Winter,15.3,0,8949,Kolkata,22.57,88.36,18.4,0.82,9,1,1.85,Humid_Subtropical,83.0,0.0,15.3,8.8,4.0,0,0.034,0.552,116.0,0.485,75.1,0,101.14,58.9,63.5,0,3.75,0,8992
2022-01-10,East_Zone,Winter,10.5,0,8419,Kolkata,22.57,88.36,18.4,0.82,9,1,1.85,Humid_Subtropical,84.5,0.0,10.5,9.0,3.3,0,0.153,0.388,143.0,0.42,74.1,0,105.73,52.8,74.4,0,3.75,0,8419
2022-01-11,East_Zone,Winter,12.4,0,8161,Kolkata,22.57,88.36,18.4,0.82,9,1,1.85,Humid_Subtropical,92.2,1.6,12.4,2.9,3.2,0,0.118,0.477,130.0,0.443,75.0,0,106.02,49.1,67.4,0,3.75,0,8061
2022-01-12,East_Zone,Winter,18.5,0,10363,Kolkata,22.57,88.36,18.4,0.82,9,1,1.85,Humid_Subtropical,75.9,3.0,18.5,8.3,4.1,0,0.125,0.468,176.0,0.448,78.7,0,105.06,52.6,65.6,0,3.75,0,10466
2022-01-13,East_Zone,Winter,15.1,0,8485,Kolkata,22.57,88.36,18.4,0.82,9,1,1.85,Humid_Subtropical,68.9,0.0,15.1,8.0,3.7,0,0.002,0.429,152.0,0.45,74.3,0,103.57,48.9,66.5,0,3.75,0,8642
2022-01-14,East_Zone,Winter,17.8,0,10000,Kolkata,22.57,88.36,18.4,0.82,9,1,1.85,Humid_Subtropical,85.3,0.0,17.8,2.5,3.5,0,0.143,0.439,124.0,0.496,71.0,0,103.21,50.4,74.1,0,3.75,0,10112
2022-01-15,East_Zone,Winter,13.1,0,7650,Kolkata,22.57,88.36,18.4,0.82,9,1,1.85,Humid_Subtropical,77.9,0.0,13.1,5.7,2.6,0,0.305,0.403,160.0,0.459,79.9,0,102.95,54.6,71.5,0,3.75,0,7577
2022-01-16,East_Zone,Winter,8.8,0,7318,Kolkata,22.57,88.36,18.4,0.82,9,1,1.85,Humid_Subtropical,83.3,0.0,8.8,7.0,3.8,0,0.065,0.302,152.0,0.446,76.9,0,105.18,52.9,67.1,0,3.75,0,7438
2022-01-17,East_Zone,Winter,14.8,0,9596,Kolkata,22.57,88.36,18.4,0.82,9,1,1.85,Humid_Subtropical,85.7,0.0,14.8,6.5,3.8,0,0.24,0.441,146.0,0.437,76.0,0,105.84,57.9,74.3,0,3.75,0,9944
2022-01-18,East_Zone,Winter,16.1,0,10086,Kolkata,22.57,88.36,18.4,0.82,9,1,1.85,Humid_Subtropical,70.3,0.0,16.1,1.0,3.2,0,-0.196,0.446,178.0,0.467,73.5,0,104.78,56.1,67.9,0,3.75,0,10147
2022-01-19,East_Zone,Winter,12.9,0,9137,Kolkata,22.57,88.36,18.4,0.82,9,1,1.85,Humid_Subtropical,74.0,0.0,12.9,6.4,4.1,0,0.07,0.455,132.0,0.407,76.2,0,105.5,56.7,63.8,0,3.75,0,9043
2022-01-20,East_Zone,Winter,13.4,0,8975,Kolkata,22.57,88.36,18.4,0.82,9,1,1.85,Humid_Subtropical,72.0,0.0,13.4,7.9,3.6,0,-0.041,0.424,169.0,0.451,67.8,0,105.12,50.0,65.5,0,3.75,0,9028
2022-01-21,East_Zone,Winter,10.6,0,7844,Kolkata,22.57,88.36,18.4,0.82,9,1,1.85,Humid_Subtropical,77.7,0.0,10.6,10.7,3.4,0,0.274,0.478,143.0,0.463,78.6,0,103.94,51.1,72.1,0,3.75,0,8005
2022-01-22,East_Zone,Winter,9.0,0,7047,Kolkata,22.57,88.36,18.4,0.82,9,1,1.85,Humid_Subtropical,84.8,0.0,9.0,4.0,3.7,0,0.238,0.368,150.0,0.487,76.7,0,105.75,47.7,68.1,0,3.75,0,7084
2022-01-23,East_Zone,Winter,16.3,0,8663,Kolkata,22.57,88.36,18.4,0.82,9,1,1.85,Humid_Subtropical,80.8,0.0,16.3,4.4,4.0,0,0.047,0.508,137.0,0.514,73.5,0,105.72,57.6,72.5,0,3.75,0,8691
2022-01-24,East_Zone,Winter,11.8,0,8639,Kolkata,22.57,88.36,18.4,0.82,9,1,1.85,Humid_Subtropical,82.3,0.0,11.8,5.4,3.5,0,0.179,0.361,138.0,0.422,76.6,0,103.81,62.2,77.6,0,3.75,0,8837
2022-01-25,East_Zone,Winter,14.7,0,8280,Kolkata,22.57,88.36,18.4,0.82,9,1,1.85,Humid_Subtropical,72.1,0.0,14.7,6.9,3.4,0,0.27,0.414,142.0,0.419,75.9,0,105.64,56.0,68.8,0,3.75,0,8368
2022-01-26,East_Zone,Winter,15.1,0,10890,Kolkata,22.57,88.36,18.4,0.82,9,1,1.85,Humid_Subtropical,67.4,0.0,15.1,6.3,4.7,0,0.286,0.461,116.0,0.432,71.0,0,104.72,56.0,85.3,0,3.75,0,11401
2022-01-27,East_Zone,Winter,18.5,0,10545,Kolkata,22.57,88.36,18.4,0.82,9,1,1.85,Humid_Subtropical,77.2,0.0,18.5,7.8,3.2,0,0.109,0.389,156.0,0.428,74.5,0,104.64,52.7,73.4,0,3.75,0,10644
2022-01-28,East_Zone,Winter,16.3,0,9209,Kolkata,22.57,88.36,18.4,0.82,9,1,1.85,Humid_Subtropical,75.9,0.0,16.3,2.6,4.0,0,-0.071,0.465,152.0,0.495,75.1,0,105.32,54.3,71.1,0,3.75,0,9607
2022-01-29,East_Zone,Winter,7.8,0,6409,Kolkata,22.57,88.36,18.4,0.82,9,1,1.85,Humid_Subtropical,85.6,0.0,7.8,7.2,3.1,0,0.06,0.399,123.0,0.452,73.6,0,105.32,60.2,65.3,0,3.75,0,6431
2022-01-30,East_Zone,Winter,13.6,0,6889,Kolkata,22.57,88.36,18.4,0.82,9,1,1.85,Humid_Subtropical,83.3,0.0,13.6,3.8,3.7,0,0.227,0.427,162.0,0.462,73.3,0,105.88,55.7,70.3,0,3.75,0,6926
2022-01-31,East_Zone,Winter,11.5,0,6297,Kolkata,22.57,88.36,18.4,0.82,9,1,1.85,Humid_Subtropical,81.8,0.0,11.5,5.6,4.1,0,0.36,0.409,176.0,0.467,76.7,0,104.17,57.2,70.8,0,3.75,0,6324
2022-02-01,East_Zone,Winter,14.9,0,9376,Kolkata,22.57,88.36,18.4,0.82,9,1,1.85,Humid_Subtropical,82.9,0.0,14.9,11.1,3.3,0,0.145,0.385,138.0,0.406,74.5,0,105.61,60.4,75.8,1,3.75,0,10207
2022-02-02,East_Zone,Winter,18.3,0,9911,Kolkata,22.57,88.36,18.4,0.82,9,1,1.85,Humid_Subtropical,78.2,0.0,18.3,1.8,4.0,0,0.089,0.555,136.0,0.457,79.6,0,103.92,59.0,69.0,1,3.75,0,10561
2022-02-03,East_Zone,Winter,12.1,0,6481,Kolkata,22.57,88.36,18.4,0.82,9,1,1.85,Humid_Subtropical,83.4,0.3,12.1,5.2,3.5,0,0.39,0.37,170.0,0.448,72.0,0,104.93,55.1,74.2,1,3.75,0,7044
2022-02-04,East_Zone,Winter,9.7,0,6417,Kolkata,22.57,88.36,18.4,0.82,9,1,1.85,Humid_Subtropical,78.7,0.0,9.7,2.2,2.9,0,0.191,0.283,157.0,0.387,75.2,0,105.02,55.4,72.2,1,3.75,0,6671
2022-02-05,East_Zone,Winter,12.3,0,7955,Kolkata,22.57,88.36,18.4,0.82,9,1,1.85,Humid_Subtropical,79.7,0.0,12.3,6.5,4.1,0,0.027,0.372,148.0,0.387,71.2,0,106.13,53.9,76.9,1,3.75,0,8242
2022-02-06,East_Zone,Winter,12.0,0,8260,Kolkata,22.57,88.36,18.4,0.82,9,1,1.85,Humid_Subtropical,81.8,0.0,12.0,9.1,3.8,0,0.138,0.428,165.0,0.415,76.0,0,105.2,57.1,77.3,1,3.75,0,8882
2022-02-07,East_Zone,Winter,14.3,0,8584,Kolkata,22.57,88.36,18.4,0.82,9,1,1.85,Humid_Subtropical,83.5,0.0,14.3,6.5,3.2,0,0.25,0.397,155.0,0.471,70.7,0,104.96,53.3,73.7,1,3.75,0,9062
2022-02-08,East_Zone,Winter,18.4,0,8661,Kolkata,22.57,88.36,18.4,0.82,9,1,1.85,Humid_Subtropical,75.0,0.4,18.4,5.6,4.3,0,0.143,0.481,176.0,0.449,74.9,0,106.67,57.1,75.8,1,3.75,0,9335
2022-02-09,East_Zone,Winter,16.3,0,9052,Kolkata,22.57,88.36,18.4,0.82,9,1,1.85,Humid_Subtropical,80.8,0.2,16.3,10.0,3.1,0,0.229,0.479,150.0,0.467,77.5,0,104.84,59.1,77.6,1,3.75,0,9749
2022-02-10,East_Zone,Winter,14.0,0,9208,Kolkata,22.57,88.36,18.4,0.82,9,1,1.85,Humid_Subtropical,78.3,0.0,14.0,7.0,3.4,0,-0.011,0.401,158.0,0.409,74.2,0,104.83,48.2,74.7,1,3.75,0,9777
2022-02-11,East_Zone,Winter,17.6,0,8652,Kolkata,22.57,88.36,18.4,0.82,9,1,1.85,Humid_Subtropical,76.9,0.0,17.6,8.5,3.4,0,0.007,0.319,170.0,0.431,71.0,0,103.45,47.0,73.4,1,3.75,0,9338
2022-02-12,East_Zone,Winter,14.5,0,8838,Kolkata,22.57,88.36,18.4,0.82,9,1,1.85,Humid_Subtropical,83.4,0.0,14.5,8.1,3.9,0,0.077,0.343,106.0,0.418,76.8,0,105.13,54.9,74.0,1,3.75,0,9370
2022-02-13,East_Zone,Winter,14.2,0,9013,Kolkata,22.57,88.36,18.4,0.82,9,1,1.85,Humid_Subtropical,69.5,0.0,14.2,1.0,3.2,0,0.122,0.418,170.0,0.458,75.1,0,104.43,57.4,80.1,1,3.75,0,9662
2022-02-14,East_Zone,Winter,15.8,0,10426,Kolkata,22.57,88.36,18.4,0.82,9,1,1.85,Humid_Subtropical,72.0,0.0,15.8,5.8,4.0,0,0.183,0.326,141.0,0.407,73.7,0,105.15,56.2,72.6,1,3.75,0,10916
2022-02-15,East_Zone,Winter,10.4,0,7504,Kolkata,22.57,88.36,18.4,0.82,9,1,1.85,Humid_Subtropical,74.3,0.0,10.4,2.8,3.6,0,0.214,0.398,159.0,0.455,71.1,0,105.66,50.4,75.6,1,3.75,0,8069
2022-02-16,East_Zone,Winter,12.3,0,8551,Kolkata,22.57,88.36,18.4,0.82,9,1,1.85,Humid_Subtropical,69.0,2.3,12.3,3.5,3.1,0,0.397,0.505,180.0,0.45,69.2,0,104.36,58.3,68.6,1,3.75,0,9167
2022-02-17,East_Zone,Winter,10.1,0,7814,Kolkata,22.57,88.36,18.4,0.82,9,1,1.85,Humid_Subtropical,78.5,0.0,10.1,10.4,4.4,0,0.076,0.441,144.0,0.448,80.8,0,104.65,62.5,79.5,1,3.75,0,8312
2022-02-18,East_Zone,Winter,13.1,0,7690,Kolkata,22.57,88.36,18.4,0.82,9,1,1.85,Humid_Subtropical,83.9,0.0,13.1,4.9,3.0,0,0.119,0.423,142.0,0.438,72.3,0,103.89,51.1,74.2,1,3.75,0,8283
2022-02-19,East_Zone,Winter,10.7,0,7293,Kolkata,22.57,88.36,18.4,0.82,9,1,1.85,Humid_Subtropical,80.2,0.0,10.7,11.7,2.4,0,0.079,0.358,149.0,0.43,71.0,0,105.01,52.1,70.3,1,3.75,0,7674
2022-02-20,East_Zone,Winter,18.3,0,9543,Kolkata,22.57,88.36,18.4,0.82,9,1,1.85,Humid_Subtropical,78.0,0.0,18.3,1.8,4.2,0,0.258,0.431,124.0,0.456,74.9,0,104.59,54.9,71.6,1,3.75,0,10240
2022-02-21,East_Zone,Winter,16.9,0,10552,Kolkata,22.57,88.36,18.4,0.82,9,1,1.85,Humid_Subtropical,83.3,0.0,16.9,2.7,2.3,0,0.263,0.404,190.0,0.426,70.9,0,107.7,55.6,70.9,1,3.75,0,10990
2022-02-22,East_Zone,Winter,15.8,0,8500,Kolkata,22.57,88.36,18.4,0.82,9,1,1.85,Humid_Subtropical,85.2,2.2,15.8,8.3,4.4,0,0.105,0.434,149.0,0.445,75.5,0,107.09,60.6,72.0,1,3.75,0,9193
2022-02-23,East_Zone,Winter,16.4,0,8665,Kolkata,22.57,88.36,18.4,0.82,9,1,1.85,Humid_Subtropical,77.8,0.0,16.4,5.0,3.6,0,0.357,0.464,180.0,0.462,78.1,0,106.94,56.9,73.0,1,3.75,0,9186
2022-02-24,East_Zone,Winter,13.5,0,7155,Kolkata,22.57,88.36,18.4,0.82,9,1,1.85,Humid_Subtropical,86.7,0.0,13.5,6.9,2.6,0,0.079,0.474,144.0,0.474,70.8,0,104.33,53.6,71.0,1,3.75,0,7719
2022-02-25,East_Zone,Winter,17.8,0,9135,Kolkata,22.57,88.36,18.4,0.82,9,1,1.85,Humid_Subtropical,77.8,0.0,17.8,5.7,3.1,0,0.253,0.428,151.0,0.445,73.1,0,105.47,52.8,64.1,1,3.75,0,9844
2022-02-26,East_Zone,Winter,15.5,0,8057,Kolkata,22.57,88.36,18.4,0.82,9,1,1.85,Humid_Subtropical,74.5,0.0,15.5,5.6,2.5,0,0.295,0.451,167.0,0.426,75.3,0,104.46,48.7,80.9,1,3.75,0,8664
2022-02-27,East_Zone,Winter,16.3,0,8467,Kolkata,22.57,88.36,18.4,0.82,9,1,1.85,Humid_Subtropical,75.2,0.0,16.3,5.1,3.8,0,0.014,0.389,130.0,0.44,70.3,0,107.52,61.5,73.3,1,3.75,0,9175
2022-02-28,East_Zone,Winter,14.6,0,9345,Kolkata,22.57,88.36,18.4,0.82,9,1,1.85,Humid_Subtropical,71.8,0.0,14.6,6.5,2.7,0,0.208,0.488,148.0,0.482,71.3,0,106.53,58.1,73.4,1,3.75,0,9887
2022-03-01,East_Zone,Summer,38.2,0,14523,Kolkata,22.57,88.36,18.4,0.82,9,1,1.85,Humid_Subtropical,36.6,0.0,42.4,7.9,10.0,0,-0.123,0.567,111.0,0.442,73.6,0,104.66,54.5,44.8,1,3.75,0,15204
2022-03-02,East_Zone,Summer,45.7,0,16090,Kolkata,22.57,88.36,18.4,0.82,9,1,1.85,Humid_Subtropical,34.8,0.0,60.1,10.8,9.9,1,0.232,0.608,91.0,0.452,79.9,0,106.1,55.9,49.5,1,3.75,1,17706
2022-03-03,East_Zone,Summer,32.0,0,12905,Kolkata,22.57,88.36,18.4,0.82,9,1,1.85,Humid_Subtropical,48.8,0.0,34.1,5.4,9.1,0,0.04,0.694,86.0,0.494,71.4,0,104.27,54.3,45.2,1,3.75,1,13575
2022-03-04,East_Zone,Summer,31.8,0,12742,Kolkata,22.57,88.36,18.4,0.82,9,1,1.85,Humid_Subtropical,53.5,0.0,34.9,4.8,9.6,0,0.207,0.591,115.0,0.482,73.2,0,105.63,48.2,43.4,1,3.75,0,13126
2022-03-05,East_Zone,Summer,33.1,0,14176,Kolkata,22.57,88.36,18.4,0.82,9,1,1.85,Humid_Subtropical,37.2,0.0,33.4,4.4,9.8,0,0.225,0.54,120.0,0.409,81.4,0,105.61,49.6,43.8,1,3.75,0,14804
2022-03-06,East_Zone,Summer,28.5,0,13149,Kolkata,22.57,88.36,18.4,0.82,9,1,1.85,Humid_Subtropical,48.9,0.0,28.9,10.4,9.9,0,0.262,0.595,123.0,0.506,76.4,0,106.54,54.8,51.3,1,3.75,0,14223
2022-03-07,East_Zone,Summer,22.0,1,14246,Kolkata,22.57,88.36,18.4,0.82,9,1,1.85,Humid_Subtropical,45.6,0.0,22.0,8.1,8.5,0,0.239,0.704,83.0,0.511,68.9,0,106.8,54.8,58.0,1,3.75,1,15683
2022-03-08,East_Zone,Summer,29.7,0,12400,Kolkata,22.57,88.36,18.4,0.82,9,1,1.85,Humid_Subtropical,48.6,0.0,30.4,1.0,9.2,0,0.156,0.484,85.0,0.39,73.3,0,105.85,55.3,44.8,1,3.75,1,12672
2022-03-09,East_Zone,Summer,37.2,0,14813,Kolkata,22.57,88.36,18.4,0.82,9,1,1.85,Humid_Subtropical,41.0,0.1,42.1,1.0,9.2,0,0.112,0.626,87.0,0.463,75.8,0,105.62,62.0,42.8,1,3.75,0,15506
2022-03-10,East_Zone,Summer,30.9,0,13422,Kolkata,22.57,88.36,18.4,0.82,9,1,1.85,Humid_Subtropical,36.3,0.0,30.3,3.5,9.4,0,0.143,0.582,108.0,0.476,78.3,0,102.62,52.9,43.4,1,3.75,1,13924
2022-03-11,East_Zone,Summer,34.7,0,13752,Kolkata,22.57,88.36,18.4,0.82,9,1,1.85,Humid_Subtropical,47.8,3.6,39.2,6.7,9.0,0,0.038,0.61,73.0,0.439,78.2,0,107.43,52.9,50.4,1,3.75,1,14395
2022-03-12,East_Zone,Summer,43.4,0,16325,Kolkata,22.57,88.36,18.4,0.82,9,1,1.85,Humid_Subtropical,34.9,0.0,53.8,5.9,9.7,0,0.129,0.599,74.0,0.519,75.7,0,105.22,55.3,40.4,1,3.75,0,17181
2022-03-13,East_Zone,Summer,43.8,0,16020,Kolkata,22.57,88.36,18.4,0.82,9,1,1.85,Humid_Subtropical,35.1,0.0,55.0,7.5,9.7,0,0.121,0.678,82.0,0.515,76.2,0,105.99,49.8,48.3,1,3.75,1,17140
2022-03-14,East_Zone,Summer,29.8,0,12427,Kolkata,22.57,88.36,18.4,0.82,9,1,1.85,Humid_Subtropical,40.8,0.0,29.5,5.5,9.4,0,0.071,0.623,78.0,0.516,70.1,0,108.16,56.9,48.5,1,3.75,0,13237
2022-03-15,East_Zone,Summer,33.4,1,16494,Kolkata,22.57,88.36,18.4,0.82,9,1,1.85,Humid_Subtropical,40.7,0.0,34.6,10.2,9.4,0,-0.024,0.681,111.0,0.479,71.9,0,104.72,52.0,58.1,1,3.75,0,17304
2022-03-16,East_Zone,Summer,33.1,0,12707,Kolkata,22.57,88.36,18.4,0.82,9,1,1.85,Humid_Subtropical,46.3,0.0,35.5,8.3,9.7,0,0.022,0.697,110.0,0.527,70.1,0,105.94,56.3,44.1,0,3.75,0,13120
2022-03-17,East_Zone,Summer,30.7,0,12946,Kolkata,22.57,88.36,18.4,0.82,9,1,1.85,Humid_Subtropical,44.6,0.0,31.2,6.2,9.2,0,-0.165,0.622,86.0,0.476,77.1,0,106.43,54.9,37.6,0,3.75,0,13013
2022-03-18,East_Zone,Summer,32.3,0,13660,Kolkata,22.57,88.36,18.4,0.82,9,1,1.85,Humid_Subtropical,46.3,0.0,34.0,9.4,9.0,0,0.119,0.598,92.0,0.484,75.1,0,107.03,55.2,48.3,0,3.75,0,13901
2022-03-19,East_Zone,Summer,33.0,0,13435,Kolkata,22.57,88.36,18.4,0.82,9,1,1.85,Humid_Subtropical,46.0,0.0,35.2,1.1,9.5,0,0.186,0.643,49.0,0.511,74.3,0,105.95,57.9,37.0,0,3.75,0,13618
2022-03-20,East_Zone,Summer,29.7,0,12629,Kolkata,22.57,88.36,18.4,0.82,9,1,1.85,Humid_Subtropical,52.8,0.0,31.0,5.7,8.7,0,-0.118,0.654,87.0,0.501,78.6,0,107.13,58.8,45.8,0,3.75,0,12939
2022-03-21,East_Zone,Summer,28.4,0,12871,Kolkata,22.57,88.36,18.4,0.82,9,1,1.85,Humid_Subtropical,45.2,0.0,28.5,6.4,9.5,0,0.174,0.551,117.0,0.502,75.6,0,105.55,63.4,45.3,0,3.75,1,12982
2022-03-22,East_Zone,Summer,33.1,0,14007,Kolkata,22.57,88.36,18.4,0.82,9,1,1.85,Humid_Subtropical,36.8,0.0,33.3,7.8,9.2,0,0.138,0.634,86.0,0.503,77.4,0,106.51,58.4,48.8,0,3.75,1,14049
2022-03-23,East_Zone,Summer,33.3,0,15065,Kolkata,22.57,88.36,18.4,0.82,9,1,1.85,Humid_Subtropical,49.4,0.0,36.7,1.0,9.5,0,0.032,0.605,75.0,0.477,76.3,0,106.39,54.6,40.5,0,3.75,0,15468
2022-03-24,East_Zone,Summer,29.4,0,11647,Kolkata,22.57,88.36,18.4,0.82,9,1,1.85,Humid_Subtropical,44.7,0.0,29.5,5.2,9.4,0,0.107,0.595,120.0,0.514,76.6,0,105.89,52.8,40.3,0,3.75,1,11839
2022-03-25,East_Zone,Summer,26.8,0,11242,Kolkata,22.57,88.36,18.4,0.82,9,1,1.85,Humid_Subtropical,53.5,0.0,27.4,7.2,10.1,0,0.255,0.579,75.0,0.516,70.9,0,106.31,56.9,47.7,0,3.75,1,11233
2022-03-26,East_Zone,Summer,37.3,1,18179,Kolkata,22.57,88.36,18.4,0.82,9,1,1.85,Humid_Subtropical,43.5,0.0,43.4,7.4,9.8,0,0.053,0.582,123.0,0.488,76.9,0,105.11,60.9,56.1,0,3.75,0,18199
2022-03-27,East_Zone,Summer,38.7,0,13874,Kolkata,22.57,88.36,18.4,0.82,9,1,1.85,Humid_Subtropical,40.1,0.0,45.1,9.6,9.7,0,0.158,0.695,147.0,0.554,75.4,0,105.69,58.7,34.9,0,3.75,1,14473
2022-03-28,East_Zone,Summer,33.9,1,18585,Kolkata,22.57,88.36,18.4,0.82,9,1,1.85,Humid_Subtropical,45.4,0.0,36.7,8.3,9.0,0,0.185,0.598,93.0,0.482,72.8,0,104.71,52.0,57.0,0,3.75,0,18816
2022-03-29,East_Zone,Summer,34.3,0,14646,Kolkata,22.57,88.36,18.4,0.82,9,1,1.85,Humid_Subtropical,53.2,0.0,40.2,5.8,9.9,0,0.068,0.689,117.0,0.508,76.1,0,105.56,57.0,54.0,0,3.75,0,14822
2022-03-30,East_Zone,Summer,34.4,0,13567,Kolkata,22.57,88.36,18.4,0.82,9,1,1.85,Humid_Subtropical,53.7,0.0,40.7,8.0,9.3,0,0.251,0.628,65.0,0.497,77.9,0,107.14,56.7,47.7,0,3.75,1,13657
2022-03-31,East_Zone,Summer,48.5,1,21168,Kolkata,22.57,88.36,18.4,0.82,9,1,1.85,Humid_Subtropical,35.2,0.0,69.3,5.4,9.3,1,0.19,0.552,64.0,0.474,73.7,0,106.42,59.8,51.1,0,3.75,1,22578
2022-04-01,East_Zone,Summer,30.6,0,11141,Kolkata,22.57,88.36,18.4,0.82,9,1,1.85,Humid_Subtropical,46.4,0.0,31.4,6.4,9.2,0,0.125,0.631,81.0,0.488,71.8,0,106.31,56.7,47.3,0,3.75,0,11196
2022-04-02,East_Zone,Summer,39.7,0,14482,Kolkata,22.57,88.36,18.4,0.82,9,1,1.85,Humid_Subtropical,45.6,0.0,50.8,8.4,9.8,0,0.386,0.549,110.0,0.456,71.9,0,104.4,55.8,49.9,0,3.75,1,14549
2022-04-03,East_Zone,Summer,45.4,0,17048,Kolkata,22.57,88.36,18.4,0.82,9,1,1.85,Humid_Subtropical,32.5,0.0,57.2,5.9,9.5,1,0.251,0.656,95.0,0.474,69.8,0,106.32,50.8,36.4,0,3.75,1,18579
2022-04-04,East_Zone,Summer,36.4,0,14406,Kolkata,22.57,88.36,18.4,0.82,9,1,1.85,Humid_Subtropical,43.8,0.0,41.4,7.1,9.5,0,-0.019,0.608,92.0,0.495,73.5,0,105.93,58.5,43.6,0,3.75,1,14180
2022-04-05,East_Zone,Summer,36.6,0,13598,Kolkata,22.57,88.36,18.4,0.82,9,1,1.85,Humid_Subtropical,41.9,0.0,41.1,8.9,9.5,0,0.111,0.671,72.0,0.544,75.8,0,106.53,50.0,51.5,0,3.75,1,13856
2022-04-06,East_Zone,Summer,28.0,0,11557,Kolkata,22.57,88.36,18.4,0.82,9,1,1.85,Humid_Subtropical,48.8,0.0,28.3,8.1,9.1,0,0.397,0.706,93.0,0.541,79.2,0,107.38,56.3,37.4,0,3.75,0,11760
2022-04-07,East_Zone,Summer,34.9,0,13213,Kolkata,22.57,88.36,18.4,0.82,9,1,1.85,Humid_Subtropical,38.9,0.0,36.7,9.7,10.2,0,0.052,0.516,83.0,0.481,71.6,0,105.58,53.0,43.6,0,3.75,1,12868
2022-04-08,East_Zone,Summer,29.9,0,11865,Kolkata,22.57,88.36,18.4,0.82,9,1,1.85,Humid_Subtropical,38.1,0.0,29.4,13.0,8.5,0,0.157,0.592,78.0,0.525,75.1,0,105.67,52.8,43.9,0,3.75,0,12084
2022-04-09,East_Zone,Summer,39.1,0,15384,Kolkata,22.57,88.36,18.4,0.82,9,1,1.85,Humid_Subtropical,30.2,0.0,41.5,8.1,10.9,0,0.273,0.547,77.0,0.477,74.1,0,106.9,58.1,42.9,0,3.75,0,15640
2022-04-10,East_Zone,Summer,35.7,0,14391,Kolkata,22.57,88.36,18.4,0.82,9,1,1.85,Humid_Subtropical,37.0,0.0,37.6,4.6,9.5,0,0.215,0.749,98.0,0.498,74.0,0,105.37,55.1,51.9,0,3.75,1,14413
2022-04-11,East_Zone,Summer,30.5,0,11981,Kolkata,22.57,88.36,18.4,0.82,9,1,1.85,Humid_Subtropical,43.4,0.0,30.8,7.5,9.6,0,0.23,0.594,82.0,0.478,69.4,0,106.06,45.9,51.1,0,3.75,1,12104
2022-04-12,East_Zone,Summer,36.2,0,13257,Kolkata,22.57,88.36,18.4,0.82,9,1,1.85,Humid_Subtropical,40.8,0.0,39.8,7.4,9.6,0,0.224,0.541,95.0,0.473,71.0,0,103.97,53.8,43.5,0,3.75,1,13272
2022-04-13,East_Zone,Summer,35.4,0,12848,Kolkata,22.57,88.36,18.4,0.82,9,1,1.85,Humid_Subtropical,52.4,0.0,42.7,7.8,8.5,0,0.153,0.754,63.0,0.513,79.4,0,105.65,53.7,39.9,0,3.75,0,13160
2022-04-14,East_Zone,Summer,28.4,0,12689,Kolkata,22.57,88.36,18.4,0.82,9,1,1.85,Humid_Subtropical,52.5,0.0,29.2,10.5,8.5,0,0.071,0.576,104.0,0.502,77.0,0,107.26,60.9,51.4,0,3.75,1,13400
2022-04-15,East_Zone,Summer,39.1,0,14272,Kolkata,22.57,88.36,18.4,0.82,9,1,1.85,Humid_Subtropical,35.7,0.0,43.9,1.0,9.4,0,0.193,0.523,99.0,0.499,74.8,0,106.28,50.5,48.9,0,3.75,0,14231
2022-04-16,East_Zone,Summer,28.9,0,10462,Kolkata,22.57,88.36,18.4,0.82,9,1,1.85,Humid_Subtropical,48.4,1.8,29.3,10.5,9.8,0,0.11,0.55,91.0,0.426,75.4,0,106.84,63.4,44.9,0,3.75,0,10533
2022-04-17,East_Zone,Summer,42.4,0,15681,Kolkata,22.57,88.36,18.4,0.82,9,1,1.85,Humid_Subtropical,36.5,0.0,52.3,11.6,9.0,0,0.102,0.629,98.0,0.493,76.2,0,106.88,59.2,48.3,0,3.75,0,15876
2022-04-18,East_Zone,Summer,32.6,0,12850,Kolkata,22.57,88.36,18.4,0.82,9,1,1.85,Humid_Subtropical,43.0,0.0,33.8,7.7,8.9,0,0.298,0.623,112.0,0.409,72.7,0,107.27,54.8,48.2,0,3.75,0,12847
2022-04-19,East_Zone,Summer,27.3,0,12332,Kolkata,22.57,88.36,18.4,0.82,9,1,1.85,Humid_Subtropical,48.5,0.0,27.6,7.8,9.2,0,0.112,0.57,69.0,0.48,72.8,0,105.56,53.5,40.6,0,3.75,1,12348
2022-04-20,East_Zone,Summer,43.0,0,15123,Kolkata,22.57,88.36,18.4,0.82,9,1,1.85,Humid_Subtropical,41.3,0.0,57.6,5.3,10.2,0,0.321,0.591,96.0,0.485,72.2,0,106.84,53.2,42.0,0,3.75,1,15307
2022-04-21,East_Zone,Summer,44.5,0,16040,Kolkata,22.57,88.36,18.4,0.82,9,1,1.85,Humid_Subtropical,35.6,0.0,57.4,6.0,10.2,1,0.176,0.623,72.0,0.549,74.5,0,108.13,57.5,45.0,0,3.75,1,17182
2022-04-22,East_Zone,Summer,41.7,0,15662,Kolkata,22.57,88.36,18.4,0.82,9,1,1.85,Humid_Subtropical,44.3,0.0,56.0,8.1,9.2,0,0.134,0.699,97.0,0.559,70.5,0,105.85,52.2,35.3,0,3.75,0,15953
2022-04-23,East_Zone,Summer,36.2,0,15531,Kolkata,22.57,88.36,18.4,0.82,9,1,1.85,Humid_Subtropical,36.6,0.0,38.4,7.9,8.6,0,-0.032,0.64,90.0,0.528,72.0,0,104.54,54.3,43.3,0,3.75,1,15693
2022-04-24,East_Zone,Summer,38.1,0,14832,Kolkata,22.57,88.36,18.4,0.82,9,1,1.85,Humid_Subtropical,41.2,0.0,44.2,8.2,10.0,0,0.362,0.586,95.0,0.458,75.5,0,105.25,50.8,41.0,0,3.75,0,14612
2022-04-25,East_Zone,Summer,27.2,0,10602,Kolkata,22.57,88.36,18.4,0.82,9,1,1.85,Humid_Subtropical,60.7,0.0,28.4,7.9,10.0,0,0.149,0.606,110.0,0.461,72.9,0,106.3,58.4,45.9,0,3.75,0,10801
2022-04-26,East_Zone,Summer,36.8,0,15382,Kolkata,22.57,88.36,18.4,0.82,9,1,1.85,Humid_Subtropical,43.0,0.0,42.0,8.7,9.4,0,-0.077,0.666,110.0,0.474,68.7,0,104.16,55.3,39.4,0,3.75,0,15665
2022-04-27,East_Zone,Summer,35.5,0,13405,Kolkata,22.57,88.36,18.4,0.82,9,1,1.85,Humid_Subtropical,49.9,8.4,41.8,8.4,8.8,0,0.249,0.721,115.0,0.566,72.9,0,105.04,53.1,47.1,0,3.75,1,13943
2022-04-28,East_Zone,Summer,27.6,0,11283,Kolkata,22.57,88.36,18.4,0.82,9,1,1.85,Humid_Subtropical,47.9,0.0,27.9,2.9,8.9,0,0.145,0.554,88.0,0.451,75.6,0,105.46,54.2,46.1,0,3.75,1,11407
2022-04-29,East_Zone,Summer,35.5,0,13195,Kolkata,22.57,88.36,18.4,0.82,9,1,1.85,Humid_Subtropical,45.6,0.0,40.1,8.5,9.8,0,0.057,0.687,108.0,0.5,74.3,0,105.89,52.6,44.5,0,3.75,1,13225
2022-04-30,East_Zone,Summer,31.1,0,12744,Kolkata,22.57,88.36,18.4,0.82,9,1,1.85,Humid_Subtropical,45.1,0.0,31.9,11.6,9.2,0,0.243,0.601,104.0,0.463,68.9,0,107.56,57.3,47.3,0,3.75,1,12678
2022-05-01,East_Zone,Summer,40.8,0,15746,Kolkata,22.57,88.36,18.4,0.82,9,1,1.85,Humid_Subtropical,38.7,0.0,49.5,5.9,10.6,0,-0.105,0.523,88.0,0.433,77.1,0,103.43,49.4,48.0,0,3.75,0,15888
2022-05-02,East_Zone,Summer,36.1,0,14186,Kolkata,22.57,88.36,18.4,0.82,9,1,1.85,Humid_Subtropical,38.4,0.0,38.8,10.5,10.1,0,0.079,0.511,97.0,0.478,73.3,0,101.61,57.3,43.8,0,3.75,1,13845
2022-05-03,East_Zone,Summer,37.2,0,14213,Kolkata,22.57,88.36,18.4,0.82,9,1,1.85,Humid_Subtropical,43.8,0.0,43.3,3.2,9.7,0,0.12,0.7,93.0,0.52,75.0,0,106.58,56.3,45.2,0,3.75,0,14333
2022-05-04,East_Zone,Summer,33.4,0,13929,Kolkata,22.57,88.36,18.4,0.82,9,1,1.85,Humid_Subtropical,39.7,0.0,34.4,5.9,8.2,0,0.235,0.707,120.0,0.45,77.1,0,102.67,52.3,41.6,0,3.75,0,14406
2022-05-05,East_Zone,Summer,34.1,0,12573,Kolkata,22.57,88.36,18.4,0.82,9,1,1.85,Humid_Subtropical,46.9,0.0,37.6,4.1,9.0,0,0.374,0.586,110.0,0.447,73.6,0,100.99,55.7,41.5,0,3.75,1,12566
2022-05-06,East_Zone,Summer,40.8,0,13697,Kolkata,22.57,88.36,18.4,0.82,9,1,1.85,Humid_Subtropical,44.9,0.0,53.7,10.1,9.5,0,0.126,0.607,89.0,0.499,68.3,0,101.61,55.2,52.9,0,3.75,0,13860
2022-05-07,East_Zone,Summer,41.1,0,15673,Kolkata,22.57,88.36,18.4,0.82,9,1,1.85,Humid_Subtropical,41.2,0.0,51.9,10.9,9.4,0,0.196,0.513,88.0,0.466,79.3,0,101.6,49.5,44.0,0,3.75,1,15127
2022-05-08,East_Zone,Summer,31.1,0,12800,Kolkata,22.57,88.36,18.4,0.82,9,1,1.85,Humid_Subtropical,43.9,0.0,31.7,5.7,9.4,0,0.425,0.666,112.0,0.494,67.4,0,101.26,58.7,44.9,0,3.75,0,12740
2022-05-09,East_Zone,Summer,33.3,0,13967,Kolkata,22.57,88.36,18.4,0.82,9,1,1.85,Humid_Subtropical,46.3,0.0,35.8,9.5,9.5,0,0.15,0.618,119.0,0.513,73.0,0,103.11,44.3,44.6,0,3.75,0,14247
2022-05-10,East_Zone,Summer,38.2,0,14907,Kolkata,22.57,88.36,18.4,0.82,9,1,1.85,Humid_Subtropical,39.5,0.0,43.7,11.0,8.7,0,0.197,0.527,101.0,0.428,77.9,0,99.9,57.3,46.9,0,3.75,0,14412
2022-05-11,East_Zone,Summer,38.0,0,14404,Kolkata,22.57,88.36,18.4,0.82,9,1,1.85,Humid_Subtropical,45.9,0.0,46.3,5.9,10.1,0,0.026,0.632,107.0,0.48,71.9,0,103.53,53.8,42.3,0,3.75,0,14535
2022-05-12,East_Zone,Summer,42.0,0,16490,Kolkata,22.57,88.36,18.4,0.82,9,1,1.85,Humid_Subtropical,29.6,2.1,47.0,6.4,9.9,0,0.346,0.537,118.0,0.49,72.1,0,103.34,58.3,42.8,0,3.75,1,16127
2022-05-13,East_Zone,Summer,33.1,0,13921,Kolkata,22.57,88.36,18.4,0.82,9,1,1.85,Humid_Subtropical,42.5,0.0,34.5,8.2,9.6,0,0.079,0.653,92.0,0.484,73.3,0,102.05,59.6,49.7,0,3.75,1,13908
2022-05-14,East_Zone,Summer,37.9,0,14265,Kolkata,22.57,88.36,18.4,0.82,9,1,1.85,Humid_Subtropical,31.3,0.0,39.7,3.5,10.1,0,0.177,0.555,97.0,0.488,73.5,0,103.4,52.7,37.6,0,3.75,0,13865
2022-05-15,East_Zone,Summer,33.6,0,14383,Kolkata,22.57,88.36,18.4,0.82,9,1,1.85,Humid_Subtropical,36.4,0.0,33.9,6.3,9.0,0,0.174,0.64,104.0,0.466,71.4,0,101.37,52.0,45.9,0,3.75,0,14425
2022-05-16,East_Zone,Summer,34.9,0,13943,Kolkata,22.57,88.36,18.4,0.82,9,1,1.85,Humid_Subtropical,49.9,0.0,40.4,12.4,10.3,0,0.159,0.581,87.0,0.461,72.1,0,101.59,54.9,40.9,0,3.75,0,13502
2022-05-17,East_Zone,Summer,40.6,0,17177,Kolkata,22.57,88.36,18.4,0.82,9,1,1.85,Humid_Subtropical,44.1,0.0,52.5,4.5,9.7,0,0.107,0.478,126.0,0.406,77.2,0,102.96,49.6,35.0,0,3.75,1,16785
2022-05-18,East_Zone,Summer,32.9,0,13046,Kolkata,22.57,88.36,18.4,0.82,9,1,1.85,Humid_Subtropical,40.7,0.0,33.8,8.6,10.3,0,0.174,0.68,87.0,0.448,72.4,0,102.18,52.5,44.6,0,3.75,0,13195
2022-05-19,East_Zone,Summer,35.3,0,13901,Kolkata,22.57,88.36,18.4,0.82,9,1,1.85,Humid_Subtropical,35.3,0.0,36.4,7.6,9.0,0,0.326,0.683,96.0,0.496,75.5,0,101.74,52.0,39.2,0,3.75,1,13981
2022-05-20,East_Zone,Summer,36.5,0,13734,Kolkata,22.57,88.36,18.4,0.82,9,1,1.85,Humid_Subtropical,27.3,0.0,36.3,5.5,10.4,0,0.378,0.589,129.0,0.501,71.3,0,102.22,49.1,38.3,0,3.75,0,13800
2022-05-21,East_Zone,Summer,29.9,0,13886,Kolkata,22.57,88.36,18.4,0.82,9,1,1.85,Humid_Subtropical,43.3,0.0,30.0,6.7,8.7,0,0.132,0.636,61.0,0.496,78.2,0,103.63,52.6,58.0,0,3.75,1,14185
2022-05-22,East_Zone,Summer,37.4,0,14027,Kolkata,22.57,88.36,18.4,0.82,9,1,1.85,Humid_Subtropical,53.7,0.0,48.9,11.3,11.1,0,0.105,0.646,99.0,0.536,76.8,0,103.56,57.4,47.7,0,3.75,0,14219
2022-05-23,East_Zone,Summer,36.7,0,15653,Kolkata,22.57,88.36,18.4,0.82,9,1,1.85,Humid_Subtropical,44.2,2.9,42.3,7.7,9.0,0,0.069,0.648,83.0,0.49,73.7,0,102.68,56.8,47.8,0,3.75,0,15768
2022-05-24,East_Zone,Summer,31.8,0,13130,Kolkata,22.57,88.36,18.4,0.82,9,1,1.85,Humid_Subtropical,42.1,0.0,32.4,8.1,10.0,0,0.419,0.724,95.0,0.457,75.9,0,101.88,53.0,44.7,0,3.75,0,13256
2022-05-25,East_Zone,Summer,29.4,0,12265,Kolkata,22.57,88.36,18.4,0.82,9,1,1.85,Humid_Subtropical,48.7,0.0,30.0,10.8,9.0,0,0.163,0.645,73.0,0.512,78.6,0,102.72,54.3,39.0,0,3.75,0,12110
2022-05-26,East_Zone,Summer,37.5,0,13474,Kolkata,22.57,88.36,18.4,0.82,9,1,1.85,Humid_Subtropical,33.7,0.0,39.8,5.1,10.1,0,0.262,0.599,88.0,0.457,71.0,0,101.31,52.3,44.2,0,3.75,1,13347
2022-05-27,East_Zone,Summer,34.3,0,14202,Kolkata,22.57,88.36,18.4,0.82,9,1,1.85,Humid_Subtropical,41.9,0.0,36.5,2.9,9.4,0,0.22,0.646,95.0,0.505,70.8,0,103.32,47.3,43.2,0,3.75,1,14742
2022-05-28,East_Zone,Summer,37.4,0,13413,Kolkata,22.57,88.36,18.4,0.82,9,1,1.85,Humid_Subtropical,42.1,0.0,43.0,11.3,9.0,0,0.371,0.594,99.0,0.42,75.1,0,103.07,50.2,35.4,0,3.75,0,13340
2022-05-29,East_Zone,Summer,36.5,0,14570,Kolkata,22.57,88.36,18.4,0.82,9,1,1.85,Humid_Subtropical,41.7,0.0,40.8,6.4,7.9,0,0.125,0.556,111.0,0.471,70.1,0,104.02,58.4,54.0,0,3.75,1,14956
2022-05-30,East_Zone,Summer,35.4,0,14729,Kolkata,22.57,88.36,18.4,0.82,9,1,1.85,Humid_Subtropical,46.7,0.0,40.3,8.7,11.0,0,0.039,0.693,53.0,0.534,69.3,0,101.26,58.3,44.6,0,3.75,0,14976
2022-05-31,East_Zone,Summer,32.6,0,13490,Kolkata,22.57,88.36,18.4,0.82,9,1,1.85,Humid_Subtropical,46.2,0.0,34.5,3.7,9.4,0,0.336,0.652,93.0,0.52,69.2,0,101.11,50.0,40.8,0,3.75,1,13398
2022-06-01,East_Zone,Monsoon,24.5,0,9845,Kolkata,22.57,88.36,18.4,0.82,9,1,1.85,Humid_Subtropical,98.6,5.3,24.5,15.2,3.7,0,0.24,0.0,57.0,0.332,74.4,0,102.55,58.5,34.6,0,3.75,0,9223
2022-06-02,East_Zone,Monsoon,30.3,0,12602,Kolkata,22.57,88.36,18.4,0.82,9,1,1.85,Humid_Subtropical,88.4,9.3,41.3,10.7,5.9,0,0.196,0.039,59.0,0.348,67.9,0,101.7,48.9,27.1,0,3.75,0,11515
2022-06-03,East_Zone,Monsoon,26.6,0,10800,Kolkata,22.57,88.36,18.4,0.82,9,1,1.85,Humid_Subtropical,98.5,0.0,26.6,14.2,6.0,0,0.304,0.125,61.0,0.356,72.8,0,102.94,52.1,29.3,0,3.75,0,10445
2022-06-04,East_Zone,Monsoon,30.5,0,11413,Kolkata,22.57,88.36,18.4,0.82,9,1,1.85,Humid_Subtropical,99.0,0.0,46.1,12.1,5.3,0,0.201,0.0,45.0,0.331,63.7,0,103.23,53.8,41.7,0,3.75,0,10957
2022-06-05,East_Zone,Monsoon,31.0,0,13105,Kolkata,22.57,88.36,18.4,0.82,9,1,1.85,Humid_Subtropical,86.5,41.5,43.3,11.4,5.4,0,0.307,0.035,32.0,0.368,75.3,0,103.58,53.3,31.4,0,3.75,0,12245
2022-06-06,East_Zone,Monsoon,23.6,0,11007,Kolkata,22.57,88.36,18.4,0.82,9,1,1.85,Humid_Subtropical,91.4,0.0,23.6,13.1,5.4,0,0.175,0.24,64.0,0.378,75.5,0,101.91,51.0,33.9,0,3.75,0,10675
2022-06-07,East_Zone,Monsoon,36.0,0,14941,Kolkata,22.57,88.36,18.4,0.82,9,1,1.85,Humid_Subtropical,95.1,1.2,73.7,7.1,6.8,0,0.24,0.06,42.0,0.335,73.4,0,102.7,54.6,34.5,0,3.75,0,14263
2022-06-08,East_Zone,Monsoon,25.5,0,11952,Kolkata,22.57,88.36,18.4,0.82,9,1,1.85,Humid_Subtropical,93.7,0.0,25.5,10.5,5.6,0,0.203,0.145,67.0,0.329,77.5,0,101.27,56.6,33.1,0,3.75,0,11321
2022-06-09,East_Zone,Monsoon,23.8,0,9841,Kolkata,22.57,88.36,18.4,0.82,9,1,1.85,Humid_Subtropical,99.0,0.0,23.8,16.3,6.3,0,0.117,0.17,43.0,0.402,76.4,0,101.97,48.0,31.3,0,3.75,0,9472
2022-06-10,East_Zone,Monsoon,27.8,0,12390,Kolkata,22.57,88.36,18.4,0.82,9,1,1.85,Humid_Subtropical,91.1,7.6,33.3,15.0,6.3,0,0.129,0.025,72.0,0.337,71.6,0,101.67,54.2,45.3,0,3.75,0,11871
2022-06-11,East_Zone,Monsoon,30.4,0,13268,Kolkata,22.57,88.36,18.4,0.82,9,1,1.85,Humid_Subtropical,99.0,0.5,45.7,10.8,5.6,0,0.111,0.096,59.0,0.326,71.4,0,101.58,57.5,30.3,0,3.75,0,12561
2022-06-12,East_Zone,Monsoon,29.5,0,11079,Kolkata,22.57,88.36,18.4,0.82,9,1,1.85,Humid_Subtropical,93.0,0.0,39.7,15.6,4.8,0,0.177,0.204,60.0,0.416,76.7,0,103.48,52.7,29.5,0,3.75,0,10660
2022-06-13,East_Zone,Monsoon,27.8,0,12729,Kolkata,22.57,88.36,18.4,0.82,9,1,1.85,Humid_Subtropical,94.6,35.5,33.9,11.4,5.5,0,0.104,0.108,56.0,0.364,76.1,0,100.28,50.9,36.5,0,3.75,0,12098
2022-06-14,East_Zone,Monsoon,29.3,0,12478,Kolkata,22.57,88.36,18.4,0.82,9,1,1.85,Humid_Subtropical,99.0,4.2,40.7,16.2,6.0,0,0.194,0.222,53.0,0.372,73.2,0,101.59,50.2,27.6,0,3.75,0,11775
2022-06-15,East_Zone,Monsoon,29.0,0,12496,Kolkata,22.57,88.36,18.4,0.82,9,1,1.85,Humid_Subtropical,90.8,5.0,37.3,13.7,5.7,0,0.19,0.042,56.0,0.376,68.7,0,101.61,61.6,39.1,0,3.75,0,12042
2022-06-16,East_Zone,Monsoon,22.1,0,11450,Kolkata,22.57,88.36,18.4,0.82,9,1,1.85,Humid_Subtropical,92.0,44.5,22.1,13.0,5.7,0,0.171,0.188,81.0,0.375,76.8,0,102.17,59.8,33.0,0,3.75,0,11262
2022-06-17,East_Zone,Monsoon,27.7,0,12483,Kolkata,22.57,88.36,18.4,0.82,9,1,1.85,Humid_Subtropical,91.1,29.7,33.0,13.7,6.2,0,0.172,0.081,32.0,0.312,74.2,0,100.4,52.0,34.6,0,3.75,0,11542
2022-06-18,East_Zone,Monsoon,21.1,0,11599,Kolkata,22.57,88.36,18.4,0.82,9,1,1.85,Humid_Subtropical,99.0,0.0,21.1,21.7,5.6,0,0.093,0.06,48.0,0.382,73.8,0,101.16,58.2,35.5,0,3.75,0,11013
2022-06-19,East_Zone,Monsoon,24.5,0,13165,Kolkata,22.57,88.36,18.4,0.82,9,1,1.85,Humid_Subtropical,87.5,32.8,24.5,11.7,5.3,0,0.122,0.118,79.0,0.343,65.5,0,100.83,51.2,32.3,0,3.75,0,12318
2022-06-20,East_Zone,Monsoon,34.4,0,12529,Kolkata,22.57,88.36,18.4,0.82,9,1,1.85,Humid_Subtropical,92.5,26.7,62.3,14.7,6.3,0,-0.017,0.073,75.0,0.447,75.6,0,99.14,52.0,38.6,0,3.75,0,12086
2022-06-21,East_Zone,Monsoon,30.5,0,11799,Kolkata,22.57,88.36,18.4,0.82,9,1,1.85,Humid_Subtropical,89.0,5.8,42.3,16.3,7.1,0,0.138,0.075,84.0,0.344,73.8,0,102.52,49.8,37.2,0,3.75,0,11266
2022-06-22,East_Zone,Monsoon,26.1,0,11026,Kolkata,22.57,88.36,18.4,0.82,9,1,1.85,Humid_Subtropical,99.0,47.7,26.1,11.1,4.7,0,0.051,0.109,59.0,0.305,72.4,0,99.86,45.6,36.6,0,3.75,0,10407
2022-06-23,East_Zone,Monsoon,29.3,0,12595,Kolkata,22.57,88.36,18.4,0.82,9,1,1.85,Humid_Subtropical,80.4,39.4,35.7,9.2,6.0,0,0.16,0.0,36.0,0.391,71.5,0,99.69,50.6,26.4,0,3.75,0,11703
2022-06-24,East_Zone,Monsoon,24.4,0,11450,Kolkata,22.57,88.36,18.4,0.82,9,1,1.85,Humid_Subtropical,91.4,0.0,24.4,12.2,6.6,0,0.079,0.032,40.0,0.345,74.3,0,102.21,52.2,32.3,0,3.75,0,10711
2022-06-25,East_Zone,Monsoon,27.4,0,10390,Kolkata,22.57,88.36,18.4,0.82,9,1,1.85,Humid_Subtropical,85.1,0.0,31.3,16.3,4.9,0,-0.055,0.123,55.0,0.377,75.4,0,100.89,55.1,33.4,0,3.75,0,9759
2022-06-26,East_Zone,Monsoon,26.7,0,13002,Kolkata,22.57,88.36,18.4,0.82,9,1,1.85,Humid_Subtropical,89.8,102.6,29.9,13.0,6.2,1,0.375,0.139,74.0,0.385,72.9,0,100.89,56.0,42.7,0,3.75,0,12756
2022-06-27,East_Zone,Monsoon,26.8,0,10231,Kolkata,22.57,88.36,18.4,0.82,9,1,1.85,Humid_Subtropical,95.2,0.0,30.7,13.3,6.3,0,0.127,0.101,55.0,0.323,75.7,0,100.87,52.9,26.9,0,3.75,0,9769
2022-06-28,East_Zone,Monsoon,30.4,0,11868,Kolkata,22.57,88.36,18.4,0.82,9,1,1.85,Humid_Subtropical,90.9,14.7,42.6,16.7,4.9,0,0.295,0.097,54.0,0.298,70.5,0,102.19,49.9,30.8,0,3.75,0,11260
2022-06-29,East_Zone,Monsoon,28.6,0,12023,Kolkata,22.57,88.36,18.4,0.82,9,1,1.85,Humid_Subtropical,91.6,15.6,36.1,11.6,6.1,0,0.097,0.104,67.0,0.423,72.0,0,100.53,50.6,39.4,0,3.75,0,11746
2022-06-30,East_Zone,Monsoon,33.3,0,13184,Kolkata,22.57,88.36,18.4,0.82,9,1,1.85,Humid_Subtropical,89.2,0.0,54.5,13.7,5.8,0,0.32,0.137,60.0,0.326,76.1,0,101.65,60.0,29.3,0,3.75,0,12367
2022-07-01,East_Zone,Monsoon,24.6,0,10766,Kolkata,22.57,88.36,18.4,0.82,9,1,1.85,Humid_Subtropical,96.3,9.1,24.6,9.5,5.4,0,0.035,0.0,52.0,0.388,72.8,0,99.88,55.5,30.7,0,3.75,0,10202
2022-07-02,East_Zone,Monsoon,24.3,0,10911,Kolkata,22.57,88.36,18.4,0.82,9,1,1.85,Humid_Subtropical,90.4,0.0,24.3,15.0,5.3,0,0.168,0.049,42.0,0.366,79.2,0,101.31,59.2,42.4,0,3.75,0,10256
2022-07-03,East_Zone,Monsoon,33.3,0,14326,Kolkata,22.57,88.36,18.4,0.82,9,1,1.85,Humid_Subtropical,93.6,10.7,57.2,14.7,6.7,0,0.041,0.076,77.0,0.363,74.8,0,101.85,60.8,35.8,0,3.75,0,13479
2022-07-04,East_Zone,Monsoon,34.1,0,13914,Kolkata,22.57,88.36,18.4,0.82,9,1,1.85,Humid_Subtropical,92.9,0.0,60.9,16.4,5.9,0,0.41,0.092,79.0,0.347,70.5,0,102.32,51.3,38.3,0,3.75,0,13634
2022-07-05,East_Zone,Monsoon,28.4,0,11308,Kolkata,22.57,88.36,18.4,0.82,9,1,1.85,Humid_Subtropical,94.9,21.7,36.1,10.6,5.4,0,0.125,0.0,41.0,0.408,69.3,0,99.33,56.0,37.6,0,3.75,0,10655
2022-07-06,East_Zone,Monsoon,28.8,0,12097,Kolkata,22.57,88.36,18.4,0.82,9,1,1.85,Humid_Subtropical,95.5,10.4,37.7,13.4,5.4,0,0.233,0.005,53.0,0.319,76.4,0,100.55,49.6,34.6,0,3.75,0,11496
2022-07-07,East_Zone,Monsoon,30.3,0,11686,Kolkata,22.57,88.36,18.4,0.82,9,1,1.85,Humid_Subtropical,93.3,24.1,43.1,10.2,5.6,0,0.195,0.079,72.0,0.338,72.2,0,102.41,58.1,34.5,0,3.75,0,11097
2022-07-08,East_Zone,Monsoon,28.2,0,10780,Kolkata,22.57,88.36,18.4,0.82,9,1,1.85,Humid_Subtropical,99.0,0.0,36.2,13.3,5.0,0,0.147,0.141,40.0,0.394,76.8,0,101.7,57.0,38.4,0,3.75,0,10113
2022-07-09,East_Zone,Monsoon,29.0,0,12793,Kolkata,22.57,88.36,18.4,0.82,9,1,1.85,Humid_Subtropical,92.2,1.4,37.6,18.4,5.4,0,0.202,0.055,67.0,0.332,72.4,0,100.54,44.8,29.8,0,3.75,0,11972
2022-07-10,East_Zone,Monsoon,23.1,0,9712,Kolkata,22.57,88.36,18.4,0.82,9,1,1.85,Humid_Subtropical,94.6,12.0,23.1,13.0,5.5,0,0.286,0.04,54.0,0.318,74.7,0,100.71,54.9,42.7,0,3.75,0,9233
2022-07-11,East_Zone,Monsoon,24.1,0,10885,Kolkata,22.57,88.36,18.4,0.82,9,1,1.85,Humid_Subtropical,91.8,21.7,24.1,9.9,5.7,0,0.217,0.112,38.0,0.365,73.0,0,100.97,50.0,31.3,0,3.75,0,10413
2022-07-12,East_Zone,Monsoon,23.8,0,12054,Kolkata,22.57,88.36,18.4,0.82,9,1,1.85,Humid_Subtropical,90.6,44.7,23.8,12.0,6.2,0,0.166,0.06,92.0,0.374,74.8,0,100.27,51.7,39.1,0,3.75,0,11140
2022-07-13,East_Zone,Monsoon,29.3,0,12806,Kolkata,22.57,88.36,18.4,0.82,9,1,1.85,Humid_Subtropical,86.2,39.7,37.1,9.2,5.9,0,0.202,0.133,54.0,0.428,76.2,0,101.15,50.8,36.5,0,3.75,0,12108
2022-07-14,East_Zone,Monsoon,23.2,0,11842,Kolkata,22.57,88.36,18.4,0.82,9,1,1.85,Humid_Subtropical,91.6,0.0,23.2,10.1,5.1,0,0.342,0.067,69.0,0.418,74.1,0,101.06,57.1,31.3,0,3.75,0,11305
2022-07-15,East_Zone,Monsoon,29.9,0,11941,Kolkata,22.57,88.36,18.4,0.82,9,1,1.85,Humid_Subtropical,91.7,16.5,40.9,16.0,5.1,0,0.108,0.013,40.0,0.288,76.0,0,99.42,50.0,36.4,0,3.75,0,10992
2022-07-16,East_Zone,Monsoon,23.4,0,10782,Kolkata,22.57,88.36,18.4,0.82,9,1,1.85,Humid_Subtropical,97.6,32.2,23.4,9.7,5.6,0,-0.035,0.165,88.0,0.411,68.9,0,100.02,47.9,34.6,0,3.75,0,10498
2022-07-17,East_Zone,Monsoon,26.6,0,11310,Kolkata,22.57,88.36,18.4,0.82,9,1,1.85,Humid_Subtropical,94.3,15.2,26.6,14.9,5.5,0,0.04,0.154,95.0,0.347,75.2,0,100.02,49.8,25.2,0,3.75,0,10631
2022-07-18,East_Zone,Monsoon,25.9,0,12048,Kolkata,22.57,88.36,18.4,0.82,9,1,1.85,Humid_Subtropical,90.6,7.6,25.9,14.1,5.5,0,0.048,0.023,33.0,0.316,74.1,0,100.18,52.2,33.6,0,3.75,0,11365
2022-07-19,East_Zone,Monsoon,20.2,0,11193,Kolkata,22.57,88.36,18.4,0.82,9,1,1.85,Humid_Subtropical,99.0,19.0,20.2,12.4,5.4,0,0.062,0.104,57.0,0.348,73.2,0,100.68,54.9,27.8,0,3.75,0,10738
2022-07-20,East_Zone,Monsoon,31.0,0,12917,Kolkata,22.57,88.36,18.4,0.82,9,1,1.85,Humid_Subtropical,95.1,29.2,46.8,14.7,6.1,0,0.065,0.06,84.0,0.335,66.8,0,100.55,58.0,36.5,0,3.75,0,11965
2022-07-21,East_Zone,Monsoon,27.6,0,12758,Kolkata,22.57,88.36,18.4,0.82,9,1,1.85,Humid_Subtropical,92.6,5.7,32.9,11.2,5.8,0,0.148,0.117,52.0,0.336,69.0,0,99.62,54.9,33.3,0,3.75,0,12116
2022-07-22,East_Zone,Monsoon,27.9,0,11745,Kolkata,22.57,88.36,18.4,0.82,9,1,1.85,Humid_Subtropical,90.0,35.8,33.4,16.5,5.5,0,0.175,0.027,67.0,0.275,74.7,0,101.65,56.0,38.4,0,3.75,0,11035
2022-07-23,East_Zone,Monsoon,31.4,0,14528,Kolkata,22.57,88.36,18.4,0.82,9,1,1.85,Humid_Subtropical,93.9,23.1,48.1,11.9,5.3,0,0.174,0.132,30.0,0.415,75.1,0,100.28,56.1,30.5,0,3.75,0,13864
2022-07-24,East_Zone,Monsoon,25.1,0,11611,Kolkata,22.57,88.36,18.4,0.82,9,1,1.85,Humid_Subtropical,95.9,37.0,25.1,12.8,5.1,0,0.077,0.152,46.0,0.403,75.2,0,101.71,57.0,27.5,0,3.75,0,11010
2022-07-25,East_Zone,Monsoon,24.7,0,11586,Kolkata,22.57,88.36,18.4,0.82,9,1,1.85,Humid_Subtropical,87.9,18.5,24.7,12.5,6.0,0,0.249,0.023,65.0,0.344,74.0,0,101.65,57.8,28.6,0,3.75,0,10893
2022-07-26,East_Zone,Monsoon,25.7,0,12385,Kolkata,22.57,88.36,18.4,0.82,9,1,1.85,Humid_Subtropical,94.2,0.0,25.7,16.1,5.3,0,0.203,0.084,49.0,0.33,70.4,0,99.12,62.7,44.1,0,3.75,0,11226
2022-07-27,East_Zone,Monsoon,27.7,0,11962,Kolkata,22.57,88.36,18.4,0.82,9,1,1.85,Humid_Subtropical,94.7,0.0,33.6,15.6,4.8,0,0.308,0.153,54.0,0.414,70.9,0,99.66,56.1,49.1,0,3.75,0,11777
2022-07-28,East_Zone,Monsoon,32.9,0,12636,Kolkata,22.57,88.36,18.4,0.82,9,1,1.85,Humid_Subtropical,85.8,41.2,50.7,6.1,6.6,0,0.235,0.02,33.0,0.342,67.7,0,99.7,54.0,44.0,0,3.75,0,11720
2022-07-29,East_Zone,Monsoon,30.1,0,12006,Kolkata,22.57,88.36,18.4,0.82,9,1,1.85,Humid_Subtropical,92.9,35.6,42.1,14.8,5.2,0,0.115,0.04,72.0,0.331,74.4,0,100.4,51.3,26.3,0,3.75,0,11511
2022-07-30,East_Zone,Monsoon,31.6,0,14326,Kolkata,22.57,88.36,18.4,0.82,9,1,1.85,Humid_Subtropical,83.8,16.2,44.5,8.8,5.9,0,0.281,0.12,36.0,0.319,79.7,0,100.78,54.6,27.1,0,3.75,0,13250
2022-07-31,East_Zone,Monsoon,27.2,0,10047,Kolkata,22.57,88.36,18.4,0.82,9,1,1.85,Humid_Subtropical,99.0,0.0,32.4,13.0,5.9,0,0.177,0.07,88.0,0.372,73.7,0,100.17,57.7,28.7,0,3.75,0,9322
2022-08-01,East_Zone,Monsoon,25.9,0,13430,Kolkata,22.57,88.36,18.4,0.82,9,1,1.85,Humid_Subtropical,99.0,9.4,25.9,13.7,5.5,0,0.23,0.0,48.0,0.328,71.7,0,99.45,47.9,37.9,0,3.75,0,12684
2022-08-02,East_Zone,Monsoon,26.2,0,12972,Kolkata,22.57,88.36,18.4,0.82,9,1,1.85,Humid_Subtropical,93.0,84.5,26.2,12.9,4.1,1,0.222,0.061,74.0,0.362,74.1,0,101.62,58.7,44.5,0,3.75,0,13052
2022-08-03,East_Zone,Monsoon,26.2,0,11040,Kolkata,22.57,88.36,18.4,0.82,9,1,1.85,Humid_Subtropical,96.1,32.0,26.2,15.5,5.8,0,0.138,0.185,73.0,0.39,73.6,0,99.5,51.1,38.5,0,3.75,0,10638
2022-08-04,East_Zone,Monsoon,30.3,0,13111,Kolkata,22.57,88.36,18.4,0.82,9,1,1.85,Humid_Subtropical,79.8,7.0,38.5,16.2,6.6,0,0.16,0.204,42.0,0.409,68.8,0,100.65,52.3,34.9,0,3.75,0,12646
2022-08-05,East_Zone,Monsoon,30.6,0,12643,Kolkata,22.57,88.36,18.4,0.82,9,1,1.85,Humid_Subtropical,85.9,68.7,41.5,11.7,6.3,1,0.137,0.042,50.0,0.355,74.8,0,99.84,55.0,29.4,0,3.75,0,12430
2022-08-06,East_Zone,Monsoon,31.1,0,13544,Kolkata,22.57,88.36,18.4,0.82,9,1,1.85,Humid_Subtropical,89.9,17.2,45.0,11.6,4.5,0,0.065,0.025,52.0,0.336,73.7,0,99.79,50.8,32.6,0,3.75,0,12628
2022-08-07,East_Zone,Monsoon,31.4,0,12362,Kolkata,22.57,88.36,18.4,0.82,9,1,1.85,Humid_Subtropical,85.8,0.0,44.6,13.9,7.1,0,-0.064,0.053,53.0,0.368,73.5,0,100.5,55.0,34.4,0,3.75,0,11787
2022-08-08,East_Zone,Monsoon,31.1,0,12358,Kolkata,22.57,88.36,18.4,0.82,9,1,1.85,Humid_Subtropical,94.9,0.0,47.2,9.4,5.0,0,0.081,0.188,37.0,0.414,80.0,0,101.34,48.9,38.4,0,3.75,0,11774
2022-08-09,East_Zone,Monsoon,27.5,0,11740,Kolkata,22.57,88.36,18.4,0.82,9,1,1.85,Humid_Subtropical,99.0,58.1,33.5,12.6,5.0,0,0.17,0.131,70.0,0.418,73.7,0,100.07,56.5,31.5,0,3.75,0,11204
2022-08-10,East_Zone,Monsoon,25.0,0,9863,Kolkata,22.57,88.36,18.4,0.82,9,1,1.85,Humid_Subtropical,89.1,30.7,25.0,18.0,6.0,0,0.259,0.168,48.0,0.347,79.5,0,99.25,53.5,36.0,0,3.75,0,9121
2022-08-11,East_Zone,Monsoon,31.7,0,12355,Kolkata,22.57,88.36,18.4,0.82,9,1,1.85,Humid_Subtropical,86.8,0.0,46.2,9.5,6.1,0,0.23,0.14,58.0,0.407,71.5,0,101.2,53.5,35.4,0,3.75,0,11863
2022-08-12,East_Zone,Monsoon,27.2,0,11213,Kolkata,22.57,88.36,18.4,0.82,9,1,1.85,Humid_Subtropical,94.9,0.0,31.9,13.0,5.7,0,0.122,0.001,78.0,0.291,69.5,0,100.18,54.2,34.5,0,3.75,0,10477
2022-08-13,East_Zone,Monsoon,27.2,0,11402,Kolkata,22.57,88.36,18.4,0.82,9,1,1.85,Humid_Subtropical,99.0,0.0,32.4,12.2,5.3,0,0.082,0.023,70.0,0.375,71.6,0,99.83,52.9,32.0,0,3.75,0,10728
2022-08-14,East_Zone,Monsoon,31.8,0,12486,Kolkata,22.57,88.36,18.4,0.82,9,1,1.85,Humid_Subtropical,84.8,0.0,45.7,20.0,6.6,0,0.132,0.038,49.0,0.33,77.5,0,100.67,55.0,34.6,0,3.75,0,12042
2022-08-15,East_Zone,Monsoon,33.1,0,14197,Kolkata,22.57,88.36,18.4,0.82,9,1,1.85,Humid_Subtropical,91.4,9.6,54.8,12.4,5.9,0,0.052,0.049,79.0,0.376,71.7,0,99.94,52.1,33.5,0,3.75,0,13709
2022-08-16,East_Zone,Monsoon,26.6,0,11900,Kolkata,22.57,88.36,18.4,0.82,9,1,1.85,Humid_Subtropical,99.0,16.0,26.6,12.6,4.6,0,-0.062,0.039,72.0,0.393,69.7,0,102.05,52.7,30.1,0,3.75,0,11414
2022-08-17,East_Zone,Monsoon,29.6,0,13062,Kolkata,22.57,88.36,18.4,0.82,9,1,1.85,Humid_Subtropical,84.0,21.5,37.5,10.9,6.5,0,-0.005,0.046,47.0,0.357,75.0,0,99.57,45.8,38.4,0,3.75,0,12512
2022-08-18,East_Zone,Monsoon,30.8,0,12854,Kolkata,22.57,88.36,18.4,0.82,9,1,1.85,Humid_Subtropical,85.1,49.7,42.0,14.0,5.9,0,0.287,0.118,51.0,0.368,72.8,0,100.69,58.7,41.9,0,3.75,0,12295
2022-08-19,East_Zone,Monsoon,25.1,0,11796,Kolkata,22.57,88.36,18.4,0.82,9,1,1.85,Humid_Subtropical,92.8,32.4,25.1,14.8,6.2,0,0.336,0.088,78.0,0.359,75.7,0,99.96,48.3,34.9,0,3.75,0,11208
2022-08-20,East_Zone,Monsoon,27.3,0,9591,Kolkata,22.57,88.36,18.4,0.82,9,1,1.85,Humid_Subtropical,91.0,15.9,31.7,11.3,6.0,0,0.225,0.153,74.0,0.364,72.0,0,99.93,59.4,33.8,0,3.75,0,9164
2022-08-21,East_Zone,Monsoon,29.2,0,11705,Kolkata,22.57,88.36,18.4,0.82,9,1,1.85,Humid_Subtropical,96.5,27.3,39.6,17.0,7.1,0,0.144,0.095,33.0,0.397,71.2,0,99.11,51.7,37.8,0,3.75,0,11239
2022-08-22,East_Zone,Monsoon,26.6,0,11661,Kolkata,22.57,88.36,18.4,0.82,9,1,1.85,Humid_Subtropical,95.2,88.5,26.6,14.8,5.4,1,0.011,0.039,42.0,0.347,79.0,0,99.09,57.5,34.9,0,3.75,0,11526
2022-08-23,East_Zone,Monsoon,23.3,0,10945,Kolkata,22.57,88.36,18.4,0.82,9,1,1.85,Humid_Subtropical,87.1,38.1,23.3,16.6,5.4,0,0.134,0.091,73.0,0.297,71.5,0,99.93,57.1,39.7,0,3.75,0,10399
2022-08-24,East_Zone,Monsoon,27.0,0,11060,Kolkata,22.57,88.36,18.4,0.82,9,1,1.85,Humid_Subtropical,96.4,18.0,31.4,13.0,6.0,0,0.211,0.0,39.0,0.367,71.5,0,98.54,56.3,34.5,0,3.75,0,10399
2022-08-25,East_Zone,Monsoon,28.1,0,10682,Kolkata,22.57,88.36,18.4,0.82,9,1,1.85,Humid_Subtropical,90.3,15.4,34.1,14.7,5.5,0,0.233,0.0,74.0,0.365,75.4,0,98.81,52.7,36.9,0,3.75,0,10119
2022-08-26,East_Zone,Monsoon,28.2,0,12433,Kolkata,22.57,88.36,18.4,0.82,9,1,1.85,Humid_Subtropical,99.0,25.6,36.2,13.4,6.1,0,0.219,0.119,95.0,0.371,65.6,0,99.38,48.0,42.7,0,3.75,0,12026
2022-08-27,East_Zone,Monsoon,28.9,0,12860,Kolkata,22.57,88.36,18.4,0.82,9,1,1.85,Humid_Subtropical,89.5,49.1,36.6,18.4,3.9,0,0.271,0.141,67.0,0.352,76.2,0,100.59,52.5,40.3,0,3.75,0,12137
2022-08-28,East_Zone,Monsoon,31.5,0,12808,Kolkata,22.57,88.36,18.4,0.82,9,1,1.85,Humid_Subtropical,87.9,8.1,45.9,14.3,5.8,0,0.344,0.084,43.0,0.326,79.4,0,99.41,51.5,33.2,0,3.75,0,12060
2022-08-29,East_Zone,Monsoon,31.3,0,12753,Kolkata,22.57,88.36,18.4,0.82,9,1,1.85,Humid_Subtropical,93.9,43.1,47.7,14.0,5.8,0,0.109,0.057,63.0,0.331,76.6,0,99.37,52.3,39.4,0,3.75,0,12045
2022-08-30,East_Zone,Monsoon,25.9,0,11161,Kolkata,22.57,88.36,18.4,0.82,9,1,1.85,Humid_Subtropical,98.3,17.6,25.9,12.6,5.5,0,0.431,0.0,79.0,0.346,70.9,0,98.23,47.4,28.7,0,3.75,0,10244
2022-08-31,East_Zone,Monsoon,28.8,0,13068,Kolkata,22.57,88.36,18.4,0.82,9,1,1.85,Humid_Subtropical,95.0,0.0,37.6,12.5,5.2,0,-0.052,0.15,62.0,0.322,71.8,0,100.97,52.2,33.0,0,3.75,0,12608
2022-09-01,East_Zone,Autumn,24.0,0,10462,Kolkata,22.57,88.36,18.4,0.82,9,1,1.85,Humid_Subtropical,63.2,0.0,24.0,6.7,7.0,0,0.072,0.41,129.0,0.455,74.2,0,100.36,41.5,64.2,0,3.75,0,10327
2022-09-02,East_Zone,Autumn,28.3,0,10935,Kolkata,22.57,88.36,18.4,0.82,9,1,1.85,Humid_Subtropical,71.7,0.0,31.5,8.5,6.4,0,0.17,0.397,106.0,0.441,75.1,0,100.46,52.0,67.6,0,3.75,0,11168
2022-09-03,East_Zone,Autumn,22.0,0,11213,Kolkata,22.57,88.36,18.4,0.82,9,1,1.85,Humid_Subtropical,67.6,0.0,22.0,3.9,6.5,0,0.205,0.38,107.0,0.474,78.8,0,97.77,52.6,56.2,0,3.75,0,10875
2022-09-04,East_Zone,Autumn,29.3,0,12709,Kolkata,22.57,88.36,18.4,0.82,9,1,1.85,Humid_Subtropical,69.6,0.0,33.3,6.4,6.7,0,0.132,0.352,136.0,0.449,78.7,0,99.56,49.7,59.9,0,3.75,0,12308
2022-09-05,East_Zone,Autumn,24.7,0,10954,Kolkata,22.57,88.36,18.4,0.82,9,1,1.85,Humid_Subtropical,64.1,0.0,24.7,6.6,6.8,0,0.1,0.313,107.0,0.397,73.4,0,98.26,51.2,60.0,0,3.75,0,10684
2022-09-06,East_Zone,Autumn,25.6,0,11514,Kolkata,22.57,88.36,18.4,0.82,9,1,1.85,Humid_Subtropical,72.9,3.0,25.6,7.1,7.4,0,0.37,0.395,73.0,0.388,72.4,0,99.95,53.6,59.5,0,3.75,0,11423
2022-09-07,East_Zone,Autumn,21.7,0,10186,Kolkata,22.57,88.36,18.4,0.82,9,1,1.85,Humid_Subtropical,68.9,0.0,21.7,1.0,6.5,0,0.096,0.348,114.0,0.402,71.7,0,99.49,56.8,53.9,0,3.75,0,10042
2022-09-08,East_Zone,Autumn,21.4,0,10360,Kolkata,22.57,88.36,18.4,0.82,9,1,1.85,Humid_Subtropical,66.7,3.8,21.4,3.2,6.8,0,0.048,0.355,126.0,0.47,75.9,0,99.67,57.1,62.5,0,3.75,0,10515
2022-09-09,East_Zone,Autumn,24.5,0,12428,Kolkata,22.57,88.36,18.4,0.82,9,1,1.85,Humid_Subtropical,74.9,0.0,24.5,1.9,6.6,0,0.319,0.483,139.0,0.47,77.2,0,98.42,53.6,53.6,0,3.75,0,12215
2022-09-10,East_Zone,Autumn,22.2,0,10407,Kolkata,22.57,88.36,18.4,0.82,9,1,1.85,Humid_Subtropical,73.9,0.0,22.2,6.1,6.1,0,0.235,0.377,150.0,0.452,74.2,0,98.09,52.1,65.7,0,3.75,0,10498
2022-09-11,East_Zone,Autumn,27.8,0,13388,Kolkata,22.57,88.36,18.4,0.82,9,1,1.85,Humid_Subtropical,66.3,0.0,29.8,3.3,6.6,0,0.259,0.233,122.0,0.379,74.0,0,98.47,53.8,66.7,0,3.75,0,12780
2022-09-12,East_Zone,Autumn,25.4,0,11153,Kolkata,22.57,88.36,18.4,0.82,9,1,1.85,Humid_Subtropical,78.0,0.0,25.4,4.5,6.3,0,0.17,0.348,132.0,0.442,80.3,0,99.41,60.0,56.8,0,3.75,0,10848
2022-09-13,East_Zone,Autumn,22.6,0,9170,Kolkata,22.57,88.36,18.4,0.82,9,1,1.85,Humid_Subtropical,70.2,0.0,22.6,2.4,6.7,0,0.012,0.32,122.0,0.374,76.0,0,98.85,54.5,53.7,0,3.75,0,8896
2022-09-14,East_Zone,Autumn,21.2,0,10385,Kolkata,22.57,88.36,18.4,0.82,9,1,1.85,Humid_Subtropical,73.4,0.0,21.2,4.8,6.4,0,0.158,0.372,126.0,0.461,67.8,0,99.34,53.8,59.8,0,3.75,0,10141
2022-09-15,East_Zone,Autumn,23.5,0,11362,Kolkata,22.57,88.36,18.4,0.82,9,1,1.85,Humid_Subtropical,73.2,0.0,23.5,2.6,5.9,0,-0.001,0.295,117.0,0.379,73.9,0,98.05,56.5,57.4,0,3.75,0,11167
2022-09-16,East_Zone,Autumn,23.4,0,10272,Kolkata,22.57,88.36,18.4,0.82,9,1,1.85,Humid_Subtropical,68.9,0.0,23.4,8.3,6.3,0,0.174,0.406,127.0,0.382,74.6,0,99.06,52.8,59.0,0,3.75,0,10013
2022-09-17,East_Zone,Autumn,25.0,0,13260,Kolkata,22.57,88.36,18.4,0.82,9,1,1.85,Humid_Subtropical,73.4,0.0,25.0,7.4,5.6,0,0.215,0.362,107.0,0.498,73.2,0,100.45,49.8,60.5,0,3.75,0,13446
2022-09-18,East_Zone,Autumn,23.0,0,10873,Kolkata,22.57,88.36,18.4,0.82,9,1,1.85,Humid_Subtropical,69.5,0.0,23.0,6.5,6.3,0,0.258,0.351,156.0,0.432,77.8,0,99.38,54.6,55.3,0,3.75,0,10847
2022-09-19,East_Zone,Autumn,26.5,0,11177,Kolkata,22.57,88.36,18.4,0.82,9,1,1.85,Humid_Subtropical,68.0,0.0,26.5,5.1,6.6,0,0.141,0.389,77.0,0.44,73.0,0,99.44,53.5,68.3,0,3.75,0,11045
2022-09-20,East_Zone,Autumn,27.8,0,10691,Kolkata,22.57,88.36,18.4,0.82,9,1,1.85,Humid_Subtropical,76.1,2.1,31.1,1.0,7.7,0,0.225,0.375,130.0,0.378,71.0,0,99.44,51.9,56.8,0,3.75,0,10432
2022-09-21,East_Zone,Autumn,22.8,0,10445,Kolkata,22.57,88.36,18.4,0.82,9,1,1.85,Humid_Subtropical,67.1,0.0,22.8,4.6,7.2,0,0.06,0.372,126.0,0.452,71.9,0,98.52,54.6,64.7,0,3.75,0,10373
2022-09-22,East_Zone,Autumn,24.5,0,9536,Kolkata,22.57,88.36,18.4,0.82,9,1,1.85,Humid_Subtropical,59.2,0.0,24.5,3.7,5.9,0,0.247,0.367,127.0,0.458,76.0,0,100.65,46.0,55.6,0,3.75,0,9641
2022-09-23,East_Zone,Autumn,28.1,0,12345,Kolkata,22.57,88.36,18.4,0.82,9,1,1.85,Humid_Subtropical,77.2,0.0,31.9,6.7,6.8,0,0.217,0.379,99.0,0.429,69.9,0,99.37,50.6,60.3,0,3.75,0,12048
2022-09-24,East_Zone,Autumn,27.4,0,13132,Kolkata,22.57,88.36,18.4,0.82,9,1,1.85,Humid_Subtropical,82.3,0.0,30.9,7.9,6.8,0,0.07,0.401,90.0,0.467,72.5,0,99.19,49.2,62.3,0,3.75,0,12628
2022-09-25,East_Zone,Autumn,21.8,0,8449,Kolkata,22.57,88.36,18.4,0.82,9,1,1.85,Humid_Subtropical,70.9,1.1,21.8,7.0,6.2,0,0.203,0.393,131.0,0.473,76.5,0,99.7,49.8,60.7,0,3.75,0,8369
2022-09-26,East_Zone,Autumn,27.4,0,11630,Kolkata,22.57,88.36,18.4,0.82,9,1,1.85,Humid_Subtropical,59.9,0.0,28.6,9.8,6.5,0,0.259,0.448,144.0,0.468,69.9,0,99.95,52.4,58.7,0,3.75,0,11451
2022-09-27,East_Zone,Autumn,20.6,0,10611,Kolkata,22.57,88.36,18.4,0.82,9,1,1.85,Humid_Subtropical,72.1,0.0,20.6,4.3,6.1,0,0.158,0.347,124.0,0.362,70.9,0,97.76,48.5,57.5,0,3.75,0,10113
2022-09-28,East_Zone,Autumn,31.4,0,12760,Kolkata,22.57,88.36,18.4,0.82,9,1,1.85,Humid_Subtropical,65.7,0.0,37.4,4.2,7.9,0,0.068,0.394,134.0,0.404,68.9,0,99.06,59.3,58.0,0,3.75,0,12569
2022-09-29,East_Zone,Autumn,26.9,0,10923,Kolkata,22.57,88.36,18.4,0.82,9,1,1.85,Humid_Subtropical,68.9,0.0,28.6,9.1,6.3,0,0.168,0.527,112.0,0.522,71.3,0,101.24,55.3,56.6,0,3.75,0,10837
2022-09-30,East_Zone,Autumn,18.9,0,10466,Kolkata,22.57,88.36,18.4,0.82,9,1,1.85,Humid_Subtropical,69.1,0.0,18.9,6.5,6.4,0,0.205,0.378,126.0,0.437,72.4,0,100.66,50.1,61.7,0,3.75,0,10455
2022-10-01,East_Zone,Autumn,25.6,0,11036,Kolkata,22.57,88.36,18.4,0.82,9,1,1.85,Humid_Subtropical,73.5,0.0,25.6,5.3,5.0,0,0.067,0.38,142.0,0.438,73.3,0,98.89,45.6,69.2,0,3.75,0,10808
2022-10-02,East_Zone,Autumn,27.1,1,15435,Kolkata,22.57,88.36,18.4,0.82,9,1,1.85,Humid_Subtropical,72.4,0.0,29.2,11.5,7.1,0,0.049,0.304,114.0,0.391,71.2,0,102.73,51.8,73.8,0,3.75,0,16063
2022-10-03,East_Zone,Autumn,20.3,0,9643,Kolkata,22.57,88.36,18.4,0.82,9,1,1.85,Humid_Subtropical,66.3,0.0,20.3,7.7,7.0,0,0.202,0.337,141.0,0.405,72.9,0,101.67,52.3,63.0,0,3.75,0,9700
2022-10-04,East_Zone,Autumn,20.0,1,13273,Kolkata,22.57,88.36,18.4,0.82,9,1,1.85,Humid_Subtropical,77.5,0.0,20.0,5.4,5.6,0,0.232,0.374,91.0,0.469,76.9,0,102.36,51.4,77.4,0,3.75,0,13291
2022-10-05,East_Zone,Autumn,24.1,0,10882,Kolkata,22.57,88.36,18.4,0.82,9,1,1.85,Humid_Subtropical,81.8,0.0,24.1,3.9,6.1,0,0.365,0.412,109.0,0.488,75.0,0,101.55,63.8,57.7,0,3.75,0,10759
2022-10-06,East_Zone,Autumn,20.7,0,9231,Kolkata,22.57,88.36,18.4,0.82,9,1,1.85,Humid_Subtropical,74.4,0.0,20.7,10.0,6.6,0,0.217,0.419,130.0,0.469,80.4,0,101.53,47.0,51.0,0,3.75,0,9140
2022-10-07,East_Zone,Autumn,22.8,1,14330,Kolkata,22.57,88.36,18.4,0.82,9,1,1.85,Humid_Subtropical,70.6,0.0,22.8,6.6,6.4,0,0.029,0.4,154.0,0.457,72.0,0,101.42,53.8,72.0,0,3.75,0,14588
2022-10-08,East_Zone,Autumn,25.5,0,10889,Kolkata,22.57,88.36,18.4,0.82,9,1,1.85,Humid_Subtropical,70.0,0.0,25.5,6.1,6.8,0,0.354,0.428,120.0,0.466,72.7,0,103.7,54.0,64.3,0,3.75,0,10892
2022-10-09,East_Zone,Autumn,23.2,0,11629,Kolkata,22.57,88.36,18.4,0.82,9,1,1.85,Humid_Subtropical,75.2,0.0,23.2,8.0,6.2,0,0.255,0.32,101.0,0.418,74.5,0,101.54,52.6,70.1,0,3.75,0,11381
2022-10-10,East_Zone,Autumn,27.4,0,12005,Kolkata,22.57,88.36,18.4,0.82,9,1,1.85,Humid_Subtropical,60.9,0.0,28.7,8.6,7.7,0,-0.051,0.409,154.0,0.406,72.5,0,103.17,46.5,55.1,0,3.75,0,11633
2022-10-11,East_Zone,Autumn,18.6,0,11973,Kolkata,22.57,88.36,18.4,0.82,9,1,1.85,Humid_Subtropical,75.7,0.0,18.6,7.6,5.8,0,0.047,0.381,118.0,0.393,73.9,0,101.6,53.5,65.5,0,3.75,0,11888
2022-10-12,East_Zone,Autumn,24.7,0,10285,Kolkata,22.57,88.36,18.4,0.82,9,1,1.85,Humid_Subtropical,69.2,2.4,24.7,8.7,8.1,0,0.101,0.387,132.0,0.476,68.2,0,101.49,54.3,61.3,0,3.75,0,10174
2022-10-13,East_Zone,Autumn,22.7,1,13176,Kolkata,22.57,88.36,18.4,0.82,9,1,1.85,Humid_Subtropical,81.6,0.5,22.7,7.4,7.1,0,0.234,0.358,114.0,0.429,72.9,0,102.43,56.8,70.1,0,3.75,0,13245
2022-10-14,East_Zone,Autumn,26.3,0,10645,Kolkata,22.57,88.36,18.4,0.82,9,1,1.85,Humid_Subtropical,69.3,2.3,26.3,7.7,7.1,0,-0.088,0.323,123.0,0.435,76.6,0,100.75,55.2,54.8,0,3.75,0,10152
2022-10-15,East_Zone,Autumn,26.1,0,11462,Kolkata,22.57,88.36,18.4,0.82,9,1,1.85,Humid_Subtropical,78.7,0.1,26.1,3.8,5.9,0,0.138,0.307,110.0,0.423,79.7,0,102.72,59.0,57.1,0,3.75,0,11398
2022-10-16,East_Zone,Autumn,30.9,0,11609,Kolkata,22.57,88.36,18.4,0.82,9,1,1.85,Humid_Subtropical,61.9,0.0,35.1,11.4,7.3,0,0.228,0.399,161.0,0.448,78.3,0,101.93,45.6,62.9,0,3.75,0,11545
2022-10-17,East_Zone,Autumn,26.9,0,11916,Kolkata,22.57,88.36,18.4,0.82,9,1,1.85,Humid_Subtropical,72.8,0.0,28.9,2.3,7.0,0,-0.133,0.41,141.0,0.453,74.4,0,101.53,52.7,66.1,0,3.75,0,11632
2022-10-18,East_Zone,Autumn,21.1,0,9714,Kolkata,22.57,88.36,18.4,0.82,9,1,1.85,Humid_Subtropical,74.9,0.0,21.1,6.9,5.0,0,0.225,0.372,152.0,0.454,75.4,0,101.32,63.5,46.4,0,3.75,0,9615
2022-10-19,East_Zone,Autumn,27.4,0,12878,Kolkata,22.57,88.36,18.4,0.82,9,1,1.85,Humid_Subtropical,65.2,0.0,29.1,2.0,5.8,0,0.237,0.379,106.0,0.412,75.0,0,104.07,58.9,62.6,0,3.75,0,12932
2022-10-20,East_Zone,Autumn,23.8,1,15404,Kolkata,22.57,88.36,18.4,0.82,9,1,1.85,Humid_Subtropical,72.6,0.0,23.8,5.7,6.7,0,0.065,0.337,87.0,0.46,72.3,0,102.07,48.0,69.1,0,3.75,0,15251
2022-10-21,East_Zone,Autumn,25.9,0,11302,Kolkata,22.57,88.36,18.4,0.82,9,1,1.85,Humid_Subtropical,76.5,0.0,25.9,4.3,6.5,0,0.035,0.41,115.0,0.42,71.1,0,102.04,54.2,57.6,0,3.75,0,11327
2022-10-22,East_Zone,Autumn,25.3,0,10033,Kolkata,22.57,88.36,18.4,0.82,9,1,1.85,Humid_Subtropical,69.2,0.0,25.3,6.4,6.2,0,0.064,0.384,165.0,0.443,74.7,0,103.01,50.0,62.1,0,3.75,0,9816
2022-10-23,East_Zone,Autumn,24.8,0,10359,Kolkata,22.57,88.36,18.4,0.82,9,1,1.85,Humid_Subtropical,62.7,0.0,24.8,7.0,7.1,0,-0.117,0.358,114.0,0.394,73.7,0,101.3,51.8,69.6,0,3.75,0,9949
2022-10-24,East_Zone,Autumn,26.6,0,11915,Kolkata,22.57,88.36,18.4,0.82,9,1,1.85,Humid_Subtropical,70.0,0.0,26.6,3.1,6.0,0,0.117,0.432,139.0,0.443,76.5,0,103.29,62.3,56.4,0,3.75,0,11856
2022-10-25,East_Zone,Autumn,24.6,0,9367,Kolkata,22.57,88.36,18.4,0.82,9,1,1.85,Humid_Subtropical,66.7,0.0,24.6,5.9,6.2,0,0.172,0.419,102.0,0.425,66.9,0,102.14,57.7,59.5,0,3.75,0,9200
2022-10-26,East_Zone,Autumn,25.5,0,11544,Kolkata,22.57,88.36,18.4,0.82,9,1,1.85,Humid_Subtropical,69.0,2.5,25.5,10.2,6.1,0,0.028,0.288,105.0,0.413,73.5,0,100.8,47.2,52.1,0,3.75,0,11083
2022-10-27,East_Zone,Autumn,24.2,0,11177,Kolkata,22.57,88.36,18.4,0.82,9,1,1.85,Humid_Subtropical,71.1,0.0,24.2,2.1,6.8,0,0.247,0.383,119.0,0.458,77.6,0,101.67,50.6,62.2,0,3.75,0,11257
2022-10-28,East_Zone,Autumn,23.9,0,11698,Kolkata,22.57,88.36,18.4,0.82,9,1,1.85,Humid_Subtropical,63.1,0.0,23.9,3.4,5.4,0,0.16,0.323,158.0,0.423,75.7,0,101.12,53.5,56.5,0,3.75,0,11566
2022-10-29,East_Zone,Autumn,20.6,0,10317,Kolkata,22.57,88.36,18.4,0.82,9,1,1.85,Humid_Subtropical,65.6,0.0,20.6,8.6,6.0,0,0.176,0.388,140.0,0.496,71.1,0,102.31,52.9,67.9,0,3.75,0,10666
2022-10-30,East_Zone,Autumn,28.8,0,11723,Kolkata,22.57,88.36,18.4,0.82,9,1,1.85,Humid_Subtropical,71.1,2.6,32.5,6.2,5.7,0,0.11,0.191,83.0,0.412,70.1,0,101.45,54.8,61.8,0,3.75,0,11572
2022-10-31,East_Zone,Autumn,24.4,0,11564,Kolkata,22.57,88.36,18.4,0.82,9,1,1.85,Humid_Subtropical,68.7,0.0,24.4,6.5,6.3,0,0.224,0.392,132.0,0.431,73.9,0,101.36,50.4,58.6,0,3.75,0,11574
2022-11-01,East_Zone,Autumn,29.2,1,16339,Kolkata,22.57,88.36,18.4,0.82,9,1,1.85,Humid_Subtropical,55.7,0.0,30.7,9.1,7.1,0,0.279,0.423,99.0,0.443,76.4,0,102.57,52.6,70.6,0,3.75,0,16242
2022-11-02,East_Zone,Autumn,21.4,0,11474,Kolkata,22.57,88.36,18.4,0.82,9,1,1.85,Humid_Subtropical,77.1,2.3,21.4,3.6,6.8,0,0.109,0.373,108.0,0.445,75.5,0,102.34,50.8,61.8,0,3.75,0,11074
2022-11-03,East_Zone,Autumn,23.7,0,10553,Kolkata,22.57,88.36,18.4,0.82,9,1,1.85,Humid_Subtropical,73.1,0.0,23.7,4.4,6.0,0,0.226,0.31,129.0,0.439,74.3,0,103.53,52.9,63.5,0,3.75,0,10820
2022-11-04,East_Zone,Autumn,25.1,0,10573,Kolkata,22.57,88.36,18.4,0.82,9,1,1.85,Humid_Subtropical,67.4,0.0,25.1,4.1,6.8,0,0.227,0.497,145.0,0.427,75.9,0,103.5,57.2,54.2,0,3.75,0,10631
2022-11-05,East_Zone,Autumn,25.9,0,11600,Kolkata,22.57,88.36,18.4,0.82,9,1,1.85,Humid_Subtropical,63.9,0.5,25.9,5.0,6.4,0,0.192,0.449,144.0,0.471,74.8,0,102.42,55.2,59.3,0,3.75,0,11915
2022-11-06,East_Zone,Autumn,26.9,0,12378,Kolkata,22.57,88.36,18.4,0.82,9,1,1.85,Humid_Subtropical,74.0,0.0,29.0,10.0,7.4,0,0.318,0.348,126.0,0.391,75.8,0,102.88,51.3,60.0,0,3.75,0,12019
2022-11-07,East_Zone,Autumn,24.8,0,11464,Kolkata,22.57,88.36,18.4,0.82,9,1,1.85,Humid_Subtropical,72.9,10.8,24.8,1.0,6.4,0,0.077,0.364,126.0,0.447,76.8,0,100.99,57.9,61.1,0,3.75,0,11571
2022-11-08,East_Zone,Autumn,24.4,0,9408,Kolkata,22.57,88.36,18.4,0.82,9,1,1.85,Humid_Subtropical,83.3,0.0,24.4,2.4,4.7,0,0.108,0.261,144.0,0.438,72.7,0,103.11,58.5,66.5,0,3.75,0,9396
2022-11-09,East_Zone,Autumn,25.2,0,11123,Kolkata,22.57,88.36,18.4,0.82,9,1,1.85,Humid_Subtropical,73.0,0.0,25.2,1.9,7.0,0,0.072,0.408,92.0,0.451,71.3,0,102.85,54.1,52.9,0,3.75,0,11229
2022-11-10,East_Zone,Autumn,23.8,0,10824,Kolkata,22.57,88.36,18.4,0.82,9,1,1.85,Humid_Subtropical,73.7,0.0,23.8,10.2,6.2,0,0.223,0.298,153.0,0.345,76.2,0,103.42,53.3,64.8,0,3.75,0,10750
2022-11-11,East_Zone,Autumn,19.3,0,9313,Kolkata,22.57,88.36,18.4,0.82,9,1,1.85,Humid_Subtropical,73.6,0.0,19.3,4.2,6.1,0,0.123,0.42,107.0,0.392,72.5,0,102.18,60.9,61.8,0,3.75,0,9219
2022-11-12,East_Zone,Autumn,20.8,0,8965,Kolkata,22.57,88.36,18.4,0.82,9,1,1.85,Humid_Subtropical,77.6,0.0,20.8,5.0,6.5,0,0.08,0.442,125.0,0.467,68.2,0,102.21,60.3,57.5,0,3.75,0,9006
2022-11-13,East_Zone,Autumn,21.7,1,15152,Kolkata,22.57,88.36,18.4,0.82,9,1,1.85,Humid_Subtropical,76.1,0.0,21.7,1.2,5.5,0,0.316,0.376,111.0,0.36,78.3,0,102.24,47.8,76.0,0,3.75,0,15042
2022-11-14,East_Zone,Autumn,18.8,0,11378,Kolkata,22.57,88.36,18.4,0.82,9,1,1.85,Humid_Subtropical,81.0,0.0,18.8,5.2,6.2,0,0.331,0.316,99.0,0.437,74.8,0,103.99,59.4,58.1,0,3.75,0,11433
2022-11-15,East_Zone,Autumn,23.7,0,10707,Kolkata,22.57,88.36,18.4,0.82,9,1,1.85,Humid_Subtropical,69.2,0.0,23.7,8.6,6.8,0,0.117,0.455,128.0,0.483,74.6,0,102.86,61.0,50.9,0,3.75,0,10566
2022-11-16,East_Zone,Autumn,27.4,0,11010,Kolkata,22.57,88.36,18.4,0.82,9,1,1.85,Humid_Subtropical,67.4,0.0,29.3,6.8,6.8,0,0.013,0.38,124.0,0.469,73.4,0,101.11,56.1,42.8,0,3.75,0,10715
2022-11-17,East_Zone,Autumn,25.9,0,11163,Kolkata,22.57,88.36,18.4,0.82,9,1,1.85,Humid_Subtropical,68.1,0.0,25.9,5.7,6.2,0,0.336,0.386,118.0,0.429,76.5,0,103.27,52.4,53.9,0,3.75,0,11038
2022-11-18,East_Zone,Autumn,28.0,0,11375,Kolkata,22.57,88.36,18.4,0.82,9,1,1.85,Humid_Subtropical,73.2,0.0,31.1,1.3,7.2,0,0.197,0.324,117.0,0.434,70.2,0,102.19,52.5,57.3,0,3.75,0,11355
2022-11-19,East_Zone,Autumn,24.5,0,12291,Kolkata,22.57,88.36,18.4,0.82,9,1,1.85,Humid_Subtropical,78.8,0.0,24.5,5.0,5.9,0,0.192,0.392,147.0,0.444,74.0,0,103.76,61.3,60.9,0,3.75,0,12296
2022-11-20,East_Zone,Autumn,27.8,0,13039,Kolkata,22.57,88.36,18.4,0.82,9,1,1.85,Humid_Subtropical,67.0,0.0,29.9,6.4,6.3,0,0.161,0.368,159.0,0.388,74.8,0,103.24,57.6,63.0,0,3.75,0,12875
2022-11-21,East_Zone,Autumn,23.8,0,10587,Kolkata,22.57,88.36,18.4,0.82,9,1,1.85,Humid_Subtropical,69.6,0.0,23.8,3.0,6.4,0,0.07,0.3,143.0,0.437,75.7,0,103.97,56.8,58.7,0,3.75,0,10667
2022-11-22,East_Zone,Autumn,28.9,0,12369,Kolkata,22.57,88.36,18.4,0.82,9,1,1.85,Humid_Subtropical,70.2,4.5,32.6,8.0,6.9,0,0.109,0.46,125.0,0.497,68.9,0,103.79,63.8,52.9,0,3.75,0,12525
2022-11-23,East_Zone,Autumn,21.6,0,10934,Kolkata,22.57,88.36,18.4,0.82,9,1,1.85,Humid_Subtropical,71.8,0.0,21.6,8.7,6.1,0,0.218,0.486,91.0,0.482,75.8,0,103.72,50.5,58.1,0,3.75,0,10941
2022-11-24,East_Zone,Autumn,26.3,0,11993,Kolkata,22.57,88.36,18.4,0.82,9,1,1.85,Humid_Subtropical,75.0,0.0,26.3,4.4,7.3,0,0.105,0.441,131.0,0.435,72.7,0,103.95,54.2,58.9,0,3.75,0,11807
2022-11-25,East_Zone,Autumn,27.5,0,11730,Kolkata,22.57,88.36,18.4,0.82,9,1,1.85,Humid_Subtropical,58.2,0.0,28.6,8.2,6.8,0,0.193,0.432,132.0,0.47,72.0,0,103.65,55.2,68.7,0,3.75,0,11830
2022-11-26,East_Zone,Autumn,21.0,0,9309,Kolkata,22.57,88.36,18.4,0.82,9,1,1.85,Humid_Subtropical,69.3,0.0,21.0,5.7,6.3,0,0.151,0.486,134.0,0.5,69.3,0,102.17,53.0,62.8,0,3.75,0,9325
2022-11-27,East_Zone,Autumn,20.4,0,10277,Kolkata,22.57,88.36,18.4,0.82,9,1,1.85,Humid_Subtropical,69.8,0.0,20.4,9.4,6.4,0,0.044,0.317,99.0,0.454,80.7,0,101.75,46.3,51.7,0,3.75,0,10016
2022-11-28,East_Zone,Autumn,24.9,1,15232,Kolkata,22.57,88.36,18.4,0.82,9,1,1.85,Humid_Subtropical,59.5,0.0,24.9,12.1,6.9,0,0.312,0.316,135.0,0.45,73.6,0,102.09,57.9,70.4,0,3.75,0,15415
2022-11-29,East_Zone,Autumn,26.0,0,10941,Kolkata,22.57,88.36,18.4,0.82,9,1,1.85,Humid_Subtropical,65.6,0.0,26.0,2.7,6.7,0,0.209,0.355,148.0,0.381,74.7,0,103.68,51.5,63.5,0,3.75,0,11034
2022-11-30,East_Zone,Autumn,22.9,0,12346,Kolkata,22.57,88.36,18.4,0.82,9,1,1.85,Humid_Subtropical,67.7,0.0,22.9,8.3,5.3,0,0.183,0.398,102.0,0.451,70.8,0,100.76,50.2,60.1,0,3.75,0,12281
2022-12-01,East_Zone,Winter,15.2,0,8576,Kolkata,22.57,88.36,18.4,0.82,9,1,1.85,Humid_Subtropical,77.9,0.0,15.2,9.9,4.2,0,0.206,0.402,162.0,0.46,69.4,0,103.0,52.8,63.9,0,3.75,0,8604
2022-12-02,East_Zone,Winter,11.5,0,6428,Kolkata,22.57,88.36,18.4,0.82,9,1,1.85,Humid_Subtropical,86.7,7.8,11.5,3.1,3.4,0,-0.029,0.359,135.0,0.461,76.4,0,102.78,53.2,76.1,0,3.75,0,6422
2022-12-03,East_Zone,Winter,13.5,0,9082,Kolkata,22.57,88.36,18.4,0.82,9,1,1.85,Humid_Subtropical,78.7,2.8,13.5,4.3,3.8,0,0.101,0.42,148.0,0.46,70.0,0,104.3,54.2,73.8,0,3.75,0,9065
2022-12-04,East_Zone,Winter,18.8,0,10642,Kolkata,22.57,88.36,18.4,0.82,9,1,1.85,Humid_Subtropical,71.6,0.0,18.8,4.2,3.4,0,-0.003,0.414,133.0,0.49,77.9,0,102.99,58.1,71.2,0,3.75,0,10915
2022-12-05,East_Zone,Winter,12.6,0,7215,Kolkata,22.57,88.36,18.4,0.82,9,1,1.85,Humid_Subtropical,80.2,0.0,12.6,5.6,2.3,0,0.162,0.47,144.0,0.403,79.4,0,102.77,58.8,68.0,0,3.75,0,7102
2022-12-06,East_Zone,Winter,16.5,0,9630,Kolkata,22.57,88.36,18.4,0.82,9,1,1.85,Humid_Subtropical,83.3,0.0,16.5,4.9,2.2,0,0.183,0.423,144.0,0.463,71.7,0,104.48,53.8,77.1,0,3.75,0,9710
2022-12-07,East_Zone,Winter,16.2,0,7438,Kolkata,22.57,88.36,18.4,0.82,9,1,1.85,Humid_Subtropical,73.4,0.0,16.2,5.4,3.0,0,0.164,0.306,157.0,0.431,72.6,0,103.11,51.9,62.9,0,3.75,0,7317
2022-12-08,East_Zone,Winter,12.4,0,8076,Kolkata,22.57,88.36,18.4,0.82,9,1,1.85,Humid_Subtropical,76.0,1.8,12.4,8.5,3.7,0,0.268,0.443,166.0,0.478,66.4,0,102.98,53.7,64.2,0,3.75,0,8194
2022-12-09,East_Zone,Winter,16.5,0,9729,Kolkata,22.57,88.36,18.4,0.82,9,1,1.85,Humid_Subtropical,80.9,0.0,16.5,1.0,4.4,0,0.0,0.515,172.0,0.515,68.8,0,102.77,50.5,68.3,0,3.75,0,9895
2022-12-10,East_Zone,Winter,15.4,0,9122,Kolkata,22.57,88.36,18.4,0.82,9,1,1.85,Humid_Subtropical,77.7,0.0,15.4,3.1,3.7,0,0.07,0.422,138.0,0.419,75.9,0,103.58,54.3,73.5,0,3.75,0,9117
2022-12-11,East_Zone,Winter,15.3,0,9362,Kolkata,22.57,88.36,18.4,0.82,9,1,1.85,Humid_Subtropical,82.1,0.0,15.3,8.0,2.9,0,0.191,0.479,156.0,0.505,77.8,0,102.99,50.4,65.2,0,3.75,0,9691
2022-12-12,East_Zone,Winter,15.9,0,9037,Kolkata,22.57,88.36,18.4,0.82,9,1,1.85,Humid_Subtropical,78.4,0.0,15.9,7.7,3.1,0,0.176,0.39,130.0,0.462,71.7,0,103.03,62.7,69.3,0,3.75,0,9325
2022-12-13,East_Zone,Winter,14.2,0,8613,Kolkata,22.57,88.36,18.4,0.82,9,1,1.85,Humid_Subtropical,83.0,0.0,14.2,2.8,4.3,0,0.018,0.454,148.0,0.448,72.1,0,104.84,55.4,70.3,0,3.75,0,8775
2022-12-14,East_Zone,Winter,16.5,0,9327,Kolkata,22.57,88.36,18.4,0.82,9,1,1.85,Humid_Subtropical,72.9,0.0,16.5,7.7,2.8,0,0.27,0.375,151.0,0.406,69.3,0,103.47,52.2,73.7,0,3.75,0,9381
2022-12-15,East_Zone,Winter,16.1,0,10109,Kolkata,22.57,88.36,18.4,0.82,9,1,1.85,Humid_Subtropical,78.3,0.0,16.1,10.0,4.8,0,0.304,0.405,133.0,0.447,70.6,0,103.01,57.0,70.6,0,3.75,0,10106
2022-12-16,East_Zone,Winter,15.8,0,8429,Kolkata,22.57,88.36,18.4,0.82,9,1,1.85,Humid_Subtropical,77.5,1.5,15.8,5.9,4.7,0,0.193,0.406,160.0,0.45,78.0,0,102.49,49.1,70.6,0,3.75,0,8485
2022-12-17,East_Zone,Winter,17.7,0,8319,Kolkata,22.57,88.36,18.4,0.82,9,1,1.85,Humid_Subtropical,71.3,0.0,17.7,3.0,4.9,0,-0.001,0.449,147.0,0.462,74.9,0,103.72,51.6,68.5,0,3.75,0,8260
2022-12-18,East_Zone,Winter,11.8,0,8207,Kolkata,22.57,88.36,18.4,0.82,9,1,1.85,Humid_Subtropical,73.1,0.0,11.8,8.6,3.6,0,0.166,0.371,153.0,0.414,68.6,0,103.0,55.9,77.4,0,3.75,0,8384
2022-12-19,East_Zone,Winter,16.5,0,8141,Kolkata,22.57,88.36,18.4,0.82,9,1,1.85,Humid_Subtropical,81.5,5.7,16.5,11.2,3.4,0,0.184,0.332,172.0,0.441,75.7,0,103.22,54.8,75.3,0,3.75,0,8175
2022-12-20,East_Zone,Winter,13.9,0,7978,Kolkata,22.57,88.36,18.4,0.82,9,1,1.85,Humid_Subtropical,77.9,0.0,13.9,3.3,3.7,0,0.123,0.448,142.0,0.44,81.1,0,102.77,58.3,75.1,0,3.75,0,7992
2022-12-21,East_Zone,Winter,13.5,0,9139,Kolkata,22.57,88.36,18.4,0.82,9,1,1.85,Humid_Subtropical,74.8,0.0,13.5,6.1,4.0,0,0.285,0.446,165.0,0.488,72.8,0,103.85,43.6,68.1,0,3.75,0,9221
2022-12-22,East_Zone,Winter,17.1,0,9264,Kolkata,22.57,88.36,18.4,0.82,9,1,1.85,Humid_Subtropical,77.3,0.0,17.1,9.3,3.2,0,0.138,0.427,176.0,0.498,72.0,0,102.39,57.2,69.4,0,3.75,0,9483
2022-12-23,East_Zone,Winter,13.4,0,7260,Kolkata,22.57,88.36,18.4,0.82,9,1,1.85,Humid_Subtropical,85.6,0.0,13.4,6.3,2.8,0,0.36,0.476,175.0,0.435,75.7,0,104.14,52.5,74.4,0,3.75,0,7340
2022-12-24,East_Zone,Winter,19.3,0,10288,Kolkata,22.57,88.36,18.4,0.82,9,1,1.85,Humid_Subtropical,65.0,0.0,19.3,1.0,3.5,0,0.228,0.408,147.0,0.444,77.0,0,103.21,49.6,69.1,0,3.75,0,10230
2022-12-25,East_Zone,Winter,12.9,0,8795,Kolkata,22.57,88.36,18.4,0.82,9,1,1.85,Humid_Subtropical,72.8,0.0,12.9,7.3,2.9,0,0.178,0.437,132.0,0.478,76.5,0,104.51,47.9,67.4,0,3.75,0,8628
2022-12-26,East_Zone,Winter,14.8,0,8467,Kolkata,22.57,88.36,18.4,0.82,9,1,1.85,Humid_Subtropical,74.5,0.0,14.8,3.1,4.2,0,0.242,0.399,137.0,0.448,73.0,0,104.31,52.5,73.4,0,3.75,0,8552
2022-12-27,East_Zone,Winter,16.3,0,8483,Kolkata,22.57,88.36,18.4,0.82,9,1,1.85,Humid_Subtropical,85.5,0.0,16.3,2.2,3.2,0,0.303,0.404,121.0,0.4,72.7,0,103.97,60.9,65.5,0,3.75,0,8522
2022-12-28,East_Zone,Winter,14.0,0,8589,Kolkata,22.57,88.36,18.4,0.82,9,1,1.85,Humid_Subtropical,81.0,0.0,14.0,1.0,3.5,0,0.24,0.44,162.0,0.476,68.8,0,104.74,58.8,71.0,0,3.75,0,8661
2022-12-29,East_Zone,Winter,13.5,0,8910,Kolkata,22.57,88.36,18.4,0.82,9,1,1.85,Humid_Subtropical,83.7,0.0,13.5,9.6,4.0,0,0.142,0.556,163.0,0.461,70.3,0,105.49,61.7,76.5,0,3.75,0,9039
2022-12-30,East_Zone,Winter,20.6,0,9548,Kolkata,22.57,88.36,18.4,0.82,9,1,1.85,Humid_Subtropical,69.9,0.7,20.6,3.5,4.5,0,0.084,0.465,152.0,0.462,75.1,0,105.23,54.6,72.7,0,3.75,0,9554
2022-12-31,East_Zone,Winter,10.0,0,5899,Kolkata,22.57,88.36,18.4,0.82,9,1,1.85,Humid_Subtropical,76.4,1.1,10.0,7.0,3.4,0,0.038,0.453,125.0,0.423,72.4,0,102.69,54.5,66.8,0,3.75,0,5888
2023-01-01,East_Zone,Winter,14.5,0,8106,Kolkata,22.57,88.36,18.4,0.82,9,1,1.85,Humid_Subtropical,81.5,0.0,14.5,7.7,3.7,0,0.056,0.466,143.0,0.48,74.7,0,107.43,49.7,74.4,0,4.0,0,8168
2023-01-02,East_Zone,Winter,15.6,0,9011,Kolkata,22.57,88.36,18.4,0.82,9,1,1.85,Humid_Subtropical,78.9,1.9,15.6,6.5,2.9,0,0.317,0.279,175.0,0.397,73.3,0,107.59,49.7,69.0,0,4.0,0,8853
2023-01-03,East_Zone,Winter,10.2,0,6095,Kolkata,22.57,88.36,18.4,0.82,9,1,1.85,Humid_Subtropical,84.6,0.0,10.2,6.9,3.9,0,0.261,0.439,161.0,0.477,74.2,0,108.74,55.9,76.2,0,4.0,0,6210
2023-01-04,East_Zone,Winter,15.9,0,9080,Kolkata,22.57,88.36,18.4,0.82,9,1,1.85,Humid_Subtropical,77.5,0.0,15.9,7.1,4.3,0,0.267,0.475,164.0,0.452,74.1,0,107.62,50.5,74.5,0,4.0,0,9545
2023-01-05,East_Zone,Winter,13.7,0,7104,Kolkata,22.57,88.36,18.4,0.82,9,1,1.85,Humid_Subtropical,81.2,0.0,13.7,6.4,2.3,0,0.403,0.425,210.0,0.432,76.2,0,107.61,52.6,70.3,0,4.0,0,7451
2023-01-06,East_Zone,Winter,16.4,0,10121,Kolkata,22.57,88.36,18.4,0.82,9,1,1.85,Humid_Subtropical,79.0,0.0,16.4,3.7,4.6,0,0.289,0.417,156.0,0.457,76.5,0,107.47,56.2,68.3,0,4.0,0,10446
2023-01-07,East_Zone,Winter,15.8,0,8280,Kolkata,22.57,88.36,18.4,0.82,9,1,1.85,Humid_Subtropical,82.4,0.0,15.8,3.5,3.1,0,0.49,0.364,111.0,0.399,73.9,0,108.54,61.5,67.8,0,4.0,0,8403
2023-01-08,East_Zone,Winter,15.1,0,7690,Kolkata,22.57,88.36,18.4,0.82,9,1,1.85,Humid_Subtropical,83.0,0.0,15.1,5.7,3.9,0,0.243,0.394,130.0,0.492,73.4,0,108.91,56.6,84.9,0,4.0,0,7710
2023-01-09,East_Zone,Winter,18.2,0,9608,Kolkata,22.57,88.36,18.4,0.82,9,1,1.85,Humid_Subtropical,69.0,0.0,18.2,5.6,3.7,0,0.203,0.37,156.0,0.438,73.9,0,107.1,50.4,60.5,0,4.0,0,10016
2023-01-10,East_Zone,Winter,9.7,0,7183,Kolkata,22.57,88.36,18.4,0.82,9,1,1.85,Humid_Subtropical,70.9,0.0,9.7,7.3,3.2,0,0.174,0.48,150.0,0.443,71.6,0,107.83,48.8,63.2,0,4.0,0,7317
2023-01-11,East_Zone,Winter,16.4,0,8831,Kolkata,22.57,88.36,18.4,0.82,9,1,1.85,Humid_Subtropical,83.2,0.0,16.4,9.3,3.4,0,0.372,0.51,147.0,0.456,77.3,0,106.48,56.1,77.5,0,4.0,0,8908
2023-01-12,East_Zone,Winter,14.2,0,7563,Kolkata,22.57,88.36,18.4,0.82,9,1,1.85,Humid_Subtropical,85.4,0.0,14.2,7.0,2.9,0,0.415,0.536,147.0,0.475,72.3,0,106.02,52.9,76.4,0,4.0,0,8088
2023-01-13,East_Zone,Winter,16.7,0,8656,Kolkata,22.57,88.36,18.4,0.82,9,1,1.85,Humid_Subtropical,72.9,0.0,16.7,3.6,3.9,0,0.241,0.369,136.0,0.462,73.5,0,108.93,57.0,73.8,0,4.0,0,8803
2023-01-14,East_Zone,Winter,8.5,0,6835,Kolkata,22.57,88.36,18.4,0.82,9,1,1.85,Humid_Subtropical,73.6,2.8,8.5,1.0,3.0,0,0.194,0.38,157.0,0.408,74.5,0,108.79,55.7,62.0,0,4.0,0,6941
2023-01-15,East_Zone,Winter,17.9,0,9176,Kolkata,22.57,88.36,18.4,0.82,9,1,1.85,Humid_Subtropical,77.8,2.4,17.9,3.7,2.9,0,0.453,0.375,175.0,0.423,74.9,0,108.68,56.2,74.7,0,4.0,0,9264
2023-01-16,East_Zone,Winter,20.2,0,10396,Kolkata,22.57,88.36,18.4,0.82,9,1,1.85,Humid_Subtropical,80.5,0.0,20.2,2.0,3.1,0,0.155,0.359,181.0,0.428,74.8,0,110.13,61.9,67.1,0,4.0,0,10591
2023-01-17,East_Zone,Winter,16.0,0,8901,Kolkata,22.57,88.36,18.4,0.82,9,1,1.85,Humid_Subtropical,87.4,0.0,16.0,3.8,2.8,0,0.401,0.36,181.0,0.476,73.6,0,106.9,60.0,71.5,0,4.0,0,9125
2023-01-18,East_Zone,Winter,14.8,0,8488,Kolkata,22.57,88.36,18.4,0.82,9,1,1.85,Humid_Subtropical,81.7,0.0,14.8,6.7,3.2,0,0.243,0.389,133.0,0.467,78.9,0,106.53,57.1,74.0,0,4.0,0,8742
2023-01-19,East_Zone,Winter,14.1,0,8947,Kolkata,22.57,88.36,18.4,0.82,9,1,1.85,Humid_Subtropical,77.7,0.0,14.1,6.3,3.7,0,0.34,0.472,150.0,0.506,74.2,0,107.52,52.4,74.5,0,4.0,0,9380
2023-01-20,East_Zone,Winter,12.2,0,7187,Kolkata,22.57,88.36,18.4,0.82,9,1,1.85,Humid_Subtropical,76.2,0.0,12.2,11.6,2.9,0,0.408,0.377,144.0,0.435,73.2,0,106.56,53.4,68.7,0,4.0,0,7261
2023-01-21,East_Zone,Winter,11.6,0,9544,Kolkata,22.57,88.36,18.4,0.82,9,1,1.85,Humid_Subtropical,81.1,0.0,11.6,7.4,3.9,0,0.348,0.483,161.0,0.504,79.4,0,108.09,59.3,78.4,0,4.0,0,9891
2023-01-22,East_Zone,Winter,16.6,0,9391,Kolkata,22.57,88.36,18.4,0.82,9,1,1.85,Humid_Subtropical,76.5,2.8,16.6,11.7,3.5,0,0.27,0.502,149.0,0.504,71.7,0,109.32,61.9,76.1,0,4.0,0,9706
2023-01-23,East_Zone,Winter,11.8,0,8455,Kolkata,22.57,88.36,18.4,0.82,9,1,1.85,Humid_Subtropical,75.8,0.0,11.8,8.1,3.2,0,0.44,0.437,146.0,0.47,79.4,0,109.07,51.5,67.2,0,4.0,0,8477
2023-01-24,East_Zone,Winter,14.7,0,8833,Kolkata,22.57,88.36,18.4,0.82,9,1,1.85,Humid_Subtropical,89.4,1.6,14.7,9.3,3.5,0,0.329,0.494,176.0,0.487,68.0,0,109.83,63.0,69.6,0,4.0,0,8950
2023-01-25,East_Zone,Winter,12.1,0,8145,Kolkata,22.57,88.36,18.4,0.82,9,1,1.85,Humid_Subtropical,89.7,0.0,12.1,4.9,4.2,0,0.668,0.338,152.0,0.407,72.8,0,109.21,53.6,68.2,0,4.0,0,8155
2023-01-26,East_Zone,Winter,13.7,0,7819,Kolkata,22.57,88.36,18.4,0.82,9,1,1.85,Humid_Subtropical,85.5,0.0,13.7,2.8,2.6,0,0.129,0.387,152.0,0.492,69.0,0,108.46,59.1,71.7,0,4.0,0,8133
2023-01-27,East_Zone,Winter,17.2,0,8070,Kolkata,22.57,88.36,18.4,0.82,9,1,1.85,Humid_Subtropical,73.1,0.0,17.2,4.7,4.6,0,0.128,0.431,157.0,0.44,69.9,0,108.37,67.6,75.1,0,4.0,0,8287
2023-01-28,East_Zone,Winter,16.7,0,9721,Kolkata,22.57,88.36,18.4,0.82,9,1,1.85,Humid_Subtropical,82.3,0.0,16.7,6.0,4.2,0,0.399,0.433,162.0,0.465,75.4,0,109.36,50.4,62.7,0,4.0,0,9848
2023-01-29,East_Zone,Winter,12.4,0,7434,Kolkata,22.57,88.36,18.4,0.82,9,1,1.85,Humid_Subtropical,83.8,0.0,12.4,4.1,3.4,0,0.297,0.506,162.0,0.487,74.9,0,107.43,58.0,62.1,0,4.0,0,7539
2023-01-30,East_Zone,Winter,14.3,0,8808,Kolkata,22.57,88.36,18.4,0.82,9,1,1.85,Humid_Subtropical,81.6,2.8,14.3,3.0,4.2,0,0.379,0.36,178.0,0.389,72.2,0,105.81,54.1,67.8,0,4.0,0,8650
2023-01-31,East_Zone,Winter,14.5,0,8982,Kolkata,22.57,88.36,18.4,0.82,9,1,1.85,Humid_Subtropical,85.5,0.0,14.5,7.3,3.3,0,0.19,0.388,127.0,0.435,78.9,0,109.41,58.6,78.8,0,4.0,0,9047
2023-02-01,East_Zone,Winter,20.3,0,9666,Kolkata,22.57,88.36,18.4,0.82,9,1,1.85,Humid_Subtropical,79.0,0.0,20.3,3.0,3.9,0,0.305,0.415,156.0,0.45,77.4,0,109.28,54.2,73.2,0,4.0,0,9881
2023-02-02,East_Zone,Winter,9.9,0,8124,Kolkata,22.57,88.36,18.4,0.82,9,1,1.85,Humid_Subtropical,85.8,0.0,9.9,1.4,2.9,0,0.346,0.389,148.0,0.434,73.8,0,110.65,47.3,79.9,0,4.0,0,8318
2023-02-03,East_Zone,Winter,20.0,0,10326,Kolkata,22.57,88.36,18.4,0.82,9,1,1.85,Humid_Subtropical,79.2,0.0,20.0,2.6,4.3,0,0.246,0.357,145.0,0.428,68.6,0,109.8,53.9,71.2,0,4.0,0,10580
2023-02-04,East_Zone,Winter,11.7,0,7835,Kolkata,22.57,88.36,18.4,0.82,9,1,1.85,Humid_Subtropical,82.7,0.0,11.7,5.3,2.9,0,0.323,0.391,164.0,0.483,76.9,0,109.44,58.2,67.8,0,4.0,0,7953
2023-02-05,East_Zone,Winter,11.6,0,8425,Kolkata,22.57,88.36,18.4,0.82,9,1,1.85,Humid_Subtropical,72.1,0.0,11.6,3.0,3.3,0,0.164,0.405,173.0,0.416,72.6,0,108.85,61.9,63.6,0,4.0,0,8554
2023-02-06,East_Zone,Winter,10.9,0,7496,Kolkata,22.57,88.36,18.4,0.82,9,1,1.85,Humid_Subtropical,81.9,0.0,10.9,5.3,3.7,0,0.339,0.507,139.0,0.429,74.9,0,108.38,58.0,67.9,0,4.0,0,7450
2023-02-07,East_Zone,Winter,12.0,0,8098,Kolkata,22.57,88.36,18.4,0.82,9,1,1.85,Humid_Subtropical,78.0,0.0,12.0,7.8,4.0,0,0.445,0.359,180.0,0.412,76.4,0,108.94,62.5,68.9,0,4.0,0,8045
2023-02-08,East_Zone,Winter,13.9,0,8616,Kolkata,22.57,88.36,18.4,0.82,9,1,1.85,Humid_Subtropical,73.3,0.0,13.9,7.7,3.0,0,0.176,0.469,124.0,0.48,72.8,0,110.2,55.1,59.9,0,4.0,0,8802
2023-02-09,East_Zone,Winter,15.1,0,7977,Kolkata,22.57,88.36,18.4,0.82,9,1,1.85,Humid_Subtropical,87.3,4.2,15.1,4.0,4.0,0,0.17,0.496,161.0,0.489,77.8,0,109.73,54.6,67.8,0,4.0,0,8186
2023-02-10,East_Zone,Winter,16.9,0,9181,Kolkata,22.57,88.36,18.4,0.82,9,1,1.85,Humid_Subtropical,86.5,0.0,16.9,2.1,3.0,0,0.419,0.389,134.0,0.455,72.9,0,110.23,58.5,67.8,0,4.0,0,9431
2023-02-11,East_Zone,Winter,12.0,0,9801,Kolkata,22.57,88.36,18.4,0.82,9,1,1.85,Humid_Subtropical,87.6,0.0,12.0,4.3,2.1,0,0.168,0.436,138.0,0.476,75.6,0,109.43,55.3,72.1,0,4.0,0,10210
2023-02-12,East_Zone,Winter,16.4,0,8984,Kolkata,22.57,88.36,18.4,0.82,9,1,1.85,Humid_Subtropical,79.4,0.0,16.4,8.0,3.1,0,0.384,0.455,151.0,0.461,76.3,0,108.45,60.9,71.8,0,4.0,0,9343
2023-02-13,East_Zone,Winter,19.2,0,11284,Kolkata,22.57,88.36,18.4,0.82,9,1,1.85,Humid_Subtropical,83.2,0.0,19.2,8.7,4.2,0,0.306,0.445,143.0,0.436,76.7,0,110.53,51.6,73.6,0,4.0,0,11809
2023-02-14,East_Zone,Winter,14.6,0,8918,Kolkata,22.57,88.36,18.4,0.82,9,1,1.85,Humid_Subtropical,79.3,0.0,14.6,7.1,3.5,0,0.258,0.425,98.0,0.418,79.2,0,110.47,60.6,63.9,0,4.0,0,9261
2023-02-15,East_Zone,Winter,12.0,0,7891,Kolkata,22.57,88.36,18.4,0.82,9,1,1.85,Humid_Subtropical,81.8,0.0,12.0,9.6,3.0,0,0.447,0.379,161.0,0.397,71.5,0,109.61,61.7,66.3,0,4.0,0,7897
2023-02-16,East_Zone,Winter,14.4,0,8748,Kolkata,22.57,88.36,18.4,0.82,9,1,1.85,Humid_Subtropical,73.9,0.0,14.4,11.2,3.5,0,0.393,0.46,164.0,0.448,70.6,0,110.0,58.5,76.6,0,4.0,0,9287
2023-02-17,East_Zone,Winter,16.0,0,9447,Kolkata,22.57,88.36,18.4,0.82,9,1,1.85,Humid_Subtropical,80.4,0.0,16.0,4.6,3.6,0,0.328,0.398,147.0,0.463,73.0,0,109.97,60.6,70.7,0,4.0,0,10048
2023-02-18,East_Zone,Winter,15.7,0,7959,Kolkata,22.57,88.36,18.4,0.82,9,1,1.85,Humid_Subtropical,78.9,0.0,15.7,10.5,3.9,0,0.085,0.422,146.0,0.453,83.1,0,109.03,54.0,76.2,0,4.0,0,7981
2023-02-19,East_Zone,Winter,12.2,0,7609,Kolkata,22.57,88.36,18.4,0.82,9,1,1.85,Humid_Subtropical,74.2,0.0,12.2,5.2,2.4,0,0.371,0.431,143.0,0.448,78.1,0,109.26,53.4,71.3,0,4.0,0,7685
2023-02-20,East_Zone,Winter,14.2,0,9378,Kolkata,22.57,88.36,18.4,0.82,9,1,1.85,Humid_Subtropical,79.2,0.0,14.2,9.1,3.4,0,0.193,0.471,119.0,0.426,72.3,0,108.63,57.9,72.9,0,4.0,0,9609
2023-02-21,East_Zone,Winter,11.5,0,7591,Kolkata,22.57,88.36,18.4,0.82,9,1,1.85,Humid_Subtropical,80.7,0.0,11.5,8.1,3.4,0,0.278,0.536,117.0,0.551,73.0,0,109.3,53.8,74.6,0,4.0,0,7929
2023-02-22,East_Zone,Winter,17.9,0,9224,Kolkata,22.57,88.36,18.4,0.82,9,1,1.85,Humid_Subtropical,86.2,0.0,17.9,1.0,2.8,0,0.301,0.376,164.0,0.409,74.0,0,110.61,58.4,69.2,0,4.0,0,9092
2023-02-23,East_Zone,Winter,16.4,0,8983,Kolkata,22.57,88.36,18.4,0.82,9,1,1.85,Humid_Subtropical,82.6,0.8,16.4,3.1,2.7,0,0.49,0.423,169.0,0.449,74.8,0,110.44,58.4,68.7,0,4.0,0,9018
2023-02-24,East_Zone,Winter,15.8,0,8759,Kolkata,22.57,88.36,18.4,0.82,9,1,1.85,Humid_Subtropical,78.6,0.0,15.8,2.3,3.3,0,0.275,0.331,161.0,0.453,75.9,0,110.18,56.8,68.6,0,4.0,0,8900
2023-02-25,East_Zone,Winter,17.0,0,8014,Kolkata,22.57,88.36,18.4,0.82,9,1,1.85,Humid_Subtropical,79.0,0.0,17.0,1.0,3.6,0,0.158,0.509,157.0,0.469,76.0,0,110.6,58.4,71.6,0,4.0,0,8217
2023-02-26,East_Zone,Winter,13.9,0,8714,Kolkata,22.57,88.36,18.4,0.82,9,1,1.85,Humid_Subtropical,79.9,0.0,13.9,8.6,3.5,0,0.447,0.423,164.0,0.422,77.6,0,109.3,59.3,74.9,0,4.0,0,8956
2023-02-27,East_Zone,Winter,16.6,0,10344,Kolkata,22.57,88.36,18.4,0.82,9,1,1.85,Humid_Subtropical,77.0,0.0,16.6,12.2,3.2,0,0.373,0.402,163.0,0.465,80.0,0,108.51,56.0,70.0,0,4.0,0,10830
2023-02-28,East_Zone,Winter,13.8,0,9640,Kolkata,22.57,88.36,18.4,0.82,9,1,1.85,Humid_Subtropical,74.3,2.0,13.8,5.2,3.1,0,0.376,0.423,136.0,0.406,73.6,0,109.54,54.9,77.8,0,4.0,0,9640
2023-03-01,East_Zone,Summer,32.4,0,14153,Kolkata,22.57,88.36,18.4,0.82,9,1,1.85,Humid_Subtropical,43.8,0.4,33.6,8.6,9.1,0,0.449,0.626,99.0,0.549,73.4,0,109.64,60.1,53.7,0,4.0,0,15079
2023-03-02,East_Zone,Summer,32.7,1,17970,Kolkata,22.57,88.36,18.4,0.82,9,1,1.85,Humid_Subtropical,40.6,2.0,33.4,10.5,9.6,0,0.472,0.576,90.0,0.492,72.9,0,110.41,58.3,52.6,0,4.0,1,18845
2023-03-03,East_Zone,Summer,37.5,0,14196,Kolkata,22.57,88.36,18.4,0.82,9,1,1.85,Humid_Subtropical,35.2,0.0,40.4,6.6,10.4,0,0.211,0.691,90.0,0.505,73.2,0,110.26,58.9,50.9,0,4.0,1,14200
2023-03-04,East_Zone,Summer,37.9,0,13976,Kolkata,22.57,88.36,18.4,0.82,9,1,1.85,Humid_Subtropical,43.8,0.0,45.0,5.9,8.3,0,0.161,0.659,116.0,0.462,75.1,0,110.78,59.6,44.9,0,4.0,1,13939
2023-03-05,East_Zone,Summer,34.6,0,14312,Kolkata,22.57,88.36,18.4,0.82,9,1,1.85,Humid_Subtropical,45.2,0.0,38.1,5.3,9.9,0,0.384,0.667,123.0,0.472,75.9,0,107.77,56.7,46.9,0,4.0,1,14429
2023-03-06,East_Zone,Summer,28.8,0,12061,Kolkata,22.57,88.36,18.4,0.82,9,1,1.85,Humid_Subtropical,37.8,0.0,28.2,7.6,9.1,0,0.274,0.579,53.0,0.483,79.2,0,109.0,55.2,44.3,0,4.0,0,12009
2023-03-07,East_Zone,Summer,41.1,0,14918,Kolkata,22.57,88.36,18.4,0.82,9,1,1.85,Humid_Subtropical,38.7,0.1,50.3,8.6,10.1,0,0.283,0.576,90.0,0.541,71.9,0,109.72,54.4,51.1,0,4.0,0,15404
2023-03-08,East_Zone,Summer,30.5,0,13405,Kolkata,22.57,88.36,18.4,0.82,9,1,1.85,Humid_Subtropical,50.7,0.0,31.9,7.4,10.0,0,0.188,0.613,89.0,0.5,75.1,0,110.31,56.8,46.7,0,4.0,1,13778
2023-03-09,East_Zone,Summer,34.9,0,13811,Kolkata,22.57,88.36,18.4,0.82,9,1,1.85,Humid_Subtropical,48.4,0.0,39.8,7.3,9.0,0,0.358,0.668,116.0,0.517,71.5,0,111.94,59.7,43.3,0,4.0,1,14162
2023-03-10,East_Zone,Summer,36.9,0,13403,Kolkata,22.57,88.36,18.4,0.82,9,1,1.85,Humid_Subtropical,47.0,0.0,44.0,5.8,10.2,0,0.34,0.65,69.0,0.514,75.2,0,108.88,58.7,42.9,0,4.0,1,13705
2023-03-11,East_Zone,Summer,32.3,0,13705,Kolkata,22.57,88.36,18.4,0.82,9,1,1.85,Humid_Subtropical,44.8,0.0,33.7,1.2,8.6,0,0.284,0.573,41.0,0.554,82.0,0,109.16,57.2,39.0,0,4.0,1,13873
2023-03-12,East_Zone,Summer,30.5,0,13581,Kolkata,22.57,88.36,18.4,0.82,9,1,1.85,Humid_Subtropical,41.5,0.0,30.5,8.7,9.4,0,0.161,0.66,110.0,0.492,73.6,0,109.46,58.2,42.1,0,4.0,1,13866
2023-03-13,East_Zone,Summer,34.4,0,12670,Kolkata,22.57,88.36,18.4,0.82,9,1,1.85,Humid_Subtropical,37.9,0.0,35.6,2.1,9.3,0,0.421,0.562,112.0,0.527,81.4,0,109.15,52.2,51.1,0,4.0,0,13297
2023-03-14,East_Zone,Summer,39.7,0,14702,Kolkata,22.57,88.36,18.4,0.82,9,1,1.85,Humid_Subtropical,41.9,0.0,48.6,7.9,9.8,0,0.326,0.58,63.0,0.473,71.5,0,109.01,54.7,50.4,0,4.0,0,14373
2023-03-15,East_Zone,Summer,36.4,0,13053,Kolkata,22.57,88.36,18.4,0.82,9,1,1.85,Humid_Subtropical,44.1,0.0,41.5,8.3,9.0,0,0.412,0.629,93.0,0.476,72.6,0,109.96,59.7,41.8,0,4.0,0,13209
2023-03-16,East_Zone,Summer,31.2,0,12603,Kolkata,22.57,88.36,18.4,0.82,9,1,1.85,Humid_Subtropical,51.7,0.0,33.3,2.6,9.6,0,0.09,0.55,123.0,0.475,73.0,0,110.91,54.0,39.5,0,4.0,1,12772
2023-03-17,East_Zone,Summer,28.2,0,11461,Kolkata,22.57,88.36,18.4,0.82,9,1,1.85,Humid_Subtropical,52.6,0.0,28.9,4.2,10.1,0,0.306,0.562,76.0,0.478,74.5,0,110.05,57.6,49.8,0,4.0,0,11610
2023-03-18,East_Zone,Summer,40.4,0,14576,Kolkata,22.57,88.36,18.4,0.82,9,1,1.85,Humid_Subtropical,39.1,3.6,48.8,12.4,9.2,0,0.228,0.713,97.0,0.535,73.5,0,109.08,56.8,47.1,0,4.0,0,15039
2023-03-19,East_Zone,Summer,30.9,0,13419,Kolkata,22.57,88.36,18.4,0.82,9,1,1.85,Humid_Subtropical,39.2,0.0,30.7,5.8,9.4,0,0.304,0.702,104.0,0.446,76.3,0,109.75,56.4,35.1,0,4.0,0,13750
2023-03-20,East_Zone,Summer,40.1,0,15113,Kolkata,22.57,88.36,18.4,0.82,9,1,1.85,Humid_Subtropical,38.3,0.0,47.6,2.3,10.3,0,0.394,0.757,69.0,0.534,65.8,0,108.92,59.3,59.4,0,4.0,1,15586
2023-03-21,East_Zone,Summer,36.2,0,13501,Kolkata,22.57,88.36,18.4,0.82,9,1,1.85,Humid_Subtropical,43.4,0.0,40.8,8.4,9.4,0,0.337,0.647,85.0,0.484,71.1,0,110.95,58.3,45.1,0,4.0,1,14198
2023-03-22,East_Zone,Summer,29.5,0,12274,Kolkata,22.57,88.36,18.4,0.82,9,1,1.85,Humid_Subtropical,45.3,0.0,29.7,3.7,10.0,0,0.302,0.659,65.0,0.483,79.7,0,111.44,52.8,53.5,0,4.0,1,12314
2023-03-23,East_Zone,Summer,34.9,0,14036,Kolkata,22.57,88.36,18.4,0.82,9,1,1.85,Humid_Subtropical,40.2,0.0,37.1,1.0,9.2,0,0.301,0.611,92.0,0.454,69.8,0,108.38,58.4,45.9,0,4.0,1,14292
2023-03-24,East_Zone,Summer,27.4,0,14691,Kolkata,22.57,88.36,18.4,0.82,9,1,1.85,Humid_Subtropical,48.8,0.0,27.7,7.6,9.1,0,0.144,0.599,81.0,0.479,72.9,0,110.21,55.1,39.8,0,4.0,1,14820
2023-03-25,East_Zone,Summer,35.9,0,14203,Kolkata,22.57,88.36,18.4,0.82,9,1,1.85,Humid_Subtropical,39.9,0.0,38.9,3.3,8.9,0,0.209,0.672,99.0,0.493,75.8,0,109.21,51.2,46.0,0,4.0,0,14524
2023-03-26,East_Zone,Summer,29.0,0,12441,Kolkata,22.57,88.36,18.4,0.82,9,1,1.85,Humid_Subtropical,43.5,0.0,28.9,7.0,9.3,0,0.412,0.702,106.0,0.503,73.9,0,110.05,60.0,37.7,0,4.0,0,12786
2023-03-27,East_Zone,Summer,40.1,0,14979,Kolkata,22.57,88.36,18.4,0.82,9,1,1.85,Humid_Subtropical,41.5,0.0,49.4,3.6,9.8,0,0.249,0.667,120.0,0.458,71.5,0,109.91,52.2,44.4,0,4.0,0,15045
2023-03-28,East_Zone,Summer,33.9,0,13427,Kolkata,22.57,88.36,18.4,0.82,9,1,1.85,Humid_Subtropical,41.7,0.0,35.7,8.1,9.8,0,0.414,0.57,137.0,0.485,75.3,0,108.65,55.0,39.6,0,4.0,1,13724
2023-03-29,East_Zone,Summer,36.7,0,13269,Kolkata,22.57,88.36,18.4,0.82,9,1,1.85,Humid_Subtropical,43.2,0.6,41.9,6.6,9.2,0,0.383,0.643,99.0,0.477,76.5,0,111.21,58.7,44.0,0,4.0,1,13885
2023-03-30,East_Zone,Summer,35.7,0,13891,Kolkata,22.57,88.36,18.4,0.82,9,1,1.85,Humid_Subtropical,43.9,0.0,39.9,1.0,9.1,0,0.388,0.574,89.0,0.434,72.2,0,109.85,56.6,46.2,0,4.0,1,13923
2023-03-31,East_Zone,Summer,28.0,0,11453,Kolkata,22.57,88.36,18.4,0.82,9,1,1.85,Humid_Subtropical,41.5,0.0,27.8,7.1,9.4,0,0.333,0.601,88.0,0.474,75.2,0,109.53,54.3,46.5,0,4.0,1,11511
2023-04-01,East_Zone,Summer,33.5,0,13796,Kolkata,22.57,88.36,18.4,0.82,9,1,1.85,Humid_Subtropical,41.5,0.0,34.9,5.1,10.3,0,0.256,0.718,78.0,0.496,76.6,0,110.12,53.1,37.7,0,4.0,1,14287
2023-04-02,East_Zone,Summer,35.8,0,13403,Kolkata,22.57,88.36,18.4,0.82,9,1,1.85,Humid_Subtropical,49.7,0.0,42.5,10.3,9.9,0,0.285,0.548,103.0,0.478,77.2,0,109.13,53.6,41.8,0,4.0,1,13680
2023-04-03,East_Zone,Summer,40.0,0,14049,Kolkata,22.57,88.36,18.4,0.82,9,1,1.85,Humid_Subtropical,34.2,0.0,45.1,7.2,10.9,0,0.364,0.75,86.0,0.511,75.1,0,109.82,52.6,35.1,0,4.0,1,13959
2023-04-04,East_Zone,Summer,30.9,0,13253,Kolkata,22.57,88.36,18.4,0.82,9,1,1.85,Humid_Subtropical,34.9,0.0,30.1,8.3,9.6,0,0.087,0.653,104.0,0.46,79.1,0,108.16,55.8,48.1,0,4.0,1,13544
2023-04-05,East_Zone,Summer,42.0,0,15039,Kolkata,22.57,88.36,18.4,0.82,9,1,1.85,Humid_Subtropical,29.5,1.7,46.9,3.9,10.2,0,0.424,0.592,78.0,0.461,74.1,0,107.64,53.9,46.0,0,4.0,0,15329
2023-04-06,East_Zone,Summer,36.7,0,13208,Kolkata,22.57,88.36,18.4,0.82,9,1,1.85,Humid_Subtropical,42.1,0.0,41.4,3.6,10.0,0,0.25,0.624,87.0,0.444,71.1,0,109.02,51.1,39.1,0,4.0,0,13248
2023-04-07,East_Zone,Summer,31.3,0,13726,Kolkata,22.57,88.36,18.4,0.82,9,1,1.85,Humid_Subtropical,45.4,0.0,32.2,5.9,10.2,0,0.291,0.579,103.0,0.519,73.3,0,109.46,55.6,52.0,0,4.0,0,14336
2023-04-08,East_Zone,Summer,36.5,0,15046,Kolkata,22.57,88.36,18.4,0.82,9,1,1.85,Humid_Subtropical,41.5,0.0,40.7,4.9,10.3,0,0.292,0.587,93.0,0.526,77.6,0,108.23,53.7,47.3,0,4.0,0,14935
2023-04-09,East_Zone,Summer,39.3,0,13164,Kolkata,22.57,88.36,18.4,0.82,9,1,1.85,Humid_Subtropical,46.5,0.0,50.3,10.0,9.1,0,0.296,0.624,60.0,0.539,71.3,0,109.48,57.9,44.5,0,4.0,1,13001
2023-04-10,East_Zone,Summer,30.2,0,12773,Kolkata,22.57,88.36,18.4,0.82,9,1,1.85,Humid_Subtropical,32.5,0.0,29.1,5.5,9.7,0,0.169,0.6,95.0,0.472,67.3,0,109.44,58.2,42.6,0,4.0,1,13098
2023-04-11,East_Zone,Summer,28.2,0,11209,Kolkata,22.57,88.36,18.4,0.82,9,1,1.85,Humid_Subtropical,49.1,0.0,28.6,2.3,9.3,0,0.315,0.564,81.0,0.52,75.4,0,109.91,62.3,41.8,0,4.0,0,11217
2023-04-12,East_Zone,Summer,40.7,0,14743,Kolkata,22.57,88.36,18.4,0.82,9,1,1.85,Humid_Subtropical,47.4,0.0,55.1,3.5,9.7,0,0.359,0.607,116.0,0.504,72.7,0,110.58,59.8,41.1,0,4.0,1,14943
2023-04-13,East_Zone,Summer,37.8,0,14437,Kolkata,22.57,88.36,18.4,0.82,9,1,1.85,Humid_Subtropical,35.7,0.0,41.2,8.9,8.6,0,0.096,0.541,112.0,0.451,80.7,0,111.67,53.3,50.9,0,4.0,0,14380
2023-04-14,East_Zone,Summer,32.3,0,11738,Kolkata,22.57,88.36,18.4,0.82,9,1,1.85,Humid_Subtropical,42.7,0.0,33.3,5.5,8.4,0,0.17,0.544,54.0,0.457,74.8,0,110.38,48.5,46.4,0,4.0,1,11991
2023-04-15,East_Zone,Summer,35.9,0,15146,Kolkata,22.57,88.36,18.4,0.82,9,1,1.85,Humid_Subtropical,38.7,2.3,38.5,5.3,9.3,0,0.39,0.543,109.0,0.471,77.7,0,108.96,50.5,39.8,0,4.0,0,15266
2023-04-16,East_Zone,Summer,32.4,0,13153,Kolkata,22.57,88.36,18.4,0.82,9,1,1.85,Humid_Subtropical,40.1,0.3,32.9,9.2,8.5,0,0.371,0.72,102.0,0.523,72.5,0,110.6,55.2,51.5,0,4.0,1,13545
2023-04-17,East_Zone,Summer,28.9,0,11692,Kolkata,22.57,88.36,18.4,0.82,9,1,1.85,Humid_Subtropical,45.0,0.0,29.0,3.3,9.0,0,0.33,0.644,68.0,0.512,75.8,0,111.33,51.1,44.5,0,4.0,1,11719
2023-04-18,East_Zone,Summer,36.4,0,14685,Kolkata,22.57,88.36,18.4,0.82,9,1,1.85,Humid_Subtropical,49.3,0.0,43.8,1.0,10.0,0,0.232,0.656,111.0,0.504,75.1,0,108.8,54.1,40.4,0,4.0,0,14852
2023-04-19,East_Zone,Summer,37.2,0,12680,Kolkata,22.57,88.36,18.4,0.82,9,1,1.85,Humid_Subtropical,50.9,0.0,46.8,3.4,9.3,0,0.372,0.621,72.0,0.485,78.1,0,108.84,56.7,54.9,0,4.0,1,13014
2023-04-20,East_Zone,Summer,33.2,0,12519,Kolkata,22.57,88.36,18.4,0.82,9,1,1.85,Humid_Subtropical,42.4,0.0,34.7,6.7,9.5,0,0.18,0.65,116.0,0.543,74.6,0,108.48,54.1,39.5,0,4.0,0,12630
2023-04-21,East_Zone,Summer,33.8,0,13352,Kolkata,22.57,88.36,18.4,0.82,9,1,1.85,Humid_Subtropical,53.2,0.0,39.1,5.3,8.8,0,0.286,0.691,83.0,0.509,72.4,0,109.32,57.8,40.9,0,4.0,0,13487
2023-04-22,East_Zone,Summer,39.3,0,15052,Kolkata,22.57,88.36,18.4,0.82,9,1,1.85,Humid_Subtropical,40.6,0.0,46.8,1.3,9.9,0,0.169,0.644,68.0,0.496,77.1,0,110.25,54.7,45.0,0,4.0,0,15326
2023-04-23,East_Zone,Summer,40.7,0,14608,Kolkata,22.57,88.36,18.4,0.82,9,1,1.85,Humid_Subtropical,48.3,0.0,55.8,9.0,10.1,0,0.284,0.718,133.0,0.513,71.9,0,111.34,54.5,46.6,0,4.0,1,15163
2023-04-24,East_Zone,Summer,29.3,0,13497,Kolkata,22.57,88.36,18.4,0.82,9,1,1.85,Humid_Subtropical,46.0,0.0,29.6,6.5,8.4,0,0.197,0.618,67.0,0.491,71.5,0,110.74,64.1,41.2,0,4.0,0,13766
2023-04-25,East_Zone,Summer,36.7,0,13588,Kolkata,22.57,88.36,18.4,0.82,9,1,1.85,Humid_Subtropical,42.6,0.0,41.6,7.2,9.1,0,0.376,0.656,80.0,0.463,73.9,0,110.22,57.0,33.9,0,4.0,1,13906
2023-04-26,East_Zone,Summer,36.8,0,14856,Kolkata,22.57,88.36,18.4,0.82,9,1,1.85,Humid_Subtropical,43.7,0.0,42.3,7.3,8.8,0,0.343,0.662,84.0,0.475,73.0,0,109.87,57.4,45.2,0,4.0,1,15076
2023-04-27,East_Zone,Summer,35.5,0,13285,Kolkata,22.57,88.36,18.4,0.82,9,1,1.85,Humid_Subtropical,58.6,0.0,45.9,2.1,9.8,0,0.243,0.564,87.0,0.554,74.1,0,110.2,60.5,39.8,0,4.0,0,13702
2023-04-28,East_Zone,Summer,33.2,0,13541,Kolkata,22.57,88.36,18.4,0.82,9,1,1.85,Humid_Subtropical,48.3,0.0,36.2,6.9,9.5,0,0.409,0.623,108.0,0.446,72.0,0,110.24,60.6,43.2,0,4.0,1,13427
2023-04-29,East_Zone,Summer,35.8,0,14918,Kolkata,22.57,88.36,18.4,0.82,9,1,1.85,Humid_Subtropical,39.0,1.1,38.4,8.7,9.5,0,0.204,0.51,96.0,0.476,77.4,0,111.08,56.0,40.9,0,4.0,0,15089
2023-04-30,East_Zone,Summer,33.9,0,12703,Kolkata,22.57,88.36,18.4,0.82,9,1,1.85,Humid_Subtropical,48.5,0.0,37.7,9.4,9.4,0,0.296,0.612,113.0,0.503,77.3,0,109.74,61.1,39.6,0,4.0,0,12919
2023-05-01,East_Zone,Summer,45.3,0,16466,Kolkata,22.57,88.36,18.4,0.82,9,1,1.85,Humid_Subtropical,35.0,0.0,59.1,8.2,10.2,1,0.239,0.603,102.0,0.521,76.5,0,110.01,55.2,43.7,1,4.0,0,19119
2023-05-02,East_Zone,Summer,38.3,0,15001,Kolkata,22.57,88.36,18.4,0.82,9,1,1.85,Humid_Subtropical,38.6,0.0,43.4,7.5,9.9,0,0.374,0.6,65.0,0.501,76.2,0,109.32,60.8,41.8,1,4.0,1,15780
2023-05-03,East_Zone,Summer,35.7,0,13754,Kolkata,22.57,88.36,18.4,0.82,9,1,1.85,Humid_Subtropical,47.1,0.0,41.2,1.0,9.2,0,0.364,0.596,105.0,0.546,68.5,0,109.82,52.0,40.8,1,4.0,1,14425
2023-05-04,East_Zone,Summer,23.8,0,10095,Kolkata,22.57,88.36,18.4,0.82,9,1,1.85,Humid_Subtropical,49.9,0.0,23.8,6.0,8.6,0,0.43,0.651,99.0,0.51,74.3,0,109.43,55.5,49.8,1,4.0,0,10717
2023-05-05,East_Zone,Summer,36.3,0,11903,Kolkata,22.57,88.36,18.4,0.82,9,1,1.85,Humid_Subtropical,43.6,0.0,41.1,3.1,9.5,0,0.308,0.567,84.0,0.522,76.6,0,108.48,57.3,40.0,1,4.0,1,12501
2023-05-06,East_Zone,Summer,35.3,0,14350,Kolkata,22.57,88.36,18.4,0.82,9,1,1.85,Humid_Subtropical,42.9,0.0,38.7,9.8,9.4,0,0.004,0.732,132.0,0.554,78.0,0,110.53,58.7,43.7,1,4.0,1,15612
2023-05-07,East_Zone,Summer,38.3,0,15061,Kolkata,22.57,88.36,18.4,0.82,9,1,1.85,Humid_Subtropical,42.7,0.0,45.4,9.4,10.9,0,0.257,0.654,106.0,0.55,73.4,0,111.12,54.1,44.8,1,4.0,1,15925
2023-05-08,East_Zone,Summer,38.8,0,15992,Kolkata,22.57,88.36,18.4,0.82,9,1,1.85,Humid_Subtropical,42.8,0.0,46.8,3.1,9.5,0,0.457,0.572,112.0,0.484,77.9,0,109.58,50.2,36.5,1,4.0,1,16952
2023-05-09,East_Zone,Summer,39.4,0,15003,Kolkata,22.57,88.36,18.4,0.82,9,1,1.85,Humid_Subtropical,30.7,0.0,42.3,5.9,9.9,0,0.268,0.659,113.0,0.517,74.9,0,109.92,58.8,39.4,1,4.0,1,16020
2023-05-10,East_Zone,Summer,34.5,0,13707,Kolkata,22.57,88.36,18.4,0.82,9,1,1.85,Humid_Subtropical,46.6,0.0,38.3,6.7,9.8,0,0.108,0.68,87.0,0.499,66.3,0,110.43,56.3,44.8,1,4.0,0,14892
2023-05-11,East_Zone,Summer,33.9,0,14368,Kolkata,22.57,88.36,18.4,0.82,9,1,1.85,Humid_Subtropical,38.7,0.0,35.0,8.7,10.3,0,0.345,0.642,106.0,0.505,73.7,0,109.41,55.2,44.6,1,4.0,0,15492
2023-05-12,East_Zone,Summer,37.3,0,14017,Kolkata,22.57,88.36,18.4,0.82,9,1,1.85,Humid_Subtropical,34.4,0.3,39.7,1.0,9.1,0,0.352,0.56,101.0,0.486,71.5,0,109.72,63.5,41.1,1,4.0,1,15017
2023-05-13,East_Zone,Summer,40.3,0,14840,Kolkata,22.57,88.36,18.4,0.82,9,1,1.85,Humid_Subtropical,39.5,0.0,48.8,1.0,10.6,0,0.227,0.754,85.0,0.466,72.2,0,109.29,55.5,44.9,1,4.0,1,16002
2023-05-14,East_Zone,Summer,31.2,0,12795,Kolkata,22.57,88.36,18.4,0.82,9,1,1.85,Humid_Subtropical,45.7,0.0,32.1,6.1,9.2,0,0.275,0.658,73.0,0.5,77.2,0,108.93,54.5,46.3,1,4.0,1,13922
2023-05-15,East_Zone,Summer,31.7,0,13674,Kolkata,22.57,88.36,18.4,0.82,9,1,1.85,Humid_Subtropical,41.5,8.2,32.1,1.0,10.8,0,0.215,0.545,95.0,0.503,74.9,0,109.98,49.8,47.9,1,4.0,0,14246
2023-05-16,East_Zone,Summer,31.6,0,12812,Kolkata,22.57,88.36,18.4,0.82,9,1,1.85,Humid_Subtropical,49.2,3.9,33.5,6.5,9.5,0,0.352,0.633,106.0,0.458,72.4,0,109.95,52.6,48.3,1,4.0,1,13356
2023-05-17,East_Zone,Summer,38.8,0,14119,Kolkata,22.57,88.36,18.4,0.82,9,1,1.85,Humid_Subtropical,34.0,0.8,42.5,7.8,9.0,0,0.306,0.607,95.0,0.462,72.0,0,110.33,60.6,51.0,1,4.0,1,15067
2023-05-18,East_Zone,Summer,36.6,0,13382,Kolkata,22.57,88.36,18.4,0.82,9,1,1.85,Humid_Subtropical,40.0,0.0,40.4,9.7,9.5,0,0.183,0.62,92.0,0.53,75.3,0,109.38,53.9,45.5,1,4.0,0,14348
2023-05-19,East_Zone,Summer,36.0,0,14448,Kolkata,22.57,88.36,18.4,0.82,9,1,1.85,Humid_Subtropical,39.5,0.7,39.0,4.1,10.4,0,0.299,0.548,95.0,0.517,73.4,0,108.16,58.8,38.1,1,4.0,0,15028
2023-05-20,East_Zone,Summer,34.8,0,13734,Kolkata,22.57,88.36,18.4,0.82,9,1,1.85,Humid_Subtropical,42.9,0.0,37.7,6.5,9.5,0,0.227,0.623,90.0,0.477,76.1,0,110.44,52.0,43.5,1,4.0,1,14739
2023-05-21,East_Zone,Summer,36.8,0,13969,Kolkata,22.57,88.36,18.4,0.82,9,1,1.85,Humid_Subtropical,43.3,0.0,42.1,8.0,9.6,0,0.446,0.57,123.0,0.488,71.5,0,108.58,53.0,38.7,1,4.0,0,14452
2023-05-22,East_Zone,Summer,38.6,0,15736,Kolkata,22.57,88.36,18.4,0.82,9,1,1.85,Humid_Subtropical,35.8,0.0,42.9,2.5,10.1,0,0.389,0.599,100.0,0.487,72.9,0,108.53,52.8,49.2,1,4.0,1,16704
2023-05-23,East_Zone,Summer,31.3,0,14237,Kolkata,22.57,88.36,18.4,0.82,9,1,1.85,Humid_Subtropical,48.8,0.0,32.9,8.7,9.1,0,0.288,0.643,86.0,0.536,70.6,0,108.73,58.4,51.9,1,4.0,0,15337
2023-05-24,East_Zone,Summer,33.8,0,15041,Kolkata,22.57,88.36,18.4,0.82,9,1,1.85,Humid_Subtropical,44.0,2.1,36.2,6.8,9.3,0,0.308,0.591,62.0,0.472,72.3,0,107.49,55.1,45.0,1,4.0,0,16052
2023-05-25,East_Zone,Summer,33.8,0,14025,Kolkata,22.57,88.36,18.4,0.82,9,1,1.85,Humid_Subtropical,34.3,0.0,33.8,4.2,8.9,0,0.401,0.603,91.0,0.479,80.5,0,108.99,52.2,50.8,1,4.0,1,14853
2023-05-26,East_Zone,Summer,37.8,0,14142,Kolkata,22.57,88.36,18.4,0.82,9,1,1.85,Humid_Subtropical,31.5,6.5,39.6,6.4,10.7,0,0.283,0.669,85.0,0.547,71.8,0,109.79,59.8,50.5,1,4.0,0,15568
2023-05-27,East_Zone,Summer,35.3,0,14974,Kolkata,22.57,88.36,18.4,0.82,9,1,1.85,Humid_Subtropical,42.8,0.0,38.7,5.6,8.8,0,0.376,0.567,84.0,0.452,72.6,0,108.71,58.5,46.5,1,4.0,0,16231
2023-05-28,East_Zone,Summer,33.7,0,13093,Kolkata,22.57,88.36,18.4,0.82,9,1,1.85,Humid_Subtropical,42.7,0.0,35.6,8.3,9.5,0,0.448,0.581,112.0,0.47,71.5,0,110.46,58.5,47.6,1,4.0,0,14255
2023-05-29,East_Zone,Summer,30.4,0,13850,Kolkata,22.57,88.36,18.4,0.82,9,1,1.85,Humid_Subtropical,45.2,0.0,30.9,4.9,9.6,0,0.251,0.545,96.0,0.48,73.5,0,110.37,58.3,49.7,1,4.0,1,15148
2023-05-30,East_Zone,Summer,33.1,0,14229,Kolkata,22.57,88.36,18.4,0.82,9,1,1.85,Humid_Subtropical,44.0,0.0,34.9,6.7,9.4,0,0.465,0.571,65.0,0.528,73.8,0,109.95,53.6,38.0,1,4.0,0,15352
2023-05-31,East_Zone,Summer,32.6,0,14083,Kolkata,22.57,88.36,18.4,0.82,9,1,1.85,Humid_Subtropical,45.6,0.0,34.4,4.1,8.6,0,0.436,0.628,106.0,0.461,77.7,0,107.1,60.9,46.2,1,4.0,1,15058
2023-06-01,East_Zone,Monsoon,30.4,0,12422,Kolkata,22.57,88.36,18.4,0.82,9,1,1.85,Humid_Subtropical,96.5,7.1,44.7,11.2,5.2,0,0.325,0.118,32.0,0.348,72.8,0,110.44,56.8,36.8,0,4.0,0,11825
2023-06-02,East_Zone,Monsoon,25.8,0,10926,Kolkata,22.57,88.36,18.4,0.82,9,1,1.85,Humid_Subtropical,89.0,20.8,25.8,14.5,5.9,0,0.256,0.032,72.0,0.366,74.3,0,108.74,57.6,26.8,0,4.0,0,10288
2023-06-03,East_Zone,Monsoon,26.0,0,12352,Kolkata,22.57,88.36,18.4,0.82,9,1,1.85,Humid_Subtropical,88.5,0.4,26.0,11.3,5.1,0,0.324,0.117,51.0,0.392,68.4,0,110.62,58.8,43.6,0,4.0,0,12195
2023-06-04,East_Zone,Monsoon,28.5,0,11228,Kolkata,22.57,88.36,18.4,0.82,9,1,1.85,Humid_Subtropical,87.4,52.9,34.8,16.4,4.4,0,0.276,0.086,62.0,0.368,71.4,0,108.31,52.5,39.5,0,4.0,0,10516
2023-06-05,East_Zone,Monsoon,27.2,0,11706,Kolkata,22.57,88.36,18.4,0.82,9,1,1.85,Humid_Subtropical,95.1,25.6,31.9,15.8,5.8,0,0.221,0.0,60.0,0.336,77.3,0,108.74,64.1,39.5,0,4.0,0,11390
2023-06-06,East_Zone,Monsoon,21.6,0,10238,Kolkata,22.57,88.36,18.4,0.82,9,1,1.85,Humid_Subtropical,99.0,0.0,21.6,11.7,4.8,0,0.353,0.09,57.0,0.366,71.4,0,108.94,56.5,36.0,0,4.0,0,9744
2023-06-07,East_Zone,Monsoon,30.2,0,12432,Kolkata,22.57,88.36,18.4,0.82,9,1,1.85,Humid_Subtropical,89.7,0.0,41.4,14.6,6.1,0,0.198,0.152,64.0,0.333,76.3,0,107.89,56.3,29.3,0,4.0,0,11759
2023-06-08,East_Zone,Monsoon,28.8,0,12578,Kolkata,22.57,88.36,18.4,0.82,9,1,1.85,Humid_Subtropical,80.2,2.4,34.2,11.7,5.6,0,0.266,0.0,61.0,0.343,71.2,0,107.17,54.2,27.7,0,4.0,0,12007
2023-06-09,East_Zone,Monsoon,27.0,0,12327,Kolkata,22.57,88.36,18.4,0.82,9,1,1.85,Humid_Subtropical,85.3,34.7,30.3,9.2,5.5,0,0.267,0.2,94.0,0.434,73.5,0,106.36,60.1,33.5,0,4.0,0,11998
2023-06-10,East_Zone,Monsoon,32.4,0,11874,Kolkata,22.57,88.36,18.4,0.82,9,1,1.85,Humid_Subtropical,86.4,11.3,48.9,12.2,5.9,0,0.163,0.043,64.0,0.311,79.1,0,111.68,62.4,37.5,0,4.0,0,11284
2023-06-11,East_Zone,Monsoon,27.0,0,13605,Kolkata,22.57,88.36,18.4,0.82,9,1,1.85,Humid_Subtropical,91.0,46.2,30.8,13.8,4.9,0,0.366,0.0,64.0,0.316,76.2,0,107.02,56.4,36.7,0,4.0,0,12710
2023-06-12,East_Zone,Monsoon,28.5,0,12100,Kolkata,22.57,88.36,18.4,0.82,9,1,1.85,Humid_Subtropical,90.9,7.3,35.6,15.6,5.2,0,0.277,0.088,47.0,0.35,68.1,0,107.0,49.9,42.6,0,4.0,0,11364
2023-06-13,East_Zone,Monsoon,27.2,0,12826,Kolkata,22.57,88.36,18.4,0.82,9,1,1.85,Humid_Subtropical,93.9,76.8,31.8,14.4,5.5,1,0.43,0.13,67.0,0.362,83.7,0,109.2,56.0,32.4,0,4.0,0,12508
2023-06-14,East_Zone,Monsoon,25.2,0,12036,Kolkata,22.57,88.36,18.4,0.82,9,1,1.85,Humid_Subtropical,93.3,23.4,25.2,16.7,4.8,0,0.276,0.063,42.0,0.411,70.9,0,107.17,55.6,32.2,0,4.0,0,11791
2023-06-15,East_Zone,Monsoon,27.2,0,11192,Kolkata,22.57,88.36,18.4,0.82,9,1,1.85,Humid_Subtropical,98.9,18.5,32.4,11.1,6.0,0,0.259,0.099,81.0,0.337,79.6,0,106.95,54.0,34.0,0,4.0,0,10633
2023-06-16,East_Zone,Monsoon,27.3,0,11789,Kolkata,22.57,88.36,18.4,0.82,9,1,1.85,Humid_Subtropical,90.2,72.4,31.6,12.9,5.4,1,0.21,0.207,33.0,0.358,72.7,0,105.65,51.3,28.2,0,4.0,0,11671
2023-06-17,East_Zone,Monsoon,26.5,0,12516,Kolkata,22.57,88.36,18.4,0.82,9,1,1.85,Humid_Subtropical,89.8,0.0,26.5,18.9,4.7,0,0.304,0.092,45.0,0.386,70.3,0,108.79,50.3,41.5,0,4.0,0,12239
2023-06-18,East_Zone,Monsoon,25.8,0,11555,Kolkata,22.57,88.36,18.4,0.82,9,1,1.85,Humid_Subtropical,96.9,8.8,25.8,8.2,5.2,0,0.304,0.259,31.0,0.385,72.6,0,107.39,61.8,32.7,0,4.0,0,11052
2023-06-19,East_Zone,Monsoon,29.6,0,12506,Kolkata,22.57,88.36,18.4,0.82,9,1,1.85,Humid_Subtropical,84.6,52.2,37.7,12.6,5.8,0,0.374,0.156,68.0,0.403,72.0,0,109.07,59.6,35.3,0,4.0,0,11972
2023-06-20,East_Zone,Monsoon,30.3,0,12232,Kolkata,22.57,88.36,18.4,0.82,9,1,1.85,Humid_Subtropical,93.8,42.8,43.2,10.8,5.5,0,0.307,0.083,52.0,0.355,72.4,0,108.32,56.5,38.1,0,4.0,0,11946
2023-06-21,East_Zone,Monsoon,29.9,0,12988,Kolkata,22.57,88.36,18.4,0.82,9,1,1.85,Humid_Subtropical,92.6,0.0,41.2,13.4,6.0,0,0.509,0.097,72.0,0.378,74.2,0,108.45,53.8,30.2,0,4.0,0,12568
2023-06-22,East_Zone,Monsoon,30.9,0,11217,Kolkata,22.57,88.36,18.4,0.82,9,1,1.85,Humid_Subtropical,90.7,48.4,44.6,12.7,6.1,0,0.346,0.061,42.0,0.308,75.4,0,107.87,57.6,35.4,0,4.0,0,10685
2023-06-23,East_Zone,Monsoon,29.5,0,13102,Kolkata,22.57,88.36,18.4,0.82,9,1,1.85,Humid_Subtropical,99.0,76.5,41.6,15.8,7.2,1,0.201,0.095,70.0,0.377,78.3,0,108.02,57.0,34.0,0,4.0,0,13085
2023-06-24,East_Zone,Monsoon,26.8,0,11253,Kolkata,22.57,88.36,18.4,0.82,9,1,1.85,Humid_Subtropical,90.8,20.4,30.2,14.8,6.3,0,0.193,0.114,70.0,0.375,74.6,0,107.36,54.3,38.9,0,4.0,0,10873
2023-06-25,East_Zone,Monsoon,25.9,0,10648,Kolkata,22.57,88.36,18.4,0.82,9,1,1.85,Humid_Subtropical,99.0,20.5,25.9,10.1,4.6,0,0.353,0.056,64.0,0.346,74.2,0,107.42,57.5,34.0,0,4.0,0,10229
2023-06-26,East_Zone,Monsoon,30.0,0,14324,Kolkata,22.57,88.36,18.4,0.82,9,1,1.85,Humid_Subtropical,90.9,19.3,41.0,12.2,5.5,0,0.198,0.0,61.0,0.303,71.8,0,107.09,57.9,19.7,0,4.0,0,13412
2023-06-27,East_Zone,Monsoon,26.3,0,11209,Kolkata,22.57,88.36,18.4,0.82,9,1,1.85,Humid_Subtropical,87.8,0.0,26.3,14.0,5.4,0,0.359,0.159,62.0,0.386,73.2,0,109.67,59.6,29.3,0,4.0,0,10987
2023-06-28,East_Zone,Monsoon,28.0,0,10729,Kolkata,22.57,88.36,18.4,0.82,9,1,1.85,Humid_Subtropical,93.5,0.0,34.4,16.2,6.0,0,0.39,0.138,44.0,0.396,72.5,0,107.72,52.5,26.5,0,4.0,0,10120
2023-06-29,East_Zone,Monsoon,25.9,0,11432,Kolkata,22.57,88.36,18.4,0.82,9,1,1.85,Humid_Subtropical,89.1,0.0,25.9,21.3,5.0,0,0.392,0.0,41.0,0.324,69.9,0,105.82,57.1,43.6,0,4.0,0,10837
2023-06-30,East_Zone,Monsoon,25.3,0,12287,Kolkata,22.57,88.36,18.4,0.82,9,1,1.85,Humid_Subtropical,91.1,0.0,25.3,16.1,5.2,0,0.213,0.09,70.0,0.347,81.7,0,108.31,61.0,41.1,0,4.0,0,11910
2023-07-01,East_Zone,Monsoon,24.1,0,11750,Kolkata,22.57,88.36,18.4,0.82,9,1,1.85,Humid_Subtropical,97.5,16.3,24.1,11.0,4.7,0,0.392,0.142,53.0,0.399,74.7,0,107.21,57.1,23.2,0,4.0,0,11124
2023-07-02,East_Zone,Monsoon,32.4,0,13406,Kolkata,22.57,88.36,18.4,0.82,9,1,1.85,Humid_Subtropical,93.3,4.4,52.5,13.7,5.5,0,0.332,0.135,68.0,0.425,74.8,0,107.94,65.0,28.9,0,4.0,0,13095
2023-07-03,East_Zone,Monsoon,27.6,0,12093,Kolkata,22.57,88.36,18.4,0.82,9,1,1.85,Humid_Subtropical,90.3,58.6,32.6,14.5,5.3,0,0.239,0.038,88.0,0.378,77.7,0,107.68,55.4,27.1,0,4.0,0,11721
2023-07-04,East_Zone,Monsoon,26.7,0,10040,Kolkata,22.57,88.36,18.4,0.82,9,1,1.85,Humid_Subtropical,98.9,10.8,30.7,12.4,5.4,0,0.284,0.139,52.0,0.382,66.3,0,109.4,49.9,35.1,0,4.0,0,9699
2023-07-05,East_Zone,Monsoon,25.1,0,11256,Kolkata,22.57,88.36,18.4,0.82,9,1,1.85,Humid_Subtropical,99.0,6.1,25.1,15.4,4.8,0,0.347,0.081,49.0,0.353,80.7,0,107.5,52.6,29.2,0,4.0,0,10767
2023-07-06,East_Zone,Monsoon,25.2,0,10963,Kolkata,22.57,88.36,18.4,0.82,9,1,1.85,Humid_Subtropical,99.0,96.3,25.2,7.2,6.1,1,0.233,0.103,54.0,0.365,71.4,0,108.66,53.8,32.7,0,4.0,0,10995
2023-07-07,East_Zone,Monsoon,29.4,0,12475,Kolkata,22.57,88.36,18.4,0.82,9,1,1.85,Humid_Subtropical,95.0,14.4,39.9,15.7,6.0,0,0.33,0.025,61.0,0.306,71.3,0,108.52,58.6,27.1,0,4.0,0,11702
2023-07-08,East_Zone,Monsoon,31.2,0,13029,Kolkata,22.57,88.36,18.4,0.82,9,1,1.85,Humid_Subtropical,98.1,0.0,49.1,12.6,4.9,0,0.445,0.0,71.0,0.335,72.4,0,106.41,58.9,36.2,0,4.0,0,12591
2023-07-09,East_Zone,Monsoon,29.1,0,11694,Kolkata,22.57,88.36,18.4,0.82,9,1,1.85,Humid_Subtropical,83.1,25.4,35.7,13.7,5.7,0,0.396,0.033,59.0,0.382,77.0,0,107.93,56.7,25.6,0,4.0,0,10964
2023-07-10,East_Zone,Monsoon,24.0,0,10671,Kolkata,22.57,88.36,18.4,0.82,9,1,1.85,Humid_Subtropical,94.0,0.0,24.0,18.4,4.5,0,0.308,0.112,97.0,0.369,80.4,0,106.95,57.0,46.5,0,4.0,0,10451
2023-07-11,East_Zone,Monsoon,25.8,0,11321,Kolkata,22.57,88.36,18.4,0.82,9,1,1.85,Humid_Subtropical,90.2,0.0,25.8,10.2,6.3,0,0.323,0.068,68.0,0.338,78.9,0,106.47,63.2,41.5,0,4.0,0,10750
2023-07-12,East_Zone,Monsoon,24.8,0,11874,Kolkata,22.57,88.36,18.4,0.82,9,1,1.85,Humid_Subtropical,95.7,0.0,24.8,14.8,6.5,0,0.246,0.119,74.0,0.348,72.6,0,106.44,52.3,46.4,0,4.0,0,11307
2023-07-13,East_Zone,Monsoon,25.8,0,11160,Kolkata,22.57,88.36,18.4,0.82,9,1,1.85,Humid_Subtropical,91.7,13.5,25.8,16.4,5.5,0,0.249,0.146,59.0,0.376,68.6,0,108.43,56.1,37.0,0,4.0,0,10932
2023-07-14,East_Zone,Monsoon,27.9,0,12883,Kolkata,22.57,88.36,18.4,0.82,9,1,1.85,Humid_Subtropical,92.4,21.1,33.8,14.5,5.1,0,0.146,0.06,78.0,0.318,72.8,0,110.22,55.3,41.8,0,4.0,0,12489
2023-07-15,East_Zone,Monsoon,33.3,0,14780,Kolkata,22.57,88.36,18.4,0.82,9,1,1.85,Humid_Subtropical,99.0,31.4,60.7,9.2,5.5,0,0.325,0.054,56.0,0.326,72.1,0,106.73,51.0,38.5,0,4.0,0,13939
2023-07-16,East_Zone,Monsoon,24.2,0,10740,Kolkata,22.57,88.36,18.4,0.82,9,1,1.85,Humid_Subtropical,94.6,0.0,24.2,18.1,5.2,0,0.368,0.0,48.0,0.386,69.1,0,107.72,48.0,29.0,0,4.0,0,10181
2023-07-17,East_Zone,Monsoon,26.3,0,11873,Kolkata,22.57,88.36,18.4,0.82,9,1,1.85,Humid_Subtropical,96.3,29.7,26.3,13.4,5.5,0,0.293,0.0,76.0,0.309,75.7,0,107.78,61.3,32.1,0,4.0,0,11186
2023-07-18,East_Zone,Monsoon,28.9,0,11765,Kolkata,22.57,88.36,18.4,0.82,9,1,1.85,Humid_Subtropical,91.5,34.8,37.1,12.4,6.5,0,0.212,0.0,59.0,0.316,74.0,0,106.91,52.7,36.1,0,4.0,0,11175
2023-07-19,East_Zone,Monsoon,26.0,0,10705,Kolkata,22.57,88.36,18.4,0.82,9,1,1.85,Humid_Subtropical,94.8,17.3,26.0,13.1,6.1,0,0.307,0.113,64.0,0.377,75.5,0,108.81,55.5,39.8,0,4.0,0,10264
2023-07-20,East_Zone,Monsoon,20.0,0,8970,Kolkata,22.57,88.36,18.4,0.82,9,1,1.85,Humid_Subtropical,98.0,42.1,20.0,12.9,5.8,0,0.434,0.061,78.0,0.342,76.2,0,109.57,58.6,34.0,0,4.0,0,8792
2023-07-21,East_Zone,Monsoon,30.6,0,13821,Kolkata,22.57,88.36,18.4,0.82,9,1,1.85,Humid_Subtropical,93.9,0.0,44.5,10.4,5.9,0,0.39,0.048,63.0,0.355,76.1,0,106.74,50.9,36.8,0,4.0,0,12968
2023-07-22,East_Zone,Monsoon,32.0,0,13738,Kolkata,22.57,88.36,18.4,0.82,9,1,1.85,Humid_Subtropical,96.6,35.7,52.3,14.5,5.2,0,0.297,0.041,57.0,0.376,73.8,0,109.04,53.3,32.3,0,4.0,0,12835
2023-07-23,East_Zone,Monsoon,25.0,0,10296,Kolkata,22.57,88.36,18.4,0.82,9,1,1.85,Humid_Subtropical,99.0,37.7,25.0,12.2,5.0,0,0.505,0.033,50.0,0.302,78.9,0,106.73,55.6,31.9,0,4.0,0,9696
2023-07-24,East_Zone,Monsoon,22.6,0,10175,Kolkata,22.57,88.36,18.4,0.82,9,1,1.85,Humid_Subtropical,98.0,27.1,22.6,16.0,5.4,0,0.57,0.135,79.0,0.396,72.5,0,106.27,53.8,26.6,0,4.0,0,9432
2023-07-25,East_Zone,Monsoon,28.3,0,11259,Kolkata,22.57,88.36,18.4,0.82,9,1,1.85,Humid_Subtropical,96.0,63.2,35.9,15.6,4.9,1,0.252,0.086,54.0,0.344,72.1,0,107.07,50.7,36.2,0,4.0,0,11160
2023-07-26,East_Zone,Monsoon,29.3,0,12844,Kolkata,22.57,88.36,18.4,0.82,9,1,1.85,Humid_Subtropical,86.7,21.7,37.2,18.9,5.9,0,0.275,0.139,59.0,0.366,73.3,0,108.05,58.6,31.5,0,4.0,0,12195
2023-07-27,East_Zone,Monsoon,26.6,0,10572,Kolkata,22.57,88.36,18.4,0.82,9,1,1.85,Humid_Subtropical,93.6,9.9,26.6,13.4,6.1,0,0.369,0.0,65.0,0.398,75.6,0,107.05,54.0,27.6,0,4.0,0,10042
2023-07-28,East_Zone,Monsoon,32.1,0,13063,Kolkata,22.57,88.36,18.4,0.82,9,1,1.85,Humid_Subtropical,95.4,22.4,52.2,11.6,6.2,0,0.209,0.112,65.0,0.326,76.0,0,107.86,56.7,31.0,0,4.0,0,12394
2023-07-29,East_Zone,Monsoon,33.8,0,13529,Kolkata,22.57,88.36,18.4,0.82,9,1,1.85,Humid_Subtropical,94.0,0.0,60.1,9.6,6.2,0,0.385,0.051,78.0,0.37,73.0,0,107.31,56.2,35.4,0,4.0,0,12977
2023-07-30,East_Zone,Monsoon,28.5,0,11350,Kolkata,22.57,88.36,18.4,0.82,9,1,1.85,Humid_Subtropical,94.0,2.9,36.2,20.6,4.6,0,0.31,0.063,59.0,0.39,73.0,0,108.41,60.2,37.3,0,4.0,0,10790
2023-07-31,East_Zone,Monsoon,26.7,0,10435,Kolkata,22.57,88.36,18.4,0.82,9,1,1.85,Humid_Subtropical,98.4,0.0,30.6,16.0,6.4,0,0.337,0.161,85.0,0.36,77.9,0,107.56,57.4,33.1,0,4.0,0,9957
2023-08-01,East_Zone,Monsoon,24.0,0,11585,Kolkata,22.57,88.36,18.4,0.82,9,1,1.85,Humid_Subtropical,98.1,81.3,24.0,11.9,4.5,1,0.242,0.057,56.0,0.334,70.1,0,108.53,53.0,39.3,0,4.0,0,11739
2023-08-02,East_Zone,Monsoon,27.2,0,11449,Kolkata,22.57,88.36,18.4,0.82,9,1,1.85,Humid_Subtropical,99.0,0.0,32.4,19.1,5.5,0,0.221,0.11,67.0,0.356,82.2,0,106.11,60.1,41.5,0,4.0,0,10624
2023-08-03,East_Zone,Monsoon,25.8,0,11136,Kolkata,22.57,88.36,18.4,0.82,9,1,1.85,Humid_Subtropical,96.0,52.1,25.8,18.1,5.9,0,0.101,0.019,57.0,0.324,73.1,0,106.74,53.8,32.6,0,4.0,0,10597
2023-08-04,East_Zone,Monsoon,31.4,0,12965,Kolkata,22.57,88.36,18.4,0.82,9,1,1.85,Humid_Subtropical,89.4,0.7,46.1,9.9,6.0,0,0.448,0.082,98.0,0.362,73.4,0,106.91,52.5,38.9,0,4.0,0,12032
2023-08-05,East_Zone,Monsoon,24.5,0,11939,Kolkata,22.57,88.36,18.4,0.82,9,1,1.85,Humid_Subtropical,97.0,35.8,24.5,11.7,4.7,0,0.394,0.0,54.0,0.367,75.1,0,106.03,51.6,30.7,0,4.0,0,11309
2023-08-06,East_Zone,Monsoon,33.2,0,13689,Kolkata,22.57,88.36,18.4,0.82,9,1,1.85,Humid_Subtropical,75.4,21.8,46.6,13.6,5.3,0,0.367,0.077,55.0,0.348,75.6,0,105.85,46.0,27.5,0,4.0,0,13059
2023-08-07,East_Zone,Monsoon,30.7,0,13645,Kolkata,22.57,88.36,18.4,0.82,9,1,1.85,Humid_Subtropical,93.5,92.9,44.8,10.8,6.0,1,0.335,0.103,62.0,0.394,72.0,0,107.21,53.5,29.3,0,4.0,0,13771
2023-08-08,East_Zone,Monsoon,23.0,0,12248,Kolkata,22.57,88.36,18.4,0.82,9,1,1.85,Humid_Subtropical,78.0,0.0,23.0,13.7,5.7,0,0.07,0.146,55.0,0.419,75.0,0,107.46,57.6,29.7,0,4.0,0,11684
2023-08-09,East_Zone,Monsoon,31.3,0,13215,Kolkata,22.57,88.36,18.4,0.82,9,1,1.85,Humid_Subtropical,82.6,0.0,42.9,16.1,5.2,0,0.225,0.031,66.0,0.361,71.2,0,106.88,50.3,31.8,0,4.0,0,12606
2023-08-10,East_Zone,Monsoon,27.6,0,10836,Kolkata,22.57,88.36,18.4,0.82,9,1,1.85,Humid_Subtropical,95.7,2.2,33.4,9.9,5.9,0,0.274,0.048,82.0,0.368,72.2,0,107.8,63.0,43.9,0,4.0,0,10284
2023-08-11,East_Zone,Monsoon,27.0,0,12110,Kolkata,22.57,88.36,18.4,0.82,9,1,1.85,Humid_Subtropical,96.2,22.4,31.4,14.9,4.7,0,0.192,0.041,63.0,0.332,69.2,0,105.61,46.3,31.4,0,4.0,0,11685
2023-08-12,East_Zone,Monsoon,24.7,0,11115,Kolkata,22.57,88.36,18.4,0.82,9,1,1.85,Humid_Subtropical,89.4,27.0,24.7,17.5,5.9,0,0.131,0.065,63.0,0.278,74.4,0,106.3,52.4,32.1,0,4.0,0,10601
2023-08-13,East_Zone,Monsoon,24.4,0,10804,Kolkata,22.57,88.36,18.4,0.82,9,1,1.85,Humid_Subtropical,91.8,17.3,24.4,15.2,4.9,0,0.202,0.022,56.0,0.363,73.5,0,105.48,49.2,34.8,0,4.0,0,10120
2023-08-14,East_Zone,Monsoon,23.9,0,9819,Kolkata,22.57,88.36,18.4,0.82,9,1,1.85,Humid_Subtropical,99.0,53.1,23.9,13.8,5.5,0,0.305,0.0,51.0,0.364,68.0,0,106.78,59.4,27.4,0,4.0,0,9473
2023-08-15,East_Zone,Monsoon,29.0,0,11791,Kolkata,22.57,88.36,18.4,0.82,9,1,1.85,Humid_Subtropical,90.2,0.0,37.1,12.0,5.6,0,0.305,0.017,62.0,0.352,72.0,0,107.1,58.4,34.7,0,4.0,0,11245
2023-08-16,East_Zone,Monsoon,26.5,0,11128,Kolkata,22.57,88.36,18.4,0.82,9,1,1.85,Humid_Subtropical,99.0,14.8,26.5,16.5,6.3,0,0.391,0.077,60.0,0.387,73.9,0,107.93,55.1,37.3,0,4.0,0,10520
2023-08-17,East_Zone,Monsoon,36.2,0,14528,Kolkata,22.57,88.36,18.4,0.82,9,1,1.85,Humid_Subtropical,88.3,1.1,68.9,10.5,6.2,0,0.506,0.071,81.0,0.341,76.6,0,105.39,49.5,41.4,0,4.0,0,14125
2023-08-18,East_Zone,Monsoon,30.1,0,11915,Kolkata,22.57,88.36,18.4,0.82,9,1,1.85,Humid_Subtropical,94.0,29.9,42.5,14.7,5.4,0,0.369,0.113,43.0,0.384,70.2,0,106.91,51.0,40.6,0,4.0,0,11776
2023-08-19,East_Zone,Monsoon,29.5,0,12196,Kolkata,22.57,88.36,18.4,0.82,9,1,1.85,Humid_Subtropical,99.0,64.4,41.6,14.1,5.9,1,0.282,0.131,86.0,0.417,73.1,0,107.95,57.2,35.8,0,4.0,0,12339
2023-08-20,East_Zone,Monsoon,25.6,0,12955,Kolkata,22.57,88.36,18.4,0.82,9,1,1.85,Humid_Subtropical,95.3,14.9,25.6,17.4,6.8,0,0.48,0.053,57.0,0.373,70.7,0,105.49,52.5,32.9,0,4.0,0,12398
2023-08-21,East_Zone,Monsoon,29.7,0,12847,Kolkata,22.57,88.36,18.4,0.82,9,1,1.85,Humid_Subtropical,87.2,0.0,38.8,12.3,6.2,0,0.142,0.0,63.0,0.38,76.2,0,105.24,52.8,33.2,0,4.0,0,12194
2023-08-22,East_Zone,Monsoon,25.1,0,10255,Kolkata,22.57,88.36,18.4,0.82,9,1,1.85,Humid_Subtropical,94.4,4.9,25.1,12.5,5.5,0,0.092,0.104,41.0,0.406,72.0,0,104.98,54.7,36.0,0,4.0,0,9933
2023-08-23,East_Zone,Monsoon,27.8,0,11498,Kolkata,22.57,88.36,18.4,0.82,9,1,1.85,Humid_Subtropical,93.1,0.0,33.6,10.3,5.1,0,0.211,0.079,70.0,0.323,75.6,0,107.05,54.2,33.8,0,4.0,0,11058
2023-08-24,East_Zone,Monsoon,29.8,0,13002,Kolkata,22.57,88.36,18.4,0.82,9,1,1.85,Humid_Subtropical,85.3,0.0,38.5,15.3,5.4,0,0.381,0.064,43.0,0.378,72.9,0,105.68,48.3,33.5,0,4.0,0,12584
2023-08-25,East_Zone,Monsoon,28.2,0,12711,Kolkata,22.57,88.36,18.4,0.82,9,1,1.85,Humid_Subtropical,91.8,30.0,34.7,12.7,6.1,0,0.317,0.153,67.0,0.359,68.9,0,106.87,50.4,29.3,0,4.0,0,11804
2023-08-26,East_Zone,Monsoon,28.6,0,11447,Kolkata,22.57,88.36,18.4,0.82,9,1,1.85,Humid_Subtropical,89.1,114.0,35.5,11.4,5.1,1,0.187,0.107,65.0,0.334,73.8,0,106.15,50.2,37.4,0,4.0,0,11387
2023-08-27,East_Zone,Monsoon,27.4,0,11959,Kolkata,22.57,88.36,18.4,0.82,9,1,1.85,Humid_Subtropical,98.2,80.5,33.0,11.7,5.6,1,0.227,0.087,54.0,0.353,70.4,0,108.15,53.3,35.5,0,4.0,0,12194
2023-08-28,East_Zone,Monsoon,30.8,0,12876,Kolkata,22.57,88.36,18.4,0.82,9,1,1.85,Humid_Subtropical,91.7,44.5,44.5,15.6,6.7,0,0.176,0.09,23.0,0.415,77.4,0,107.12,56.2,30.2,0,4.0,0,12219
2023-08-29,East_Zone,Monsoon,26.3,0,12344,Kolkata,22.57,88.36,18.4,0.82,9,1,1.85,Humid_Subtropical,92.8,59.1,26.3,10.7,5.7,0,0.176,0.131,99.0,0.356,79.5,0,105.51,55.4,41.4,0,4.0,0,11924
2023-08-30,East_Zone,Monsoon,29.1,0,13522,Kolkata,22.57,88.36,18.4,0.82,9,1,1.85,Humid_Subtropical,92.0,28.9,37.9,11.0,5.1,0,0.455,0.039,41.0,0.297,75.9,0,105.99,60.1,35.0,0,4.0,0,12595
2023-08-31,East_Zone,Monsoon,28.3,0,11235,Kolkata,22.57,88.36,18.4,0.82,9,1,1.85,Humid_Subtropical,94.1,20.7,35.6,16.7,7.0,0,0.286,0.027,65.0,0.303,72.1,0,107.06,50.2,26.9,0,4.0,0,10666
2023-09-01,East_Zone,Autumn,27.5,0,11421,Kolkata,22.57,88.36,18.4,0.82,9,1,1.85,Humid_Subtropical,72.6,0.0,30.0,5.5,7.7,0,0.477,0.366,107.0,0.446,74.1,0,105.19,56.3,64.7,0,4.0,0,11467
2023-09-02,East_Zone,Autumn,24.9,0,11370,Kolkata,22.57,88.36,18.4,0.82,9,1,1.85,Humid_Subtropical,66.1,0.0,24.9,8.9,6.8,0,0.211,0.309,139.0,0.394,74.9,0,107.42,52.8,56.6,0,4.0,0,11366
2023-09-03,East_Zone,Autumn,24.1,0,10898,Kolkata,22.57,88.36,18.4,0.82,9,1,1.85,Humid_Subtropical,66.3,0.0,24.1,4.9,7.2,0,0.349,0.377,113.0,0.373,77.3,0,105.97,63.3,58.0,0,4.0,0,10865
2023-09-04,East_Zone,Autumn,19.0,0,8959,Kolkata,22.57,88.36,18.4,0.82,9,1,1.85,Humid_Subtropical,80.1,0.0,19.0,6.0,6.0,0,0.323,0.386,106.0,0.394,73.4,0,107.02,55.4,59.1,0,4.0,0,8741
2023-09-05,East_Zone,Autumn,27.4,0,12184,Kolkata,22.57,88.36,18.4,0.82,9,1,1.85,Humid_Subtropical,67.5,0.0,29.3,6.5,7.1,0,0.388,0.376,131.0,0.439,75.2,0,106.0,53.2,64.3,0,4.0,0,12618
2023-09-06,East_Zone,Autumn,29.7,0,11601,Kolkata,22.57,88.36,18.4,0.82,9,1,1.85,Humid_Subtropical,61.1,0.0,32.5,10.2,6.5,0,0.325,0.358,97.0,0.453,69.0,0,105.65,56.4,59.7,0,4.0,0,11379
2023-09-07,East_Zone,Autumn,23.9,0,11907,Kolkata,22.57,88.36,18.4,0.82,9,1,1.85,Humid_Subtropical,73.9,0.0,23.9,9.9,5.6,0,0.399,0.479,113.0,0.446,74.7,0,105.48,56.0,63.1,0,4.0,0,12467
2023-09-08,East_Zone,Autumn,22.3,0,10187,Kolkata,22.57,88.36,18.4,0.82,9,1,1.85,Humid_Subtropical,74.9,0.0,22.3,9.5,7.9,0,0.355,0.436,132.0,0.468,71.4,0,107.88,54.6,52.1,0,4.0,0,9899
2023-09-09,East_Zone,Autumn,23.1,0,10423,Kolkata,22.57,88.36,18.4,0.82,9,1,1.85,Humid_Subtropical,64.5,0.4,23.1,4.1,5.6,0,0.191,0.374,147.0,0.461,74.1,0,105.84,57.7,54.5,0,4.0,0,10419
2023-09-10,East_Zone,Autumn,25.6,0,9974,Kolkata,22.57,88.36,18.4,0.82,9,1,1.85,Humid_Subtropical,71.8,0.0,25.6,3.0,6.7,0,0.373,0.386,103.0,0.413,70.9,0,109.21,62.7,60.2,0,4.0,0,9794
2023-09-11,East_Zone,Autumn,28.9,0,11464,Kolkata,22.57,88.36,18.4,0.82,9,1,1.85,Humid_Subtropical,72.3,8.8,32.9,8.3,6.9,0,0.29,0.463,109.0,0.452,75.2,0,106.27,59.2,56.4,0,4.0,0,11801
2023-09-12,East_Zone,Autumn,17.6,0,9403,Kolkata,22.57,88.36,18.4,0.82,9,1,1.85,Humid_Subtropical,77.3,0.0,17.6,10.1,6.4,0,0.222,0.345,126.0,0.408,75.9,0,105.25,54.5,59.0,0,4.0,0,9197
2023-09-13,East_Zone,Autumn,22.9,0,10574,Kolkata,22.57,88.36,18.4,0.82,9,1,1.85,Humid_Subtropical,75.4,2.4,22.9,9.5,6.3,0,0.369,0.322,84.0,0.437,73.3,0,104.51,61.9,63.7,0,4.0,0,10378
2023-09-14,East_Zone,Autumn,24.9,0,11750,Kolkata,22.57,88.36,18.4,0.82,9,1,1.85,Humid_Subtropical,64.0,0.0,24.9,6.0,6.4,0,0.392,0.394,144.0,0.42,71.4,0,107.32,57.9,56.0,0,4.0,0,11736
2023-09-15,East_Zone,Autumn,29.1,0,11712,Kolkata,22.57,88.36,18.4,0.82,9,1,1.85,Humid_Subtropical,70.2,0.0,33.0,8.2,6.8,0,0.252,0.405,102.0,0.405,75.7,0,105.88,51.0,56.3,0,4.0,0,11906
2023-09-16,East_Zone,Autumn,26.3,0,12147,Kolkata,22.57,88.36,18.4,0.82,9,1,1.85,Humid_Subtropical,68.7,0.0,26.3,8.2,6.9,0,0.265,0.409,112.0,0.444,78.7,0,106.89,56.0,60.5,0,4.0,0,12434
2023-09-17,East_Zone,Autumn,16.1,0,8352,Kolkata,22.57,88.36,18.4,0.82,9,1,1.85,Humid_Subtropical,73.9,0.0,16.1,6.4,6.1,0,0.161,0.43,125.0,0.481,79.8,0,108.38,55.5,49.4,0,4.0,0,8358
2023-09-18,East_Zone,Autumn,20.1,0,10393,Kolkata,22.57,88.36,18.4,0.82,9,1,1.85,Humid_Subtropical,78.3,0.0,20.1,6.6,6.2,0,0.12,0.336,121.0,0.439,75.2,0,106.72,53.5,65.0,0,4.0,0,10377
2023-09-19,East_Zone,Autumn,25.0,0,11539,Kolkata,22.57,88.36,18.4,0.82,9,1,1.85,Humid_Subtropical,78.4,0.0,25.0,6.3,5.7,0,0.276,0.295,103.0,0.444,74.8,0,106.38,56.8,60.7,0,4.0,0,11601
2023-09-20,East_Zone,Autumn,23.1,0,10607,Kolkata,22.57,88.36,18.4,0.82,9,1,1.85,Humid_Subtropical,81.1,0.2,23.1,3.6,7.6,0,0.379,0.345,151.0,0.454,70.1,0,107.26,48.4,60.5,0,4.0,0,10629
2023-09-21,East_Zone,Autumn,23.9,0,10657,Kolkata,22.57,88.36,18.4,0.82,9,1,1.85,Humid_Subtropical,78.2,0.0,23.9,3.9,6.8,0,0.243,0.415,74.0,0.445,77.9,0,106.83,62.1,57.3,0,4.0,0,10700
2023-09-22,East_Zone,Autumn,26.3,0,10727,Kolkata,22.57,88.36,18.4,0.82,9,1,1.85,Humid_Subtropical,69.7,0.0,26.3,3.9,6.7,0,0.443,0.325,100.0,0.403,67.0,0,104.76,57.4,63.4,0,4.0,0,10641
2023-09-23,East_Zone,Autumn,21.7,0,10510,Kolkata,22.57,88.36,18.4,0.82,9,1,1.85,Humid_Subtropical,74.7,0.7,21.7,1.2,6.0,0,0.279,0.264,109.0,0.38,77.6,0,107.35,48.6,59.2,0,4.0,0,10481
2023-09-24,East_Zone,Autumn,22.9,0,9837,Kolkata,22.57,88.36,18.4,0.82,9,1,1.85,Humid_Subtropical,76.1,0.0,22.9,6.4,5.8,0,0.28,0.389,103.0,0.39,74.1,0,105.97,57.8,66.1,0,4.0,0,9907
2023-09-25,East_Zone,Autumn,25.6,0,10941,Kolkata,22.57,88.36,18.4,0.82,9,1,1.85,Humid_Subtropical,71.2,0.0,25.6,5.9,7.0,0,0.271,0.346,142.0,0.462,66.7,0,107.55,57.8,51.4,0,4.0,0,11159
2023-09-26,East_Zone,Autumn,21.5,0,10226,Kolkata,22.57,88.36,18.4,0.82,9,1,1.85,Humid_Subtropical,73.8,0.0,21.5,8.3,6.2,0,0.398,0.276,90.0,0.399,75.0,0,106.51,61.5,60.3,0,4.0,0,10036
2023-09-27,East_Zone,Autumn,21.3,0,10302,Kolkata,22.57,88.36,18.4,0.82,9,1,1.85,Humid_Subtropical,77.3,0.0,21.3,9.8,6.7,0,0.204,0.384,148.0,0.385,73.5,0,107.2,62.8,60.2,0,4.0,0,10167
2023-09-28,East_Zone,Autumn,22.9,0,10320,Kolkata,22.57,88.36,18.4,0.82,9,1,1.85,Humid_Subtropical,72.0,0.0,22.9,10.0,5.6,0,0.287,0.357,115.0,0.466,72.7,0,105.78,62.9,61.6,0,4.0,0,10344
2023-09-29,East_Zone,Autumn,22.5,0,11416,Kolkata,22.57,88.36,18.4,0.82,9,1,1.85,Humid_Subtropical,68.9,0.0,22.5,10.3,7.3,0,0.245,0.481,96.0,0.463,73.2,0,104.48,53.7,67.0,0,4.0,0,11532
2023-09-30,East_Zone,Autumn,25.1,0,9909,Kolkata,22.57,88.36,18.4,0.82,9,1,1.85,Humid_Subtropical,68.9,0.0,25.1,3.7,7.0,0,0.244,0.385,82.0,0.465,73.9,0,106.56,57.8,53.2,0,4.0,0,10035
2023-10-01,East_Zone,Autumn,26.6,0,12075,Kolkata,22.57,88.36,18.4,0.82,9,1,1.85,Humid_Subtropical,73.2,0.0,26.6,1.7,6.5,0,0.304,0.415,116.0,0.436,73.9,0,106.98,53.9,53.0,0,4.0,0,11867
2023-10-02,East_Zone,Autumn,24.9,0,11311,Kolkata,22.57,88.36,18.4,0.82,9,1,1.85,Humid_Subtropical,71.1,0.0,24.9,8.8,6.8,0,0.289,0.379,107.0,0.411,69.6,0,105.44,59.1,58.2,0,4.0,0,11471
2023-10-03,East_Zone,Autumn,22.6,0,11329,Kolkata,22.57,88.36,18.4,0.82,9,1,1.85,Humid_Subtropical,74.1,0.0,22.6,10.1,6.8,0,0.405,0.344,124.0,0.439,75.2,0,105.8,46.7,50.5,0,4.0,0,11178
2023-10-04,East_Zone,Autumn,18.1,1,14637,Kolkata,22.57,88.36,18.4,0.82,9,1,1.85,Humid_Subtropical,78.5,0.0,18.1,10.7,5.4,0,0.299,0.351,112.0,0.444,72.9,0,103.79,49.4,83.5,0,4.0,0,15121
2023-10-05,East_Zone,Autumn,23.2,0,10444,Kolkata,22.57,88.36,18.4,0.82,9,1,1.85,Humid_Subtropical,70.2,0.0,23.2,7.5,7.4,0,0.356,0.445,137.0,0.443,78.8,0,105.85,53.6,64.7,0,4.0,0,10936
2023-10-06,East_Zone,Autumn,23.2,0,10279,Kolkata,22.57,88.36,18.4,0.82,9,1,1.85,Humid_Subtropical,75.9,1.9,23.2,1.0,6.7,0,0.317,0.425,117.0,0.486,76.6,0,104.76,54.7,62.6,0,4.0,0,10537
2023-10-07,East_Zone,Autumn,20.8,1,14007,Kolkata,22.57,88.36,18.4,0.82,9,1,1.85,Humid_Subtropical,75.4,0.0,20.8,7.1,5.9,0,0.44,0.291,112.0,0.441,76.9,0,106.53,56.3,75.9,0,4.0,0,14268
2023-10-08,East_Zone,Autumn,26.5,0,11536,Kolkata,22.57,88.36,18.4,0.82,9,1,1.85,Humid_Subtropical,63.9,0.0,26.5,7.7,5.9,0,0.27,0.305,138.0,0.433,79.6,0,106.35,60.6,66.4,0,4.0,0,11744
2023-10-09,East_Zone,Autumn,21.9,0,10132,Kolkata,22.57,88.36,18.4,0.82,9,1,1.85,Humid_Subtropical,80.1,0.0,21.9,9.8,6.9,0,0.27,0.308,124.0,0.384,76.2,0,106.04,52.8,56.9,0,4.0,0,9962
2023-10-10,East_Zone,Autumn,21.1,0,10334,Kolkata,22.57,88.36,18.4,0.82,9,1,1.85,Humid_Subtropical,70.8,0.0,21.1,10.3,6.4,0,0.375,0.444,134.0,0.413,73.6,0,107.35,50.8,58.2,0,4.0,0,10398
2023-10-11,East_Zone,Autumn,19.2,0,10315,Kolkata,22.57,88.36,18.4,0.82,9,1,1.85,Humid_Subtropical,66.2,0.0,19.2,8.7,6.5,0,0.268,0.276,141.0,0.445,66.3,0,106.27,54.0,61.7,0,4.0,0,10182
2023-10-12,East_Zone,Autumn,22.9,1,14805,Kolkata,22.57,88.36,18.4,0.82,9,1,1.85,Humid_Subtropical,67.0,0.0,22.9,4.2,6.4,0,0.35,0.427,115.0,0.381,74.7,0,106.23,53.1,69.5,0,4.0,0,14737
2023-10-13,East_Zone,Autumn,27.3,0,10779,Kolkata,22.57,88.36,18.4,0.82,9,1,1.85,Humid_Subtropical,64.5,0.0,28.9,2.9,6.0,0,0.534,0.404,121.0,0.438,79.2,0,106.37,57.8,55.4,0,4.0,0,10820
2023-10-14,East_Zone,Autumn,26.3,0,10997,Kolkata,22.57,88.36,18.4,0.82,9,1,1.85,Humid_Subtropical,70.5,0.0,26.3,7.6,6.9,0,0.202,0.389,135.0,0.442,76.7,0,105.47,61.3,57.4,0,4.0,0,11001
2023-10-15,East_Zone,Autumn,23.6,1,15001,Kolkata,22.57,88.36,18.4,0.82,9,1,1.85,Humid_Subtropical,70.5,0.0,23.6,3.6,6.3,0,0.453,0.352,76.0,0.413,72.5,0,107.05,61.6,73.9,0,4.0,0,15229
2023-10-16,East_Zone,Autumn,25.1,1,14753,Kolkata,22.57,88.36,18.4,0.82,9,1,1.85,Humid_Subtropical,69.3,0.0,25.1,10.4,6.5,0,0.251,0.451,118.0,0.452,74.2,0,105.15,59.4,76.6,0,4.0,0,15060
2023-10-17,East_Zone,Autumn,26.3,0,11297,Kolkata,22.57,88.36,18.4,0.82,9,1,1.85,Humid_Subtropical,73.3,0.0,26.3,1.0,8.0,0,0.434,0.387,116.0,0.449,72.3,0,106.5,53.3,53.6,0,4.0,0,11229
2023-10-18,East_Zone,Autumn,25.6,0,10402,Kolkata,22.57,88.36,18.4,0.82,9,1,1.85,Humid_Subtropical,72.3,3.9,25.6,7.7,7.1,0,0.369,0.293,127.0,0.396,74.9,0,107.31,55.3,59.1,0,4.0,0,10459
2023-10-19,East_Zone,Autumn,22.9,0,11027,Kolkata,22.57,88.36,18.4,0.82,9,1,1.85,Humid_Subtropical,73.8,0.0,22.9,7.0,7.0,0,0.36,0.307,106.0,0.443,72.5,0,105.07,56.7,59.7,0,4.0,0,10874
2023-10-20,East_Zone,Autumn,28.3,1,14087,Kolkata,22.57,88.36,18.4,0.82,9,1,1.85,Humid_Subtropical,71.1,0.2,31.4,5.4,8.3,0,0.285,0.281,140.0,0.428,78.3,0,104.77,51.8,65.0,0,4.0,0,14080
2023-10-21,East_Zone,Autumn,23.8,0,11295,Kolkata,22.57,88.36,18.4,0.82,9,1,1.85,Humid_Subtropical,74.8,0.0,23.8,3.2,6.7,0,0.275,0.452,107.0,0.448,74.4,0,105.08,52.3,62.2,0,4.0,0,11567
2023-10-22,East_Zone,Autumn,25.2,0,12570,Kolkata,22.57,88.36,18.4,0.82,9,1,1.85,Humid_Subtropical,60.3,0.0,25.2,1.0,6.6,0,0.228,0.465,112.0,0.431,74.8,0,107.95,57.7,59.5,0,4.0,0,12800
2023-10-23,East_Zone,Autumn,24.1,0,9447,Kolkata,22.57,88.36,18.4,0.82,9,1,1.85,Humid_Subtropical,69.7,0.0,24.1,4.4,6.0,0,0.301,0.445,108.0,0.449,71.5,0,105.54,49.8,55.3,0,4.0,0,9458
2023-10-24,East_Zone,Autumn,24.8,1,15976,Kolkata,22.57,88.36,18.4,0.82,9,1,1.85,Humid_Subtropical,60.2,0.0,24.8,4.5,6.2,0,0.282,0.371,142.0,0.496,72.7,0,104.96,59.4,69.6,0,4.0,0,15753
2023-10-25,East_Zone,Autumn,19.3,1,13531,Kolkata,22.57,88.36,18.4,0.82,9,1,1.85,Humid_Subtropical,74.6,0.0,19.3,9.3,5.0,0,0.319,0.294,82.0,0.391,70.5,0,106.54,54.0,74.7,0,4.0,0,13493
2023-10-26,East_Zone,Autumn,19.8,0,10163,Kolkata,22.57,88.36,18.4,0.82,9,1,1.85,Humid_Subtropical,74.1,0.0,19.8,3.7,6.7,0,0.159,0.317,152.0,0.465,78.3,0,103.46,56.5,64.9,0,4.0,0,10490
2023-10-27,East_Zone,Autumn,27.0,0,11420,Kolkata,22.57,88.36,18.4,0.82,9,1,1.85,Humid_Subtropical,75.0,0.0,29.3,7.4,5.8,0,0.302,0.321,147.0,0.368,72.5,0,105.25,55.9,61.7,0,4.0,0,11253
2023-10-28,East_Zone,Autumn,22.6,0,10854,Kolkata,22.57,88.36,18.4,0.82,9,1,1.85,Humid_Subtropical,78.4,0.0,22.6,2.1,6.9,0,0.426,0.377,110.0,0.408,74.5,0,107.63,61.1,69.5,0,4.0,0,10929
2023-10-29,East_Zone,Autumn,22.5,0,10015,Kolkata,22.57,88.36,18.4,0.82,9,1,1.85,Humid_Subtropical,73.5,0.0,22.5,7.4,6.3,0,0.394,0.463,138.0,0.439,69.4,0,105.28,46.6,65.6,0,4.0,0,10134
2023-10-30,East_Zone,Autumn,27.7,0,12513,Kolkata,22.57,88.36,18.4,0.82,9,1,1.85,Humid_Subtropical,66.9,0.7,29.7,1.0,6.7,0,0.302,0.463,122.0,0.484,70.3,0,105.99,60.4,62.8,0,4.0,0,12765
2023-10-31,East_Zone,Autumn,28.1,0,12068,Kolkata,22.57,88.36,18.4,0.82,9,1,1.85,Humid_Subtropical,71.6,0.0,31.1,12.3,6.6,0,0.556,0.351,150.0,0.429,73.2,0,106.56,60.6,56.5,0,4.0,0,11902
2023-11-01,East_Zone,Autumn,24.5,1,13811,Kolkata,22.57,88.36,18.4,0.82,9,1,1.85,Humid_Subtropical,68.7,0.0,24.5,5.6,7.3,0,0.242,0.246,137.0,0.441,73.1,0,106.58,56.8,77.7,0,4.0,0,14079
2023-11-02,East_Zone,Autumn,25.1,0,12367,Kolkata,22.57,88.36,18.4,0.82,9,1,1.85,Humid_Subtropical,70.9,0.9,25.1,1.0,7.2,0,0.291,0.31,159.0,0.408,74.7,0,105.77,57.4,56.2,0,4.0,0,12314
2023-11-03,East_Zone,Autumn,23.6,0,11490,Kolkata,22.57,88.36,18.4,0.82,9,1,1.85,Humid_Subtropical,76.8,0.0,23.6,3.8,6.4,0,0.155,0.451,92.0,0.451,80.0,0,106.87,58.1,63.7,0,4.0,0,11315
2023-11-04,East_Zone,Autumn,22.8,0,9114,Kolkata,22.57,88.36,18.4,0.82,9,1,1.85,Humid_Subtropical,69.5,0.0,22.8,3.4,5.9,0,0.26,0.394,123.0,0.429,67.9,0,107.78,52.5,47.8,0,4.0,0,8709
2023-11-05,East_Zone,Autumn,26.9,0,11534,Kolkata,22.57,88.36,18.4,0.82,9,1,1.85,Humid_Subtropical,73.9,0.0,29.0,4.0,7.1,0,0.479,0.359,89.0,0.491,76.9,0,105.3,55.3,57.5,0,4.0,0,11474
2023-11-06,East_Zone,Autumn,22.7,0,10720,Kolkata,22.57,88.36,18.4,0.82,9,1,1.85,Humid_Subtropical,75.8,0.0,22.7,4.9,5.8,0,0.263,0.354,111.0,0.395,75.5,0,105.89,58.9,53.0,0,4.0,0,10403
2023-11-07,East_Zone,Autumn,29.5,0,13338,Kolkata,22.57,88.36,18.4,0.82,9,1,1.85,Humid_Subtropical,63.5,0.0,32.5,4.0,5.8,0,0.147,0.335,160.0,0.409,72.1,0,106.29,48.4,58.6,0,4.0,0,13318
2023-11-08,East_Zone,Autumn,26.6,0,10500,Kolkata,22.57,88.36,18.4,0.82,9,1,1.85,Humid_Subtropical,74.9,0.0,26.6,3.6,6.9,0,0.387,0.308,128.0,0.388,72.7,0,107.12,57.7,52.3,0,4.0,0,10295
2023-11-09,East_Zone,Autumn,26.9,0,13452,Kolkata,22.57,88.36,18.4,0.82,9,1,1.85,Humid_Subtropical,73.4,0.0,29.0,2.5,7.3,0,0.339,0.504,138.0,0.483,77.4,0,106.47,55.9,60.1,0,4.0,0,13744
2023-11-10,East_Zone,Autumn,22.3,0,10258,Kolkata,22.57,88.36,18.4,0.82,9,1,1.85,Humid_Subtropical,73.1,0.0,22.3,8.5,6.1,0,0.383,0.483,129.0,0.427,73.8,0,106.33,58.0,62.3,0,4.0,0,10415
2023-11-11,East_Zone,Autumn,20.4,0,10461,Kolkata,22.57,88.36,18.4,0.82,9,1,1.85,Humid_Subtropical,69.9,2.3,20.4,9.6,6.5,0,0.27,0.331,128.0,0.477,73.0,0,104.93,49.9,56.7,0,4.0,0,10286
2023-11-12,East_Zone,Autumn,25.1,0,11736,Kolkata,22.57,88.36,18.4,0.82,9,1,1.85,Humid_Subtropical,66.6,0.0,25.1,5.2,6.3,0,0.199,0.275,111.0,0.411,70.9,0,105.37,52.2,58.4,0,4.0,0,11544
2023-11-13,East_Zone,Autumn,19.4,1,12878,Kolkata,22.57,88.36,18.4,0.82,9,1,1.85,Humid_Subtropical,71.7,0.0,19.4,5.9,6.7,0,0.282,0.39,107.0,0.45,71.5,0,106.72,50.1,73.1,0,4.0,0,12955
2023-11-14,East_Zone,Autumn,22.1,0,11289,Kolkata,22.57,88.36,18.4,0.82,9,1,1.85,Humid_Subtropical,75.5,0.0,22.1,2.6,7.0,0,0.355,0.371,110.0,0.447,70.4,0,106.04,49.8,59.8,0,4.0,0,11461
2023-11-15,East_Zone,Autumn,21.6,0,11216,Kolkata,22.57,88.36,18.4,0.82,9,1,1.85,Humid_Subtropical,68.3,0.0,21.6,6.2,6.2,0,0.293,0.418,71.0,0.444,76.7,0,106.23,58.8,66.7,0,4.0,0,11293
2023-11-16,East_Zone,Autumn,23.9,0,10970,Kolkata,22.57,88.36,18.4,0.82,9,1,1.85,Humid_Subtropical,73.8,1.9,23.9,6.7,5.8,0,0.339,0.431,119.0,0.451,71.6,0,106.54,53.3,56.6,0,4.0,0,11215
2023-11-17,East_Zone,Autumn,26.3,1,14632,Kolkata,22.57,88.36,18.4,0.82,9,1,1.85,Humid_Subtropical,64.0,0.0,26.3,5.3,5.7,0,0.246,0.31,124.0,0.42,70.4,0,108.97,53.9,74.7,0,4.0,0,15075
2023-11-18,East_Zone,Autumn,23.8,0,10314,Kolkata,22.57,88.36,18.4,0.82,9,1,1.85,Humid_Subtropical,70.7,0.0,23.8,7.2,7.0,0,0.343,0.457,109.0,0.47,74.5,0,106.15,59.8,61.3,0,4.0,0,10402
2023-11-19,East_Zone,Autumn,26.0,0,12100,Kolkata,22.57,88.36,18.4,0.82,9,1,1.85,Humid_Subtropical,70.9,0.0,26.0,6.9,5.9,0,0.3,0.359,118.0,0.405,71.6,0,108.06,54.9,52.1,0,4.0,0,11901
2023-11-20,East_Zone,Autumn,30.7,1,15310,Kolkata,22.57,88.36,18.4,0.82,9,1,1.85,Humid_Subtropical,79.8,0.0,39.8,2.8,7.0,0,0.229,0.416,129.0,0.414,78.6,0,108.02,60.1,72.4,0,4.0,0,15305
2023-11-21,East_Zone,Autumn,25.7,0,11235,Kolkata,22.57,88.36,18.4,0.82,9,1,1.85,Humid_Subtropical,63.7,0.0,25.7,9.6,7.0,0,0.314,0.364,136.0,0.456,74.1,0,107.53,51.8,59.6,0,4.0,0,11400
2023-11-22,East_Zone,Autumn,30.8,0,12123,Kolkata,22.57,88.36,18.4,0.82,9,1,1.85,Humid_Subtropical,74.9,0.0,38.5,5.4,6.5,0,0.261,0.435,98.0,0.449,74.6,0,105.91,54.0,57.5,0,4.0,0,12145
2023-11-23,East_Zone,Autumn,22.3,0,10300,Kolkata,22.57,88.36,18.4,0.82,9,1,1.85,Humid_Subtropical,73.4,0.0,22.3,11.0,6.3,0,0.362,0.238,106.0,0.339,74.6,0,106.92,52.1,68.9,0,4.0,0,10072
2023-11-24,East_Zone,Autumn,27.7,0,11349,Kolkata,22.57,88.36,18.4,0.82,9,1,1.85,Humid_Subtropical,71.4,0.0,30.3,7.3,7.2,0,0.387,0.424,134.0,0.432,75.7,0,106.42,57.8,66.4,0,4.0,0,11599
2023-11-25,East_Zone,Autumn,25.4,0,11435,Kolkata,22.57,88.36,18.4,0.82,9,1,1.85,Humid_Subtropical,71.4,0.0,25.4,11.9,6.0,0,0.35,0.33,131.0,0.468,76.1,0,108.85,55.7,56.2,0,4.0,0,11623
2023-11-26,East_Zone,Autumn,23.7,0,9877,Kolkata,22.57,88.36,18.4,0.82,9,1,1.85,Humid_Subtropical,74.0,0.0,23.7,9.5,5.9,0,0.137,0.384,144.0,0.431,74.1,0,107.28,58.8,63.2,0,4.0,0,9782
2023-11-27,East_Zone,Autumn,22.9,0,10269,Kolkata,22.57,88.36,18.4,0.82,9,1,1.85,Humid_Subtropical,71.5,0.0,22.9,6.7,6.3,0,0.204,0.455,143.0,0.438,71.0,0,106.68,56.3,63.7,0,4.0,0,10421
2023-11-28,East_Zone,Autumn,20.6,0,10117,Kolkata,22.57,88.36,18.4,0.82,9,1,1.85,Humid_Subtropical,80.9,0.0,20.6,3.8,7.0,0,0.236,0.332,163.0,0.378,73.5,0,108.71,48.7,60.7,0,4.0,0,10158
2023-11-29,East_Zone,Autumn,19.2,0,10394,Kolkata,22.57,88.36,18.4,0.82,9,1,1.85,Humid_Subtropical,72.2,0.0,19.2,3.9,7.2,0,0.22,0.322,115.0,0.403,74.2,0,106.6,54.6,54.5,0,4.0,0,10549
2023-11-30,East_Zone,Autumn,23.4,0,10288,Kolkata,22.57,88.36,18.4,0.82,9,1,1.85,Humid_Subtropical,77.6,0.0,23.4,7.6,6.4,0,0.246,0.358,148.0,0.395,69.1,0,107.53,49.9,55.2,0,4.0,0,10188
2023-12-01,East_Zone,Winter,19.4,0,8722,Kolkata,22.57,88.36,18.4,0.82,9,1,1.85,Humid_Subtropical,73.1,0.0,19.4,6.4,3.3,0,0.393,0.394,133.0,0.451,67.7,0,107.71,57.5,74.6,0,4.0,0,8874
2023-12-02,East_Zone,Winter,10.4,0,7815,Kolkata,22.57,88.36,18.4,0.82,9,1,1.85,Humid_Subtropical,81.5,0.0,10.4,4.2,3.9,0,0.37,0.357,193.0,0.431,70.4,0,107.39,58.2,74.5,0,4.0,0,7988
2023-12-03,East_Zone,Winter,18.4,0,8352,Kolkata,22.57,88.36,18.4,0.82,9,1,1.85,Humid_Subtropical,71.6,0.0,18.4,8.5,2.7,0,0.258,0.426,158.0,0.436,68.1,0,106.97,58.4,70.6,0,4.0,0,8624
2023-12-04,East_Zone,Winter,16.2,0,9520,Kolkata,22.57,88.36,18.4,0.82,9,1,1.85,Humid_Subtropical,80.6,0.0,16.2,6.1,3.7,0,0.359,0.429,160.0,0.424,72.5,0,107.94,55.7,78.6,0,4.0,0,9767
2023-12-05,East_Zone,Winter,8.8,0,7844,Kolkata,22.57,88.36,18.4,0.82,9,1,1.85,Humid_Subtropical,89.9,0.0,8.8,8.5,3.2,0,0.333,0.448,168.0,0.498,71.7,0,106.5,49.1,79.5,0,4.0,0,8096
2023-12-06,East_Zone,Winter,17.6,0,9158,Kolkata,22.57,88.36,18.4,0.82,9,1,1.85,Humid_Subtropical,77.1,0.0,17.6,3.1,4.4,0,0.297,0.371,126.0,0.412,74.3,0,108.28,57.2,79.4,0,4.0,0,9225
2023-12-07,East_Zone,Winter,18.8,0,10598,Kolkata,22.57,88.36,18.4,0.82,9,1,1.85,Humid_Subtropical,75.7,0.0,18.8,9.0,4.5,0,0.415,0.363,131.0,0.41,76.1,0,106.92,57.4,79.4,0,4.0,0,10685
2023-12-08,East_Zone,Winter,15.3,0,8466,Kolkata,22.57,88.36,18.4,0.82,9,1,1.85,Humid_Subtropical,73.2,0.0,15.3,7.5,2.9,0,0.234,0.413,152.0,0.436,74.9,0,108.57,55.7,71.9,0,4.0,0,8581
2023-12-09,East_Zone,Winter,12.1,0,7990,Kolkata,22.57,88.36,18.4,0.82,9,1,1.85,Humid_Subtropical,79.6,0.0,12.1,9.6,3.5,0,0.305,0.405,156.0,0.438,75.3,0,108.31,56.7,65.3,0,4.0,0,8155
2023-12-10,East_Zone,Winter,16.7,0,8917,Kolkata,22.57,88.36,18.4,0.82,9,1,1.85,Humid_Subtropical,70.0,0.0,16.7,8.9,3.2,0,0.195,0.406,187.0,0.456,76.8,0,107.84,48.6,70.4,0,4.0,0,9117
2023-12-11,East_Zone,Winter,8.4,0,8116,Kolkata,22.57,88.36,18.4,0.82,9,1,1.85,Humid_Subtropical,78.4,0.0,8.4,5.7,3.0,0,0.2,0.378,133.0,0.462,73.0,0,107.23,56.2,71.4,0,4.0,0,8149
2023-12-12,East_Zone,Winter,15.6,0,8588,Kolkata,22.57,88.36,18.4,0.82,9,1,1.85,Humid_Subtropical,79.8,0.1,15.6,5.5,3.9,0,0.164,0.44,178.0,0.476,66.2,0,108.46,56.0,68.9,0,4.0,0,8870
2023-12-13,East_Zone,Winter,17.6,0,10612,Kolkata,22.57,88.36,18.4,0.82,9,1,1.85,Humid_Subtropical,84.0,0.0,17.6,11.3,3.4,0,0.201,0.363,145.0,0.504,68.8,0,107.96,51.3,70.1,0,4.0,0,10784
2023-12-14,East_Zone,Winter,6.6,0,6995,Kolkata,22.57,88.36,18.4,0.82,9,1,1.85,Humid_Subtropical,98.1,0.0,6.6,5.1,3.2,0,0.308,0.413,145.0,0.392,75.5,0,104.21,56.8,66.2,0,4.0,0,6975
2023-12-15,East_Zone,Winter,10.7,0,8079,Kolkata,22.57,88.36,18.4,0.82,9,1,1.85,Humid_Subtropical,78.6,0.0,10.7,8.2,3.9,0,0.27,0.402,147.0,0.447,74.6,0,106.64,53.7,75.6,0,4.0,0,8308
2023-12-16,East_Zone,Winter,15.4,0,9354,Kolkata,22.57,88.36,18.4,0.82,9,1,1.85,Humid_Subtropical,85.9,0.0,15.4,4.9,4.4,0,0.273,0.418,145.0,0.429,76.1,0,107.66,57.0,80.1,0,4.0,0,9674
2023-12-17,East_Zone,Winter,13.5,0,6876,Kolkata,22.57,88.36,18.4,0.82,9,1,1.85,Humid_Subtropical,81.1,0.0,13.5,1.0,3.6,0,0.27,0.491,159.0,0.523,82.5,0,107.8,58.1,83.9,0,4.0,0,7188
2023-12-18,East_Zone,Winter,13.6,0,8737,Kolkata,22.57,88.36,18.4,0.82,9,1,1.85,Humid_Subtropical,79.1,0.0,13.6,2.3,3.5,0,0.477,0.341,143.0,0.431,74.7,0,108.26,57.6,73.2,0,4.0,0,9085
2023-12-19,East_Zone,Winter,18.0,0,8574,Kolkata,22.57,88.36,18.4,0.82,9,1,1.85,Humid_Subtropical,79.4,0.0,18.0,7.2,3.0,0,0.186,0.277,125.0,0.348,73.7,0,109.14,51.3,71.1,0,4.0,0,8309
2023-12-20,East_Zone,Winter,18.1,0,9001,Kolkata,22.57,88.36,18.4,0.82,9,1,1.85,Humid_Subtropical,77.4,4.8,18.1,8.1,4.6,0,0.176,0.384,145.0,0.449,75.0,0,108.21,54.7,71.8,0,4.0,0,9269
2023-12-21,East_Zone,Winter,16.1,0,8613,Kolkata,22.57,88.36,18.4,0.82,9,1,1.85,Humid_Subtropical,78.9,0.0,16.1,7.2,3.9,0,0.215,0.351,158.0,0.436,70.4,0,105.57,63.7,78.8,0,4.0,0,8595
2023-12-22,East_Zone,Winter,15.5,0,9600,Kolkata,22.57,88.36,18.4,0.82,9,1,1.85,Humid_Subtropical,76.7,0.0,15.5,9.4,3.6,0,0.293,0.239,125.0,0.422,76.3,0,107.89,61.7,78.7,0,4.0,0,9674
2023-12-23,East_Zone,Winter,11.3,0,7285,Kolkata,22.57,88.36,18.4,0.82,9,1,1.85,Humid_Subtropical,74.2,0.0,11.3,7.2,3.4,0,0.351,0.525,160.0,0.45,73.5,0,108.94,59.9,70.8,0,4.0,0,7464
2023-12-24,East_Zone,Winter,15.6,0,10809,Kolkata,22.57,88.36,18.4,0.82,9,1,1.85,Humid_Subtropical,70.9,0.0,15.6,3.7,3.7,0,0.362,0.454,171.0,0.463,79.0,0,107.87,57.2,78.0,0,4.0,0,11077
2023-12-25,East_Zone,Winter,12.4,0,9734,Kolkata,22.57,88.36,18.4,0.82,9,1,1.85,Humid_Subtropical,83.8,0.0,12.4,7.8,3.8,0,0.394,0.46,177.0,0.447,69.2,0,108.0,52.2,72.8,0,4.0,0,9794
2023-12-26,East_Zone,Winter,21.0,0,10175,Kolkata,22.57,88.36,18.4,0.82,9,1,1.85,Humid_Subtropical,74.0,0.0,21.0,6.5,4.3,0,0.289,0.403,156.0,0.421,74.0,0,107.33,55.3,68.3,0,4.0,0,10056
2023-12-27,East_Zone,Winter,14.1,0,7972,Kolkata,22.57,88.36,18.4,0.82,9,1,1.85,Humid_Subtropical,76.6,0.0,14.1,4.3,4.4,0,0.26,0.445,118.0,0.462,72.1,0,108.81,54.8,71.2,0,4.0,0,7905
2023-12-28,East_Zone,Winter,14.8,0,7573,Kolkata,22.57,88.36,18.4,0.82,9,1,1.85,Humid_Subtropical,79.2,0.0,14.8,7.4,3.6,0,0.463,0.395,162.0,0.443,70.8,0,107.54,55.7,80.5,0,4.0,0,7709
2023-12-29,East_Zone,Winter,14.8,0,9890,Kolkata,22.57,88.36,18.4,0.82,9,1,1.85,Humid_Subtropical,83.1,0.3,14.8,6.2,4.5,0,0.022,0.469,167.0,0.489,75.9,0,108.52,50.6,75.6,0,4.0,0,10196
2023-12-30,East_Zone,Winter,13.2,0,8099,Kolkata,22.57,88.36,18.4,0.82,9,1,1.85,Humid_Subtropical,81.0,0.0,13.2,4.2,4.0,0,0.306,0.431,137.0,0.449,73.0,0,108.39,60.2,69.5,0,4.0,0,8306
2023-12-31,East_Zone,Winter,9.9,0,7773,Kolkata,22.57,88.36,18.4,0.82,9,1,1.85,Humid_Subtropical,78.8,0.0,9.9,5.5,3.2,0,0.343,0.418,149.0,0.463,78.0,0,108.05,45.5,76.7,0,4.0,0,8088
2021-01-01,North_Zone,Winter,16.5,0,12011,Delhi NCR,28.61,77.21,30.5,0.92,216,0,1.48,Semi_Arid,69.2,0.0,16.5,10.2,2.6,0,0.187,0.602,204.0,0.714,76.4,0,100.52,56.6,75.6,0,5.0,0,12800
2021-01-02,North_Zone,Winter,16.9,0,13454,Delhi NCR,28.61,77.21,30.5,0.92,216,0,1.48,Semi_Arid,70.8,0.7,16.9,10.1,3.6,0,-0.166,0.688,227.0,0.814,76.8,0,100.27,56.6,70.5,0,5.0,0,14547
2021-01-03,North_Zone,Winter,14.3,0,11387,Delhi NCR,28.61,77.21,30.5,0.92,216,0,1.48,Semi_Arid,66.9,0.0,14.3,6.6,4.4,0,-0.042,0.61,190.0,0.729,84.0,0,101.38,62.9,68.3,0,5.0,0,11778
2021-01-04,North_Zone,Winter,19.7,0,13548,Delhi NCR,28.61,77.21,30.5,0.92,216,0,1.48,Semi_Arid,66.0,0.0,19.7,6.2,3.3,0,-0.136,0.538,211.0,0.762,73.9,0,100.81,52.3,66.4,0,5.0,0,14422
2021-01-05,North_Zone,Winter,13.6,0,11831,Delhi NCR,28.61,77.21,30.5,0.92,216,0,1.48,Semi_Arid,71.0,0.0,13.6,1.7,3.5,0,-0.18,0.62,201.0,0.763,75.6,0,101.21,51.4,63.8,0,5.0,0,12502
2021-01-06,North_Zone,Winter,13.6,0,11029,Delhi NCR,28.61,77.21,30.5,0.92,216,0,1.48,Semi_Arid,70.5,0.0,13.6,11.2,3.5,0,-0.02,0.629,199.0,0.761,68.7,0,99.44,53.3,68.7,0,5.0,0,11381
2021-01-07,North_Zone,Winter,15.7,0,10400,Delhi NCR,28.61,77.21,30.5,0.92,216,0,1.48,Semi_Arid,66.7,0.8,15.7,9.1,4.1,0,0.083,0.591,219.0,0.771,76.7,0,99.41,55.0,71.1,0,5.0,0,11129
2021-01-08,North_Zone,Winter,9.8,0,10006,Delhi NCR,28.61,77.21,30.5,0.92,216,0,1.48,Semi_Arid,70.1,0.0,9.8,8.3,3.0,0,0.121,0.597,180.0,0.685,80.1,0,100.34,52.8,78.3,0,5.0,0,10372
2021-01-09,North_Zone,Winter,12.0,0,11241,Delhi NCR,28.61,77.21,30.5,0.92,216,0,1.48,Semi_Arid,68.4,0.0,12.0,1.0,2.8,0,-0.053,0.536,199.0,0.717,79.2,0,101.06,48.7,76.1,0,5.0,0,11619
2021-01-10,North_Zone,Winter,12.3,0,9939,Delhi NCR,28.61,77.21,30.5,0.92,216,0,1.48,Semi_Arid,60.1,0.0,12.3,6.1,3.7,0,0.067,0.606,195.0,0.774,78.4,0,100.87,55.6,73.0,0,5.0,0,10763
2021-01-11,North_Zone,Winter,19.4,0,12668,Delhi NCR,28.61,77.21,30.5,0.92,216,0,1.48,Semi_Arid,64.9,0.0,19.4,5.6,3.3,0,-0.02,0.527,168.0,0.789,75.4,0,99.63,52.8,62.6,0,5.0,0,13282
2021-01-12,North_Zone,Winter,15.2,0,10660,Delhi NCR,28.61,77.21,30.5,0.92,216,0,1.48,Semi_Arid,57.1,0.0,15.2,8.0,2.4,0,0.056,0.585,217.0,0.746,77.4,0,101.19,49.4,73.5,0,5.0,0,11066
2021-01-13,North_Zone,Winter,13.4,0,11430,Delhi NCR,28.61,77.21,30.5,0.92,216,0,1.48,Semi_Arid,61.0,0.0,13.4,4.6,4.5,0,0.115,0.56,210.0,0.667,76.8,0,99.82,46.4,63.8,0,5.0,0,11715
2021-01-14,North_Zone,Winter,11.5,0,11187,Delhi NCR,28.61,77.21,30.5,0.92,216,0,1.48,Semi_Arid,72.6,0.0,11.5,5.3,3.9,0,-0.019,0.659,196.0,0.755,78.0,0,101.15,63.3,76.4,0,5.0,0,12077
2021-01-15,North_Zone,Winter,13.2,0,11066,Delhi NCR,28.61,77.21,30.5,0.92,216,0,1.48,Semi_Arid,69.3,0.0,13.2,7.9,4.5,0,0.108,0.693,190.0,0.771,78.5,0,100.8,56.6,76.5,0,5.0,0,11587
2021-01-16,North_Zone,Winter,13.2,0,12780,Delhi NCR,28.61,77.21,30.5,0.92,216,0,1.48,Semi_Arid,72.5,0.0,13.2,3.7,3.9,0,-0.121,0.531,195.0,0.766,76.9,0,100.32,55.4,72.3,0,5.0,0,13407
2021-01-17,North_Zone,Winter,15.0,0,10893,Delhi NCR,28.61,77.21,30.5,0.92,216,0,1.48,Semi_Arid,62.6,0.0,15.0,4.3,3.9,0,0.066,0.6,208.0,0.751,78.1,0,100.04,52.6,76.1,0,5.0,0,11483
2021-01-18,North_Zone,Winter,17.5,0,11390,Delhi NCR,28.61,77.21,30.5,0.92,216,0,1.48,Semi_Arid,56.7,0.0,17.5,6.6,3.8,0,0.103,0.581,196.0,0.707,77.7,0,100.74,56.1,77.1,0,5.0,0,12469
2021-01-19,North_Zone,Winter,15.6,0,10338,Delhi NCR,28.61,77.21,30.5,0.92,216,0,1.48,Semi_Arid,62.4,0.0,15.6,10.0,3.4,0,0.093,0.628,183.0,0.786,76.0,0,100.73,49.1,72.5,0,5.0,0,10725
2021-01-20,North_Zone,Winter,11.0,0,10911,Delhi NCR,28.61,77.21,30.5,0.92,216,0,1.48,Semi_Arid,66.9,2.4,11.0,8.4,3.6,0,-0.119,0.606,186.0,0.769,78.2,0,99.63,53.6,71.3,0,5.0,0,11260
2021-01-21,North_Zone,Winter,17.2,0,12440,Delhi NCR,28.61,77.21,30.5,0.92,216,0,1.48,Semi_Arid,63.1,0.0,17.2,9.2,3.3,0,-0.021,0.577,195.0,0.723,74.2,0,101.31,54.5,65.4,0,5.0,0,12886
2021-01-22,North_Zone,Winter,14.7,0,11422,Delhi NCR,28.61,77.21,30.5,0.92,216,0,1.48,Semi_Arid,69.8,0.0,14.7,6.2,2.8,0,0.03,0.606,178.0,0.773,78.5,0,101.9,49.6,70.2,0,5.0,0,11964
2021-01-23,North_Zone,Winter,10.6,0,10065,Delhi NCR,28.61,77.21,30.5,0.92,216,0,1.48,Semi_Arid,64.8,8.2,10.6,10.5,3.1,0,0.044,0.587,201.0,0.73,74.7,0,101.63,53.2,67.0,0,5.0,0,10554
2021-01-24,North_Zone,Winter,13.6,0,12250,Delhi NCR,28.61,77.21,30.5,0.92,216,0,1.48,Semi_Arid,66.6,0.0,13.6,1.0,4.2,0,0.012,0.695,181.0,0.765,77.9,0,101.12,51.8,67.0,0,5.0,0,12872
2021-01-25,North_Zone,Winter,16.0,0,10597,Delhi NCR,28.61,77.21,30.5,0.92,216,0,1.48,Semi_Arid,58.5,0.0,16.0,12.1,2.8,0,0.143,0.552,178.0,0.722,79.4,0,100.38,50.1,68.3,0,5.0,0,11204
2021-01-26,North_Zone,Winter,16.0,0,11684,Delhi NCR,28.61,77.21,30.5,0.92,216,0,1.48,Semi_Arid,65.7,3.4,16.0,12.5,2.8,0,-0.13,0.615,252.0,0.744,75.2,0,100.99,51.2,62.2,0,5.0,0,12244
2021-01-27,North_Zone,Winter,13.0,0,11731,Delhi NCR,28.61,77.21,30.5,0.92,216,0,1.48,Semi_Arid,65.2,0.0,13.0,7.4,3.8,0,-0.024,0.631,230.0,0.785,81.1,0,100.76,46.5,76.9,0,5.0,0,12306
2021-01-28,North_Zone,Winter,18.1,0,13268,Delhi NCR,28.61,77.21,30.5,0.92,216,0,1.48,Semi_Arid,58.4,0.0,18.1,8.5,3.4,0,-0.169,0.626,198.0,0.703,83.4,0,101.05,57.7,73.1,0,5.0,0,13899
2021-01-29,North_Zone,Winter,12.5,0,10873,Delhi NCR,28.61,77.21,30.5,0.92,216,0,1.48,Semi_Arid,64.3,0.0,12.5,5.9,3.7,0,0.062,0.582,210.0,0.779,76.0,0,101.89,60.0,77.8,0,5.0,0,11513
2021-01-30,North_Zone,Winter,16.0,0,12778,Delhi NCR,28.61,77.21,30.5,0.92,216,0,1.48,Semi_Arid,62.5,0.7,16.0,5.4,4.1,0,0.055,0.682,213.0,0.776,77.6,0,100.88,49.6,76.0,0,5.0,0,13855
2021-01-31,North_Zone,Winter,13.6,0,11242,Delhi NCR,28.61,77.21,30.5,0.92,216,0,1.48,Semi_Arid,63.5,0.0,13.6,4.2,3.7,0,0.335,0.475,194.0,0.707,81.6,0,99.18,57.1,74.5,0,5.0,0,11850
2021-02-01,North_Zone,Winter,11.7,0,9963,Delhi NCR,28.61,77.21,30.5,0.92,216,0,1.48,Semi_Arid,74.8,2.7,11.7,5.9,3.0,0,0.103,0.534,200.0,0.734,72.6,0,101.85,53.6,76.0,0,5.0,0,10604
2021-02-02,North_Zone,Winter,17.4,0,13444,Delhi NCR,28.61,77.21,30.5,0.92,216,0,1.48,Semi_Arid,62.1,0.0,17.4,7.7,4.4,0,0.033,0.64,190.0,0.733,78.1,0,101.47,53.5,72.8,0,5.0,0,14046
2021-02-03,North_Zone,Winter,14.8,0,12498,Delhi NCR,28.61,77.21,30.5,0.92,216,0,1.48,Semi_Arid,62.9,0.0,14.8,7.3,3.9,0,0.025,0.547,218.0,0.688,77.1,0,101.25,48.3,78.5,0,5.0,0,13176
2021-02-04,North_Zone,Winter,16.1,0,11505,Delhi NCR,28.61,77.21,30.5,0.92,216,0,1.48,Semi_Arid,52.9,0.0,16.1,12.0,3.6,0,-0.032,0.544,218.0,0.71,80.7,0,99.96,50.8,69.5,0,5.0,0,11786
2021-02-05,North_Zone,Winter,16.1,0,13251,Delhi NCR,28.61,77.21,30.5,0.92,216,0,1.48,Semi_Arid,58.9,3.5,16.1,6.3,3.5,0,0.013,0.572,223.0,0.686,77.3,0,100.33,55.3,71.9,0,5.0,0,13966
2021-02-06,North_Zone,Winter,14.9,0,12974,Delhi NCR,28.61,77.21,30.5,0.92,216,0,1.48,Semi_Arid,62.7,5.9,14.9,1.5,3.7,0,0.028,0.553,200.0,0.698,79.4,0,100.47,49.3,70.6,0,5.0,0,13781
2021-02-07,North_Zone,Winter,7.1,0,10442,Delhi NCR,28.61,77.21,30.5,0.92,216,0,1.48,Semi_Arid,65.3,0.0,7.1,10.9,2.9,0,-0.196,0.638,234.0,0.711,75.5,0,100.63,50.3,82.1,0,5.0,0,10720
2021-02-08,North_Zone,Winter,15.3,0,11576,Delhi NCR,28.61,77.21,30.5,0.92,216,0,1.48,Semi_Arid,70.7,0.0,15.3,2.3,2.5,0,0.02,0.654,194.0,0.8,80.9,0,100.75,51.3,68.8,0,5.0,0,12266
2021-02-09,North_Zone,Winter,15.3,0,10228,Delhi NCR,28.61,77.21,30.5,0.92,216,0,1.48,Semi_Arid,63.0,0.0,15.3,4.3,4.0,0,0.01,0.605,232.0,0.713,74.6,0,100.09,39.4,78.4,0,5.0,0,10768
2021-02-10,North_Zone,Winter,14.3,0,11870,Delhi NCR,28.61,77.21,30.5,0.92,216,0,1.48,Semi_Arid,70.9,0.0,14.3,6.8,3.9,0,0.175,0.663,187.0,0.765,80.6,0,103.45,55.7,65.2,0,5.0,0,12736
2021-02-11,North_Zone,Winter,19.4,0,12443,Delhi NCR,28.61,77.21,30.5,0.92,216,0,1.48,Semi_Arid,61.7,0.0,19.4,7.3,2.3,0,-0.013,0.517,172.0,0.763,78.2,0,102.83,56.7,72.5,0,5.0,0,13003
2021-02-12,North_Zone,Winter,12.6,0,10742,Delhi NCR,28.61,77.21,30.5,0.92,216,0,1.48,Semi_Arid,65.6,0.5,12.6,1.7,3.7,0,-0.077,0.605,232.0,0.777,70.9,0,101.63,55.1,71.1,0,5.0,0,11267
2021-02-13,North_Zone,Winter,17.7,0,12699,Delhi NCR,28.61,77.21,30.5,0.92,216,0,1.48,Semi_Arid,61.9,0.0,17.7,3.8,4.7,0,0.027,0.681,207.0,0.761,78.2,0,101.34,57.3,66.9,0,5.0,0,13459
2021-02-14,North_Zone,Winter,13.4,0,11763,Delhi NCR,28.61,77.21,30.5,0.92,216,0,1.48,Semi_Arid,65.0,0.0,13.4,1.6,2.7,0,0.007,0.659,204.0,0.756,79.8,0,103.23,52.5,68.7,0,5.0,0,12581
2021-02-15,North_Zone,Winter,15.3,0,12597,Delhi NCR,28.61,77.21,30.5,0.92,216,0,1.48,Semi_Arid,72.4,0.0,15.3,7.9,3.5,0,-0.013,0.686,189.0,0.777,74.3,0,103.05,61.5,74.5,0,5.0,0,13505
2021-02-16,North_Zone,Winter,12.9,0,10961,Delhi NCR,28.61,77.21,30.5,0.92,216,0,1.48,Semi_Arid,53.7,0.0,12.9,9.6,3.3,0,-0.128,0.565,180.0,0.805,75.5,0,100.71,49.9,70.3,0,5.0,0,11743
2021-02-17,North_Zone,Winter,13.8,0,10285,Delhi NCR,28.61,77.21,30.5,0.92,216,0,1.48,Semi_Arid,54.7,0.0,13.8,2.3,4.4,0,-0.016,0.655,181.0,0.776,78.3,0,101.72,52.8,67.2,0,5.0,0,10999
2021-02-18,North_Zone,Winter,15.9,0,12180,Delhi NCR,28.61,77.21,30.5,0.92,216,0,1.48,Semi_Arid,60.7,0.0,15.9,9.0,4.2,0,-0.058,0.574,197.0,0.764,76.5,0,101.31,52.2,76.5,0,5.0,0,12798
2021-02-19,North_Zone,Winter,15.0,0,11566,Delhi NCR,28.61,77.21,30.5,0.92,216,0,1.48,Semi_Arid,64.1,0.4,15.0,8.8,3.0,0,-0.022,0.636,192.0,0.827,79.0,0,101.25,54.2,71.9,0,5.0,0,12342
2021-02-20,North_Zone,Winter,10.8,0,10351,Delhi NCR,28.61,77.21,30.5,0.92,216,0,1.48,Semi_Arid,70.0,0.0,10.8,4.0,3.5,0,0.073,0.679,160.0,0.778,77.4,0,101.37,52.6,73.7,0,5.0,0,11115
2021-02-21,North_Zone,Winter,14.0,0,10851,Delhi NCR,28.61,77.21,30.5,0.92,216,0,1.48,Semi_Arid,67.0,0.0,14.0,1.0,4.8,0,-0.067,0.552,225.0,0.772,74.0,0,101.47,53.2,77.5,0,5.0,0,11362
2021-02-22,North_Zone,Winter,14.5,0,11952,Delhi NCR,28.61,77.21,30.5,0.92,216,0,1.48,Semi_Arid,62.4,0.0,14.5,2.8,3.1,0,-0.022,0.489,187.0,0.737,85.0,0,101.79,51.0,79.7,0,5.0,0,12466
2021-02-23,North_Zone,Winter,20.7,0,13304,Delhi NCR,28.61,77.21,30.5,0.92,216,0,1.48,Semi_Arid,65.7,0.0,20.7,4.2,3.8,0,0.054,0.711,217.0,0.792,77.0,0,101.82,52.0,60.6,0,5.0,0,13775
2021-02-24,North_Zone,Winter,15.8,0,11883,Delhi NCR,28.61,77.21,30.5,0.92,216,0,1.48,Semi_Arid,68.7,0.0,15.8,10.6,3.8,0,-0.027,0.629,182.0,0.728,78.4,0,103.06,45.3,71.5,0,5.0,0,12778
2021-02-25,North_Zone,Winter,9.2,0,10289,Delhi NCR,28.61,77.21,30.5,0.92,216,0,1.48,Semi_Arid,68.4,0.0,9.2,5.6,2.8,0,0.261,0.594,198.0,0.715,83.3,0,100.84,56.5,63.6,0,5.0,0,11079
2021-02-26,North_Zone,Winter,15.2,0,13765,Delhi NCR,28.61,77.21,30.5,0.92,216,0,1.48,Semi_Arid,68.7,0.0,15.2,3.0,4.6,0,0.025,0.59,213.0,0.732,80.6,0,102.63,50.0,85.6,0,5.0,0,14521
2021-02-27,North_Zone,Winter,14.4,0,11846,Delhi NCR,28.61,77.21,30.5,0.92,216,0,1.48,Semi_Arid,65.7,0.0,14.4,6.4,3.2,0,-0.124,0.474,210.0,0.745,79.6,0,100.61,51.3,72.8,0,5.0,0,12501
2021-02-28,North_Zone,Winter,14.9,0,10789,Delhi NCR,28.61,77.21,30.5,0.92,216,0,1.48,Semi_Arid,61.3,0.0,14.9,2.1,2.7,0,-0.084,0.613,190.0,0.778,81.2,0,101.94,49.5,76.9,0,5.0,0,11701
2021-03-01,North_Zone,Summer,39.6,0,18494,Delhi NCR,28.61,77.21,30.5,0.92,216,0,1.48,Semi_Arid,28.7,0.0,41.8,7.5,9.4,0,-0.094,0.768,149.0,0.832,79.7,0,102.76,56.4,41.9,0,5.0,0,19129
2021-03-02,North_Zone,Summer,31.8,0,17055,Delhi NCR,28.61,77.21,30.5,0.92,216,0,1.48,Semi_Arid,30.5,0.0,30.6,3.1,9.7,0,-0.083,0.803,152.0,0.8,79.7,0,102.3,51.7,43.2,0,5.0,0,18025
2021-03-03,North_Zone,Summer,37.3,0,19089,Delhi NCR,28.61,77.21,30.5,0.92,216,0,1.48,Semi_Arid,26.6,0.2,37.3,3.5,9.1,0,0.054,0.802,137.0,0.817,79.7,0,101.44,43.8,50.5,0,5.0,0,20603
2021-03-04,North_Zone,Summer,33.0,0,16995,Delhi NCR,28.61,77.21,30.5,0.92,216,0,1.48,Semi_Arid,36.6,0.5,33.1,7.1,9.6,0,-0.111,0.597,120.0,0.766,77.5,0,102.05,54.9,47.6,0,5.0,0,17570
2021-03-05,North_Zone,Summer,35.4,0,16446,Delhi NCR,28.61,77.21,30.5,0.92,216,0,1.48,Semi_Arid,15.5,0.0,33.0,11.3,9.9,0,-0.033,0.829,129.0,0.804,81.2,0,103.44,51.4,53.4,0,5.0,0,17478
2021-03-06,North_Zone,Summer,35.0,0,16466,Delhi NCR,28.61,77.21,30.5,0.92,216,0,1.48,Semi_Arid,20.9,0.0,33.2,12.6,8.8,0,0.114,0.811,133.0,0.793,80.0,0,101.21,53.4,40.8,0,5.0,0,17603
2021-03-07,North_Zone,Summer,30.8,0,16066,Delhi NCR,28.61,77.21,30.5,0.92,216,0,1.48,Semi_Arid,24.6,0.0,29.1,2.9,9.0,0,-0.052,0.819,140.0,0.76,71.1,0,102.38,57.3,43.9,0,5.0,1,16735
2021-03-08,North_Zone,Summer,37.5,0,17241,Delhi NCR,28.61,77.21,30.5,0.92,216,0,1.48,Semi_Arid,24.7,3.1,37.1,4.2,9.8,0,0.067,0.789,169.0,0.793,80.6,0,102.79,50.2,47.6,0,5.0,0,18021
2021-03-09,North_Zone,Summer,31.9,0,15709,Delhi NCR,28.61,77.21,30.5,0.92,216,0,1.48,Semi_Arid,28.6,0.0,30.6,7.5,9.8,0,-0.168,0.803,156.0,0.798,75.6,0,101.45,53.4,48.3,0,5.0,0,16515
2021-03-10,North_Zone,Summer,33.6,0,16838,Delhi NCR,28.61,77.21,30.5,0.92,216,0,1.48,Semi_Arid,21.3,0.0,31.7,9.5,9.1,0,-0.037,0.81,125.0,0.837,78.7,0,103.59,51.3,47.1,0,5.0,0,18368
2021-03-11,North_Zone,Summer,35.9,0,18023,Delhi NCR,28.61,77.21,30.5,0.92,216,0,1.48,Semi_Arid,22.5,0.0,34.5,1.0,9.6,0,-0.089,0.816,173.0,0.841,73.0,0,103.94,58.5,38.4,0,5.0,1,19258
2021-03-12,North_Zone,Summer,33.7,0,16260,Delhi NCR,28.61,77.21,30.5,0.92,216,0,1.48,Semi_Arid,24.5,0.0,32.1,6.3,9.3,0,0.03,0.829,139.0,0.812,76.3,0,102.97,54.5,40.3,0,5.0,1,17265
2021-03-13,North_Zone,Summer,36.0,0,17635,Delhi NCR,28.61,77.21,30.5,0.92,216,0,1.48,Semi_Arid,39.7,3.7,39.0,4.5,10.0,0,-0.103,0.817,152.0,0.866,76.9,0,102.99,54.1,46.7,0,5.0,1,18923
2021-03-14,North_Zone,Summer,40.2,0,17355,Delhi NCR,28.61,77.21,30.5,0.92,216,0,1.48,Semi_Arid,33.9,0.0,45.4,1.0,10.1,0,0.207,0.911,123.0,0.833,79.6,0,100.17,48.1,37.3,0,5.0,0,17985
2021-03-15,North_Zone,Summer,36.0,0,17277,Delhi NCR,28.61,77.21,30.5,0.92,216,0,1.48,Semi_Arid,25.3,0.0,35.1,2.0,9.3,0,-0.164,0.756,132.0,0.82,76.2,0,100.59,56.2,40.6,0,5.0,0,18230
2021-03-16,North_Zone,Summer,35.9,0,17654,Delhi NCR,28.61,77.21,30.5,0.92,216,0,1.48,Semi_Arid,25.6,0.0,35.0,4.3,9.8,0,0.114,0.778,159.0,0.791,71.5,0,101.84,57.2,45.2,0,5.0,0,18420
2021-03-17,North_Zone,Summer,36.2,0,16471,Delhi NCR,28.61,77.21,30.5,0.92,216,0,1.48,Semi_Arid,21.5,0.0,34.7,6.2,9.3,0,0.088,0.902,124.0,0.791,76.5,0,101.27,50.4,41.1,0,5.0,1,17301
2021-03-18,North_Zone,Summer,35.7,0,15951,Delhi NCR,28.61,77.21,30.5,0.92,216,0,1.48,Semi_Arid,18.0,0.0,33.6,9.0,9.8,0,0.031,0.791,141.0,0.785,76.9,0,102.57,54.6,46.1,0,5.0,1,16721
2021-03-19,North_Zone,Summer,30.2,0,16083,Delhi NCR,28.61,77.21,30.5,0.92,216,0,1.48,Semi_Arid,30.3,0.0,29.0,7.1,9.5,0,0.005,0.856,148.0,0.858,79.9,0,99.1,55.0,44.6,0,5.0,0,17262
2021-03-20,North_Zone,Summer,32.0,0,15094,Delhi NCR,28.61,77.21,30.5,0.92,216,0,1.48,Semi_Arid,24.8,0.0,30.3,8.8,10.8,0,0.185,0.808,122.0,0.794,78.4,0,102.58,62.9,41.1,0,5.0,1,16287
2021-03-21,North_Zone,Summer,38.9,0,18043,Delhi NCR,28.61,77.21,30.5,0.92,216,0,1.48,Semi_Arid,25.2,0.0,39.4,6.1,9.5,0,0.247,0.786,108.0,0.783,75.7,0,101.79,55.3,41.2,0,5.0,1,18622
2021-03-22,North_Zone,Summer,31.5,0,15999,Delhi NCR,28.61,77.21,30.5,0.92,216,0,1.48,Semi_Arid,22.1,0.0,29.6,3.9,9.2,0,-0.021,0.859,156.0,0.815,78.8,0,101.43,53.6,51.4,0,5.0,0,17278
2021-03-23,North_Zone,Summer,31.4,1,18707,Delhi NCR,28.61,77.21,30.5,0.92,216,0,1.48,Semi_Arid,26.4,0.0,29.8,5.4,8.9,0,0.016,0.831,192.0,0.796,83.5,0,103.88,53.9,58.9,0,5.0,1,19956
2021-03-24,North_Zone,Summer,38.5,0,17436,Delhi NCR,28.61,77.21,30.5,0.92,216,0,1.48,Semi_Arid,26.6,0.0,39.2,8.1,9.1,0,-0.055,0.708,148.0,0.813,81.5,0,101.67,53.3,46.2,0,5.0,1,18514
2021-03-25,North_Zone,Summer,35.1,0,17925,Delhi NCR,28.61,77.21,30.5,0.92,216,0,1.48,Semi_Arid,29.8,0.0,34.8,9.1,9.2,0,-0.117,0.81,152.0,0.859,72.3,0,100.37,56.2,45.3,0,5.0,1,19067
2021-03-26,North_Zone,Summer,29.4,0,15315,Delhi NCR,28.61,77.21,30.5,0.92,216,0,1.48,Semi_Arid,33.4,0.0,28.5,5.6,9.6,0,0.046,0.74,124.0,0.785,85.4,0,102.45,50.5,40.5,0,5.0,1,15856
2021-03-27,North_Zone,Summer,30.7,0,16065,Delhi NCR,28.61,77.21,30.5,0.92,216,0,1.48,Semi_Arid,24.0,0.0,29.0,3.2,9.7,0,0.025,0.876,166.0,0.835,81.6,0,102.37,57.7,42.2,0,5.0,0,16880
2021-03-28,North_Zone,Summer,34.5,1,20718,Delhi NCR,28.61,77.21,30.5,0.92,216,0,1.48,Semi_Arid,32.6,0.0,34.5,7.0,9.7,0,-0.161,0.905,133.0,0.855,82.8,0,101.82,47.6,45.0,0,5.0,0,22025
2021-03-29,North_Zone,Summer,31.6,0,14691,Delhi NCR,28.61,77.21,30.5,0.92,216,0,1.48,Semi_Arid,26.0,1.0,30.0,7.4,9.2,0,0.046,0.912,161.0,0.831,73.4,0,104.35,57.4,41.8,0,5.0,1,15735
2021-03-30,North_Zone,Summer,31.3,0,15413,Delhi NCR,28.61,77.21,30.5,0.92,216,0,1.48,Semi_Arid,33.4,0.0,30.4,9.7,9.0,0,0.028,0.821,151.0,0.779,76.8,0,102.21,57.7,41.9,0,5.0,1,16304
2021-03-31,North_Zone,Summer,35.7,0,17231,Delhi NCR,28.61,77.21,30.5,0.92,216,0,1.48,Semi_Arid,27.5,0.8,35.2,4.0,9.0,0,-0.06,0.772,151.0,0.781,79.8,0,103.01,57.4,47.7,0,5.0,1,18959
2021-04-01,North_Zone,Summer,35.9,0,16333,Delhi NCR,28.61,77.21,30.5,0.92,216,0,1.48,Semi_Arid,20.6,0.0,34.2,4.0,9.2,0,-0.067,0.819,151.0,0.817,74.6,0,102.32,55.0,42.0,0,5.0,1,17369
2021-04-02,North_Zone,Summer,39.2,0,17848,Delhi NCR,28.61,77.21,30.5,0.92,216,0,1.48,Semi_Arid,23.9,0.0,39.4,8.3,8.9,0,0.042,0.744,150.0,0.798,79.6,0,103.27,55.9,48.9,0,5.0,0,18468
2021-04-03,North_Zone,Summer,38.5,0,18475,Delhi NCR,28.61,77.21,30.5,0.92,216,0,1.48,Semi_Arid,27.7,0.0,39.5,4.8,10.5,0,0.161,0.941,145.0,0.781,82.9,0,101.67,52.1,43.7,0,5.0,1,19922
2021-04-04,North_Zone,Summer,31.2,0,16896,Delhi NCR,28.61,77.21,30.5,0.92,216,0,1.48,Semi_Arid,33.3,0.0,30.3,4.7,10.4,0,0.04,0.872,157.0,0.805,77.0,0,100.93,48.9,45.7,0,5.0,1,18029
2021-04-05,North_Zone,Summer,38.6,0,17171,Delhi NCR,28.61,77.21,30.5,0.92,216,0,1.48,Semi_Arid,25.1,0.0,38.9,9.8,8.5,0,0.078,0.818,127.0,0.782,83.1,0,102.76,55.1,44.8,0,5.0,1,18048
2021-04-06,North_Zone,Summer,36.2,0,17260,Delhi NCR,28.61,77.21,30.5,0.92,216,0,1.48,Semi_Arid,34.9,0.0,37.9,1.9,9.7,0,-0.083,0.86,136.0,0.841,80.1,0,102.29,54.2,48.5,0,5.0,1,18092
2021-04-07,North_Zone,Summer,35.1,0,17471,Delhi NCR,28.61,77.21,30.5,0.92,216,0,1.48,Semi_Arid,33.0,0.0,35.5,12.2,9.7,0,-0.041,0.77,166.0,0.772,72.4,0,102.79,57.8,51.0,0,5.0,1,18350
2021-04-08,North_Zone,Summer,40.7,0,18193,Delhi NCR,28.61,77.21,30.5,0.92,216,0,1.48,Semi_Arid,23.3,0.0,41.6,4.2,9.9,0,0.061,0.734,143.0,0.77,75.4,0,101.37,53.0,40.1,0,5.0,0,19269
2021-04-09,North_Zone,Summer,40.3,0,18871,Delhi NCR,28.61,77.21,30.5,0.92,216,0,1.48,Semi_Arid,28.6,0.0,43.1,8.6,9.4,0,-0.136,0.667,134.0,0.752,81.3,0,102.46,54.6,53.8,0,5.0,0,19920
2021-04-10,North_Zone,Summer,35.9,0,17123,Delhi NCR,28.61,77.21,30.5,0.92,216,0,1.48,Semi_Arid,37.1,0.0,38.0,5.7,10.2,0,0.021,0.805,159.0,0.825,74.9,0,100.38,54.3,40.7,0,5.0,0,18359
2021-04-11,North_Zone,Summer,30.4,0,14396,Delhi NCR,28.61,77.21,30.5,0.92,216,0,1.48,Semi_Arid,40.6,10.4,30.2,6.8,9.5,0,0.049,0.788,155.0,0.826,81.2,0,101.49,55.9,44.1,0,5.0,1,15478
2021-04-12,North_Zone,Summer,35.7,0,16230,Delhi NCR,28.61,77.21,30.5,0.92,216,0,1.48,Semi_Arid,21.4,0.0,34.0,5.2,10.2,0,-0.004,0.831,117.0,0.823,79.8,0,101.26,57.3,42.4,0,5.0,1,17176
2021-04-13,North_Zone,Summer,34.8,0,16282,Delhi NCR,28.61,77.21,30.5,0.92,216,0,1.48,Semi_Arid,23.5,0.9,33.3,8.6,9.0,0,0.032,0.801,153.0,0.833,78.9,0,102.46,50.2,52.5,0,5.0,0,16521
2021-04-14,North_Zone,Summer,27.8,0,15247,Delhi NCR,28.61,77.21,30.5,0.92,216,0,1.48,Semi_Arid,39.7,0.0,27.5,5.0,8.3,0,0.006,0.828,142.0,0.844,76.3,0,101.47,56.4,39.7,0,5.0,1,15875
2021-04-15,North_Zone,Summer,33.3,0,16399,Delhi NCR,28.61,77.21,30.5,0.92,216,0,1.48,Semi_Arid,23.7,3.8,31.6,4.3,9.7,0,-0.062,0.849,153.0,0.758,78.9,0,100.57,52.5,48.6,0,5.0,0,16859
2021-04-16,North_Zone,Summer,31.4,0,15589,Delhi NCR,28.61,77.21,30.5,0.92,216,0,1.48,Semi_Arid,23.5,2.3,29.6,11.4,8.7,0,-0.118,0.712,140.0,0.796,83.0,0,101.37,56.1,34.0,0,5.0,0,16517
2021-04-17,North_Zone,Summer,41.2,0,18413,Delhi NCR,28.61,77.21,30.5,0.92,216,0,1.48,Semi_Arid,21.8,0.0,41.8,6.1,10.4,0,-0.009,0.852,148.0,0.802,76.8,0,102.53,59.9,49.1,0,5.0,0,19696
2021-04-18,North_Zone,Summer,37.2,0,16282,Delhi NCR,28.61,77.21,30.5,0.92,216,0,1.48,Semi_Arid,28.8,0.0,37.7,4.0,8.3,0,0.13,0.776,107.0,0.756,79.8,0,102.05,45.4,44.0,0,5.0,1,16977
2021-04-19,North_Zone,Summer,44.6,0,20613,Delhi NCR,28.61,77.21,30.5,0.92,216,0,1.48,Semi_Arid,21.7,0.0,47.6,1.5,9.7,1,0.102,0.831,124.0,0.798,84.0,0,101.16,58.3,43.1,0,5.0,1,22600
2021-04-20,North_Zone,Summer,40.5,0,18776,Delhi NCR,28.61,77.21,30.5,0.92,216,0,1.48,Semi_Arid,21.4,0.0,40.6,11.6,9.4,0,-0.035,0.861,153.0,0.837,78.8,0,102.74,53.6,41.5,0,5.0,1,20229
2021-04-21,North_Zone,Summer,35.1,0,17118,Delhi NCR,28.61,77.21,30.5,0.92,216,0,1.48,Semi_Arid,24.6,0.0,33.8,4.3,9.3,0,-0.037,0.862,187.0,0.859,76.5,0,103.45,51.0,44.7,0,5.0,0,18016
2021-04-22,North_Zone,Summer,39.2,0,17295,Delhi NCR,28.61,77.21,30.5,0.92,216,0,1.48,Semi_Arid,21.9,0.0,38.8,12.2,9.9,0,-0.044,0.808,147.0,0.762,76.5,0,102.78,52.4,43.2,0,5.0,1,17796
2021-04-23,North_Zone,Summer,33.2,0,14970,Delhi NCR,28.61,77.21,30.5,0.92,216,0,1.48,Semi_Arid,24.7,0.0,31.6,7.2,9.6,0,-0.044,0.811,128.0,0.821,71.7,0,99.55,48.7,37.5,0,5.0,1,15345
2021-04-24,North_Zone,Summer,31.9,0,17307,Delhi NCR,28.61,77.21,30.5,0.92,216,0,1.48,Semi_Arid,41.3,0.0,32.4,6.4,9.7,0,0.029,0.854,142.0,0.872,74.4,0,102.09,55.9,41.1,0,5.0,1,18420
2021-04-25,North_Zone,Summer,33.7,0,16161,Delhi NCR,28.61,77.21,30.5,0.92,216,0,1.48,Semi_Arid,30.3,0.0,32.9,6.5,9.9,0,0.106,0.71,124.0,0.832,79.0,0,101.69,49.5,49.0,0,5.0,1,16839
2021-04-26,North_Zone,Summer,36.3,0,15777,Delhi NCR,28.61,77.21,30.5,0.92,216,0,1.48,Semi_Arid,31.7,0.0,37.1,12.6,9.5,0,0.226,0.743,162.0,0.682,80.9,0,99.79,57.7,43.0,0,5.0,0,16503
2021-04-27,North_Zone,Summer,38.8,0,18708,Delhi NCR,28.61,77.21,30.5,0.92,216,0,1.48,Semi_Arid,23.3,0.0,38.6,1.0,11.0,0,-0.083,0.783,141.0,0.861,76.7,0,100.52,56.0,41.0,0,5.0,0,19718
2021-04-28,North_Zone,Summer,36.5,0,18448,Delhi NCR,28.61,77.21,30.5,0.92,216,0,1.48,Semi_Arid,26.2,0.0,36.0,6.6,10.4,0,0.065,0.72,159.0,0.809,80.9,0,102.59,54.9,45.2,0,5.0,0,18978
2021-04-29,North_Zone,Summer,29.7,0,16898,Delhi NCR,28.61,77.21,30.5,0.92,216,0,1.48,Semi_Arid,27.6,0.2,28.3,5.2,9.0,0,0.054,0.784,137.0,0.727,80.7,0,101.96,45.6,47.4,0,5.0,0,17602
2021-04-30,North_Zone,Summer,32.1,0,14995,Delhi NCR,28.61,77.21,30.5,0.92,216,0,1.48,Semi_Arid,16.5,1.7,29.9,5.4,9.3,0,-0.033,0.78,161.0,0.772,75.7,0,101.84,48.4,48.3,0,5.0,1,15532
2021-05-01,North_Zone,Summer,34.1,0,18010,Delhi NCR,28.61,77.21,30.5,0.92,216,0,1.48,Semi_Arid,21.6,2.5,32.2,6.4,9.3,0,-0.103,0.805,111.0,0.839,76.2,0,101.09,53.1,46.7,0,5.0,0,19023
2021-05-02,North_Zone,Summer,34.9,0,15984,Delhi NCR,28.61,77.21,30.5,0.92,216,0,1.48,Semi_Arid,19.0,0.0,32.8,5.2,9.7,0,0.028,0.797,140.0,0.81,74.0,0,102.81,54.0,51.0,0,5.0,0,17229
2021-05-03,North_Zone,Summer,29.8,0,15370,Delhi NCR,28.61,77.21,30.5,0.92,216,0,1.48,Semi_Arid,19.9,0.0,28.1,6.6,8.7,0,0.212,0.864,150.0,0.799,80.2,0,100.48,57.0,45.2,0,5.0,1,16173
2021-05-04,North_Zone,Summer,27.0,0,13714,Delhi NCR,28.61,77.21,30.5,0.92,216,0,1.48,Semi_Arid,26.8,0.0,26.3,5.9,8.6,0,0.027,0.834,135.0,0.81,78.0,0,100.8,41.7,43.8,0,5.0,0,14302
2021-05-05,North_Zone,Summer,41.2,0,19351,Delhi NCR,28.61,77.21,30.5,0.92,216,0,1.48,Semi_Arid,30.9,1.3,46.0,2.1,8.5,0,-0.079,0.796,146.0,0.815,80.7,0,101.35,50.5,49.4,0,5.0,0,20596
2021-05-06,North_Zone,Summer,34.5,0,16249,Delhi NCR,28.61,77.21,30.5,0.92,216,0,1.48,Semi_Arid,28.1,0.0,33.6,7.1,9.2,0,-0.016,0.78,146.0,0.778,77.8,0,100.13,56.4,41.5,0,5.0,1,16842
2021-05-07,North_Zone,Summer,35.2,0,18686,Delhi NCR,28.61,77.21,30.5,0.92,216,0,1.48,Semi_Arid,34.3,0.0,36.0,8.1,10.1,0,-0.114,0.797,159.0,0.795,75.2,0,100.75,52.0,43.0,0,5.0,0,19749
2021-05-08,North_Zone,Summer,36.6,0,17882,Delhi NCR,28.61,77.21,30.5,0.92,216,0,1.48,Semi_Arid,29.1,0.0,36.9,4.4,9.5,0,0.002,0.798,151.0,0.826,80.3,0,102.67,52.2,37.0,0,5.0,1,18873
2021-05-09,North_Zone,Summer,34.2,0,16596,Delhi NCR,28.61,77.21,30.5,0.92,216,0,1.48,Semi_Arid,32.4,0.0,34.0,11.6,9.4,0,0.068,0.951,147.0,0.817,72.1,0,100.75,46.9,54.1,0,5.0,0,17479
2021-05-10,North_Zone,Summer,37.6,0,17498,Delhi NCR,28.61,77.21,30.5,0.92,216,0,1.48,Semi_Arid,21.9,1.0,36.6,10.0,9.8,0,-0.069,0.713,156.0,0.738,77.0,0,102.35,58.2,55.4,0,5.0,0,17999
2021-05-11,North_Zone,Summer,27.4,0,15877,Delhi NCR,28.61,77.21,30.5,0.92,216,0,1.48,Semi_Arid,35.2,0.0,26.9,8.5,8.5,0,-0.326,0.744,116.0,0.767,75.7,0,102.18,51.9,44.1,0,5.0,1,16499
2021-05-12,North_Zone,Summer,32.5,0,17823,Delhi NCR,28.61,77.21,30.5,0.92,216,0,1.48,Semi_Arid,33.1,0.0,31.8,8.5,9.4,0,0.028,0.736,126.0,0.757,82.6,0,101.36,57.9,48.8,0,5.0,0,18756
2021-05-13,North_Zone,Summer,37.7,0,17493,Delhi NCR,28.61,77.21,30.5,0.92,216,0,1.48,Semi_Arid,23.5,0.0,37.1,6.1,10.2,0,-0.05,0.816,115.0,0.786,83.2,0,100.09,58.9,48.5,0,5.0,1,18881
2021-05-14,North_Zone,Summer,36.8,0,17102,Delhi NCR,28.61,77.21,30.5,0.92,216,0,1.48,Semi_Arid,29.7,0.0,37.3,9.4,9.8,0,-0.075,0.814,150.0,0.752,79.3,0,101.55,58.9,45.9,0,5.0,0,17617
2021-05-15,North_Zone,Summer,33.1,0,16429,Delhi NCR,28.61,77.21,30.5,0.92,216,0,1.48,Semi_Arid,32.0,0.0,32.4,10.7,10.0,0,-0.076,0.766,147.0,0.799,76.3,0,99.35,52.6,51.1,0,5.0,1,17014
2021-05-16,North_Zone,Summer,38.5,0,17263,Delhi NCR,28.61,77.21,30.5,0.92,216,0,1.48,Semi_Arid,23.2,0.0,38.1,8.4,10.4,0,0.04,0.854,165.0,0.84,83.2,0,100.91,51.4,38.7,0,5.0,1,18459
2021-05-17,North_Zone,Summer,32.5,0,15843,Delhi NCR,28.61,77.21,30.5,0.92,216,0,1.48,Semi_Arid,23.9,1.0,30.7,4.3,9.8,0,-0.041,0.822,146.0,0.781,75.9,0,101.65,51.5,44.1,0,5.0,1,16689
2021-05-18,North_Zone,Summer,38.8,0,18864,Delhi NCR,28.61,77.21,30.5,0.92,216,0,1.48,Semi_Arid,19.8,0.0,37.7,5.9,9.3,0,0.093,0.856,129.0,0.794,73.8,0,102.26,61.8,34.6,0,5.0,1,19696
2021-05-19,North_Zone,Summer,36.4,0,17577,Delhi NCR,28.61,77.21,30.5,0.92,216,0,1.48,Semi_Arid,27.6,0.0,36.2,7.7,9.4,0,0.095,0.872,142.0,0.812,72.0,0,101.21,52.6,39.9,0,5.0,0,18694
2021-05-20,North_Zone,Summer,32.5,0,16821,Delhi NCR,28.61,77.21,30.5,0.92,216,0,1.48,Semi_Arid,31.1,0.0,31.5,8.5,10.5,0,-0.027,0.672,106.0,0.741,78.3,0,100.73,57.5,36.9,0,5.0,0,17628
2021-05-21,North_Zone,Summer,37.2,0,16733,Delhi NCR,28.61,77.21,30.5,0.92,216,0,1.48,Semi_Arid,22.7,0.0,36.2,5.8,9.8,0,-0.052,0.841,133.0,0.84,72.9,0,100.62,55.2,35.8,0,5.0,1,17843
2021-05-22,North_Zone,Summer,27.8,0,13985,Delhi NCR,28.61,77.21,30.5,0.92,216,0,1.48,Semi_Arid,32.5,0.0,27.1,4.3,9.2,0,0.013,0.723,98.0,0.754,82.3,0,100.82,51.7,42.5,0,5.0,1,14368
2021-05-23,North_Zone,Summer,32.3,0,17010,Delhi NCR,28.61,77.21,30.5,0.92,216,0,1.48,Semi_Arid,32.5,0.0,31.5,10.8,8.8,0,-0.015,0.815,146.0,0.788,76.3,0,101.88,52.7,46.8,0,5.0,0,18036
2021-05-24,North_Zone,Summer,41.2,0,17951,Delhi NCR,28.61,77.21,30.5,0.92,216,0,1.48,Semi_Arid,27.4,0.0,44.2,2.8,9.8,0,-0.175,0.796,135.0,0.776,74.1,0,101.58,58.4,41.7,0,5.0,1,19094
2021-05-25,North_Zone,Summer,33.4,0,16551,Delhi NCR,28.61,77.21,30.5,0.92,216,0,1.48,Semi_Arid,36.7,0.0,33.7,3.2,9.8,0,0.191,0.798,138.0,0.83,81.3,0,101.18,53.6,42.3,0,5.0,0,17345
2021-05-26,North_Zone,Summer,35.0,0,17506,Delhi NCR,28.61,77.21,30.5,0.92,216,0,1.48,Semi_Arid,34.4,0.0,35.7,2.0,9.5,0,0.071,0.728,123.0,0.775,80.6,0,101.81,51.9,41.3,0,5.0,0,18338
2021-05-27,North_Zone,Summer,32.9,0,16986,Delhi NCR,28.61,77.21,30.5,0.92,216,0,1.48,Semi_Arid,24.3,1.2,31.2,3.2,9.1,0,-0.046,0.862,128.0,0.875,83.0,0,101.15,50.2,45.7,0,5.0,0,17928
2021-05-28,North_Zone,Summer,34.0,0,17193,Delhi NCR,28.61,77.21,30.5,0.92,216,0,1.48,Semi_Arid,37.0,0.0,34.7,9.7,9.3,0,-0.192,0.723,152.0,0.791,72.9,0,99.78,54.2,42.0,0,5.0,1,17638
2021-05-29,North_Zone,Summer,33.9,0,15988,Delhi NCR,28.61,77.21,30.5,0.92,216,0,1.48,Semi_Arid,26.0,0.0,32.5,9.8,10.2,0,-0.018,0.845,114.0,0.846,72.3,0,99.98,50.9,40.0,0,5.0,1,16948
2021-05-30,North_Zone,Summer,42.6,0,19514,Delhi NCR,28.61,77.21,30.5,0.92,216,0,1.48,Semi_Arid,28.7,0.0,47.7,5.8,10.3,0,-0.059,0.714,149.0,0.769,82.7,0,101.66,56.0,49.7,0,5.0,0,20713
2021-05-31,North_Zone,Summer,27.8,0,14600,Delhi NCR,28.61,77.21,30.5,0.92,216,0,1.48,Semi_Arid,32.7,0.0,27.1,7.5,9.5,0,-0.006,0.799,125.0,0.771,69.6,0,99.66,63.0,40.6,0,5.0,1,15382
2021-06-01,North_Zone,Monsoon,31.6,0,14946,Delhi NCR,28.61,77.21,30.5,0.92,216,0,1.48,Semi_Arid,74.0,1.4,40.7,14.0,6.1,0,-0.216,0.368,75.0,0.691,74.4,0,100.62,55.3,27.6,0,5.0,0,14600
2021-06-02,North_Zone,Monsoon,30.3,0,16111,Delhi NCR,28.61,77.21,30.5,0.92,216,0,1.48,Semi_Arid,67.8,4.4,35.2,10.4,5.1,0,-0.047,0.402,127.0,0.68,78.2,0,100.86,60.6,37.7,0,5.0,0,16529
2021-06-03,North_Zone,Monsoon,25.9,0,14468,Delhi NCR,28.61,77.21,30.5,0.92,216,0,1.48,Semi_Arid,78.6,1.2,25.9,20.7,5.7,0,-0.041,0.163,129.0,0.581,74.0,0,99.91,50.1,25.6,0,5.0,0,14145
2021-06-04,North_Zone,Monsoon,21.7,0,14848,Delhi NCR,28.61,77.21,30.5,0.92,216,0,1.48,Semi_Arid,74.2,0.0,21.7,18.1,6.0,0,-0.019,0.218,95.0,0.685,78.6,0,99.24,55.4,40.1,0,5.0,0,15026
2021-06-05,North_Zone,Monsoon,27.1,0,15411,Delhi NCR,28.61,77.21,30.5,0.92,216,0,1.48,Semi_Arid,83.6,45.6,30.3,15.1,5.4,0,-0.024,0.229,95.0,0.658,74.6,0,99.71,57.9,28.9,0,5.0,0,14960
2021-06-06,North_Zone,Monsoon,29.8,0,16546,Delhi NCR,28.61,77.21,30.5,0.92,216,0,1.48,Semi_Arid,84.7,0.0,38.4,11.4,6.3,0,0.005,0.395,100.0,0.678,81.9,0,99.04,58.1,34.4,0,5.0,0,16757
2021-06-07,North_Zone,Monsoon,26.7,0,14838,Delhi NCR,28.61,77.21,30.5,0.92,216,0,1.48,Semi_Arid,75.0,9.8,28.7,13.3,5.9,0,0.152,0.256,90.0,0.675,80.2,0,101.43,58.7,29.0,0,5.0,0,14841
2021-06-08,North_Zone,Monsoon,29.7,0,16117,Delhi NCR,28.61,77.21,30.5,0.92,216,0,1.48,Semi_Arid,78.7,3.9,36.4,11.9,6.2,0,-0.052,0.324,94.0,0.682,78.8,0,101.18,53.5,34.1,0,5.0,0,15802
2021-06-09,North_Zone,Monsoon,31.5,0,15483,Delhi NCR,28.61,77.21,30.5,0.92,216,0,1.48,Semi_Arid,72.5,6.0,39.8,14.3,5.9,0,-0.091,0.278,113.0,0.712,76.9,0,100.0,56.6,31.4,0,5.0,0,15526
2021-06-10,North_Zone,Monsoon,26.0,0,15589,Delhi NCR,28.61,77.21,30.5,0.92,216,0,1.48,Semi_Arid,76.3,0.0,26.0,14.9,6.1,0,-0.173,0.188,142.0,0.66,74.9,0,99.36,48.7,29.1,0,5.0,0,15071
2021-06-11,North_Zone,Monsoon,21.9,0,14728,Delhi NCR,28.61,77.21,30.5,0.92,216,0,1.48,Semi_Arid,85.7,65.1,21.9,13.0,4.5,1,-0.051,0.148,99.0,0.632,77.6,0,101.86,60.2,26.0,0,5.0,0,15121
2021-06-12,North_Zone,Monsoon,27.1,0,14769,Delhi NCR,28.61,77.21,30.5,0.92,216,0,1.48,Semi_Arid,78.5,43.6,29.8,9.6,5.6,0,-0.14,0.223,123.0,0.677,74.3,0,101.1,49.6,31.3,0,5.0,0,15135
2021-06-13,North_Zone,Monsoon,26.0,0,14449,Delhi NCR,28.61,77.21,30.5,0.92,216,0,1.48,Semi_Arid,88.1,0.0,26.0,20.4,6.0,0,0.096,0.399,111.0,0.699,83.8,0,100.01,58.0,36.4,0,5.0,0,14600
2021-06-14,North_Zone,Monsoon,31.8,0,16570,Delhi NCR,28.61,77.21,30.5,0.92,216,0,1.48,Semi_Arid,73.5,31.0,41.1,14.7,6.0,0,-0.01,0.275,75.0,0.674,79.0,0,101.78,57.9,37.4,0,5.0,0,16527
2021-06-15,North_Zone,Monsoon,29.5,0,15440,Delhi NCR,28.61,77.21,30.5,0.92,216,0,1.48,Semi_Arid,82.3,9.6,36.8,15.4,6.4,0,0.094,0.323,105.0,0.718,75.4,0,100.7,57.4,30.4,0,5.0,0,15095
2021-06-16,North_Zone,Monsoon,23.7,0,13240,Delhi NCR,28.61,77.21,30.5,0.92,216,0,1.48,Semi_Arid,81.3,0.0,23.7,12.7,5.3,0,0.147,0.175,102.0,0.609,82.7,0,100.85,61.6,30.4,0,5.0,0,13013
2021-06-17,North_Zone,Monsoon,27.0,0,15108,Delhi NCR,28.61,77.21,30.5,0.92,216,0,1.48,Semi_Arid,82.8,4.7,30.0,9.3,5.3,0,-0.087,0.24,131.0,0.634,77.9,0,99.45,57.0,33.1,0,5.0,0,14854
2021-06-18,North_Zone,Monsoon,28.2,0,15839,Delhi NCR,28.61,77.21,30.5,0.92,216,0,1.48,Semi_Arid,75.8,9.4,31.9,13.8,4.7,0,-0.035,0.307,132.0,0.664,82.2,0,98.94,47.3,34.0,0,5.0,0,15253
2021-06-19,North_Zone,Monsoon,29.4,0,15398,Delhi NCR,28.61,77.21,30.5,0.92,216,0,1.48,Semi_Arid,77.1,46.1,35.2,13.0,5.6,0,0.133,0.195,112.0,0.641,82.1,0,98.86,54.9,34.0,0,5.0,0,14895
2021-06-20,North_Zone,Monsoon,34.8,0,17031,Delhi NCR,28.61,77.21,30.5,0.92,216,0,1.48,Semi_Arid,73.5,0.0,51.6,16.1,6.3,0,0.019,0.256,127.0,0.699,79.3,0,102.48,46.4,31.8,0,5.0,0,17214
2021-06-21,North_Zone,Monsoon,26.7,0,16164,Delhi NCR,28.61,77.21,30.5,0.92,216,0,1.48,Semi_Arid,74.8,85.8,28.7,16.7,6.0,1,0.052,0.207,102.0,0.609,74.2,0,99.53,52.4,32.2,0,5.0,0,16954
2021-06-22,North_Zone,Monsoon,31.6,0,17353,Delhi NCR,28.61,77.21,30.5,0.92,216,0,1.48,Semi_Arid,79.4,0.0,42.7,16.3,5.0,0,0.103,0.31,125.0,0.677,76.3,0,100.39,51.5,32.6,0,5.0,0,17297
2021-06-23,North_Zone,Monsoon,27.7,0,15697,Delhi NCR,28.61,77.21,30.5,0.92,216,0,1.48,Semi_Arid,81.6,2.1,31.6,17.0,6.3,0,0.09,0.284,107.0,0.654,88.8,0,100.75,55.9,21.9,0,5.0,0,15669
2021-06-24,North_Zone,Monsoon,23.6,0,14537,Delhi NCR,28.61,77.21,30.5,0.92,216,0,1.48,Semi_Arid,83.8,21.9,23.6,19.4,4.8,0,0.041,0.301,125.0,0.726,76.3,0,100.24,49.8,32.0,0,5.0,0,14546
2021-06-25,North_Zone,Monsoon,27.5,0,13797,Delhi NCR,28.61,77.21,30.5,0.92,216,0,1.48,Semi_Arid,86.2,65.7,31.7,15.2,5.6,1,0.14,0.312,127.0,0.705,77.2,0,100.07,49.9,37.9,0,5.0,0,14364
2021-06-26,North_Zone,Monsoon,31.1,0,14326,Delhi NCR,28.61,77.21,30.5,0.92,216,0,1.48,Semi_Arid,83.6,51.5,42.5,17.3,5.5,0,-0.007,0.246,118.0,0.669,76.6,0,100.01,55.0,41.0,0,5.0,0,14755
2021-06-27,North_Zone,Monsoon,22.3,0,13855,Delhi NCR,28.61,77.21,30.5,0.92,216,0,1.48,Semi_Arid,79.7,7.0,22.3,15.5,5.6,0,0.052,0.32,92.0,0.709,75.2,0,100.63,58.0,39.9,0,5.0,0,13647
2021-06-28,North_Zone,Monsoon,29.7,0,16204,Delhi NCR,28.61,77.21,30.5,0.92,216,0,1.48,Semi_Arid,79.0,2.5,36.5,8.3,5.8,0,-0.018,0.225,97.0,0.617,80.1,0,99.08,52.6,34.5,0,5.0,0,16032
2021-06-29,North_Zone,Monsoon,30.2,0,16737,Delhi NCR,28.61,77.21,30.5,0.92,216,0,1.48,Semi_Arid,73.8,2.4,36.5,13.5,6.2,0,0.102,0.298,119.0,0.735,74.0,0,99.65,62.2,28.1,0,5.0,0,16523
2021-06-30,North_Zone,Monsoon,30.1,0,15419,Delhi NCR,28.61,77.21,30.5,0.92,216,0,1.48,Semi_Arid,77.1,0.0,37.1,11.4,6.9,0,-0.07,0.142,121.0,0.61,75.5,0,97.75,50.7,31.3,0,5.0,0,14954
2021-07-01,North_Zone,Monsoon,27.8,0,14719,Delhi NCR,28.61,77.21,30.5,0.92,216,0,1.48,Semi_Arid,75.3,6.3,31.0,14.7,5.9,0,-0.168,0.215,108.0,0.691,78.9,0,98.15,55.0,30.2,0,5.0,0,14863
2021-07-02,North_Zone,Monsoon,28.9,0,14343,Delhi NCR,28.61,77.21,30.5,0.92,216,0,1.48,Semi_Arid,85.8,8.8,35.7,11.6,5.3,0,0.065,0.399,99.0,0.716,77.2,0,98.68,53.8,27.0,0,5.0,0,14330
2021-07-03,North_Zone,Monsoon,29.0,0,15186,Delhi NCR,28.61,77.21,30.5,0.92,216,0,1.48,Semi_Arid,79.4,24.8,34.6,15.8,6.0,0,-0.102,0.297,108.0,0.682,78.5,0,100.8,51.9,29.3,0,5.0,0,15013
2021-07-04,North_Zone,Monsoon,28.8,0,15429,Delhi NCR,28.61,77.21,30.5,0.92,216,0,1.48,Semi_Arid,76.6,8.4,33.5,16.9,6.9,0,-0.112,0.297,100.0,0.711,77.9,0,99.64,58.1,30.4,0,5.0,0,15241
2021-07-05,North_Zone,Monsoon,20.6,0,12439,Delhi NCR,28.61,77.21,30.5,0.92,216,0,1.48,Semi_Arid,88.6,0.0,20.6,17.6,5.7,0,0.126,0.211,100.0,0.683,74.5,0,100.58,49.7,27.0,0,5.0,0,12371
2021-07-06,North_Zone,Monsoon,27.7,0,14874,Delhi NCR,28.61,77.21,30.5,0.92,216,0,1.48,Semi_Arid,67.5,4.7,29.8,18.9,6.2,0,0.097,0.194,140.0,0.652,82.4,0,100.23,44.8,38.7,0,5.0,0,14523
2021-07-07,North_Zone,Monsoon,28.8,0,15436,Delhi NCR,28.61,77.21,30.5,0.92,216,0,1.48,Semi_Arid,67.6,4.4,31.9,9.0,4.7,0,-0.034,0.244,96.0,0.648,81.4,0,100.07,52.5,37.0,0,5.0,0,15324
2021-07-08,North_Zone,Monsoon,32.5,0,16387,Delhi NCR,28.61,77.21,30.5,0.92,216,0,1.48,Semi_Arid,79.5,0.0,46.0,10.4,6.1,0,-0.305,0.256,114.0,0.668,75.1,0,98.83,51.5,33.8,0,5.0,0,16190
2021-07-09,North_Zone,Monsoon,27.1,0,13485,Delhi NCR,28.61,77.21,30.5,0.92,216,0,1.48,Semi_Arid,79.0,8.2,29.9,22.8,5.4,0,0.053,0.375,108.0,0.691,79.4,0,99.82,57.2,35.9,0,5.0,0,13367
2021-07-10,North_Zone,Monsoon,23.9,0,14401,Delhi NCR,28.61,77.21,30.5,0.92,216,0,1.48,Semi_Arid,81.9,0.0,23.9,17.0,5.0,0,0.066,0.321,83.0,0.691,76.5,0,99.96,48.0,35.5,0,5.0,0,14087
2021-07-11,North_Zone,Monsoon,31.2,0,17028,Delhi NCR,28.61,77.21,30.5,0.92,216,0,1.48,Semi_Arid,69.6,0.0,38.0,14.7,5.8,0,0.052,0.267,82.0,0.697,81.3,0,101.88,55.8,30.3,0,5.0,0,16965
2021-07-12,North_Zone,Monsoon,25.5,0,14135,Delhi NCR,28.61,77.21,30.5,0.92,216,0,1.48,Semi_Arid,79.6,14.5,25.5,14.1,5.6,0,0.047,0.264,104.0,0.68,80.6,0,99.29,54.3,43.0,0,5.0,0,14056
2021-07-13,North_Zone,Monsoon,28.7,0,16819,Delhi NCR,28.61,77.21,30.5,0.92,216,0,1.48,Semi_Arid,87.8,46.8,35.6,13.8,5.3,0,-0.018,0.305,70.0,0.682,81.8,0,100.34,54.4,30.2,0,5.0,0,16773
2021-07-14,North_Zone,Monsoon,28.3,0,16327,Delhi NCR,28.61,77.21,30.5,0.92,216,0,1.48,Semi_Arid,82.1,4.1,33.2,8.2,5.8,0,-0.041,0.181,138.0,0.626,75.2,0,99.45,57.0,25.7,0,5.0,0,15403
2021-07-15,North_Zone,Monsoon,28.5,0,16050,Delhi NCR,28.61,77.21,30.5,0.92,216,0,1.48,Semi_Arid,78.7,0.0,33.2,11.7,5.6,0,-0.111,0.145,98.0,0.646,73.9,0,98.84,52.4,34.8,0,5.0,0,15646
2021-07-16,North_Zone,Monsoon,31.1,0,15902,Delhi NCR,28.61,77.21,30.5,0.92,216,0,1.48,Semi_Arid,74.1,5.6,39.2,13.7,6.2,0,-0.07,0.305,97.0,0.625,72.4,0,100.38,53.4,36.8,0,5.0,0,15987
2021-07-17,North_Zone,Monsoon,24.9,0,14019,Delhi NCR,28.61,77.21,30.5,0.92,216,0,1.48,Semi_Arid,78.1,1.0,24.9,11.9,5.6,0,0.032,0.264,127.0,0.642,86.0,0,101.36,55.3,32.5,0,5.0,0,13538
2021-07-18,North_Zone,Monsoon,32.5,0,16819,Delhi NCR,28.61,77.21,30.5,0.92,216,0,1.48,Semi_Arid,64.9,47.3,40.0,12.2,6.1,0,0.034,0.181,102.0,0.663,80.7,0,99.7,52.5,40.2,0,5.0,0,17142
2021-07-19,North_Zone,Monsoon,26.7,0,14400,Delhi NCR,28.61,77.21,30.5,0.92,216,0,1.48,Semi_Arid,80.3,15.2,29.1,21.7,6.2,0,0.079,0.134,117.0,0.66,81.7,0,98.72,47.1,34.9,0,5.0,0,14224
2021-07-20,North_Zone,Monsoon,22.8,0,14857,Delhi NCR,28.61,77.21,30.5,0.92,216,0,1.48,Semi_Arid,85.5,0.0,22.8,13.2,5.7,0,-0.141,0.314,95.0,0.678,73.7,0,99.84,51.3,29.9,0,5.0,0,14722
2021-07-21,North_Zone,Monsoon,30.7,0,15554,Delhi NCR,28.61,77.21,30.5,0.92,216,0,1.48,Semi_Arid,68.7,54.1,36.4,14.8,5.8,0,-0.166,0.229,106.0,0.663,79.9,0,99.62,51.8,31.0,0,5.0,0,15372
2021-07-22,North_Zone,Monsoon,28.6,0,13413,Delhi NCR,28.61,77.21,30.5,0.92,216,0,1.48,Semi_Arid,74.5,7.4,32.6,14.7,4.4,0,-0.038,0.284,122.0,0.682,72.8,0,101.53,51.4,34.7,0,5.0,0,13216
2021-07-23,North_Zone,Monsoon,26.5,0,15702,Delhi NCR,28.61,77.21,30.5,0.92,216,0,1.48,Semi_Arid,73.3,1.9,26.5,15.8,5.9,0,-0.102,0.244,89.0,0.681,79.4,0,100.02,51.7,34.4,0,5.0,0,15924
2021-07-24,North_Zone,Monsoon,30.9,0,16000,Delhi NCR,28.61,77.21,30.5,0.92,216,0,1.48,Semi_Arid,71.6,0.0,37.8,12.6,5.2,0,0.019,0.258,114.0,0.658,78.1,0,98.31,53.0,40.1,0,5.0,0,15934
2021-07-25,North_Zone,Monsoon,28.0,0,15626,Delhi NCR,28.61,77.21,30.5,0.92,216,0,1.48,Semi_Arid,78.5,1.6,31.9,17.7,5.6,0,-0.131,0.224,62.0,0.627,77.1,0,100.49,52.1,38.2,0,5.0,0,15474
2021-07-26,North_Zone,Monsoon,27.2,0,13457,Delhi NCR,28.61,77.21,30.5,0.92,216,0,1.48,Semi_Arid,68.3,0.0,29.0,15.3,5.8,0,0.118,0.255,128.0,0.675,76.4,0,99.96,56.4,26.2,0,5.0,0,13472
2021-07-27,North_Zone,Monsoon,28.0,0,15317,Delhi NCR,28.61,77.21,30.5,0.92,216,0,1.48,Semi_Arid,81.3,0.0,32.3,10.1,6.4,0,-0.082,0.295,95.0,0.732,81.5,0,100.09,56.5,33.2,0,5.0,0,15424
2021-07-28,North_Zone,Monsoon,31.4,0,14689,Delhi NCR,28.61,77.21,30.5,0.92,216,0,1.48,Semi_Arid,79.9,0.0,42.2,13.7,6.9,0,0.159,0.243,103.0,0.633,76.4,0,99.56,43.3,27.8,0,5.0,0,14269
2021-07-29,North_Zone,Monsoon,27.6,0,14847,Delhi NCR,28.61,77.21,30.5,0.92,216,0,1.48,Semi_Arid,77.2,25.5,30.8,13.5,5.1,0,0.052,0.24,103.0,0.656,82.1,0,100.1,47.3,41.3,0,5.0,0,14773
2021-07-30,North_Zone,Monsoon,24.7,0,14564,Delhi NCR,28.61,77.21,30.5,0.92,216,0,1.48,Semi_Arid,67.8,32.2,24.7,13.3,4.7,0,-0.106,0.296,87.0,0.662,77.9,0,99.5,43.2,29.1,0,5.0,0,14525
2021-07-31,North_Zone,Monsoon,30.2,0,15327,Delhi NCR,28.61,77.21,30.5,0.92,216,0,1.48,Semi_Arid,71.9,0.0,36.0,15.5,6.0,0,0.209,0.3,86.0,0.747,79.1,0,98.77,51.4,35.0,0,5.0,0,15382
2021-08-01,North_Zone,Monsoon,34.2,0,16285,Delhi NCR,28.61,77.21,30.5,0.92,216,0,1.48,Semi_Arid,80.6,0.0,53.4,15.9,6.1,0,0.027,0.192,114.0,0.619,79.7,0,99.13,51.3,30.5,0,5.0,0,15609
2021-08-02,North_Zone,Monsoon,26.7,0,14284,Delhi NCR,28.61,77.21,30.5,0.92,216,0,1.48,Semi_Arid,65.1,0.4,28.0,15.5,4.9,0,0.017,0.258,115.0,0.66,79.4,0,98.85,53.1,24.1,0,5.0,0,14312
2021-08-03,North_Zone,Monsoon,25.6,0,13941,Delhi NCR,28.61,77.21,30.5,0.92,216,0,1.48,Semi_Arid,77.9,5.9,25.6,15.0,5.5,0,-0.007,0.229,89.0,0.646,78.7,0,99.28,56.1,27.7,0,5.0,0,13717
2021-08-04,North_Zone,Monsoon,23.7,0,13771,Delhi NCR,28.61,77.21,30.5,0.92,216,0,1.48,Semi_Arid,74.9,12.6,23.7,14.3,5.8,0,0.047,0.261,115.0,0.628,84.5,0,98.99,52.4,32.8,0,5.0,0,13484
2021-08-05,North_Zone,Monsoon,28.2,0,13216,Delhi NCR,28.61,77.21,30.5,0.92,216,0,1.48,Semi_Arid,82.1,0.0,33.0,7.5,4.9,0,0.053,0.346,115.0,0.647,81.4,0,98.57,50.0,36.8,0,5.0,0,13277
2021-08-06,North_Zone,Monsoon,27.7,0,14957,Delhi NCR,28.61,77.21,30.5,0.92,216,0,1.48,Semi_Arid,75.0,0.0,30.7,16.3,5.0,0,-0.086,0.282,98.0,0.688,70.3,0,98.67,52.5,36.7,0,5.0,0,14786
2021-08-07,North_Zone,Monsoon,29.5,0,16349,Delhi NCR,28.61,77.21,30.5,0.92,216,0,1.48,Semi_Arid,79.3,19.5,36.0,15.5,5.3,0,-0.021,0.39,82.0,0.719,77.4,0,98.82,50.6,27.3,0,5.0,0,15952
2021-08-08,North_Zone,Monsoon,30.6,0,15142,Delhi NCR,28.61,77.21,30.5,0.92,216,0,1.48,Semi_Arid,79.5,19.0,39.4,11.0,5.7,0,0.012,0.273,104.0,0.651,82.5,0,97.02,45.9,35.6,0,5.0,0,14955
2021-08-09,North_Zone,Monsoon,25.8,0,14911,Delhi NCR,28.61,77.21,30.5,0.92,216,0,1.48,Semi_Arid,88.7,31.3,25.8,14.8,6.0,0,0.058,0.25,112.0,0.705,75.6,0,99.79,56.7,38.7,0,5.0,0,15050
2021-08-10,North_Zone,Monsoon,26.4,0,13607,Delhi NCR,28.61,77.21,30.5,0.92,216,0,1.48,Semi_Arid,78.1,0.0,26.4,15.9,5.4,0,0.06,0.259,104.0,0.597,78.0,0,99.09,54.3,36.6,0,5.0,0,13341
2021-08-11,North_Zone,Monsoon,35.1,0,16532,Delhi NCR,28.61,77.21,30.5,0.92,216,0,1.48,Semi_Arid,75.8,8.2,54.3,17.5,6.0,0,0.016,0.269,94.0,0.629,78.2,0,98.1,58.0,32.2,0,5.0,0,16207
2021-08-12,North_Zone,Monsoon,26.1,0,12776,Delhi NCR,28.61,77.21,30.5,0.92,216,0,1.48,Semi_Arid,71.9,17.6,26.1,15.5,6.9,0,-0.055,0.279,113.0,0.645,82.8,0,99.28,47.8,34.2,0,5.0,0,12608
2021-08-13,North_Zone,Monsoon,30.6,0,14848,Delhi NCR,28.61,77.21,30.5,0.92,216,0,1.48,Semi_Arid,82.6,33.3,40.4,15.0,5.2,0,-0.06,0.2,128.0,0.65,74.9,0,98.16,45.8,34.8,0,5.0,0,14592
2021-08-14,North_Zone,Monsoon,28.1,0,15796,Delhi NCR,28.61,77.21,30.5,0.92,216,0,1.48,Semi_Arid,74.3,0.0,31.5,16.8,5.3,0,-0.119,0.246,91.0,0.648,75.3,0,98.13,48.5,41.0,0,5.0,0,15699
2021-08-15,North_Zone,Monsoon,25.1,0,14334,Delhi NCR,28.61,77.21,30.5,0.92,216,0,1.48,Semi_Arid,77.1,11.1,25.1,13.1,5.9,0,0.059,0.217,100.0,0.648,79.5,0,98.99,54.2,42.5,0,5.0,0,14395
2021-08-16,North_Zone,Monsoon,32.6,0,14177,Delhi NCR,28.61,77.21,30.5,0.92,216,0,1.48,Semi_Arid,75.3,5.3,44.5,15.2,6.5,0,-0.062,0.322,154.0,0.695,79.0,0,100.02,56.4,37.2,0,5.0,0,14356
2021-08-17,North_Zone,Monsoon,25.6,0,13668,Delhi NCR,28.61,77.21,30.5,0.92,216,0,1.48,Semi_Arid,71.8,11.7,25.6,12.1,5.8,0,-0.019,0.144,110.0,0.68,79.6,0,98.84,53.7,34.3,0,5.0,0,13873
2021-08-18,North_Zone,Monsoon,27.4,0,14821,Delhi NCR,28.61,77.21,30.5,0.92,216,0,1.48,Semi_Arid,79.7,0.0,30.6,17.3,6.7,0,0.024,0.269,82.0,0.691,79.0,0,97.77,52.7,33.8,0,5.0,0,15083
2021-08-19,North_Zone,Monsoon,24.8,0,13680,Delhi NCR,28.61,77.21,30.5,0.92,216,0,1.48,Semi_Arid,85.0,39.1,24.8,9.2,5.7,0,0.0,0.169,96.0,0.644,77.6,0,98.17,55.7,34.4,0,5.0,0,13252
2021-08-20,North_Zone,Monsoon,25.7,0,14139,Delhi NCR,28.61,77.21,30.5,0.92,216,0,1.48,Semi_Arid,81.0,11.6,25.7,16.5,4.3,0,-0.001,0.286,91.0,0.669,79.7,0,99.34,50.9,35.0,0,5.0,0,13999
2021-08-21,North_Zone,Monsoon,28.7,0,15892,Delhi NCR,28.61,77.21,30.5,0.92,216,0,1.48,Semi_Arid,69.8,18.4,32.1,14.1,5.7,0,-0.09,0.236,112.0,0.692,78.6,0,98.88,56.8,31.4,0,5.0,0,15897
2021-08-22,North_Zone,Monsoon,31.2,0,16314,Delhi NCR,28.61,77.21,30.5,0.92,216,0,1.48,Semi_Arid,75.7,1.5,40.0,16.9,5.5,0,0.027,0.151,111.0,0.694,77.3,0,99.41,60.7,43.8,0,5.0,0,15804
2021-08-23,North_Zone,Monsoon,25.4,0,14341,Delhi NCR,28.61,77.21,30.5,0.92,216,0,1.48,Semi_Arid,83.5,0.0,25.4,11.7,6.4,0,-0.031,0.317,94.0,0.698,77.8,0,98.82,48.3,30.0,0,5.0,0,14321
2021-08-24,North_Zone,Monsoon,35.1,0,17592,Delhi NCR,28.61,77.21,30.5,0.92,216,0,1.48,Semi_Arid,64.6,0.0,47.7,14.3,6.6,0,-0.009,0.109,138.0,0.613,76.4,0,99.18,51.7,40.5,0,5.0,0,17028
2021-08-25,North_Zone,Monsoon,26.7,0,15935,Delhi NCR,28.61,77.21,30.5,0.92,216,0,1.48,Semi_Arid,73.6,17.8,28.6,14.2,4.6,0,0.116,0.258,107.0,0.672,75.9,0,100.4,47.6,23.0,0,5.0,0,15669
2021-08-26,North_Zone,Monsoon,26.8,0,14174,Delhi NCR,28.61,77.21,30.5,0.92,216,0,1.48,Semi_Arid,83.3,0.0,29.6,15.3,6.4,0,0.051,0.301,97.0,0.693,79.7,0,97.01,47.9,32.6,0,5.0,0,14060
2021-08-27,North_Zone,Monsoon,32.2,0,14999,Delhi NCR,28.61,77.21,30.5,0.92,216,0,1.48,Semi_Arid,77.0,32.0,43.8,10.9,6.4,0,-0.057,0.343,83.0,0.669,74.1,0,100.75,54.9,32.3,0,5.0,0,14555
2021-08-28,North_Zone,Monsoon,22.3,0,14317,Delhi NCR,28.61,77.21,30.5,0.92,216,0,1.48,Semi_Arid,83.7,0.0,22.3,15.9,5.2,0,-0.015,0.163,89.0,0.667,80.1,0,99.26,46.0,35.1,0,5.0,0,14626
2021-08-29,North_Zone,Monsoon,28.1,0,15122,Delhi NCR,28.61,77.21,30.5,0.92,216,0,1.48,Semi_Arid,87.4,10.7,33.6,8.5,5.6,0,0.16,0.229,83.0,0.665,77.2,0,100.93,50.3,32.2,0,5.0,0,14845
2021-08-30,North_Zone,Monsoon,26.9,0,14538,Delhi NCR,28.61,77.21,30.5,0.92,216,0,1.48,Semi_Arid,81.2,2.2,29.6,12.0,6.4,0,-0.031,0.325,102.0,0.716,77.7,0,97.31,56.1,40.9,0,5.0,0,14896
2021-08-31,North_Zone,Monsoon,26.6,0,14155,Delhi NCR,28.61,77.21,30.5,0.92,216,0,1.48,Semi_Arid,82.3,0.0,26.6,9.3,4.4,0,0.004,0.329,89.0,0.653,77.5,0,98.66,53.4,32.8,0,5.0,0,13689
2021-09-01,North_Zone,Autumn,22.9,0,13382,Delhi NCR,28.61,77.21,30.5,0.92,216,0,1.48,Semi_Arid,70.8,0.0,22.9,8.5,6.7,0,0.066,0.637,179.0,0.707,79.5,0,98.42,55.4,54.9,0,5.0,0,13702
2021-09-02,North_Zone,Autumn,21.5,0,12942,Delhi NCR,28.61,77.21,30.5,0.92,216,0,1.48,Semi_Arid,57.0,0.0,21.5,7.2,7.0,0,0.022,0.714,154.0,0.767,82.4,0,99.12,47.5,55.2,0,5.0,0,13715
2021-09-03,North_Zone,Autumn,16.5,0,12670,Delhi NCR,28.61,77.21,30.5,0.92,216,0,1.48,Semi_Arid,57.1,0.0,16.5,7.4,6.0,0,-0.037,0.529,180.0,0.733,83.4,0,98.69,52.7,57.6,0,5.0,0,13040
2021-09-04,North_Zone,Autumn,25.2,0,14224,Delhi NCR,28.61,77.21,30.5,0.92,216,0,1.48,Semi_Arid,58.0,0.0,25.2,10.4,6.9,0,-0.074,0.582,174.0,0.691,81.1,0,98.57,60.0,63.6,0,5.0,0,14911
2021-09-05,North_Zone,Autumn,24.7,0,14396,Delhi NCR,28.61,77.21,30.5,0.92,216,0,1.48,Semi_Arid,58.4,0.0,24.7,5.1,6.5,0,-0.001,0.539,177.0,0.716,78.2,0,98.97,49.9,64.5,0,5.0,0,15080
2021-09-06,North_Zone,Autumn,21.8,0,13030,Delhi NCR,28.61,77.21,30.5,0.92,216,0,1.48,Semi_Arid,55.3,0.0,21.8,7.8,5.9,0,0.066,0.441,181.0,0.749,80.4,0,98.07,50.3,54.0,0,5.0,0,13197
2021-09-07,North_Zone,Autumn,25.6,0,14562,Delhi NCR,28.61,77.21,30.5,0.92,216,0,1.48,Semi_Arid,50.5,0.0,25.6,6.2,6.0,0,0.132,0.555,201.0,0.755,71.9,0,97.65,54.4,56.0,0,5.0,0,15337
2021-09-08,North_Zone,Autumn,30.1,0,16828,Delhi NCR,28.61,77.21,30.5,0.92,216,0,1.48,Semi_Arid,64.5,0.0,34.0,5.7,7.2,0,-0.147,0.44,150.0,0.714,79.8,0,98.6,48.8,54.7,0,5.0,0,17358
2021-09-09,North_Zone,Autumn,26.8,0,14090,Delhi NCR,28.61,77.21,30.5,0.92,216,0,1.48,Semi_Arid,56.6,0.0,27.6,9.9,6.2,0,0.176,0.529,180.0,0.701,79.2,0,97.62,54.9,58.6,0,5.0,0,14173
2021-09-10,North_Zone,Autumn,22.3,0,12774,Delhi NCR,28.61,77.21,30.5,0.92,216,0,1.48,Semi_Arid,54.0,0.0,22.3,12.2,5.5,0,-0.029,0.472,172.0,0.756,73.4,0,98.0,45.0,64.8,0,5.0,0,13267
2021-09-11,North_Zone,Autumn,24.8,0,12017,Delhi NCR,28.61,77.21,30.5,0.92,216,0,1.48,Semi_Arid,60.7,0.0,24.8,4.7,6.6,0,0.092,0.586,184.0,0.734,76.3,0,96.67,42.0,60.9,0,5.0,0,12572
2021-09-12,North_Zone,Autumn,22.6,0,13410,Delhi NCR,28.61,77.21,30.5,0.92,216,0,1.48,Semi_Arid,56.9,0.0,22.6,8.5,6.1,0,-0.074,0.513,167.0,0.731,78.8,0,98.16,53.5,62.8,0,5.0,0,13860
2021-09-13,North_Zone,Autumn,19.4,0,13494,Delhi NCR,28.61,77.21,30.5,0.92,216,0,1.48,Semi_Arid,58.1,0.0,19.4,7.0,5.5,0,-0.161,0.453,186.0,0.725,79.1,0,97.16,47.9,63.7,0,5.0,0,13907
2021-09-14,North_Zone,Autumn,20.6,0,13359,Delhi NCR,28.61,77.21,30.5,0.92,216,0,1.48,Semi_Arid,61.5,0.0,20.6,7.0,6.3,0,-0.131,0.612,142.0,0.758,80.9,0,98.05,50.0,57.1,0,5.0,0,13989
2021-09-15,North_Zone,Autumn,32.4,0,14799,Delhi NCR,28.61,77.21,30.5,0.92,216,0,1.48,Semi_Arid,45.1,2.4,33.9,6.7,7.3,0,-0.033,0.524,147.0,0.776,83.0,0,96.99,55.3,53.6,0,5.0,0,14895
2021-09-16,North_Zone,Autumn,23.6,0,13562,Delhi NCR,28.61,77.21,30.5,0.92,216,0,1.48,Semi_Arid,58.6,0.0,23.6,5.0,6.4,0,0.052,0.534,155.0,0.751,77.6,0,98.04,54.7,57.1,0,5.0,0,13980
2021-09-17,North_Zone,Autumn,22.2,0,14156,Delhi NCR,28.61,77.21,30.5,0.92,216,0,1.48,Semi_Arid,67.2,1.8,22.2,1.0,5.7,0,0.003,0.501,164.0,0.735,74.6,0,98.96,47.7,64.1,0,5.0,0,14599
2021-09-18,North_Zone,Autumn,27.3,0,15447,Delhi NCR,28.61,77.21,30.5,0.92,216,0,1.48,Semi_Arid,57.0,0.0,28.2,10.6,6.9,0,-0.025,0.629,166.0,0.755,80.5,0,97.45,54.1,63.0,0,5.0,0,16312
2021-09-19,North_Zone,Autumn,21.8,0,15404,Delhi NCR,28.61,77.21,30.5,0.92,216,0,1.48,Semi_Arid,56.0,0.0,21.8,3.9,7.0,0,0.112,0.576,152.0,0.757,81.9,0,97.11,50.6,60.4,0,5.0,0,15862
2021-09-20,North_Zone,Autumn,18.7,0,11846,Delhi NCR,28.61,77.21,30.5,0.92,216,0,1.48,Semi_Arid,57.2,0.0,18.7,5.3,7.5,0,0.0,0.523,147.0,0.724,81.8,0,98.82,54.2,64.7,0,5.0,0,12648
2021-09-21,North_Zone,Autumn,24.5,0,14198,Delhi NCR,28.61,77.21,30.5,0.92,216,0,1.48,Semi_Arid,54.2,0.0,24.5,5.3,7.3,0,0.028,0.445,153.0,0.717,79.4,0,98.94,52.5,60.7,0,5.0,0,14477
2021-09-22,North_Zone,Autumn,25.5,0,15630,Delhi NCR,28.61,77.21,30.5,0.92,216,0,1.48,Semi_Arid,54.4,2.2,25.5,3.6,5.9,0,0.311,0.711,134.0,0.767,84.0,0,98.45,46.4,58.3,0,5.0,0,16109
2021-09-23,North_Zone,Autumn,23.6,0,14001,Delhi NCR,28.61,77.21,30.5,0.92,216,0,1.48,Semi_Arid,55.0,0.0,23.6,6.7,6.9,0,-0.001,0.679,160.0,0.755,77.2,0,97.55,49.2,52.2,0,5.0,0,14807
2021-09-24,North_Zone,Autumn,22.2,0,14024,Delhi NCR,28.61,77.21,30.5,0.92,216,0,1.48,Semi_Arid,62.3,0.0,22.2,5.9,6.5,0,-0.07,0.647,164.0,0.734,82.8,0,97.38,42.3,66.4,0,5.0,0,14792
2021-09-25,North_Zone,Autumn,23.0,0,13505,Delhi NCR,28.61,77.21,30.5,0.92,216,0,1.48,Semi_Arid,48.5,0.0,23.0,3.9,5.7,0,0.048,0.518,173.0,0.721,74.5,0,97.68,52.8,59.5,0,5.0,0,13999
2021-09-26,North_Zone,Autumn,25.6,0,15235,Delhi NCR,28.61,77.21,30.5,0.92,216,0,1.48,Semi_Arid,60.0,1.4,25.6,6.4,6.7,0,0.073,0.53,168.0,0.722,71.2,0,97.95,53.8,57.7,0,5.0,0,15641
2021-09-27,North_Zone,Autumn,17.4,0,12632,Delhi NCR,28.61,77.21,30.5,0.92,216,0,1.48,Semi_Arid,58.7,0.0,17.4,5.9,7.3,0,0.03,0.584,197.0,0.801,74.5,0,96.28,48.7,59.5,0,5.0,0,13094
2021-09-28,North_Zone,Autumn,23.2,0,14555,Delhi NCR,28.61,77.21,30.5,0.92,216,0,1.48,Semi_Arid,59.0,0.0,23.2,8.8,7.1,0,0.016,0.506,180.0,0.756,76.3,0,97.02,51.3,67.5,0,5.0,0,15235
2021-09-29,North_Zone,Autumn,23.2,0,14853,Delhi NCR,28.61,77.21,30.5,0.92,216,0,1.48,Semi_Arid,51.4,0.0,23.2,2.0,5.8,0,0.148,0.501,178.0,0.721,78.0,0,99.25,48.8,65.0,0,5.0,0,15264
2021-09-30,North_Zone,Autumn,22.0,0,11708,Delhi NCR,28.61,77.21,30.5,0.92,216,0,1.48,Semi_Arid,64.4,0.0,22.0,3.6,6.4,0,0.136,0.648,172.0,0.749,75.2,0,98.21,57.3,58.2,0,5.0,0,12522
2021-10-01,North_Zone,Autumn,27.2,0,14113,Delhi NCR,28.61,77.21,30.5,0.92,216,0,1.48,Semi_Arid,60.9,0.0,28.4,8.2,6.9,0,-0.012,0.557,175.0,0.758,78.4,0,99.23,47.5,62.3,0,5.0,0,14761
2021-10-02,North_Zone,Autumn,25.0,0,14069,Delhi NCR,28.61,77.21,30.5,0.92,216,0,1.48,Semi_Arid,60.8,0.0,25.0,4.1,5.5,0,-0.064,0.493,161.0,0.782,79.9,0,99.02,51.4,66.1,0,5.0,0,14627
2021-10-03,North_Zone,Autumn,26.7,0,14745,Delhi NCR,28.61,77.21,30.5,0.92,216,0,1.48,Semi_Arid,47.4,0.0,27.0,3.3,5.6,0,0.043,0.617,167.0,0.778,79.1,0,97.69,46.9,61.7,0,5.0,0,15319
2021-10-04,North_Zone,Autumn,19.6,0,13806,Delhi NCR,28.61,77.21,30.5,0.92,216,0,1.48,Semi_Arid,63.4,0.0,19.6,4.2,6.3,0,-0.065,0.526,200.0,0.68,77.6,0,97.71,53.0,60.6,0,5.0,0,13921
2021-10-05,North_Zone,Autumn,25.5,0,15379,Delhi NCR,28.61,77.21,30.5,0.92,216,0,1.48,Semi_Arid,57.7,0.0,25.5,5.7,6.6,0,0.089,0.441,164.0,0.736,81.6,0,98.97,56.7,49.5,0,5.0,0,15876
2021-10-06,North_Zone,Autumn,24.5,0,14334,Delhi NCR,28.61,77.21,30.5,0.92,216,0,1.48,Semi_Arid,48.3,0.0,24.5,5.7,5.4,0,0.042,0.492,141.0,0.754,75.6,0,98.77,44.2,66.2,0,5.0,0,14733
2021-10-07,North_Zone,Autumn,20.7,0,12527,Delhi NCR,28.61,77.21,30.5,0.92,216,0,1.48,Semi_Arid,58.5,0.0,20.7,5.4,6.5,0,0.267,0.529,178.0,0.798,77.3,0,99.0,55.2,54.9,0,5.0,0,12983
2021-10-08,North_Zone,Autumn,24.2,0,13671,Delhi NCR,28.61,77.21,30.5,0.92,216,0,1.48,Semi_Arid,58.3,0.0,24.2,2.9,7.1,0,0.147,0.573,181.0,0.736,76.4,0,98.0,58.7,50.6,0,5.0,0,14599
2021-10-09,North_Zone,Autumn,23.0,0,14402,Delhi NCR,28.61,77.21,30.5,0.92,216,0,1.48,Semi_Arid,60.0,1.2,23.0,8.3,6.3,0,-0.108,0.57,168.0,0.747,80.0,0,98.16,52.8,51.0,0,5.0,0,14437
2021-10-10,North_Zone,Autumn,23.2,0,13014,Delhi NCR,28.61,77.21,30.5,0.92,216,0,1.48,Semi_Arid,58.0,0.0,23.2,10.0,6.4,0,-0.052,0.634,131.0,0.772,76.7,0,97.77,49.4,55.7,0,5.0,0,13521
2021-10-11,North_Zone,Autumn,22.7,0,13237,Delhi NCR,28.61,77.21,30.5,0.92,216,0,1.48,Semi_Arid,58.8,0.0,22.7,1.0,6.7,0,-0.191,0.546,188.0,0.714,79.2,0,97.98,52.0,62.4,0,5.0,0,13405
2021-10-12,North_Zone,Autumn,26.6,0,15736,Delhi NCR,28.61,77.21,30.5,0.92,216,0,1.48,Semi_Arid,62.4,0.0,26.6,1.3,6.8,0,-0.214,0.532,169.0,0.707,80.4,0,97.35,49.8,65.8,0,5.0,0,16140
2021-10-13,North_Zone,Autumn,19.1,0,13000,Delhi NCR,28.61,77.21,30.5,0.92,216,0,1.48,Semi_Arid,65.7,0.0,19.1,9.0,5.2,0,0.011,0.635,159.0,0.771,76.5,0,97.97,60.0,61.7,0,5.0,0,13566
2021-10-14,North_Zone,Autumn,18.7,0,13862,Delhi NCR,28.61,77.21,30.5,0.92,216,0,1.48,Semi_Arid,45.4,0.0,18.7,10.7,5.6,0,-0.119,0.619,186.0,0.708,73.2,0,97.89,55.5,68.7,0,5.0,0,14172
2021-10-15,North_Zone,Autumn,24.5,0,16250,Delhi NCR,28.61,77.21,30.5,0.92,216,0,1.48,Semi_Arid,54.7,0.0,24.5,1.0,6.2,0,0.164,0.547,129.0,0.697,77.3,0,97.6,55.6,58.0,0,5.0,0,16803
2021-10-16,North_Zone,Autumn,24.3,0,14662,Delhi NCR,28.61,77.21,30.5,0.92,216,0,1.48,Semi_Arid,55.6,0.0,24.3,8.4,5.9,0,0.116,0.578,167.0,0.769,75.6,0,98.86,61.2,58.8,0,5.0,0,15599
2021-10-17,North_Zone,Autumn,24.7,0,14516,Delhi NCR,28.61,77.21,30.5,0.92,216,0,1.48,Semi_Arid,47.4,0.0,24.7,10.9,7.4,0,-0.027,0.531,155.0,0.748,76.1,0,96.67,57.0,50.7,0,5.0,0,14960
2021-10-18,North_Zone,Autumn,29.6,0,16487,Delhi NCR,28.61,77.21,30.5,0.92,216,0,1.48,Semi_Arid,53.7,0.1,31.0,3.4,7.1,0,-0.033,0.49,192.0,0.76,70.6,0,98.42,51.9,57.1,0,5.0,0,17235
2021-10-19,North_Zone,Autumn,24.6,1,17717,Delhi NCR,28.61,77.21,30.5,0.92,216,0,1.48,Semi_Arid,62.5,0.0,24.6,10.7,5.8,0,0.149,0.692,169.0,0.787,73.1,0,97.18,52.0,61.8,0,5.0,0,19057
2021-10-20,North_Zone,Autumn,21.0,1,16657,Delhi NCR,28.61,77.21,30.5,0.92,216,0,1.48,Semi_Arid,53.0,1.8,21.0,5.5,6.2,0,0.171,0.527,149.0,0.732,80.4,0,97.26,61.3,65.3,0,5.0,0,17417
2021-10-21,North_Zone,Autumn,31.6,0,16323,Delhi NCR,28.61,77.21,30.5,0.92,216,0,1.48,Semi_Arid,53.7,0.0,34.5,6.9,7.5,0,-0.093,0.578,185.0,0.783,75.2,0,97.36,49.0,63.2,0,5.0,0,16438
2021-10-22,North_Zone,Autumn,23.5,0,13539,Delhi NCR,28.61,77.21,30.5,0.92,216,0,1.48,Semi_Arid,52.3,0.0,23.5,3.8,6.0,0,-0.106,0.469,121.0,0.705,81.5,0,98.6,51.8,51.6,0,5.0,0,13851
2021-10-23,North_Zone,Autumn,26.6,1,16282,Delhi NCR,28.61,77.21,30.5,0.92,216,0,1.48,Semi_Arid,51.7,0.0,26.6,9.0,7.1,0,-0.03,0.604,174.0,0.741,75.9,0,95.89,47.3,64.1,0,5.0,0,16280
2021-10-24,North_Zone,Autumn,20.1,0,11996,Delhi NCR,28.61,77.21,30.5,0.92,216,0,1.48,Semi_Arid,66.3,0.0,20.1,8.5,7.1,0,0.043,0.488,142.0,0.72,79.5,0,98.33,45.1,51.2,0,5.0,0,12133
2021-10-25,North_Zone,Autumn,19.5,0,12664,Delhi NCR,28.61,77.21,30.5,0.92,216,0,1.48,Semi_Arid,56.6,0.0,19.5,11.2,7.0,0,-0.051,0.661,157.0,0.779,77.2,0,98.22,48.8,63.9,0,5.0,0,13005
2021-10-26,North_Zone,Autumn,23.3,0,13597,Delhi NCR,28.61,77.21,30.5,0.92,216,0,1.48,Semi_Arid,59.3,0.0,23.3,10.3,6.5,0,0.045,0.668,161.0,0.765,79.9,0,97.22,48.4,68.2,0,5.0,0,14352
2021-10-27,North_Zone,Autumn,26.4,0,14477,Delhi NCR,28.61,77.21,30.5,0.92,216,0,1.48,Semi_Arid,45.8,0.0,26.4,6.0,7.3,0,0.195,0.594,181.0,0.704,77.2,0,98.38,49.9,59.6,0,5.0,0,14768
2021-10-28,North_Zone,Autumn,29.5,0,16287,Delhi NCR,28.61,77.21,30.5,0.92,216,0,1.48,Semi_Arid,62.6,0.0,32.4,15.3,6.4,0,-0.141,0.567,205.0,0.734,78.6,0,97.0,54.2,64.7,0,5.0,0,16982
2021-10-29,North_Zone,Autumn,20.9,1,17150,Delhi NCR,28.61,77.21,30.5,0.92,216,0,1.48,Semi_Arid,61.5,1.6,20.9,10.1,7.8,0,-0.045,0.549,133.0,0.736,81.7,0,98.19,52.2,66.2,0,5.0,0,18049
2021-10-30,North_Zone,Autumn,23.2,0,12913,Delhi NCR,28.61,77.21,30.5,0.92,216,0,1.48,Semi_Arid,56.2,0.0,23.2,7.6,6.6,0,-0.139,0.557,173.0,0.743,79.4,0,97.0,55.8,66.1,0,5.0,0,13231
2021-10-31,North_Zone,Autumn,24.0,0,14127,Delhi NCR,28.61,77.21,30.5,0.92,216,0,1.48,Semi_Arid,59.5,0.0,24.0,3.0,7.1,0,-0.084,0.585,205.0,0.733,75.9,0,100.32,53.7,56.4,0,5.0,0,14710
2021-11-01,North_Zone,Autumn,24.0,0,13991,Delhi NCR,28.61,77.21,30.5,0.92,216,0,1.48,Semi_Arid,49.6,0.0,24.0,1.4,6.2,0,-0.029,0.565,155.0,0.756,72.4,0,99.14,53.4,63.3,0,5.0,0,14016
2021-11-02,North_Zone,Autumn,23.7,0,14037,Delhi NCR,28.61,77.21,30.5,0.92,216,0,1.48,Semi_Arid,62.7,0.0,23.7,1.7,6.7,0,-0.073,0.619,154.0,0.706,77.7,0,98.55,51.3,59.9,0,5.0,0,14221
2021-11-03,North_Zone,Autumn,23.9,0,13540,Delhi NCR,28.61,77.21,30.5,0.92,216,0,1.48,Semi_Arid,55.0,0.0,23.9,3.2,6.8,0,0.052,0.505,169.0,0.739,79.3,0,97.36,59.7,50.4,0,5.0,0,14123
2021-11-04,North_Zone,Autumn,28.2,0,12913,Delhi NCR,28.61,77.21,30.5,0.92,216,0,1.48,Semi_Arid,53.1,0.0,29.0,10.1,6.1,0,0.015,0.652,180.0,0.817,78.5,0,98.06,50.5,55.6,0,5.0,0,13347
2021-11-05,North_Zone,Autumn,27.7,0,13275,Delhi NCR,28.61,77.21,30.5,0.92,216,0,1.48,Semi_Arid,51.9,1.4,28.3,7.5,6.1,0,0.03,0.535,177.0,0.716,75.4,0,98.12,55.9,60.9,0,5.0,0,13598
2021-11-06,North_Zone,Autumn,24.9,1,17513,Delhi NCR,28.61,77.21,30.5,0.92,216,0,1.48,Semi_Arid,53.2,0.0,24.9,4.2,6.4,0,-0.031,0.515,159.0,0.73,78.5,0,98.62,47.7,62.8,0,5.0,0,17908
2021-11-07,North_Zone,Autumn,19.8,0,12322,Delhi NCR,28.61,77.21,30.5,0.92,216,0,1.48,Semi_Arid,62.6,0.0,19.8,5.6,6.9,0,-0.021,0.582,151.0,0.738,80.0,0,98.8,51.5,61.5,0,5.0,0,12477
2021-11-08,North_Zone,Autumn,22.9,0,13672,Delhi NCR,28.61,77.21,30.5,0.92,216,0,1.48,Semi_Arid,58.5,0.0,22.9,5.2,5.3,0,-0.035,0.586,189.0,0.74,82.2,0,98.64,60.5,52.9,0,5.0,0,13901
2021-11-09,North_Zone,Autumn,26.8,0,15719,Delhi NCR,28.61,77.21,30.5,0.92,216,0,1.48,Semi_Arid,58.2,0.0,27.7,8.4,6.4,0,-0.025,0.456,151.0,0.683,77.3,0,98.78,55.3,62.7,0,5.0,0,16129
2021-11-10,North_Zone,Autumn,21.9,0,12888,Delhi NCR,28.61,77.21,30.5,0.92,216,0,1.48,Semi_Arid,57.8,0.0,21.9,3.4,7.1,0,0.042,0.531,131.0,0.792,85.4,0,98.29,46.7,53.2,0,5.0,0,13266
2021-11-11,North_Zone,Autumn,22.4,0,13998,Delhi NCR,28.61,77.21,30.5,0.92,216,0,1.48,Semi_Arid,60.1,0.0,22.4,7.0,5.6,0,-0.192,0.43,139.0,0.719,82.4,0,98.83,48.4,62.2,0,5.0,0,14629
2021-11-12,North_Zone,Autumn,22.9,0,13553,Delhi NCR,28.61,77.21,30.5,0.92,216,0,1.48,Semi_Arid,55.2,0.0,22.9,6.9,7.1,0,0.029,0.519,155.0,0.71,78.5,0,97.87,58.6,64.1,0,5.0,0,13870
2021-11-13,North_Zone,Autumn,26.1,0,14888,Delhi NCR,28.61,77.21,30.5,0.92,216,0,1.48,Semi_Arid,66.5,0.0,26.1,3.5,5.9,0,-0.087,0.522,192.0,0.707,78.8,0,97.47,52.3,59.2,0,5.0,0,15305
2021-11-14,North_Zone,Autumn,28.9,0,14429,Delhi NCR,28.61,77.21,30.5,0.92,216,0,1.48,Semi_Arid,45.8,0.0,29.1,10.8,6.1,0,-0.034,0.578,144.0,0.746,82.2,0,100.4,52.1,59.6,0,5.0,0,14902
2021-11-15,North_Zone,Autumn,25.8,0,14197,Delhi NCR,28.61,77.21,30.5,0.92,216,0,1.48,Semi_Arid,61.8,0.0,25.8,5.1,6.5,0,-0.156,0.513,192.0,0.663,75.1,0,98.99,49.5,67.4,0,5.0,0,14848
2021-11-16,North_Zone,Autumn,19.0,1,17659,Delhi NCR,28.61,77.21,30.5,0.92,216,0,1.48,Semi_Arid,66.4,0.0,19.0,3.0,7.3,0,-0.036,0.527,189.0,0.763,75.6,0,100.41,51.9,68.1,0,5.0,0,18095
2021-11-17,North_Zone,Autumn,22.4,0,14447,Delhi NCR,28.61,77.21,30.5,0.92,216,0,1.48,Semi_Arid,53.3,0.0,22.4,8.6,6.0,0,0.028,0.638,169.0,0.744,74.1,0,98.35,58.0,57.3,0,5.0,0,15127
2021-11-18,North_Zone,Autumn,27.9,0,13584,Delhi NCR,28.61,77.21,30.5,0.92,216,0,1.48,Semi_Arid,65.4,0.0,29.9,6.2,5.6,0,0.046,0.684,119.0,0.783,77.2,0,101.06,50.6,63.2,0,5.0,0,14437
2021-11-19,North_Zone,Autumn,20.2,0,14443,Delhi NCR,28.61,77.21,30.5,0.92,216,0,1.48,Semi_Arid,63.9,0.0,20.2,7.2,5.4,0,-0.119,0.505,144.0,0.739,75.4,0,98.76,50.1,62.1,0,5.0,0,14770
2021-11-20,North_Zone,Autumn,18.7,1,15748,Delhi NCR,28.61,77.21,30.5,0.92,216,0,1.48,Semi_Arid,64.6,0.0,18.7,2.4,6.7,0,0.041,0.621,154.0,0.784,76.9,0,99.85,55.3,70.8,0,5.0,0,16621
2021-11-21,North_Zone,Autumn,22.4,1,17410,Delhi NCR,28.61,77.21,30.5,0.92,216,0,1.48,Semi_Arid,57.7,0.0,22.4,8.4,5.6,0,0.114,0.583,196.0,0.761,77.9,0,98.76,48.3,65.9,0,5.0,0,18317
2021-11-22,North_Zone,Autumn,26.9,0,14704,Delhi NCR,28.61,77.21,30.5,0.92,216,0,1.48,Semi_Arid,53.8,6.1,27.6,12.5,7.3,0,-0.049,0.456,155.0,0.736,73.9,0,98.92,48.8,64.9,0,5.0,0,15054
2021-11-23,North_Zone,Autumn,22.9,0,13681,Delhi NCR,28.61,77.21,30.5,0.92,216,0,1.48,Semi_Arid,56.2,0.0,22.9,2.2,6.4,0,0.0,0.513,151.0,0.759,82.1,0,98.67,52.5,53.8,0,5.0,0,13959
2021-11-24,North_Zone,Autumn,30.5,0,16154,Delhi NCR,28.61,77.21,30.5,0.92,216,0,1.48,Semi_Arid,54.7,0.0,32.7,7.1,6.8,0,-0.207,0.378,168.0,0.685,81.6,0,98.32,52.5,71.4,0,5.0,0,16299
2021-11-25,North_Zone,Autumn,24.5,1,17480,Delhi NCR,28.61,77.21,30.5,0.92,216,0,1.48,Semi_Arid,63.3,0.0,24.5,3.6,6.7,0,-0.09,0.579,140.0,0.809,76.6,0,99.82,49.7,66.0,0,5.0,0,18972
2021-11-26,North_Zone,Autumn,20.1,0,13114,Delhi NCR,28.61,77.21,30.5,0.92,216,0,1.48,Semi_Arid,59.8,0.0,20.1,14.1,5.8,0,0.027,0.495,165.0,0.734,82.4,0,98.86,54.4,54.5,0,5.0,0,13388
2021-11-27,North_Zone,Autumn,24.6,0,13364,Delhi NCR,28.61,77.21,30.5,0.92,216,0,1.48,Semi_Arid,51.7,0.0,24.6,9.7,6.6,0,0.096,0.568,151.0,0.741,79.2,0,99.73,53.8,61.7,0,5.0,0,13652
2021-11-28,North_Zone,Autumn,30.0,0,16078,Delhi NCR,28.61,77.21,30.5,0.92,216,0,1.48,Semi_Arid,57.1,0.0,32.3,6.8,6.0,0,-0.06,0.714,213.0,0.753,81.3,0,99.83,45.0,62.7,0,5.0,0,16469
2021-11-29,North_Zone,Autumn,24.8,0,14978,Delhi NCR,28.61,77.21,30.5,0.92,216,0,1.48,Semi_Arid,60.7,0.0,24.8,2.3,7.3,0,0.267,0.656,148.0,0.758,73.9,0,100.37,56.3,55.1,0,5.0,0,15445
2021-11-30,North_Zone,Autumn,21.0,1,17155,Delhi NCR,28.61,77.21,30.5,0.92,216,0,1.48,Semi_Arid,61.7,0.0,21.0,3.0,5.7,0,0.031,0.514,200.0,0.741,77.0,0,99.4,50.5,80.5,0,5.0,0,18125
2021-12-01,North_Zone,Winter,9.5,0,9345,Delhi NCR,28.61,77.21,30.5,0.92,216,0,1.48,Semi_Arid,71.0,0.0,9.5,8.2,3.5,0,-0.127,0.539,174.0,0.738,79.9,0,97.5,55.2,73.6,0,5.0,0,9727
2021-12-02,North_Zone,Winter,13.1,0,11302,Delhi NCR,28.61,77.21,30.5,0.92,216,0,1.48,Semi_Arid,63.8,0.0,13.1,1.9,2.8,0,0.129,0.678,200.0,0.824,77.5,0,98.72,60.8,70.8,0,5.0,0,12085
2021-12-03,North_Zone,Winter,16.6,0,11557,Delhi NCR,28.61,77.21,30.5,0.92,216,0,1.48,Semi_Arid,58.4,1.1,16.6,2.0,3.3,0,-0.125,0.54,204.0,0.723,77.5,0,99.05,52.4,73.9,0,5.0,0,12216
2021-12-04,North_Zone,Winter,15.6,0,11285,Delhi NCR,28.61,77.21,30.5,0.92,216,0,1.48,Semi_Arid,59.3,0.0,15.6,6.0,3.3,0,0.033,0.659,198.0,0.785,77.7,0,99.12,50.1,78.1,0,5.0,0,11985
2021-12-05,North_Zone,Winter,13.2,0,10166,Delhi NCR,28.61,77.21,30.5,0.92,216,0,1.48,Semi_Arid,56.9,1.9,13.2,6.4,5.2,0,-0.093,0.764,196.0,0.757,79.1,0,100.45,58.7,80.0,0,5.0,0,10870
2021-12-06,North_Zone,Winter,12.2,0,9976,Delhi NCR,28.61,77.21,30.5,0.92,216,0,1.48,Semi_Arid,66.9,0.0,12.2,7.1,3.4,0,-0.136,0.641,211.0,0.826,78.3,0,100.3,49.8,73.0,0,5.0,0,10884
2021-12-07,North_Zone,Winter,12.1,0,11861,Delhi NCR,28.61,77.21,30.5,0.92,216,0,1.48,Semi_Arid,65.3,0.0,12.1,4.7,2.9,0,0.096,0.671,203.0,0.732,82.7,0,99.05,60.2,65.6,0,5.0,0,12569
2021-12-08,North_Zone,Winter,12.2,0,13143,Delhi NCR,28.61,77.21,30.5,0.92,216,0,1.48,Semi_Arid,63.5,0.0,12.2,8.8,3.1,0,-0.026,0.664,192.0,0.828,75.0,0,101.66,51.8,65.7,0,5.0,0,14061
2021-12-09,North_Zone,Winter,16.5,0,12267,Delhi NCR,28.61,77.21,30.5,0.92,216,0,1.48,Semi_Arid,48.3,0.0,16.5,3.4,2.7,0,0.173,0.567,183.0,0.738,78.3,0,98.91,50.1,64.9,0,5.0,0,12712
2021-12-10,North_Zone,Winter,12.4,0,11666,Delhi NCR,28.61,77.21,30.5,0.92,216,0,1.48,Semi_Arid,59.3,0.0,12.4,7.9,3.3,0,-0.102,0.617,192.0,0.687,80.1,0,99.02,62.1,68.8,0,5.0,0,12278
2021-12-11,North_Zone,Winter,13.3,0,11415,Delhi NCR,28.61,77.21,30.5,0.92,216,0,1.48,Semi_Arid,70.6,5.5,13.3,6.6,4.5,0,-0.156,0.543,192.0,0.776,74.3,0,98.23,53.7,72.2,0,5.0,0,12046
2021-12-12,North_Zone,Winter,22.7,0,13593,Delhi NCR,28.61,77.21,30.5,0.92,216,0,1.48,Semi_Arid,56.1,0.0,22.7,7.8,4.1,0,-0.048,0.677,191.0,0.772,77.0,0,97.8,58.6,73.1,0,5.0,0,14445
2021-12-13,North_Zone,Winter,18.4,0,12049,Delhi NCR,28.61,77.21,30.5,0.92,216,0,1.48,Semi_Arid,63.8,0.0,18.4,9.5,4.2,0,0.289,0.535,196.0,0.72,78.5,0,98.21,52.2,77.6,0,5.0,0,12748
2021-12-14,North_Zone,Winter,14.9,0,13140,Delhi NCR,28.61,77.21,30.5,0.92,216,0,1.48,Semi_Arid,57.1,0.0,14.9,4.6,2.9,0,0.083,0.642,170.0,0.78,82.5,0,100.44,52.8,61.6,0,5.0,0,13879
2021-12-15,North_Zone,Winter,13.1,0,12729,Delhi NCR,28.61,77.21,30.5,0.92,216,0,1.48,Semi_Arid,72.3,0.0,13.1,4.0,3.3,0,0.055,0.668,177.0,0.787,78.4,0,100.2,41.4,71.9,0,5.0,0,13208
2021-12-16,North_Zone,Winter,17.1,0,11830,Delhi NCR,28.61,77.21,30.5,0.92,216,0,1.48,Semi_Arid,62.0,0.0,17.1,1.0,3.7,0,0.059,0.571,210.0,0.755,80.3,0,98.61,56.5,74.3,0,5.0,0,12446
2021-12-17,North_Zone,Winter,16.9,0,13002,Delhi NCR,28.61,77.21,30.5,0.92,216,0,1.48,Semi_Arid,64.3,0.0,16.9,1.0,3.2,0,-0.048,0.557,154.0,0.773,80.5,0,99.62,54.4,58.0,0,5.0,0,13305
2021-12-18,North_Zone,Winter,16.9,0,10960,Delhi NCR,28.61,77.21,30.5,0.92,216,0,1.48,Semi_Arid,74.5,0.0,16.9,5.5,3.8,0,0.273,0.59,217.0,0.755,69.7,0,100.36,52.7,74.3,0,5.0,0,11675
2021-12-19,North_Zone,Winter,12.8,0,11006,Delhi NCR,28.61,77.21,30.5,0.92,216,0,1.48,Semi_Arid,72.9,0.0,12.8,5.7,3.8,0,0.046,0.546,185.0,0.756,78.2,0,97.56,54.4,85.7,0,5.0,0,11365
2021-12-20,North_Zone,Winter,14.8,0,12190,Delhi NCR,28.61,77.21,30.5,0.92,216,0,1.48,Semi_Arid,62.6,1.6,14.8,2.7,3.8,0,0.036,0.609,225.0,0.737,76.7,0,101.4,53.7,75.9,0,5.0,0,12881
2021-12-21,North_Zone,Winter,15.5,0,10815,Delhi NCR,28.61,77.21,30.5,0.92,216,0,1.48,Semi_Arid,60.7,0.0,15.5,3.4,3.4,0,0.098,0.545,217.0,0.759,82.5,0,100.71,49.5,73.5,0,5.0,0,11396
2021-12-22,North_Zone,Winter,16.1,0,12523,Delhi NCR,28.61,77.21,30.5,0.92,216,0,1.48,Semi_Arid,61.7,0.0,16.1,10.6,4.2,0,-0.127,0.549,189.0,0.722,80.1,0,100.5,54.7,70.6,0,5.0,0,12871
2021-12-23,North_Zone,Winter,16.7,0,13034,Delhi NCR,28.61,77.21,30.5,0.92,216,0,1.48,Semi_Arid,65.5,0.0,16.7,8.6,3.4,0,-0.088,0.633,191.0,0.725,80.6,0,100.93,52.6,73.2,0,5.0,0,13724
2021-12-24,North_Zone,Winter,17.5,0,12742,Delhi NCR,28.61,77.21,30.5,0.92,216,0,1.48,Semi_Arid,62.0,0.0,17.5,2.2,3.4,0,-0.025,0.637,224.0,0.753,79.6,0,97.72,55.1,79.7,0,5.0,0,13638
2021-12-25,North_Zone,Winter,14.8,0,10368,Delhi NCR,28.61,77.21,30.5,0.92,216,0,1.48,Semi_Arid,62.1,1.6,14.8,4.7,4.4,0,0.099,0.582,218.0,0.737,78.3,0,99.58,51.7,70.3,0,5.0,0,10775
2021-12-26,North_Zone,Winter,16.3,0,12238,Delhi NCR,28.61,77.21,30.5,0.92,216,0,1.48,Semi_Arid,70.6,0.0,16.3,7.2,2.9,0,-0.13,0.501,213.0,0.753,80.5,0,101.09,51.6,78.0,0,5.0,0,12950
2021-12-27,North_Zone,Winter,15.8,0,10932,Delhi NCR,28.61,77.21,30.5,0.92,216,0,1.48,Semi_Arid,62.9,0.0,15.8,4.1,2.5,0,-0.007,0.67,216.0,0.724,77.9,0,99.86,50.8,74.3,0,5.0,0,11628
2021-12-28,North_Zone,Winter,11.8,0,11781,Delhi NCR,28.61,77.21,30.5,0.92,216,0,1.48,Semi_Arid,77.4,0.0,11.8,3.6,2.8,0,-0.021,0.573,175.0,0.776,81.9,0,100.64,49.7,80.1,0,5.0,0,12311
2021-12-29,North_Zone,Winter,14.9,0,12265,Delhi NCR,28.61,77.21,30.5,0.92,216,0,1.48,Semi_Arid,64.5,0.0,14.9,5.0,3.7,0,-0.157,0.724,199.0,0.762,74.8,0,101.38,51.5,77.4,0,5.0,0,13116
2021-12-30,North_Zone,Winter,15.1,0,11795,Delhi NCR,28.61,77.21,30.5,0.92,216,0,1.48,Semi_Arid,72.9,0.0,15.1,9.3,4.3,0,-0.051,0.592,181.0,0.674,81.1,0,100.67,55.0,72.9,0,5.0,0,12284
2021-12-31,North_Zone,Winter,17.8,0,12040,Delhi NCR,28.61,77.21,30.5,0.92,216,0,1.48,Semi_Arid,64.1,1.7,17.8,9.5,3.2,0,0.054,0.608,175.0,0.716,76.9,0,99.74,49.9,72.6,0,5.0,0,12629
2022-01-01,North_Zone,Winter,15.3,0,11452,Delhi NCR,28.61,77.21,30.5,0.92,216,0,1.48,Semi_Arid,68.6,0.0,15.3,3.8,4.6,0,0.002,0.574,198.0,0.734,80.0,0,104.61,50.1,70.4,0,5.25,0,11793
2022-01-02,North_Zone,Winter,13.7,0,11176,Delhi NCR,28.61,77.21,30.5,0.92,216,0,1.48,Semi_Arid,61.2,0.0,13.7,7.4,3.5,0,0.291,0.615,188.0,0.767,73.3,0,102.4,57.1,76.9,0,5.25,0,11637
2022-01-03,North_Zone,Winter,15.7,0,11533,Delhi NCR,28.61,77.21,30.5,0.92,216,0,1.48,Semi_Arid,59.3,2.9,15.7,6.0,3.5,0,0.197,0.809,192.0,0.798,78.8,0,104.59,54.3,69.0,0,5.25,0,12644
2022-01-04,North_Zone,Winter,18.8,0,11976,Delhi NCR,28.61,77.21,30.5,0.92,216,0,1.48,Semi_Arid,64.0,0.0,18.8,3.0,3.2,0,0.185,0.579,186.0,0.708,77.5,0,104.89,58.0,72.6,0,5.25,0,12772
2022-01-05,North_Zone,Winter,14.4,0,11258,Delhi NCR,28.61,77.21,30.5,0.92,216,0,1.48,Semi_Arid,69.3,0.0,14.4,5.1,4.6,0,0.151,0.677,172.0,0.746,77.9,0,104.32,53.8,71.0,0,5.25,0,12008
2022-01-06,North_Zone,Winter,19.3,0,12992,Delhi NCR,28.61,77.21,30.5,0.92,216,0,1.48,Semi_Arid,61.6,0.0,19.3,2.2,3.6,0,0.041,0.605,226.0,0.715,72.7,0,105.37,52.9,65.3,0,5.25,0,13849
2022-01-07,North_Zone,Winter,18.1,0,11335,Delhi NCR,28.61,77.21,30.5,0.92,216,0,1.48,Semi_Arid,55.7,0.0,18.1,9.5,2.9,0,0.085,0.67,198.0,0.775,78.1,0,104.52,47.8,73.1,0,5.25,0,11869
2022-01-08,North_Zone,Winter,15.8,0,12661,Delhi NCR,28.61,77.21,30.5,0.92,216,0,1.48,Semi_Arid,56.7,0.5,15.8,10.7,5.0,0,0.186,0.484,169.0,0.718,78.4,0,104.42,50.2,64.4,0,5.25,0,13152
2022-01-09,North_Zone,Winter,15.2,0,12664,Delhi NCR,28.61,77.21,30.5,0.92,216,0,1.48,Semi_Arid,56.7,0.0,15.2,4.8,3.7,0,0.085,0.717,198.0,0.798,72.7,0,106.14,52.0,69.8,0,5.25,0,13536
2022-01-10,North_Zone,Winter,13.4,0,12489,Delhi NCR,28.61,77.21,30.5,0.92,216,0,1.48,Semi_Arid,56.1,0.0,13.4,4.1,3.9,0,0.169,0.62,222.0,0.702,74.5,0,103.38,55.5,75.3,0,5.25,0,13038
2022-01-11,North_Zone,Winter,21.9,0,13183,Delhi NCR,28.61,77.21,30.5,0.92,216,0,1.48,Semi_Arid,60.4,0.0,21.9,9.2,4.9,0,0.06,0.584,212.0,0.73,78.5,0,105.77,54.9,72.8,0,5.25,0,13725
2022-01-12,North_Zone,Winter,13.7,0,12578,Delhi NCR,28.61,77.21,30.5,0.92,216,0,1.48,Semi_Arid,70.4,0.0,13.7,9.6,3.8,0,0.195,0.654,186.0,0.824,79.2,0,105.72,51.2,72.8,0,5.25,0,13790
2022-01-13,North_Zone,Winter,19.7,0,12516,Delhi NCR,28.61,77.21,30.5,0.92,216,0,1.48,Semi_Arid,61.1,0.0,19.7,2.7,4.3,0,0.203,0.609,186.0,0.771,77.8,0,105.29,44.0,67.7,0,5.25,0,13151
2022-01-14,North_Zone,Winter,13.7,0,11209,Delhi NCR,28.61,77.21,30.5,0.92,216,0,1.48,Semi_Arid,53.5,0.0,13.7,5.6,3.5,0,-0.013,0.531,178.0,0.724,78.1,0,104.07,56.5,77.2,0,5.25,0,11917
2022-01-15,North_Zone,Winter,11.0,0,10006,Delhi NCR,28.61,77.21,30.5,0.92,216,0,1.48,Semi_Arid,65.4,0.0,11.0,5.8,3.7,0,0.157,0.455,182.0,0.684,78.1,0,104.85,58.4,67.6,0,5.25,0,10455
2022-01-16,North_Zone,Winter,12.0,0,10382,Delhi NCR,28.61,77.21,30.5,0.92,216,0,1.48,Semi_Arid,65.0,0.0,12.0,3.7,3.3,0,-0.002,0.71,183.0,0.811,76.4,0,103.74,58.4,75.5,0,5.25,0,11348
2022-01-17,North_Zone,Winter,14.9,0,11911,Delhi NCR,28.61,77.21,30.5,0.92,216,0,1.48,Semi_Arid,74.5,1.6,14.9,7.2,3.5,0,-0.036,0.587,169.0,0.793,77.5,0,104.01,50.7,78.5,0,5.25,0,12874
2022-01-18,North_Zone,Winter,19.7,0,12114,Delhi NCR,28.61,77.21,30.5,0.92,216,0,1.48,Semi_Arid,53.9,6.2,19.7,3.9,3.8,0,0.091,0.563,187.0,0.706,73.8,0,104.74,59.0,64.3,0,5.25,0,12615
2022-01-19,North_Zone,Winter,18.0,0,12317,Delhi NCR,28.61,77.21,30.5,0.92,216,0,1.48,Semi_Arid,60.2,0.0,18.0,4.4,3.4,0,0.43,0.568,201.0,0.71,76.2,0,103.76,56.8,70.0,0,5.25,0,12689
2022-01-20,North_Zone,Winter,14.9,0,12252,Delhi NCR,28.61,77.21,30.5,0.92,216,0,1.48,Semi_Arid,72.6,0.0,14.9,5.7,3.8,0,0.228,0.688,188.0,0.78,77.9,0,104.44,57.0,69.5,0,5.25,0,13247
2022-01-21,North_Zone,Winter,11.6,0,11213,Delhi NCR,28.61,77.21,30.5,0.92,216,0,1.48,Semi_Arid,68.3,0.0,11.6,1.5,3.6,0,0.289,0.571,199.0,0.754,81.7,0,103.61,52.0,73.4,0,5.25,0,12085
2022-01-22,North_Zone,Winter,15.5,0,12268,Delhi NCR,28.61,77.21,30.5,0.92,216,0,1.48,Semi_Arid,66.5,0.0,15.5,1.0,4.0,0,0.211,0.639,224.0,0.774,77.6,0,105.39,54.6,67.3,0,5.25,0,13520
2022-01-23,North_Zone,Winter,15.9,0,13931,Delhi NCR,28.61,77.21,30.5,0.92,216,0,1.48,Semi_Arid,64.0,0.0,15.9,8.8,3.9,0,0.171,0.58,228.0,0.8,84.2,0,106.41,62.9,66.2,0,5.25,0,15026
2022-01-24,North_Zone,Winter,13.1,0,10846,Delhi NCR,28.61,77.21,30.5,0.92,216,0,1.48,Semi_Arid,66.8,0.0,13.1,3.8,4.6,0,0.24,0.525,194.0,0.702,83.8,0,107.0,62.5,71.7,0,5.25,0,11311
2022-01-25,North_Zone,Winter,13.1,0,10838,Delhi NCR,28.61,77.21,30.5,0.92,216,0,1.48,Semi_Arid,69.0,0.0,13.1,12.4,4.0,0,0.086,0.654,211.0,0.765,78.2,0,103.8,54.3,69.2,0,5.25,0,11419
2022-01-26,North_Zone,Winter,13.1,0,12223,Delhi NCR,28.61,77.21,30.5,0.92,216,0,1.48,Semi_Arid,61.1,0.2,13.1,11.9,3.3,0,0.197,0.666,192.0,0.788,76.8,0,104.01,55.4,71.3,0,5.25,0,12640
2022-01-27,North_Zone,Winter,19.3,0,12358,Delhi NCR,28.61,77.21,30.5,0.92,216,0,1.48,Semi_Arid,65.8,0.0,19.3,4.5,4.0,0,0.268,0.559,186.0,0.761,84.8,0,104.85,46.2,76.5,0,5.25,0,12977
2022-01-28,North_Zone,Winter,12.5,0,11502,Delhi NCR,28.61,77.21,30.5,0.92,216,0,1.48,Semi_Arid,58.6,0.0,12.5,13.0,4.2,0,0.22,0.598,175.0,0.73,80.2,0,105.75,60.1,63.9,0,5.25,0,11876
2022-01-29,North_Zone,Winter,13.3,0,11842,Delhi NCR,28.61,77.21,30.5,0.92,216,0,1.48,Semi_Arid,66.7,0.0,13.3,8.8,2.8,0,0.274,0.606,197.0,0.733,79.3,0,104.87,57.9,71.4,0,5.25,0,12643
2022-01-30,North_Zone,Winter,15.6,0,10689,Delhi NCR,28.61,77.21,30.5,0.92,216,0,1.48,Semi_Arid,64.5,0.0,15.6,4.1,4.7,0,0.168,0.627,215.0,0.743,75.8,0,106.07,56.8,69.0,0,5.25,0,11501
2022-01-31,North_Zone,Winter,19.6,0,14347,Delhi NCR,28.61,77.21,30.5,0.92,216,0,1.48,Semi_Arid,58.2,0.0,19.6,1.0,3.3,0,0.319,0.718,172.0,0.831,76.7,0,105.66,52.9,72.1,0,5.25,0,16010
2022-02-01,North_Zone,Winter,13.2,0,10980,Delhi NCR,28.61,77.21,30.5,0.92,216,0,1.48,Semi_Arid,65.0,5.3,13.2,8.1,4.0,0,0.129,0.581,190.0,0.716,75.0,0,103.39,54.6,69.1,1,5.25,0,12670
2022-02-02,North_Zone,Winter,15.9,0,12231,Delhi NCR,28.61,77.21,30.5,0.92,216,0,1.48,Semi_Arid,60.3,0.0,15.9,6.1,3.5,0,0.362,0.58,189.0,0.735,82.5,0,105.25,61.0,66.1,1,5.25,0,13575
2022-02-03,North_Zone,Winter,17.0,0,13852,Delhi NCR,28.61,77.21,30.5,0.92,216,0,1.48,Semi_Arid,57.4,0.0,17.0,7.3,3.6,0,0.207,0.589,199.0,0.771,79.5,0,103.98,56.0,74.0,1,5.25,0,15321
2022-02-04,North_Zone,Winter,14.5,0,10978,Delhi NCR,28.61,77.21,30.5,0.92,216,0,1.48,Semi_Arid,62.5,1.7,14.5,5.3,2.7,0,0.112,0.543,200.0,0.703,77.1,0,104.68,65.4,85.9,1,5.25,0,12173
2022-02-05,North_Zone,Winter,10.9,0,10130,Delhi NCR,28.61,77.21,30.5,0.92,216,0,1.48,Semi_Arid,60.9,0.0,10.9,2.6,3.8,0,0.032,0.497,205.0,0.732,76.6,0,104.86,58.2,71.5,1,5.25,0,11067
2022-02-06,North_Zone,Winter,14.9,0,13160,Delhi NCR,28.61,77.21,30.5,0.92,216,0,1.48,Semi_Arid,65.7,0.0,14.9,4.7,2.7,0,0.069,0.608,229.0,0.695,75.0,0,106.04,51.7,68.4,1,5.25,0,15063
2022-02-07,North_Zone,Winter,13.4,0,11540,Delhi NCR,28.61,77.21,30.5,0.92,216,0,1.48,Semi_Arid,59.2,0.0,13.4,8.1,2.6,0,0.054,0.632,179.0,0.764,77.8,0,105.3,53.5,68.4,1,5.25,0,12333
2022-02-08,North_Zone,Winter,15.0,0,12688,Delhi NCR,28.61,77.21,30.5,0.92,216,0,1.48,Semi_Arid,67.6,0.0,15.0,4.9,4.2,0,0.141,0.6,178.0,0.752,78.5,0,104.89,52.1,76.7,1,5.25,0,14529
2022-02-09,North_Zone,Winter,22.6,0,13220,Delhi NCR,28.61,77.21,30.5,0.92,216,0,1.48,Semi_Arid,53.5,0.0,22.6,4.9,5.0,0,0.023,0.596,199.0,0.754,71.2,0,107.48,59.4,67.6,1,5.25,0,14524
2022-02-10,North_Zone,Winter,13.5,0,12218,Delhi NCR,28.61,77.21,30.5,0.92,216,0,1.48,Semi_Arid,62.1,0.0,13.5,1.4,3.0,0,0.279,0.546,221.0,0.71,75.1,0,104.52,59.4,78.5,1,5.25,0,13481
2022-02-11,North_Zone,Winter,17.0,0,13738,Delhi NCR,28.61,77.21,30.5,0.92,216,0,1.48,Semi_Arid,59.7,0.0,17.0,6.3,4.2,0,0.161,0.615,169.0,0.761,76.0,0,105.72,62.2,63.8,1,5.25,0,14661
2022-02-12,North_Zone,Winter,16.8,0,11900,Delhi NCR,28.61,77.21,30.5,0.92,216,0,1.48,Semi_Arid,69.5,0.0,16.8,2.7,4.1,0,0.157,0.61,201.0,0.751,81.3,0,106.13,54.1,73.0,1,5.25,0,13506
2022-02-13,North_Zone,Winter,16.8,0,13079,Delhi NCR,28.61,77.21,30.5,0.92,216,0,1.48,Semi_Arid,64.6,2.2,16.8,8.8,3.5,0,0.033,0.628,191.0,0.796,76.3,0,105.65,57.1,75.3,1,5.25,0,14897
2022-02-14,North_Zone,Winter,17.5,0,12771,Delhi NCR,28.61,77.21,30.5,0.92,216,0,1.48,Semi_Arid,61.4,0.0,17.5,3.8,4.4,0,0.073,0.619,210.0,0.774,72.6,0,104.61,60.0,75.8,1,5.25,0,14079
2022-02-15,North_Zone,Winter,18.2,0,13485,Delhi NCR,28.61,77.21,30.5,0.92,216,0,1.48,Semi_Arid,64.6,0.0,18.2,5.1,3.6,0,-0.072,0.624,206.0,0.713,74.7,0,104.59,61.0,75.5,1,5.25,0,15257
2022-02-16,North_Zone,Winter,19.1,0,13305,Delhi NCR,28.61,77.21,30.5,0.92,216,0,1.48,Semi_Arid,51.0,0.0,19.1,12.5,4.0,0,0.312,0.679,196.0,0.745,83.2,0,106.18,50.5,73.3,1,5.25,0,15125
2022-02-17,North_Zone,Winter,14.5,0,11742,Delhi NCR,28.61,77.21,30.5,0.92,216,0,1.48,Semi_Arid,64.1,0.5,14.5,5.1,2.7,0,0.008,0.634,204.0,0.74,76.9,0,106.63,58.1,77.8,1,5.25,0,13076
2022-02-18,North_Zone,Winter,18.6,0,12001,Delhi NCR,28.61,77.21,30.5,0.92,216,0,1.48,Semi_Arid,71.8,0.0,18.6,4.7,3.0,0,0.016,0.629,183.0,0.763,74.9,0,105.55,50.4,67.0,1,5.25,0,12956
2022-02-19,North_Zone,Winter,16.1,0,11711,Delhi NCR,28.61,77.21,30.5,0.92,216,0,1.48,Semi_Arid,64.0,0.0,16.1,7.8,4.3,0,0.291,0.495,209.0,0.719,73.0,0,104.31,52.3,68.8,1,5.25,0,12827
2022-02-20,North_Zone,Winter,15.1,0,12794,Delhi NCR,28.61,77.21,30.5,0.92,216,0,1.48,Semi_Arid,64.3,0.0,15.1,1.0,3.8,0,0.189,0.663,220.0,0.761,78.1,0,105.66,50.0,70.0,1,5.25,0,14536
2022-02-21,North_Zone,Winter,15.6,0,11930,Delhi NCR,28.61,77.21,30.5,0.92,216,0,1.48,Semi_Arid,66.4,0.0,15.6,9.8,3.4,0,0.162,0.582,197.0,0.83,78.4,0,107.19,53.4,79.4,1,5.25,0,13333
2022-02-22,North_Zone,Winter,10.9,0,11327,Delhi NCR,28.61,77.21,30.5,0.92,216,0,1.48,Semi_Arid,70.9,0.0,10.9,9.0,4.4,0,0.184,0.605,188.0,0.736,79.3,0,104.69,49.1,74.3,1,5.25,0,12820
2022-02-23,North_Zone,Winter,16.9,0,13964,Delhi NCR,28.61,77.21,30.5,0.92,216,0,1.48,Semi_Arid,52.9,0.0,16.9,7.6,4.7,0,0.245,0.524,192.0,0.773,86.2,0,105.4,50.4,75.4,1,5.25,0,15373
2022-02-24,North_Zone,Winter,14.1,0,11694,Delhi NCR,28.61,77.21,30.5,0.92,216,0,1.48,Semi_Arid,56.1,0.3,14.1,1.0,3.7,0,0.16,0.725,209.0,0.777,74.3,0,105.79,51.7,71.1,1,5.25,0,13150
2022-02-25,North_Zone,Winter,15.7,0,13199,Delhi NCR,28.61,77.21,30.5,0.92,216,0,1.48,Semi_Arid,64.6,0.0,15.7,5.2,2.7,0,-0.004,0.452,194.0,0.648,76.9,0,106.84,56.9,76.1,1,5.25,0,14324
2022-02-26,North_Zone,Winter,14.7,0,11901,Delhi NCR,28.61,77.21,30.5,0.92,216,0,1.48,Semi_Arid,60.6,0.0,14.7,2.2,3.4,0,0.223,0.689,173.0,0.778,78.9,0,105.24,55.2,64.2,1,5.25,0,13322
2022-02-27,North_Zone,Winter,16.8,0,12355,Delhi NCR,28.61,77.21,30.5,0.92,216,0,1.48,Semi_Arid,69.5,0.9,16.8,9.4,3.1,0,0.192,0.626,212.0,0.79,76.7,0,106.28,48.9,70.0,1,5.25,0,14021
2022-02-28,North_Zone,Winter,13.7,0,11570,Delhi NCR,28.61,77.21,30.5,0.92,216,0,1.48,Semi_Arid,63.2,0.0,13.7,9.2,3.5,0,0.267,0.486,177.0,0.741,71.8,0,107.2,66.8,70.9,1,5.25,0,13130
2022-03-01,North_Zone,Summer,39.3,0,17002,Delhi NCR,28.61,77.21,30.5,0.92,216,0,1.48,Semi_Arid,15.7,0.0,37.4,7.2,9.2,0,0.025,0.922,148.0,0.838,79.5,0,104.35,52.8,42.6,1,5.25,1,19085
2022-03-02,North_Zone,Summer,27.8,0,15712,Delhi NCR,28.61,77.21,30.5,0.92,216,0,1.48,Semi_Arid,26.0,0.0,26.8,2.4,8.4,0,0.077,0.831,106.0,0.808,76.1,0,104.53,49.5,43.4,1,5.25,1,17037
2022-03-03,North_Zone,Summer,32.8,0,16492,Delhi NCR,28.61,77.21,30.5,0.92,216,0,1.48,Semi_Arid,15.6,0.0,30.5,10.5,8.0,0,0.189,0.659,142.0,0.75,74.8,0,105.77,57.6,47.7,1,5.25,1,18272
2022-03-04,North_Zone,Summer,34.5,0,14990,Delhi NCR,28.61,77.21,30.5,0.92,216,0,1.48,Semi_Arid,27.1,0.0,33.5,5.2,9.6,0,0.056,0.775,139.0,0.821,75.3,0,106.86,55.7,46.2,1,5.25,0,16635
2022-03-05,North_Zone,Summer,32.8,0,17699,Delhi NCR,28.61,77.21,30.5,0.92,216,0,1.48,Semi_Arid,28.4,0.0,31.5,11.4,8.0,0,-0.085,0.832,105.0,0.795,82.7,0,106.23,52.2,51.0,1,5.25,0,19698
2022-03-06,North_Zone,Summer,30.1,0,15377,Delhi NCR,28.61,77.21,30.5,0.92,216,0,1.48,Semi_Arid,28.8,0.0,28.8,6.8,9.1,0,0.17,0.903,146.0,0.807,81.9,0,106.98,57.4,34.6,1,5.25,1,17111
2022-03-07,North_Zone,Summer,30.9,0,16295,Delhi NCR,28.61,77.21,30.5,0.92,216,0,1.48,Semi_Arid,35.9,0.0,30.2,7.5,9.7,0,0.24,0.775,120.0,0.806,74.7,0,104.22,52.0,52.4,1,5.25,1,18303
2022-03-08,North_Zone,Summer,39.5,0,18920,Delhi NCR,28.61,77.21,30.5,0.92,216,0,1.48,Semi_Arid,31.3,0.0,42.7,4.6,9.3,0,0.137,0.641,142.0,0.751,72.8,0,106.28,54.3,41.8,1,5.25,0,20536
2022-03-09,North_Zone,Summer,37.6,0,17320,Delhi NCR,28.61,77.21,30.5,0.92,216,0,1.48,Semi_Arid,25.6,0.0,37.5,10.2,9.0,0,0.205,0.888,133.0,0.86,80.7,0,103.11,60.1,51.6,1,5.25,0,19667
2022-03-10,North_Zone,Summer,30.1,0,16850,Delhi NCR,28.61,77.21,30.5,0.92,216,0,1.48,Semi_Arid,20.3,0.0,28.3,7.8,9.2,0,0.19,0.83,113.0,0.822,84.2,0,107.29,56.4,42.9,1,5.25,1,18922
2022-03-11,North_Zone,Summer,34.8,0,16899,Delhi NCR,28.61,77.21,30.5,0.92,216,0,1.48,Semi_Arid,31.2,0.0,34.6,10.3,9.0,0,0.151,0.666,121.0,0.743,85.0,0,107.17,58.3,46.8,1,5.25,0,18728
2022-03-12,North_Zone,Summer,32.2,0,15503,Delhi NCR,28.61,77.21,30.5,0.92,216,0,1.48,Semi_Arid,32.5,0.0,31.4,6.5,9.5,0,0.164,0.821,123.0,0.771,73.8,0,105.66,53.2,39.6,1,5.25,0,17331
2022-03-13,North_Zone,Summer,30.0,0,16653,Delhi NCR,28.61,77.21,30.5,0.92,216,0,1.48,Semi_Arid,32.5,0.0,29.0,5.9,8.6,0,0.285,0.827,158.0,0.79,82.1,0,103.69,55.1,38.9,1,5.25,1,17749
2022-03-14,North_Zone,Summer,37.0,0,17232,Delhi NCR,28.61,77.21,30.5,0.92,216,0,1.48,Semi_Arid,31.7,0.0,38.3,7.8,9.5,0,0.054,0.781,155.0,0.865,78.0,0,105.8,52.2,47.9,1,5.25,0,19195
2022-03-15,North_Zone,Summer,36.4,0,17458,Delhi NCR,28.61,77.21,30.5,0.92,216,0,1.48,Semi_Arid,21.3,0.0,34.9,10.3,9.4,0,0.227,0.75,180.0,0.78,72.2,0,107.14,52.6,31.7,1,5.25,1,19079
2022-03-16,North_Zone,Summer,36.8,0,17695,Delhi NCR,28.61,77.21,30.5,0.92,216,0,1.48,Semi_Arid,37.0,0.0,39.7,9.1,9.6,0,0.032,0.763,131.0,0.813,75.4,0,106.45,53.9,38.9,0,5.25,0,18564
2022-03-17,North_Zone,Summer,35.8,0,17513,Delhi NCR,28.61,77.21,30.5,0.92,216,0,1.48,Semi_Arid,22.7,2.3,34.4,6.4,10.5,0,0.071,0.78,130.0,0.756,75.6,0,107.89,53.4,48.8,0,5.25,0,18284
2022-03-18,North_Zone,Summer,30.9,0,15679,Delhi NCR,28.61,77.21,30.5,0.92,216,0,1.48,Semi_Arid,34.2,0.0,30.1,1.0,9.4,0,0.27,0.821,142.0,0.773,79.4,0,105.75,59.5,42.9,0,5.25,1,16364
2022-03-19,North_Zone,Summer,32.3,0,17514,Delhi NCR,28.61,77.21,30.5,0.92,216,0,1.48,Semi_Arid,21.2,0.0,30.3,8.4,9.7,0,0.029,0.847,134.0,0.806,73.9,0,108.09,58.6,40.6,0,5.25,1,18735
2022-03-20,North_Zone,Summer,32.0,0,15997,Delhi NCR,28.61,77.21,30.5,0.92,216,0,1.48,Semi_Arid,25.1,0.0,30.3,1.7,9.0,0,0.126,0.671,130.0,0.819,80.8,0,104.04,45.4,52.6,0,5.25,0,17007
2022-03-21,North_Zone,Summer,38.4,0,17068,Delhi NCR,28.61,77.21,30.5,0.92,216,0,1.48,Semi_Arid,33.5,0.0,41.5,6.1,9.8,0,0.386,0.815,141.0,0.765,79.4,0,105.31,62.0,54.4,0,5.25,0,18130
2022-03-22,North_Zone,Summer,33.9,0,16452,Delhi NCR,28.61,77.21,30.5,0.92,216,0,1.48,Semi_Arid,27.4,0.0,32.7,5.7,9.3,0,0.253,0.829,153.0,0.788,81.1,0,104.78,57.5,45.0,0,5.25,1,17121
2022-03-23,North_Zone,Summer,33.2,0,14358,Delhi NCR,28.61,77.21,30.5,0.92,216,0,1.48,Semi_Arid,33.3,0.0,32.8,1.7,9.4,0,0.076,0.81,102.0,0.83,76.0,0,106.82,60.3,51.4,0,5.25,1,15551
2022-03-24,North_Zone,Summer,39.1,0,16898,Delhi NCR,28.61,77.21,30.5,0.92,216,0,1.48,Semi_Arid,26.7,0.0,40.2,7.1,10.1,0,0.093,0.776,130.0,0.842,79.2,0,104.88,54.3,52.6,0,5.25,1,18235
2022-03-25,North_Zone,Summer,31.1,0,15744,Delhi NCR,28.61,77.21,30.5,0.92,216,0,1.48,Semi_Arid,29.8,0.0,29.8,12.5,9.0,0,0.133,0.885,115.0,0.834,74.9,0,107.1,49.9,44.9,0,5.25,1,17117
2022-03-26,North_Zone,Summer,44.6,0,19133,Delhi NCR,28.61,77.21,30.5,0.92,216,0,1.48,Semi_Arid,29.1,0.0,52.5,5.1,9.7,1,0.281,0.881,137.0,0.841,80.0,0,106.78,50.4,42.4,0,5.25,0,21190
2022-03-27,North_Zone,Summer,34.1,0,16550,Delhi NCR,28.61,77.21,30.5,0.92,216,0,1.48,Semi_Arid,27.4,0.9,33.0,8.3,9.2,0,0.05,0.778,148.0,0.768,77.3,0,106.28,62.3,45.4,0,5.25,0,18388
2022-03-28,North_Zone,Summer,31.5,0,15903,Delhi NCR,28.61,77.21,30.5,0.92,216,0,1.48,Semi_Arid,21.2,0.0,29.6,13.1,9.0,0,0.044,0.795,160.0,0.759,77.6,0,105.99,48.9,37.7,0,5.25,0,16700
2022-03-29,North_Zone,Summer,31.0,0,15523,Delhi NCR,28.61,77.21,30.5,0.92,216,0,1.48,Semi_Arid,26.4,0.0,29.4,8.6,9.4,0,0.221,0.846,132.0,0.777,77.9,0,105.05,49.2,47.8,0,5.25,0,16254
2022-03-30,North_Zone,Summer,39.0,0,18237,Delhi NCR,28.61,77.21,30.5,0.92,216,0,1.48,Semi_Arid,28.4,0.0,40.6,4.1,9.5,0,-0.018,0.877,142.0,0.793,72.8,0,106.71,54.0,43.4,0,5.25,1,20057
2022-03-31,North_Zone,Summer,40.6,0,18889,Delhi NCR,28.61,77.21,30.5,0.92,216,0,1.48,Semi_Arid,26.6,0.0,42.8,6.7,10.7,0,0.059,0.751,110.0,0.795,81.6,0,105.6,49.7,45.3,0,5.25,0,20136
2022-04-01,North_Zone,Summer,42.2,0,18848,Delhi NCR,28.61,77.21,30.5,0.92,216,0,1.48,Semi_Arid,15.8,0.0,41.0,7.4,11.5,0,0.141,0.737,125.0,0.748,78.2,0,106.87,57.9,45.2,0,5.25,0,19841
2022-04-02,North_Zone,Summer,36.6,0,17688,Delhi NCR,28.61,77.21,30.5,0.92,216,0,1.48,Semi_Arid,23.4,3.0,35.5,10.3,9.2,0,0.147,0.816,144.0,0.812,81.6,0,107.6,58.5,40.8,0,5.25,1,18834
2022-04-03,North_Zone,Summer,32.7,0,17041,Delhi NCR,28.61,77.21,30.5,0.92,216,0,1.48,Semi_Arid,26.5,0.0,31.2,9.6,9.6,0,0.014,0.733,116.0,0.774,81.4,0,105.79,57.0,44.8,0,5.25,0,18244
2022-04-04,North_Zone,Summer,35.5,0,17624,Delhi NCR,28.61,77.21,30.5,0.92,216,0,1.48,Semi_Arid,25.9,0.0,34.5,1.0,10.1,0,0.185,0.683,162.0,0.754,75.6,0,107.42,53.5,38.2,0,5.25,0,18431
2022-04-05,North_Zone,Summer,34.2,0,17605,Delhi NCR,28.61,77.21,30.5,0.92,216,0,1.48,Semi_Arid,21.6,0.0,32.3,3.4,9.3,0,0.205,0.751,149.0,0.814,77.2,0,106.29,56.7,42.6,0,5.25,1,18098
2022-04-06,North_Zone,Summer,36.6,0,18897,Delhi NCR,28.61,77.21,30.5,0.92,216,0,1.48,Semi_Arid,23.9,0.0,35.6,5.8,9.0,0,0.084,0.825,124.0,0.777,73.3,0,106.69,62.8,39.4,0,5.25,1,19898
2022-04-07,North_Zone,Summer,33.5,0,16544,Delhi NCR,28.61,77.21,30.5,0.92,216,0,1.48,Semi_Arid,25.3,0.0,32.0,3.0,10.5,0,0.316,0.893,113.0,0.866,81.7,0,104.77,49.2,40.6,0,5.25,1,17880
2022-04-08,North_Zone,Summer,30.9,0,15294,Delhi NCR,28.61,77.21,30.5,0.92,216,0,1.48,Semi_Arid,34.3,0.0,30.1,1.0,9.7,0,0.184,0.757,127.0,0.814,79.0,0,105.4,59.6,33.7,0,5.25,0,15997
2022-04-09,North_Zone,Summer,37.5,0,18272,Delhi NCR,28.61,77.21,30.5,0.92,216,0,1.48,Semi_Arid,30.5,0.0,38.8,3.8,9.8,0,0.05,0.793,124.0,0.769,78.6,0,105.39,58.4,42.9,0,5.25,1,18924
2022-04-10,North_Zone,Summer,46.9,0,19637,Delhi NCR,28.61,77.21,30.5,0.92,216,0,1.48,Semi_Arid,20.1,2.7,50.7,6.0,11.0,1,0.312,0.809,118.0,0.838,77.2,0,107.43,55.6,47.4,0,5.25,1,22004
2022-04-11,North_Zone,Summer,31.3,0,16419,Delhi NCR,28.61,77.21,30.5,0.92,216,0,1.48,Semi_Arid,28.3,0.0,29.9,4.4,9.8,0,0.098,0.761,115.0,0.757,75.1,0,105.72,56.0,45.9,0,5.25,0,17478
2022-04-12,North_Zone,Summer,30.5,0,16073,Delhi NCR,28.61,77.21,30.5,0.92,216,0,1.48,Semi_Arid,31.4,0.0,29.3,3.0,9.2,0,0.168,0.756,136.0,0.828,81.8,0,106.7,57.1,50.4,0,5.25,0,17439
2022-04-13,North_Zone,Summer,33.0,0,16417,Delhi NCR,28.61,77.21,30.5,0.92,216,0,1.48,Semi_Arid,25.1,0.0,31.4,6.1,8.8,0,0.101,0.82,153.0,0.815,84.0,0,105.98,51.5,40.2,0,5.25,1,17067
2022-04-14,North_Zone,Summer,39.4,0,17752,Delhi NCR,28.61,77.21,30.5,0.92,216,0,1.48,Semi_Arid,19.6,0.0,38.4,7.0,9.4,0,0.212,0.728,127.0,0.735,82.0,0,105.7,48.8,42.6,0,5.25,1,18194
2022-04-15,North_Zone,Summer,38.7,0,18381,Delhi NCR,28.61,77.21,30.5,0.92,216,0,1.48,Semi_Arid,21.1,0.0,37.9,4.6,10.4,0,0.102,0.754,148.0,0.75,77.5,0,104.57,58.5,49.6,0,5.25,0,19299
2022-04-16,North_Zone,Summer,27.5,0,14164,Delhi NCR,28.61,77.21,30.5,0.92,216,0,1.48,Semi_Arid,29.3,0.0,26.7,10.1,9.5,0,0.108,0.788,134.0,0.785,79.2,0,104.13,49.7,44.6,0,5.25,1,14750
2022-04-17,North_Zone,Summer,28.8,0,16789,Delhi NCR,28.61,77.21,30.5,0.92,216,0,1.48,Semi_Arid,25.9,0.1,27.5,6.2,9.1,0,0.134,0.819,151.0,0.831,81.2,0,105.69,50.9,45.9,0,5.25,0,17700
2022-04-18,North_Zone,Summer,34.6,0,18069,Delhi NCR,28.61,77.21,30.5,0.92,216,0,1.48,Semi_Arid,29.1,0.0,33.9,3.4,10.5,0,0.1,0.709,126.0,0.772,78.3,0,105.74,53.2,55.6,0,5.25,1,19034
2022-04-19,North_Zone,Summer,28.5,0,14658,Delhi NCR,28.61,77.21,30.5,0.92,216,0,1.48,Semi_Arid,35.5,0.0,27.8,2.6,9.1,0,0.257,0.792,145.0,0.792,83.8,0,105.13,56.2,43.7,0,5.25,1,15631
2022-04-20,North_Zone,Summer,38.2,0,17693,Delhi NCR,28.61,77.21,30.5,0.92,216,0,1.48,Semi_Arid,18.1,0.0,36.5,5.4,10.3,0,0.024,0.723,142.0,0.782,81.7,0,106.14,53.5,42.6,0,5.25,0,18333
2022-04-21,North_Zone,Summer,37.1,0,16279,Delhi NCR,28.61,77.21,30.5,0.92,216,0,1.48,Semi_Arid,26.9,0.0,37.0,9.3,9.7,0,0.146,0.759,165.0,0.73,86.4,0,107.95,53.3,40.0,0,5.25,1,16729
2022-04-22,North_Zone,Summer,40.5,0,18748,Delhi NCR,28.61,77.21,30.5,0.92,216,0,1.48,Semi_Arid,23.6,0.0,41.4,3.5,10.9,0,0.159,0.847,150.0,0.836,78.6,0,107.47,59.8,43.6,0,5.25,1,19777
2022-04-23,North_Zone,Summer,36.6,0,16603,Delhi NCR,28.61,77.21,30.5,0.92,216,0,1.48,Semi_Arid,28.7,0.2,36.8,7.8,10.0,0,0.138,0.796,145.0,0.839,70.8,0,105.95,54.0,50.1,0,5.25,1,17314
2022-04-24,North_Zone,Summer,36.3,0,16840,Delhi NCR,28.61,77.21,30.5,0.92,216,0,1.48,Semi_Arid,27.2,0.0,35.9,6.3,9.6,0,0.247,0.9,114.0,0.849,78.2,0,105.97,52.2,47.9,0,5.25,1,18082
2022-04-25,North_Zone,Summer,28.4,0,15059,Delhi NCR,28.61,77.21,30.5,0.92,216,0,1.48,Semi_Arid,24.7,0.0,27.2,12.0,9.1,0,-0.0,0.796,131.0,0.786,76.9,0,106.54,57.2,52.2,0,5.25,1,16037
2022-04-26,North_Zone,Summer,34.4,0,17443,Delhi NCR,28.61,77.21,30.5,0.92,216,0,1.48,Semi_Arid,22.0,0.0,32.6,7.2,9.5,0,0.207,0.858,126.0,0.788,78.5,0,106.13,55.7,46.8,0,5.25,0,18806
2022-04-27,North_Zone,Summer,26.1,0,14703,Delhi NCR,28.61,77.21,30.5,0.92,216,0,1.48,Semi_Arid,33.5,0.0,26.1,3.9,8.6,0,0.026,0.848,125.0,0.78,83.3,0,106.51,55.7,33.8,0,5.25,1,15193
2022-04-28,North_Zone,Summer,30.4,0,15849,Delhi NCR,28.61,77.21,30.5,0.92,216,0,1.48,Semi_Arid,35.9,0.0,29.7,8.2,8.4,0,0.099,0.799,140.0,0.766,76.4,0,106.13,57.2,48.1,0,5.25,0,16780
2022-04-29,North_Zone,Summer,36.5,0,17054,Delhi NCR,28.61,77.21,30.5,0.92,216,0,1.48,Semi_Arid,16.0,0.0,34.2,8.3,9.8,0,0.015,0.721,144.0,0.848,75.5,0,105.93,54.8,45.5,0,5.25,1,18159
2022-04-30,North_Zone,Summer,38.2,0,16560,Delhi NCR,28.61,77.21,30.5,0.92,216,0,1.48,Semi_Arid,27.8,0.0,39.1,4.8,9.3,0,0.117,0.794,145.0,0.796,76.1,0,105.17,58.4,45.0,0,5.25,1,17082
2022-05-01,North_Zone,Summer,39.4,0,17291,Delhi NCR,28.61,77.21,30.5,0.92,216,0,1.48,Semi_Arid,31.3,0.0,42.5,2.5,9.4,0,0.092,0.768,163.0,0.819,84.5,0,103.15,48.5,51.1,0,5.25,0,18375
2022-05-02,North_Zone,Summer,28.8,0,14976,Delhi NCR,28.61,77.21,30.5,0.92,216,0,1.48,Semi_Arid,31.0,0.0,27.8,7.6,9.1,0,0.314,0.766,149.0,0.817,76.6,0,100.51,58.2,43.6,0,5.25,0,15760
2022-05-03,North_Zone,Summer,26.6,0,14858,Delhi NCR,28.61,77.21,30.5,0.92,216,0,1.48,Semi_Arid,35.8,0.6,26.6,6.2,9.1,0,0.174,0.809,118.0,0.807,78.8,0,103.02,50.6,47.9,0,5.25,1,15680
2022-05-04,North_Zone,Summer,34.0,0,17477,Delhi NCR,28.61,77.21,30.5,0.92,216,0,1.48,Semi_Arid,25.1,0.0,32.5,1.5,9.5,0,0.194,0.713,144.0,0.75,83.5,0,100.67,46.7,39.6,0,5.25,1,17721
2022-05-05,North_Zone,Summer,37.6,0,16285,Delhi NCR,28.61,77.21,30.5,0.92,216,0,1.48,Semi_Arid,25.8,5.4,37.5,6.8,10.7,0,0.039,0.748,151.0,0.803,80.0,0,102.98,51.0,37.4,0,5.25,1,16985
2022-05-06,North_Zone,Summer,31.6,0,16328,Delhi NCR,28.61,77.21,30.5,0.92,216,0,1.48,Semi_Arid,21.9,1.1,29.7,4.1,9.7,0,0.224,0.739,163.0,0.752,71.2,0,101.72,52.3,42.0,0,5.25,0,16472
2022-05-07,North_Zone,Summer,38.4,0,18575,Delhi NCR,28.61,77.21,30.5,0.92,216,0,1.48,Semi_Arid,14.2,2.2,36.0,1.5,10.9,0,0.314,0.785,137.0,0.814,76.6,0,103.96,51.6,43.4,0,5.25,0,19681
2022-05-08,North_Zone,Summer,39.9,0,17892,Delhi NCR,28.61,77.21,30.5,0.92,216,0,1.48,Semi_Arid,29.8,0.0,42.8,4.9,9.5,0,0.237,0.754,137.0,0.757,76.0,0,102.75,50.2,47.7,0,5.25,0,18946
2022-05-09,North_Zone,Summer,36.5,0,18151,Delhi NCR,28.61,77.21,30.5,0.92,216,0,1.48,Semi_Arid,22.2,0.0,35.2,9.8,10.0,0,0.019,0.758,159.0,0.776,72.8,0,102.64,58.1,39.5,0,5.25,1,18865
2022-05-10,North_Zone,Summer,33.8,0,16750,Delhi NCR,28.61,77.21,30.5,0.92,216,0,1.48,Semi_Arid,26.4,1.1,32.5,9.6,9.2,0,0.104,0.808,143.0,0.789,76.6,0,103.02,50.7,52.5,0,5.25,1,18078
2022-05-11,North_Zone,Summer,33.7,0,15982,Delhi NCR,28.61,77.21,30.5,0.92,216,0,1.48,Semi_Arid,21.8,0.0,31.8,8.8,9.1,0,0.161,0.773,111.0,0.835,69.8,0,101.73,44.7,40.2,0,5.25,0,16605
2022-05-12,North_Zone,Summer,35.2,0,16248,Delhi NCR,28.61,77.21,30.5,0.92,216,0,1.48,Semi_Arid,20.8,0.0,33.4,6.8,10.8,0,0.092,0.8,107.0,0.727,79.0,0,103.7,53.1,44.6,0,5.25,0,16799
2022-05-13,North_Zone,Summer,34.5,0,15791,Delhi NCR,28.61,77.21,30.5,0.92,216,0,1.48,Semi_Arid,27.4,0.0,33.5,7.8,9.0,0,0.403,0.733,173.0,0.853,78.0,0,103.25,62.5,45.1,0,5.25,0,16609
2022-05-14,North_Zone,Summer,34.2,0,16918,Delhi NCR,28.61,77.21,30.5,0.92,216,0,1.48,Semi_Arid,24.8,0.0,32.7,6.3,8.1,0,0.102,0.75,109.0,0.763,75.9,0,101.98,49.5,46.5,0,5.25,1,18289
2022-05-15,North_Zone,Summer,32.6,0,16168,Delhi NCR,28.61,77.21,30.5,0.92,216,0,1.48,Semi_Arid,31.3,0.0,31.7,2.7,9.0,0,0.146,0.922,137.0,0.827,72.6,0,101.45,50.0,47.3,0,5.25,1,17126
2022-05-16,North_Zone,Summer,35.6,0,17251,Delhi NCR,28.61,77.21,30.5,0.92,216,0,1.48,Semi_Arid,29.9,0.0,35.5,3.3,8.3,0,0.09,0.758,156.0,0.802,82.2,0,102.06,52.2,56.3,0,5.25,0,18859
2022-05-17,North_Zone,Summer,34.5,0,17485,Delhi NCR,28.61,77.21,30.5,0.92,216,0,1.48,Semi_Arid,29.9,0.0,33.9,4.2,8.9,0,0.173,0.674,108.0,0.778,76.3,0,102.3,60.1,42.0,0,5.25,0,18163
2022-05-18,North_Zone,Summer,26.6,0,16999,Delhi NCR,28.61,77.21,30.5,0.92,216,0,1.48,Semi_Arid,34.2,0.0,26.6,10.2,8.6,0,0.288,0.821,121.0,0.831,81.3,0,101.3,52.1,46.6,0,5.25,0,17753
2022-05-19,North_Zone,Summer,31.5,0,16201,Delhi NCR,28.61,77.21,30.5,0.92,216,0,1.48,Semi_Arid,38.0,5.4,31.3,9.2,9.3,0,0.161,0.758,118.0,0.808,77.6,0,101.9,49.7,44.6,0,5.25,0,17505
2022-05-20,North_Zone,Summer,31.2,0,16326,Delhi NCR,28.61,77.21,30.5,0.92,216,0,1.48,Semi_Arid,24.9,0.0,29.5,2.8,8.1,0,0.128,0.815,172.0,0.865,82.4,0,101.74,55.1,49.9,0,5.25,1,17427
2022-05-21,North_Zone,Summer,36.1,0,16505,Delhi NCR,28.61,77.21,30.5,0.92,216,0,1.48,Semi_Arid,27.1,0.0,35.6,6.2,10.3,0,0.043,0.795,176.0,0.821,79.8,0,102.11,55.0,47.2,0,5.25,1,17355
2022-05-22,North_Zone,Summer,39.3,0,17691,Delhi NCR,28.61,77.21,30.5,0.92,216,0,1.48,Semi_Arid,31.1,0.0,42.2,4.8,8.6,0,0.271,0.833,127.0,0.805,78.3,0,102.09,55.8,46.1,0,5.25,1,18916
2022-05-23,North_Zone,Summer,37.2,0,16563,Delhi NCR,28.61,77.21,30.5,0.92,216,0,1.48,Semi_Arid,33.0,0.0,39.0,5.5,9.5,0,0.136,0.794,150.0,0.782,75.5,0,102.75,49.9,37.5,0,5.25,1,17618
2022-05-24,North_Zone,Summer,34.9,0,18321,Delhi NCR,28.61,77.21,30.5,0.92,216,0,1.48,Semi_Arid,21.0,0.0,33.0,4.4,9.3,0,0.131,0.786,146.0,0.779,81.9,0,102.26,51.6,42.7,0,5.25,0,19013
2022-05-25,North_Zone,Summer,38.9,0,17959,Delhi NCR,28.61,77.21,30.5,0.92,216,0,1.48,Semi_Arid,24.1,0.0,39.0,10.2,10.2,0,-0.084,0.869,135.0,0.856,77.4,0,102.61,58.5,40.1,0,5.25,1,19290
2022-05-26,North_Zone,Summer,33.2,0,16355,Delhi NCR,28.61,77.21,30.5,0.92,216,0,1.48,Semi_Arid,35.9,0.0,33.2,5.9,9.6,0,0.137,0.667,111.0,0.819,75.6,0,102.42,55.6,42.8,0,5.25,1,17029
2022-05-27,North_Zone,Summer,35.8,0,17306,Delhi NCR,28.61,77.21,30.5,0.92,216,0,1.48,Semi_Arid,30.1,0.0,35.9,6.6,10.3,0,0.11,0.72,182.0,0.81,77.5,0,101.95,57.0,40.9,0,5.25,1,17812
2022-05-28,North_Zone,Summer,30.7,0,16208,Delhi NCR,28.61,77.21,30.5,0.92,216,0,1.48,Semi_Arid,31.6,0.0,29.6,6.7,9.1,0,-0.033,0.75,107.0,0.693,77.9,0,102.8,53.9,42.4,0,5.25,0,16595
2022-05-29,North_Zone,Summer,30.6,0,16965,Delhi NCR,28.61,77.21,30.5,0.92,216,0,1.48,Semi_Arid,29.6,9.2,29.3,2.9,9.0,0,0.249,0.698,144.0,0.707,80.6,0,99.35,57.0,42.9,0,5.25,0,17141
2022-05-30,North_Zone,Summer,31.9,0,16215,Delhi NCR,28.61,77.21,30.5,0.92,216,0,1.48,Semi_Arid,27.9,0.0,30.5,6.3,9.6,0,0.096,0.771,128.0,0.793,72.4,0,101.7,54.9,43.0,0,5.25,1,17000
2022-05-31,North_Zone,Summer,39.0,0,17553,Delhi NCR,28.61,77.21,30.5,0.92,216,0,1.48,Semi_Arid,27.0,0.0,40.1,9.2,10.3,0,0.34,0.765,158.0,0.786,85.1,0,101.46,51.5,43.5,0,5.25,0,18384
2022-06-01,North_Zone,Monsoon,29.0,0,16403,Delhi NCR,28.61,77.21,30.5,0.92,216,0,1.48,Semi_Arid,76.3,0.0,34.0,18.4,6.2,0,0.291,0.318,120.0,0.68,79.4,0,102.12,56.8,29.4,0,5.25,0,16609
2022-06-02,North_Zone,Monsoon,29.7,0,15707,Delhi NCR,28.61,77.21,30.5,0.92,216,0,1.48,Semi_Arid,77.0,5.4,36.0,10.6,5.9,0,0.078,0.255,87.0,0.701,78.0,0,101.34,50.0,34.2,0,5.25,0,15862
2022-06-03,North_Zone,Monsoon,22.9,0,12989,Delhi NCR,28.61,77.21,30.5,0.92,216,0,1.48,Semi_Arid,81.7,4.5,22.9,9.4,5.5,0,0.287,0.247,91.0,0.698,79.3,0,102.49,60.2,29.5,0,5.25,0,12832
2022-06-04,North_Zone,Monsoon,31.1,0,16241,Delhi NCR,28.61,77.21,30.5,0.92,216,0,1.48,Semi_Arid,72.9,21.3,38.8,14.2,5.8,0,0.311,0.237,77.0,0.664,73.4,0,102.64,58.1,31.0,0,5.25,0,16046
2022-06-05,North_Zone,Monsoon,30.2,0,16049,Delhi NCR,28.61,77.21,30.5,0.92,216,0,1.48,Semi_Arid,79.5,0.3,38.1,17.3,6.0,0,0.094,0.197,109.0,0.604,78.4,0,100.5,52.0,33.7,0,5.25,0,15582
2022-06-06,North_Zone,Monsoon,31.9,0,15758,Delhi NCR,28.61,77.21,30.5,0.92,216,0,1.48,Semi_Arid,90.4,0.0,48.7,15.1,7.1,0,0.047,0.313,118.0,0.641,80.0,0,102.07,53.1,21.1,0,5.25,0,15529
2022-06-07,North_Zone,Monsoon,28.4,0,14267,Delhi NCR,28.61,77.21,30.5,0.92,216,0,1.48,Semi_Arid,69.1,20.8,31.3,16.0,5.5,0,-0.066,0.333,97.0,0.685,77.1,0,100.54,53.7,46.5,0,5.25,0,14340
2022-06-08,North_Zone,Monsoon,24.2,0,12726,Delhi NCR,28.61,77.21,30.5,0.92,216,0,1.48,Semi_Arid,82.1,4.2,24.2,9.9,5.2,0,0.188,0.187,101.0,0.659,79.6,0,102.27,53.2,36.6,0,5.25,0,12623
2022-06-09,North_Zone,Monsoon,25.3,0,15578,Delhi NCR,28.61,77.21,30.5,0.92,216,0,1.48,Semi_Arid,76.0,0.0,25.3,12.3,5.3,0,0.053,0.357,139.0,0.653,80.4,0,101.29,58.8,35.6,0,5.25,0,15895
2022-06-10,North_Zone,Monsoon,23.3,0,13592,Delhi NCR,28.61,77.21,30.5,0.92,216,0,1.48,Semi_Arid,83.9,25.9,23.3,7.4,5.6,0,0.191,0.22,122.0,0.675,75.8,0,100.92,51.2,31.4,0,5.25,0,13746
2022-06-11,North_Zone,Monsoon,24.1,0,13549,Delhi NCR,28.61,77.21,30.5,0.92,216,0,1.48,Semi_Arid,80.8,30.9,24.1,13.6,4.2,0,0.093,0.215,129.0,0.601,81.7,0,99.98,47.0,34.5,0,5.25,0,13167
2022-06-12,North_Zone,Monsoon,28.5,0,14567,Delhi NCR,28.61,77.21,30.5,0.92,216,0,1.48,Semi_Arid,81.7,37.3,33.7,7.5,5.6,0,0.072,0.288,65.0,0.592,77.8,0,101.57,52.6,28.0,0,5.25,0,14464
2022-06-13,North_Zone,Monsoon,31.3,0,17044,Delhi NCR,28.61,77.21,30.5,0.92,216,0,1.48,Semi_Arid,82.1,23.9,42.7,18.0,6.3,0,0.094,0.294,115.0,0.647,83.7,0,100.47,56.2,36.5,0,5.25,0,17098
2022-06-14,North_Zone,Monsoon,21.3,0,12766,Delhi NCR,28.61,77.21,30.5,0.92,216,0,1.48,Semi_Arid,83.2,0.0,21.3,18.7,5.0,0,0.02,0.256,110.0,0.705,81.9,0,100.11,57.1,25.6,0,5.25,0,12517
2022-06-15,North_Zone,Monsoon,28.2,0,15945,Delhi NCR,28.61,77.21,30.5,0.92,216,0,1.48,Semi_Arid,83.7,8.5,33.2,14.4,5.8,0,0.094,0.239,82.0,0.705,79.2,0,101.75,54.2,27.7,0,5.25,0,16148
2022-06-16,North_Zone,Monsoon,26.6,0,14643,Delhi NCR,28.61,77.21,30.5,0.92,216,0,1.48,Semi_Arid,67.3,7.4,26.6,9.5,6.8,0,0.076,0.33,86.0,0.635,75.6,0,102.5,51.5,30.5,0,5.25,0,14210
2022-06-17,North_Zone,Monsoon,24.5,0,12906,Delhi NCR,28.61,77.21,30.5,0.92,216,0,1.48,Semi_Arid,88.3,2.1,24.5,15.1,5.7,0,0.149,0.223,101.0,0.61,77.7,0,101.89,53.6,41.5,0,5.25,0,12996
2022-06-18,North_Zone,Monsoon,32.3,0,14624,Delhi NCR,28.61,77.21,30.5,0.92,216,0,1.48,Semi_Arid,77.5,0.0,44.4,19.6,4.5,0,0.16,0.256,81.0,0.687,81.0,0,100.03,50.4,28.5,0,5.25,0,14434
2022-06-19,North_Zone,Monsoon,35.0,0,17326,Delhi NCR,28.61,77.21,30.5,0.92,216,0,1.48,Semi_Arid,79.4,33.1,56.1,15.4,5.2,0,0.043,0.362,91.0,0.677,76.3,0,101.29,44.3,35.7,0,5.25,0,17076
2022-06-20,North_Zone,Monsoon,30.0,0,15970,Delhi NCR,28.61,77.21,30.5,0.92,216,0,1.48,Semi_Arid,70.9,4.8,35.3,17.6,5.6,0,0.26,0.18,97.0,0.686,79.3,0,102.07,50.4,23.7,0,5.25,0,15659
2022-06-21,North_Zone,Monsoon,27.2,0,15124,Delhi NCR,28.61,77.21,30.5,0.92,216,0,1.48,Semi_Arid,74.5,2.1,29.6,12.5,5.1,0,0.134,0.232,115.0,0.68,79.6,0,101.22,55.5,34.1,0,5.25,0,15438
2022-06-22,North_Zone,Monsoon,27.4,0,15300,Delhi NCR,28.61,77.21,30.5,0.92,216,0,1.48,Semi_Arid,79.3,35.6,30.6,11.4,5.7,0,0.3,0.322,92.0,0.708,77.7,0,101.65,52.6,42.7,0,5.25,0,16021
2022-06-23,North_Zone,Monsoon,27.9,0,14214,Delhi NCR,28.61,77.21,30.5,0.92,216,0,1.48,Semi_Arid,78.2,14.8,31.6,13.8,5.5,0,0.174,0.292,97.0,0.648,75.5,0,100.85,52.1,36.5,0,5.25,0,13964
2022-06-24,North_Zone,Monsoon,25.4,0,13559,Delhi NCR,28.61,77.21,30.5,0.92,216,0,1.48,Semi_Arid,81.2,51.8,25.4,8.2,6.2,0,0.157,0.314,123.0,0.692,82.8,0,100.87,57.8,23.6,0,5.25,0,13417
2022-06-25,North_Zone,Monsoon,30.9,0,15234,Delhi NCR,28.61,77.21,30.5,0.92,216,0,1.48,Semi_Arid,81.9,47.2,41.2,20.8,5.1,0,0.101,0.181,73.0,0.706,79.4,0,100.56,49.4,34.2,0,5.25,0,15067
2022-06-26,North_Zone,Monsoon,22.3,0,13883,Delhi NCR,28.61,77.21,30.5,0.92,216,0,1.48,Semi_Arid,72.8,2.5,22.3,14.4,5.2,0,0.211,0.279,109.0,0.674,77.1,0,101.8,50.3,31.7,0,5.25,0,13794
2022-06-27,North_Zone,Monsoon,32.5,0,16754,Delhi NCR,28.61,77.21,30.5,0.92,216,0,1.48,Semi_Arid,80.4,10.6,46.4,16.6,6.0,0,0.153,0.243,112.0,0.659,75.6,0,101.83,55.1,40.1,0,5.25,0,17106
2022-06-28,North_Zone,Monsoon,26.2,0,13278,Delhi NCR,28.61,77.21,30.5,0.92,216,0,1.48,Semi_Arid,79.3,3.1,26.2,12.6,5.8,0,0.236,0.396,113.0,0.686,80.7,0,100.57,50.4,33.5,0,5.25,0,13225
2022-06-29,North_Zone,Monsoon,27.6,0,14771,Delhi NCR,28.61,77.21,30.5,0.92,216,0,1.48,Semi_Arid,77.4,3.0,30.8,9.4,5.7,0,0.31,0.309,96.0,0.629,77.8,0,101.84,50.9,26.8,0,5.25,0,14401
2022-06-30,North_Zone,Monsoon,25.1,0,14713,Delhi NCR,28.61,77.21,30.5,0.92,216,0,1.48,Semi_Arid,72.6,7.1,25.1,18.3,4.1,0,0.077,0.259,86.0,0.632,80.9,0,99.62,59.0,33.3,0,5.25,0,14407
2022-07-01,North_Zone,Monsoon,33.5,0,16562,Delhi NCR,28.61,77.21,30.5,0.92,216,0,1.48,Semi_Arid,77.4,0.0,48.8,10.6,6.0,0,0.211,0.277,132.0,0.642,75.2,0,100.85,49.1,30.5,0,5.25,0,16311
2022-07-02,North_Zone,Monsoon,28.5,0,14370,Delhi NCR,28.61,77.21,30.5,0.92,216,0,1.48,Semi_Arid,65.8,22.1,31.0,15.0,5.6,0,0.209,0.263,90.0,0.616,78.9,0,99.63,49.9,23.2,0,5.25,0,14189
2022-07-03,North_Zone,Monsoon,32.2,0,15987,Delhi NCR,28.61,77.21,30.5,0.92,216,0,1.48,Semi_Arid,78.9,19.5,44.6,15.3,6.4,0,0.196,0.302,85.0,0.629,76.6,0,99.82,54.7,33.1,0,5.25,0,15827
2022-07-04,North_Zone,Monsoon,26.3,0,14616,Delhi NCR,28.61,77.21,30.5,0.92,216,0,1.48,Semi_Arid,71.8,9.4,26.3,14.2,6.0,0,0.107,0.209,105.0,0.579,83.2,0,99.55,52.6,34.0,0,5.25,0,14424
2022-07-05,North_Zone,Monsoon,29.4,0,15465,Delhi NCR,28.61,77.21,30.5,0.92,216,0,1.48,Semi_Arid,77.6,23.2,35.3,11.6,5.9,0,0.109,0.342,92.0,0.662,79.1,0,100.22,47.6,35.9,0,5.25,0,15667
2022-07-06,North_Zone,Monsoon,31.6,0,16211,Delhi NCR,28.61,77.21,30.5,0.92,216,0,1.48,Semi_Arid,75.4,2.1,41.2,13.6,6.0,0,0.092,0.181,124.0,0.666,75.0,0,101.46,60.7,39.1,0,5.25,0,16021
2022-07-07,North_Zone,Monsoon,27.1,0,15107,Delhi NCR,28.61,77.21,30.5,0.92,216,0,1.48,Semi_Arid,84.6,0.0,30.4,11.1,6.4,0,0.09,0.272,100.0,0.659,80.8,0,100.73,50.1,32.6,0,5.25,0,14952
2022-07-08,North_Zone,Monsoon,29.5,0,14337,Delhi NCR,28.61,77.21,30.5,0.92,216,0,1.48,Semi_Arid,76.4,12.1,35.3,16.4,6.4,0,0.066,0.211,126.0,0.643,81.7,0,100.19,52.1,26.5,0,5.25,0,14148
2022-07-09,North_Zone,Monsoon,31.4,0,15621,Delhi NCR,28.61,77.21,30.5,0.92,216,0,1.48,Semi_Arid,72.7,8.7,39.6,15.7,6.0,0,0.14,0.263,113.0,0.689,77.0,0,100.57,55.0,29.8,0,5.25,0,15341
2022-07-10,North_Zone,Monsoon,27.2,0,15394,Delhi NCR,28.61,77.21,30.5,0.92,216,0,1.48,Semi_Arid,76.1,15.7,29.8,13.9,6.9,0,0.074,0.319,98.0,0.73,75.6,0,98.65,61.1,33.9,0,5.25,0,15401
2022-07-11,North_Zone,Monsoon,30.2,0,14999,Delhi NCR,28.61,77.21,30.5,0.92,216,0,1.48,Semi_Arid,83.2,3.2,39.3,12.3,5.4,0,0.194,0.157,125.0,0.707,71.4,0,101.25,51.9,40.1,0,5.25,0,15180
2022-07-12,North_Zone,Monsoon,30.4,0,15153,Delhi NCR,28.61,77.21,30.5,0.92,216,0,1.48,Semi_Arid,79.4,20.3,38.7,20.3,5.1,0,0.156,0.25,93.0,0.667,81.3,0,98.39,48.7,34.0,0,5.25,0,14999
2022-07-13,North_Zone,Monsoon,33.5,0,15702,Delhi NCR,28.61,77.21,30.5,0.92,216,0,1.48,Semi_Arid,73.0,11.7,46.5,10.1,5.9,0,0.167,0.174,99.0,0.635,72.7,0,99.9,55.0,33.3,0,5.25,0,15706
2022-07-14,North_Zone,Monsoon,28.7,0,14553,Delhi NCR,28.61,77.21,30.5,0.92,216,0,1.48,Semi_Arid,76.6,1.1,33.3,9.4,5.5,0,0.123,0.243,115.0,0.648,77.9,0,100.49,61.5,32.8,0,5.25,0,14176
2022-07-15,North_Zone,Monsoon,34.7,0,15676,Delhi NCR,28.61,77.21,30.5,0.92,216,0,1.48,Semi_Arid,66.3,0.0,47.3,13.8,4.5,0,0.157,0.173,109.0,0.661,72.8,0,100.98,53.9,34.0,0,5.25,0,15544
2022-07-16,North_Zone,Monsoon,29.6,0,14805,Delhi NCR,28.61,77.21,30.5,0.92,216,0,1.48,Semi_Arid,79.2,6.1,36.3,13.2,5.3,0,0.125,0.27,93.0,0.663,83.4,0,100.74,52.2,43.6,0,5.25,0,14933
2022-07-17,North_Zone,Monsoon,26.9,0,15097,Delhi NCR,28.61,77.21,30.5,0.92,216,0,1.48,Semi_Arid,70.1,33.9,28.7,17.3,5.8,0,0.228,0.234,77.0,0.654,82.0,0,100.42,54.7,33.6,0,5.25,0,14991
2022-07-18,North_Zone,Monsoon,31.7,0,17217,Delhi NCR,28.61,77.21,30.5,0.92,216,0,1.48,Semi_Arid,79.7,0.0,43.2,15.9,5.8,0,0.106,0.305,105.0,0.674,78.9,0,101.9,45.5,32.7,0,5.25,0,17080
2022-07-19,North_Zone,Monsoon,23.4,0,14061,Delhi NCR,28.61,77.21,30.5,0.92,216,0,1.48,Semi_Arid,81.6,2.5,23.4,14.1,5.0,0,0.188,0.334,92.0,0.655,81.1,0,102.42,51.5,34.2,0,5.25,0,13724
2022-07-20,North_Zone,Monsoon,32.4,0,14746,Delhi NCR,28.61,77.21,30.5,0.92,216,0,1.48,Semi_Arid,87.5,17.8,49.5,15.5,5.9,0,0.019,0.261,106.0,0.595,77.6,0,100.38,45.9,30.6,0,5.25,0,14702
2022-07-21,North_Zone,Monsoon,28.9,0,15234,Delhi NCR,28.61,77.21,30.5,0.92,216,0,1.48,Semi_Arid,72.2,9.8,32.9,15.4,5.8,0,0.221,0.314,97.0,0.658,75.5,0,100.24,51.7,26.2,0,5.25,0,14722
2022-07-22,North_Zone,Monsoon,29.2,0,14693,Delhi NCR,28.61,77.21,30.5,0.92,216,0,1.48,Semi_Arid,77.0,0.0,34.6,20.3,6.1,0,0.094,0.343,92.0,0.729,73.0,0,100.15,51.0,25.3,0,5.25,0,14347
2022-07-23,North_Zone,Monsoon,23.7,0,12392,Delhi NCR,28.61,77.21,30.5,0.92,216,0,1.48,Semi_Arid,89.8,22.7,23.7,14.8,5.1,0,0.059,0.205,100.0,0.694,80.4,0,99.67,42.3,30.4,0,5.25,0,12344
2022-07-24,North_Zone,Monsoon,30.9,0,16615,Delhi NCR,28.61,77.21,30.5,0.92,216,0,1.48,Semi_Arid,82.4,7.9,41.4,12.0,6.3,0,0.036,0.346,104.0,0.715,75.0,0,100.62,54.0,39.9,0,5.25,0,16648
2022-07-25,North_Zone,Monsoon,28.9,0,14799,Delhi NCR,28.61,77.21,30.5,0.92,216,0,1.48,Semi_Arid,74.2,0.8,33.3,14.6,5.0,0,0.028,0.258,118.0,0.65,85.6,0,101.48,56.1,39.8,0,5.25,0,14769
2022-07-26,North_Zone,Monsoon,23.1,0,14233,Delhi NCR,28.61,77.21,30.5,0.92,216,0,1.48,Semi_Arid,82.3,7.4,23.1,6.1,5.1,0,0.102,0.201,113.0,0.627,74.7,0,97.69,51.3,28.4,0,5.25,0,13610
2022-07-27,North_Zone,Monsoon,24.7,0,13605,Delhi NCR,28.61,77.21,30.5,0.92,216,0,1.48,Semi_Arid,80.2,2.0,24.7,13.9,6.5,0,0.3,0.278,143.0,0.718,81.0,0,99.98,46.9,33.2,0,5.25,0,13629
2022-07-28,North_Zone,Monsoon,26.2,0,14402,Delhi NCR,28.61,77.21,30.5,0.92,216,0,1.48,Semi_Arid,80.7,3.5,26.2,17.3,4.9,0,0.086,0.256,108.0,0.632,81.8,0,101.61,58.7,34.7,0,5.25,0,14432
2022-07-29,North_Zone,Monsoon,25.7,0,14457,Delhi NCR,28.61,77.21,30.5,0.92,216,0,1.48,Semi_Arid,76.1,0.0,25.7,15.8,5.1,0,-0.071,0.176,93.0,0.645,74.0,0,100.48,60.8,30.4,0,5.25,0,13854
2022-07-30,North_Zone,Monsoon,26.1,0,15094,Delhi NCR,28.61,77.21,30.5,0.92,216,0,1.48,Semi_Arid,78.9,31.5,26.1,14.9,4.8,0,0.187,0.194,102.0,0.699,76.7,0,100.47,54.8,40.5,0,5.25,0,15101
2022-07-31,North_Zone,Monsoon,31.1,0,15860,Delhi NCR,28.61,77.21,30.5,0.92,216,0,1.48,Semi_Arid,68.3,1.3,37.4,15.9,5.3,0,0.039,0.358,115.0,0.693,77.3,0,98.43,51.0,37.8,0,5.25,0,16085
2022-08-01,North_Zone,Monsoon,29.4,0,17041,Delhi NCR,28.61,77.21,30.5,0.92,216,0,1.48,Semi_Arid,78.0,28.7,35.4,17.3,5.8,0,0.231,0.277,123.0,0.66,88.4,0,100.7,51.9,35.8,0,5.25,0,16595
2022-08-02,North_Zone,Monsoon,24.5,0,13133,Delhi NCR,28.61,77.21,30.5,0.92,216,0,1.48,Semi_Arid,82.6,18.6,24.5,18.3,5.9,0,0.108,0.349,129.0,0.722,77.3,0,100.98,55.1,34.3,0,5.25,0,13221
2022-08-03,North_Zone,Monsoon,30.1,0,17078,Delhi NCR,28.61,77.21,30.5,0.92,216,0,1.48,Semi_Arid,75.8,18.3,36.8,15.3,5.7,0,0.123,0.235,87.0,0.661,74.6,0,100.14,53.4,26.2,0,5.25,0,16797
2022-08-04,North_Zone,Monsoon,27.2,0,16186,Delhi NCR,28.61,77.21,30.5,0.92,216,0,1.48,Semi_Arid,70.6,3.3,29.3,13.1,5.4,0,0.27,0.212,128.0,0.659,79.5,0,99.25,54.4,40.8,0,5.25,0,16135
2022-08-05,North_Zone,Monsoon,28.3,0,14527,Delhi NCR,28.61,77.21,30.5,0.92,216,0,1.48,Semi_Arid,83.0,25.3,33.4,7.1,4.9,0,0.212,0.159,104.0,0.685,74.9,0,100.32,54.9,36.9,0,5.25,0,14321
2022-08-06,North_Zone,Monsoon,25.0,0,14760,Delhi NCR,28.61,77.21,30.5,0.92,216,0,1.48,Semi_Arid,81.8,0.0,25.0,16.9,5.1,0,0.025,0.318,88.0,0.603,77.8,0,98.81,49.6,36.0,0,5.25,0,14248
2022-08-07,North_Zone,Monsoon,25.3,0,14378,Delhi NCR,28.61,77.21,30.5,0.92,216,0,1.48,Semi_Arid,76.2,20.0,25.3,15.5,4.6,0,0.04,0.285,101.0,0.682,76.6,0,98.65,49.2,30.3,0,5.25,0,14139
2022-08-08,North_Zone,Monsoon,32.8,0,15942,Delhi NCR,28.61,77.21,30.5,0.92,216,0,1.48,Semi_Arid,73.9,12.5,44.5,14.5,6.3,0,-0.028,0.236,127.0,0.636,79.6,0,100.6,52.1,30.7,0,5.25,0,15560
2022-08-09,North_Zone,Monsoon,31.9,0,15013,Delhi NCR,28.61,77.21,30.5,0.92,216,0,1.48,Semi_Arid,68.4,0.0,39.5,11.9,6.3,0,0.41,0.212,113.0,0.647,76.3,0,100.87,55.2,36.5,0,5.25,0,14835
2022-08-10,North_Zone,Monsoon,26.4,0,13473,Delhi NCR,28.61,77.21,30.5,0.92,216,0,1.48,Semi_Arid,74.0,2.6,26.4,16.9,5.5,0,0.064,0.328,83.0,0.685,75.9,0,99.0,46.4,39.5,0,5.25,0,13719
2022-08-11,North_Zone,Monsoon,28.2,0,15678,Delhi NCR,28.61,77.21,30.5,0.92,216,0,1.48,Semi_Arid,75.4,0.0,31.9,13.2,5.9,0,0.267,0.249,83.0,0.642,81.2,0,98.55,51.5,42.6,0,5.25,0,15208
2022-08-12,North_Zone,Monsoon,28.2,0,16038,Delhi NCR,28.61,77.21,30.5,0.92,216,0,1.48,Semi_Arid,84.2,0.0,33.3,13.9,6.2,0,0.097,0.25,83.0,0.669,78.9,0,98.81,52.4,30.3,0,5.25,0,16040
2022-08-13,North_Zone,Monsoon,25.8,0,14618,Delhi NCR,28.61,77.21,30.5,0.92,216,0,1.48,Semi_Arid,76.3,70.1,25.8,13.8,5.6,1,0.042,0.224,92.0,0.668,78.1,0,99.86,51.0,33.2,0,5.25,0,15569
2022-08-14,North_Zone,Monsoon,26.4,0,14893,Delhi NCR,28.61,77.21,30.5,0.92,216,0,1.48,Semi_Arid,82.4,16.7,26.4,15.3,6.4,0,0.152,0.236,106.0,0.665,72.2,0,98.47,58.0,23.5,0,5.25,0,14949
2022-08-15,North_Zone,Monsoon,29.5,0,15843,Delhi NCR,28.61,77.21,30.5,0.92,216,0,1.48,Semi_Arid,74.6,37.7,34.9,10.6,5.1,0,0.117,0.293,85.0,0.677,79.9,0,100.9,58.3,21.7,0,5.25,0,16034
2022-08-16,North_Zone,Monsoon,24.8,0,13485,Delhi NCR,28.61,77.21,30.5,0.92,216,0,1.48,Semi_Arid,81.4,0.0,24.8,15.7,5.3,0,0.23,0.175,97.0,0.64,76.6,0,99.12,54.3,36.6,0,5.25,0,13302
2022-08-17,North_Zone,Monsoon,25.9,0,14280,Delhi NCR,28.61,77.21,30.5,0.92,216,0,1.48,Semi_Arid,78.8,16.5,25.9,11.8,5.3,0,0.231,0.265,130.0,0.663,78.8,0,99.93,60.1,29.7,0,5.25,0,14114
2022-08-18,North_Zone,Monsoon,28.3,0,15631,Delhi NCR,28.61,77.21,30.5,0.92,216,0,1.48,Semi_Arid,82.4,0.0,33.3,11.9,6.1,0,0.091,0.317,134.0,0.682,72.5,0,98.8,56.0,24.1,0,5.25,0,15001
2022-08-19,North_Zone,Monsoon,25.5,0,13083,Delhi NCR,28.61,77.21,30.5,0.92,216,0,1.48,Semi_Arid,77.0,9.8,25.5,16.7,4.7,0,0.006,0.255,133.0,0.635,78.8,0,100.1,53.6,28.2,0,5.25,0,12812
2022-08-20,North_Zone,Monsoon,34.5,0,15711,Delhi NCR,28.61,77.21,30.5,0.92,216,0,1.48,Semi_Arid,66.4,30.1,46.7,11.0,6.8,0,0.03,0.323,73.0,0.719,78.6,0,100.16,51.2,35.7,0,5.25,0,16018
2022-08-21,North_Zone,Monsoon,30.5,0,15652,Delhi NCR,28.61,77.21,30.5,0.92,216,0,1.48,Semi_Arid,69.8,22.2,36.2,16.7,6.1,0,-0.078,0.34,135.0,0.682,77.3,0,97.79,50.5,35.9,0,5.25,0,15254
2022-08-22,North_Zone,Monsoon,28.8,0,15187,Delhi NCR,28.61,77.21,30.5,0.92,216,0,1.48,Semi_Arid,75.1,0.0,33.2,14.3,6.7,0,0.123,0.314,107.0,0.666,75.3,0,98.77,54.0,25.8,0,5.25,0,14777
2022-08-23,North_Zone,Monsoon,26.8,0,15082,Delhi NCR,28.61,77.21,30.5,0.92,216,0,1.48,Semi_Arid,72.7,23.4,28.7,9.1,5.6,0,0.149,0.228,106.0,0.669,81.5,0,99.27,51.2,40.2,0,5.25,0,15004
2022-08-24,North_Zone,Monsoon,26.7,0,15604,Delhi NCR,28.61,77.21,30.5,0.92,216,0,1.48,Semi_Arid,81.0,7.6,29.2,18.1,5.3,0,0.036,0.258,124.0,0.661,75.8,0,98.88,46.5,30.5,0,5.25,0,15000
2022-08-25,North_Zone,Monsoon,29.7,0,15906,Delhi NCR,28.61,77.21,30.5,0.92,216,0,1.48,Semi_Arid,74.9,0.0,35.5,14.9,6.1,0,0.024,0.281,118.0,0.708,80.7,0,100.26,51.6,35.4,0,5.25,0,16318
2022-08-26,North_Zone,Monsoon,26.5,0,14430,Delhi NCR,28.61,77.21,30.5,0.92,216,0,1.48,Semi_Arid,91.0,9.3,26.5,15.2,6.2,0,0.148,0.232,71.0,0.685,81.1,0,98.77,56.6,34.2,0,5.25,0,14407
2022-08-27,North_Zone,Monsoon,24.4,0,13826,Delhi NCR,28.61,77.21,30.5,0.92,216,0,1.48,Semi_Arid,71.7,2.4,24.4,17.0,5.0,0,0.087,0.23,94.0,0.66,75.5,0,100.06,42.7,33.9,0,5.25,0,13736
2022-08-28,North_Zone,Monsoon,24.9,0,15273,Delhi NCR,28.61,77.21,30.5,0.92,216,0,1.48,Semi_Arid,81.1,0.0,24.9,18.5,4.3,0,0.129,0.226,98.0,0.685,80.2,0,99.81,58.5,29.3,0,5.25,0,15258
2022-08-29,North_Zone,Monsoon,28.2,0,15174,Delhi NCR,28.61,77.21,30.5,0.92,216,0,1.48,Semi_Arid,72.4,0.0,31.4,14.6,4.6,0,0.113,0.413,81.0,0.71,76.7,0,99.2,55.0,33.9,0,5.25,0,15157
2022-08-30,North_Zone,Monsoon,27.3,0,14989,Delhi NCR,28.61,77.21,30.5,0.92,216,0,1.48,Semi_Arid,76.2,10.1,30.0,15.9,5.8,0,0.175,0.244,123.0,0.626,79.9,0,100.05,52.1,35.3,0,5.25,0,14847
2022-08-31,North_Zone,Monsoon,35.4,0,16608,Delhi NCR,28.61,77.21,30.5,0.92,216,0,1.48,Semi_Arid,74.5,29.0,54.6,15.1,6.9,0,0.093,0.324,131.0,0.708,75.2,0,97.74,53.2,33.0,0,5.25,0,16290
2022-09-01,North_Zone,Autumn,22.0,0,13935,Delhi NCR,28.61,77.21,30.5,0.92,216,0,1.48,Semi_Arid,46.2,0.0,22.0,5.0,5.6,0,0.101,0.508,165.0,0.67,77.7,0,99.19,56.5,60.5,0,5.25,0,13809
2022-09-02,North_Zone,Autumn,16.4,0,12156,Delhi NCR,28.61,77.21,30.5,0.92,216,0,1.48,Semi_Arid,62.3,0.0,16.4,1.2,5.9,0,-0.038,0.662,170.0,0.66,78.2,0,98.47,52.5,65.5,0,5.25,0,12609
2022-09-03,North_Zone,Autumn,22.9,0,12927,Delhi NCR,28.61,77.21,30.5,0.92,216,0,1.48,Semi_Arid,66.8,0.0,22.9,6.6,6.2,0,0.145,0.537,165.0,0.755,77.9,0,99.12,56.4,57.6,0,5.25,0,13712
2022-09-04,North_Zone,Autumn,25.5,0,14424,Delhi NCR,28.61,77.21,30.5,0.92,216,0,1.48,Semi_Arid,53.4,0.9,25.5,10.1,7.7,0,0.159,0.563,167.0,0.754,79.1,0,98.74,55.9,63.3,0,5.25,0,15404
2022-09-05,North_Zone,Autumn,18.6,0,12130,Delhi NCR,28.61,77.21,30.5,0.92,216,0,1.48,Semi_Arid,61.1,0.0,18.6,7.7,7.5,0,0.132,0.45,185.0,0.724,75.6,0,99.25,53.4,58.9,0,5.25,0,12439
2022-09-06,North_Zone,Autumn,15.3,0,12068,Delhi NCR,28.61,77.21,30.5,0.92,216,0,1.48,Semi_Arid,66.9,0.0,15.3,2.8,6.3,0,0.341,0.627,133.0,0.798,76.3,0,99.19,48.2,67.1,0,5.25,0,12678
2022-09-07,North_Zone,Autumn,24.8,0,13577,Delhi NCR,28.61,77.21,30.5,0.92,216,0,1.48,Semi_Arid,55.3,0.0,24.8,9.3,7.0,0,0.166,0.64,174.0,0.759,80.1,0,99.3,52.3,53.0,0,5.25,0,13784
2022-09-08,North_Zone,Autumn,25.6,0,13379,Delhi NCR,28.61,77.21,30.5,0.92,216,0,1.48,Semi_Arid,52.7,0.0,25.6,5.1,7.1,0,0.134,0.489,165.0,0.711,76.8,0,99.33,44.6,66.5,0,5.25,0,14075
2022-09-09,North_Zone,Autumn,21.1,0,13608,Delhi NCR,28.61,77.21,30.5,0.92,216,0,1.48,Semi_Arid,47.0,0.0,21.1,1.0,5.5,0,0.2,0.63,152.0,0.781,76.5,0,99.71,54.7,57.3,0,5.25,0,14321
2022-09-10,North_Zone,Autumn,21.9,0,13433,Delhi NCR,28.61,77.21,30.5,0.92,216,0,1.48,Semi_Arid,61.1,0.0,21.9,9.1,6.8,0,0.361,0.48,156.0,0.699,75.5,0,97.87,50.5,70.6,0,5.25,0,13858
2022-09-11,North_Zone,Autumn,22.3,0,13248,Delhi NCR,28.61,77.21,30.5,0.92,216,0,1.48,Semi_Arid,57.1,0.0,22.3,3.2,5.8,0,0.175,0.598,198.0,0.742,76.6,0,99.62,50.4,62.2,0,5.25,0,13408
2022-09-12,North_Zone,Autumn,22.9,0,13159,Delhi NCR,28.61,77.21,30.5,0.92,216,0,1.48,Semi_Arid,52.2,0.0,22.9,11.3,6.3,0,-0.072,0.543,141.0,0.743,74.9,0,97.59,54.7,64.3,0,5.25,0,13292
2022-09-13,North_Zone,Autumn,24.9,0,13724,Delhi NCR,28.61,77.21,30.5,0.92,216,0,1.48,Semi_Arid,56.7,0.0,24.9,9.4,7.2,0,0.193,0.64,162.0,0.77,80.2,0,96.3,46.4,59.2,0,5.25,0,14317
2022-09-14,North_Zone,Autumn,24.0,0,13428,Delhi NCR,28.61,77.21,30.5,0.92,216,0,1.48,Semi_Arid,53.7,0.0,24.0,5.3,6.5,0,0.062,0.575,194.0,0.734,76.7,0,101.06,53.9,63.4,0,5.25,0,13692
2022-09-15,North_Zone,Autumn,19.4,0,13579,Delhi NCR,28.61,77.21,30.5,0.92,216,0,1.48,Semi_Arid,56.7,0.0,19.4,7.4,6.9,0,-0.042,0.616,142.0,0.739,74.7,0,98.13,50.9,63.4,0,5.25,0,14268
2022-09-16,North_Zone,Autumn,25.5,0,16205,Delhi NCR,28.61,77.21,30.5,0.92,216,0,1.48,Semi_Arid,58.7,0.0,25.5,13.3,7.3,0,0.32,0.634,157.0,0.725,77.4,0,98.62,51.7,59.3,0,5.25,0,16987
2022-09-17,North_Zone,Autumn,20.9,0,13049,Delhi NCR,28.61,77.21,30.5,0.92,216,0,1.48,Semi_Arid,51.8,0.0,20.9,9.0,5.2,0,0.298,0.543,166.0,0.712,73.8,0,97.19,53.0,63.8,0,5.25,0,13219
2022-09-18,North_Zone,Autumn,23.6,0,14695,Delhi NCR,28.61,77.21,30.5,0.92,216,0,1.48,Semi_Arid,62.1,0.0,23.6,6.7,5.1,0,0.059,0.558,172.0,0.794,75.4,0,98.59,59.7,43.2,0,5.25,0,15138
2022-09-19,North_Zone,Autumn,22.5,0,12682,Delhi NCR,28.61,77.21,30.5,0.92,216,0,1.48,Semi_Arid,50.5,0.0,22.5,14.7,7.1,0,0.06,0.493,164.0,0.715,82.1,0,99.25,54.3,56.8,0,5.25,0,12856
2022-09-20,North_Zone,Autumn,27.6,0,14652,Delhi NCR,28.61,77.21,30.5,0.92,216,0,1.48,Semi_Arid,51.1,0.0,28.1,6.4,7.4,0,0.166,0.542,149.0,0.741,74.7,0,99.28,58.1,60.1,0,5.25,0,15410
2022-09-21,North_Zone,Autumn,26.6,0,15268,Delhi NCR,28.61,77.21,30.5,0.92,216,0,1.48,Semi_Arid,64.7,0.0,26.6,7.7,6.7,0,0.061,0.676,173.0,0.724,77.6,0,97.82,57.7,62.5,0,5.25,0,16710
2022-09-22,North_Zone,Autumn,23.9,0,13838,Delhi NCR,28.61,77.21,30.5,0.92,216,0,1.48,Semi_Arid,62.3,0.0,23.9,3.2,6.7,0,0.136,0.605,163.0,0.828,84.6,0,98.58,55.5,64.9,0,5.25,0,14565
2022-09-23,North_Zone,Autumn,22.8,0,13694,Delhi NCR,28.61,77.21,30.5,0.92,216,0,1.48,Semi_Arid,57.8,0.0,22.8,1.0,6.9,0,0.079,0.497,176.0,0.698,78.7,0,99.39,45.4,58.7,0,5.25,0,14392
2022-09-24,North_Zone,Autumn,26.6,0,14010,Delhi NCR,28.61,77.21,30.5,0.92,216,0,1.48,Semi_Arid,50.3,2.8,26.6,5.1,7.1,0,0.11,0.658,182.0,0.729,76.5,0,99.25,51.7,58.0,0,5.25,0,14809
2022-09-25,North_Zone,Autumn,24.3,0,13186,Delhi NCR,28.61,77.21,30.5,0.92,216,0,1.48,Semi_Arid,53.8,0.0,24.3,6.1,6.3,0,0.01,0.583,138.0,0.744,72.0,0,99.14,48.3,64.4,0,5.25,0,13741
2022-09-26,North_Zone,Autumn,21.0,0,13229,Delhi NCR,28.61,77.21,30.5,0.92,216,0,1.48,Semi_Arid,58.8,0.0,21.0,7.0,6.9,0,0.233,0.61,184.0,0.726,78.5,0,99.77,64.4,65.8,0,5.25,0,13934
2022-09-27,North_Zone,Autumn,18.1,0,14178,Delhi NCR,28.61,77.21,30.5,0.92,216,0,1.48,Semi_Arid,60.3,0.0,18.1,1.7,5.9,0,0.27,0.589,160.0,0.758,75.7,0,98.9,48.5,63.7,0,5.25,0,14527
2022-09-28,North_Zone,Autumn,20.4,0,13073,Delhi NCR,28.61,77.21,30.5,0.92,216,0,1.48,Semi_Arid,58.3,0.0,20.4,8.0,6.4,0,0.14,0.585,180.0,0.701,79.7,0,100.39,47.2,59.2,0,5.25,0,13570
2022-09-29,North_Zone,Autumn,27.5,0,14185,Delhi NCR,28.61,77.21,30.5,0.92,216,0,1.48,Semi_Arid,54.3,0.0,28.3,3.5,6.7,0,0.146,0.44,174.0,0.744,76.0,0,98.71,41.4,72.7,0,5.25,0,14694
2022-09-30,North_Zone,Autumn,17.1,0,11917,Delhi NCR,28.61,77.21,30.5,0.92,216,0,1.48,Semi_Arid,59.7,0.8,17.1,7.8,5.6,0,0.213,0.626,198.0,0.785,78.8,0,99.69,48.7,60.4,0,5.25,0,12750
2022-10-01,North_Zone,Autumn,21.4,0,11522,Delhi NCR,28.61,77.21,30.5,0.92,216,0,1.48,Semi_Arid,51.0,0.0,21.4,8.8,5.9,0,0.15,0.425,165.0,0.703,82.3,1,99.73,53.4,61.1,0,5.25,0,10548
2022-10-02,North_Zone,Autumn,22.0,0,14330,Delhi NCR,28.61,77.21,30.5,0.92,216,0,1.48,Semi_Arid,55.2,0.0,22.0,4.8,7.7,0,0.323,0.621,158.0,0.706,80.0,1,100.36,57.5,68.2,0,5.25,0,13278
2022-10-03,North_Zone,Autumn,19.2,0,12475,Delhi NCR,28.61,77.21,30.5,0.92,216,0,1.48,Semi_Arid,64.1,0.0,19.2,3.1,5.7,0,0.018,0.566,156.0,0.717,74.0,1,102.44,49.7,67.6,0,5.25,0,11574
2022-10-04,North_Zone,Autumn,30.5,0,15133,Delhi NCR,28.61,77.21,30.5,0.92,216,0,1.48,Semi_Arid,45.9,2.8,31.1,10.6,7.0,0,0.236,0.61,146.0,0.754,78.3,1,101.36,58.2,63.5,0,5.25,0,14470
2022-10-05,North_Zone,Autumn,24.8,0,14847,Delhi NCR,28.61,77.21,30.5,0.92,216,0,1.48,Semi_Arid,55.2,0.0,24.8,8.6,6.8,0,0.139,0.57,180.0,0.706,80.9,1,101.0,53.1,55.5,0,5.25,0,13772
2022-10-06,North_Zone,Autumn,24.1,0,13421,Delhi NCR,28.61,77.21,30.5,0.92,216,0,1.48,Semi_Arid,52.4,0.0,24.1,6.5,6.4,0,0.038,0.623,145.0,0.724,73.4,1,101.58,51.7,60.6,0,5.25,0,12293
2022-10-07,North_Zone,Autumn,24.3,0,15444,Delhi NCR,28.61,77.21,30.5,0.92,216,0,1.48,Semi_Arid,57.0,0.0,24.3,10.4,6.9,0,0.375,0.561,179.0,0.772,83.1,1,102.17,54.6,62.6,0,5.25,0,14798
2022-10-08,North_Zone,Autumn,22.9,0,13873,Delhi NCR,28.61,77.21,30.5,0.92,216,0,1.48,Semi_Arid,55.3,2.8,22.9,6.2,6.6,0,0.389,0.577,161.0,0.749,78.4,1,100.45,58.9,69.8,0,5.25,0,12814
2022-10-09,North_Zone,Autumn,21.6,0,14437,Delhi NCR,28.61,77.21,30.5,0.92,216,0,1.48,Semi_Arid,65.4,0.0,21.6,4.1,5.8,0,0.129,0.584,133.0,0.75,79.7,1,102.05,54.0,74.7,0,5.25,0,13624
2022-10-10,North_Zone,Autumn,27.6,0,14374,Delhi NCR,28.61,77.21,30.5,0.92,216,0,1.48,Semi_Arid,57.0,0.0,28.6,3.0,7.0,0,0.194,0.673,192.0,0.784,77.0,1,101.81,49.3,57.0,0,5.25,0,13564
2022-10-11,North_Zone,Autumn,22.6,0,13312,Delhi NCR,28.61,77.21,30.5,0.92,216,0,1.48,Semi_Arid,50.9,0.0,22.6,5.7,6.1,0,0.103,0.596,104.0,0.744,78.1,1,103.07,55.9,64.3,0,5.25,0,12376
2022-10-12,North_Zone,Autumn,27.6,0,15464,Delhi NCR,28.61,77.21,30.5,0.92,216,0,1.48,Semi_Arid,57.8,0.0,28.7,8.3,7.7,0,0.119,0.481,164.0,0.718,75.3,1,101.4,55.2,55.9,0,5.25,0,13976
2022-10-13,North_Zone,Autumn,25.8,0,15504,Delhi NCR,28.61,77.21,30.5,0.92,216,0,1.48,Semi_Arid,51.6,1.3,25.8,10.2,6.8,0,0.037,0.526,169.0,0.745,82.6,1,103.23,53.5,59.4,0,5.25,0,14720
2022-10-14,North_Zone,Autumn,23.0,0,13557,Delhi NCR,28.61,77.21,30.5,0.92,216,0,1.48,Semi_Arid,54.3,0.0,23.0,6.1,6.0,0,0.022,0.596,123.0,0.773,83.4,1,102.44,58.1,55.7,0,5.25,0,12883
2022-10-15,North_Zone,Autumn,25.9,0,15460,Delhi NCR,28.61,77.21,30.5,0.92,216,0,1.48,Semi_Arid,57.0,0.0,25.9,9.6,6.8,0,0.334,0.636,173.0,0.774,84.4,1,102.03,44.7,68.3,0,5.25,0,14734
2022-10-16,North_Zone,Autumn,22.1,1,17759,Delhi NCR,28.61,77.21,30.5,0.92,216,0,1.48,Semi_Arid,55.3,0.0,22.1,5.4,5.8,0,0.146,0.517,153.0,0.773,72.7,1,103.34,55.8,73.2,0,5.25,0,16981
2022-10-17,North_Zone,Autumn,28.4,0,16531,Delhi NCR,28.61,77.21,30.5,0.92,216,0,1.48,Semi_Arid,58.4,0.0,29.9,3.7,6.8,0,0.155,0.694,161.0,0.774,79.0,1,104.0,57.7,61.5,0,5.25,0,15356
2022-10-18,North_Zone,Autumn,25.6,0,15261,Delhi NCR,28.61,77.21,30.5,0.92,216,0,1.48,Semi_Arid,51.8,0.0,25.6,2.1,6.4,0,0.069,0.571,189.0,0.702,79.3,1,101.88,48.0,60.2,0,5.25,0,14373
2022-10-19,North_Zone,Autumn,25.7,0,14249,Delhi NCR,28.61,77.21,30.5,0.92,216,0,1.48,Semi_Arid,52.5,0.0,25.7,4.5,6.0,0,0.169,0.585,168.0,0.779,75.9,1,101.36,47.6,61.9,0,5.25,0,13538
2022-10-20,North_Zone,Autumn,20.9,0,11643,Delhi NCR,28.61,77.21,30.5,0.92,216,0,1.48,Semi_Arid,55.2,0.0,20.9,2.2,5.8,0,-0.0,0.485,159.0,0.714,79.1,1,102.54,58.0,62.1,0,5.25,0,10939
2022-10-21,North_Zone,Autumn,25.7,0,14552,Delhi NCR,28.61,77.21,30.5,0.92,216,0,1.48,Semi_Arid,52.8,0.0,25.7,12.0,8.0,0,0.073,0.627,162.0,0.734,73.7,1,100.7,58.0,56.6,0,5.25,0,13721
2022-10-22,North_Zone,Autumn,23.3,1,17112,Delhi NCR,28.61,77.21,30.5,0.92,216,0,1.48,Semi_Arid,62.5,0.0,23.3,7.3,6.5,0,0.03,0.533,197.0,0.755,82.4,1,100.83,58.8,63.6,0,5.25,0,16311
2022-10-23,North_Zone,Autumn,20.0,0,13724,Delhi NCR,28.61,77.21,30.5,0.92,216,0,1.48,Semi_Arid,62.1,0.0,20.0,5.7,6.0,0,0.279,0.515,172.0,0.74,73.4,1,103.45,51.6,53.4,0,5.25,0,12778
2022-10-24,North_Zone,Autumn,23.5,0,14100,Delhi NCR,28.61,77.21,30.5,0.92,216,0,1.48,Semi_Arid,65.4,0.0,23.5,11.2,6.1,0,-0.015,0.541,149.0,0.697,78.8,1,102.73,54.9,51.9,0,5.25,0,13087
2022-10-25,North_Zone,Autumn,27.6,0,14798,Delhi NCR,28.61,77.21,30.5,0.92,216,0,1.48,Semi_Arid,65.8,0.0,29.5,2.1,6.9,0,0.032,0.643,156.0,0.781,80.4,1,101.31,54.9,61.0,0,5.25,0,13732
2022-10-26,North_Zone,Autumn,26.0,0,15435,Delhi NCR,28.61,77.21,30.5,0.92,216,0,1.48,Semi_Arid,50.2,0.0,26.0,5.6,6.2,0,-0.055,0.588,144.0,0.803,76.2,1,105.32,48.3,55.9,0,5.25,0,14785
2022-10-27,North_Zone,Autumn,25.0,1,17768,Delhi NCR,28.61,77.21,30.5,0.92,216,0,1.48,Semi_Arid,56.4,0.0,25.0,12.0,5.8,0,0.061,0.507,157.0,0.736,82.1,1,100.82,54.0,76.9,0,5.25,0,16631
2022-10-28,North_Zone,Autumn,25.2,0,13778,Delhi NCR,28.61,77.21,30.5,0.92,216,0,1.48,Semi_Arid,50.0,0.0,25.2,5.6,6.5,0,0.104,0.528,194.0,0.724,72.5,1,102.84,54.7,61.2,0,5.25,0,12789
2022-10-29,North_Zone,Autumn,24.1,0,12829,Delhi NCR,28.61,77.21,30.5,0.92,216,0,1.48,Semi_Arid,52.7,0.0,24.1,13.3,6.4,0,0.248,0.645,162.0,0.711,77.9,1,101.44,56.6,50.8,0,5.25,0,11883
2022-10-30,North_Zone,Autumn,24.9,0,15593,Delhi NCR,28.61,77.21,30.5,0.92,216,0,1.48,Semi_Arid,52.9,0.0,24.9,8.4,6.2,0,0.128,0.546,141.0,0.798,72.9,1,104.03,52.3,57.9,0,5.25,0,14497
2022-10-31,North_Zone,Autumn,18.3,0,12638,Delhi NCR,28.61,77.21,30.5,0.92,216,0,1.48,Semi_Arid,54.7,0.0,18.3,9.9,5.6,0,0.109,0.594,173.0,0.733,75.7,1,101.73,58.7,49.4,0,5.25,0,11746
2022-11-01,North_Zone,Autumn,26.3,0,14869,Delhi NCR,28.61,77.21,30.5,0.92,216,0,1.48,Semi_Arid,50.0,0.0,26.3,10.0,6.3,0,0.18,0.608,158.0,0.71,76.5,1,102.0,54.1,54.3,0,5.25,0,14047
2022-11-02,North_Zone,Autumn,22.1,0,13915,Delhi NCR,28.61,77.21,30.5,0.92,216,0,1.48,Semi_Arid,57.0,0.0,22.1,6.0,6.1,0,0.106,0.355,175.0,0.692,76.3,1,100.49,60.0,57.5,0,5.25,0,12554
2022-11-03,North_Zone,Autumn,23.4,0,13162,Delhi NCR,28.61,77.21,30.5,0.92,216,0,1.48,Semi_Arid,50.9,0.0,23.4,4.5,6.1,0,0.391,0.636,161.0,0.789,81.8,1,104.4,57.7,55.3,0,5.25,0,12469
2022-11-04,North_Zone,Autumn,24.8,0,13075,Delhi NCR,28.61,77.21,30.5,0.92,216,0,1.48,Semi_Arid,60.3,0.0,24.8,5.7,6.7,0,0.091,0.509,191.0,0.764,74.5,1,101.72,54.8,69.4,0,5.25,0,12472
2022-11-05,North_Zone,Autumn,20.4,0,13458,Delhi NCR,28.61,77.21,30.5,0.92,216,0,1.48,Semi_Arid,54.2,0.0,20.4,3.0,7.6,0,0.191,0.538,149.0,0.714,73.3,1,102.84,49.4,63.7,0,5.25,0,12153
2022-11-06,North_Zone,Autumn,24.8,0,15372,Delhi NCR,28.61,77.21,30.5,0.92,216,0,1.48,Semi_Arid,70.2,0.0,24.8,5.8,7.3,0,0.233,0.652,144.0,0.76,76.7,1,102.38,48.7,58.4,0,5.25,0,14926
2022-11-07,North_Zone,Autumn,21.6,1,17429,Delhi NCR,28.61,77.21,30.5,0.92,216,0,1.48,Semi_Arid,55.8,0.5,21.6,6.0,7.5,0,0.088,0.647,182.0,0.762,78.3,1,101.85,60.1,79.1,0,5.25,0,16606
2022-11-08,North_Zone,Autumn,19.7,0,12027,Delhi NCR,28.61,77.21,30.5,0.92,216,0,1.48,Semi_Arid,59.5,0.0,19.7,11.1,5.9,0,0.167,0.59,129.0,0.777,79.5,1,100.19,56.6,55.1,0,5.25,0,11118
2022-11-09,North_Zone,Autumn,26.2,1,17743,Delhi NCR,28.61,77.21,30.5,0.92,216,0,1.48,Semi_Arid,48.8,0.0,26.2,7.8,7.6,0,0.1,0.604,162.0,0.769,81.5,1,102.21,52.7,70.3,0,5.25,0,16907
2022-11-10,North_Zone,Autumn,21.5,0,11711,Delhi NCR,28.61,77.21,30.5,0.92,216,0,1.48,Semi_Arid,66.6,0.0,21.5,13.1,6.5,0,0.177,0.619,179.0,0.763,71.5,1,102.19,52.2,64.3,0,5.25,0,10982
2022-11-11,North_Zone,Autumn,24.7,0,14914,Delhi NCR,28.61,77.21,30.5,0.92,216,0,1.48,Semi_Arid,61.8,0.0,24.7,1.0,7.1,0,0.16,0.646,126.0,0.789,83.1,1,102.8,55.0,54.4,0,5.25,0,14081
2022-11-12,North_Zone,Autumn,29.0,0,14660,Delhi NCR,28.61,77.21,30.5,0.92,216,0,1.48,Semi_Arid,55.1,0.0,30.3,2.3,7.0,0,0.136,0.653,166.0,0.722,75.5,1,104.65,49.5,63.4,0,5.25,0,13735
2022-11-13,North_Zone,Autumn,19.4,0,13865,Delhi NCR,28.61,77.21,30.5,0.92,216,0,1.48,Semi_Arid,52.6,0.0,19.4,4.9,6.0,0,0.034,0.566,138.0,0.754,77.2,1,103.17,52.4,61.5,0,5.25,0,13291
2022-11-14,North_Zone,Autumn,24.5,0,13467,Delhi NCR,28.61,77.21,30.5,0.92,216,0,1.48,Semi_Arid,57.4,0.0,24.5,10.5,6.9,0,0.336,0.516,132.0,0.736,78.1,1,103.41,56.8,62.9,0,5.25,0,13159
2022-11-15,North_Zone,Autumn,22.3,0,13724,Delhi NCR,28.61,77.21,30.5,0.92,216,0,1.48,Semi_Arid,52.0,0.0,22.3,5.7,6.7,0,0.209,0.545,146.0,0.735,71.5,1,102.27,56.9,69.0,0,5.25,0,13092
2022-11-16,North_Zone,Autumn,29.6,0,16905,Delhi NCR,28.61,77.21,30.5,0.92,216,0,1.48,Semi_Arid,60.6,0.0,32.2,1.6,5.7,0,-0.009,0.568,162.0,0.735,76.7,1,101.29,52.0,62.3,0,5.25,0,15915
2022-11-17,North_Zone,Autumn,27.1,0,15242,Delhi NCR,28.61,77.21,30.5,0.92,216,0,1.48,Semi_Arid,58.8,3.8,28.1,5.3,6.5,0,0.108,0.557,152.0,0.743,81.0,1,102.35,60.3,60.6,0,5.25,0,14196
2022-11-18,North_Zone,Autumn,24.0,0,15044,Delhi NCR,28.61,77.21,30.5,0.92,216,0,1.48,Semi_Arid,57.1,0.0,24.0,2.4,7.0,0,-0.007,0.499,185.0,0.708,79.9,1,101.92,57.9,52.5,0,5.25,0,14145
2022-11-19,North_Zone,Autumn,23.5,0,13509,Delhi NCR,28.61,77.21,30.5,0.92,216,0,1.48,Semi_Arid,44.7,2.1,23.5,1.8,6.6,0,0.226,0.586,166.0,0.828,76.5,1,102.63,51.0,61.1,0,5.25,0,12697
2022-11-20,North_Zone,Autumn,26.8,0,15256,Delhi NCR,28.61,77.21,30.5,0.92,216,0,1.48,Semi_Arid,50.0,0.0,27.2,12.0,6.9,0,0.148,0.466,156.0,0.757,78.6,1,102.21,48.8,57.6,0,5.25,0,14304
2022-11-21,North_Zone,Autumn,20.6,0,12988,Delhi NCR,28.61,77.21,30.5,0.92,216,0,1.48,Semi_Arid,62.1,0.2,20.6,4.9,5.8,0,0.15,0.565,141.0,0.774,79.4,1,101.05,55.8,59.4,0,5.25,0,12117
2022-11-22,North_Zone,Autumn,21.5,0,13259,Delhi NCR,28.61,77.21,30.5,0.92,216,0,1.48,Semi_Arid,64.2,6.6,21.5,6.5,6.5,0,0.066,0.569,169.0,0.726,77.2,1,104.02,52.8,57.6,0,5.25,0,12204
2022-11-23,North_Zone,Autumn,28.5,1,19139,Delhi NCR,28.61,77.21,30.5,0.92,216,0,1.48,Semi_Arid,59.4,0.0,30.1,5.7,6.6,0,0.118,0.567,202.0,0.713,79.5,1,102.64,51.5,74.5,0,5.25,0,18070
2022-11-24,North_Zone,Autumn,24.6,0,14603,Delhi NCR,28.61,77.21,30.5,0.92,216,0,1.48,Semi_Arid,48.3,0.0,24.6,5.2,6.4,0,0.229,0.611,152.0,0.746,75.6,1,102.48,54.9,55.0,0,5.25,0,13502
2022-11-25,North_Zone,Autumn,27.7,0,15381,Delhi NCR,28.61,77.21,30.5,0.92,216,0,1.48,Semi_Arid,55.9,0.0,28.6,3.5,6.2,0,0.256,0.603,154.0,0.754,75.2,1,101.73,56.6,61.1,0,5.25,0,14816
2022-11-26,North_Zone,Autumn,27.4,0,14617,Delhi NCR,28.61,77.21,30.5,0.92,216,0,1.48,Semi_Arid,59.6,0.0,28.6,5.1,7.2,0,0.235,0.693,146.0,0.73,77.1,1,102.39,57.1,54.8,0,5.25,0,13599
2022-11-27,North_Zone,Autumn,29.7,0,16648,Delhi NCR,28.61,77.21,30.5,0.92,216,0,1.48,Semi_Arid,44.9,0.0,29.9,7.0,6.9,0,-0.005,0.529,186.0,0.747,70.8,1,102.03,54.0,51.0,0,5.25,0,15460
2022-11-28,North_Zone,Autumn,19.8,0,12002,Delhi NCR,28.61,77.21,30.5,0.92,216,0,1.48,Semi_Arid,59.1,0.0,19.8,10.3,6.4,0,0.131,0.577,182.0,0.777,80.1,1,101.73,44.5,58.3,0,5.25,0,11189
2022-11-29,North_Zone,Autumn,24.4,0,12690,Delhi NCR,28.61,77.21,30.5,0.92,216,0,1.48,Semi_Arid,57.7,0.0,24.4,8.8,7.7,0,0.175,0.573,157.0,0.676,78.2,1,103.12,58.1,62.3,0,5.25,0,11646
2022-11-30,North_Zone,Autumn,27.1,0,14618,Delhi NCR,28.61,77.21,30.5,0.92,216,0,1.48,Semi_Arid,53.2,0.0,27.7,2.3,6.9,0,0.077,0.57,154.0,0.715,77.3,1,102.51,50.8,56.1,0,5.25,0,13789
2022-12-01,North_Zone,Winter,16.5,0,11709,Delhi NCR,28.61,77.21,30.5,0.92,216,0,1.48,Semi_Arid,53.8,0.0,16.5,9.0,4.3,0,-0.016,0.524,178.0,0.768,80.4,1,103.76,55.7,72.7,0,5.25,0,11120
2022-12-02,North_Zone,Winter,11.5,0,8574,Delhi NCR,28.61,77.21,30.5,0.92,216,0,1.48,Semi_Arid,64.5,5.4,11.5,7.4,3.5,0,0.021,0.529,190.0,0.743,79.2,1,102.68,53.6,70.2,0,5.25,0,8389
2022-12-03,North_Zone,Winter,14.9,0,13147,Delhi NCR,28.61,77.21,30.5,0.92,216,0,1.48,Semi_Arid,62.4,0.0,14.9,4.1,3.3,0,0.3,0.6,213.0,0.724,81.2,1,103.19,63.3,66.8,0,5.25,0,12623
2022-12-04,North_Zone,Winter,20.0,0,12630,Delhi NCR,28.61,77.21,30.5,0.92,216,0,1.48,Semi_Arid,60.3,2.7,20.0,6.5,3.1,0,0.031,0.505,196.0,0.748,82.7,1,103.19,62.5,74.8,0,5.25,0,11993
2022-12-05,North_Zone,Winter,13.2,0,11673,Delhi NCR,28.61,77.21,30.5,0.92,216,0,1.48,Semi_Arid,62.3,0.0,13.2,7.7,3.6,0,0.155,0.58,218.0,0.727,79.0,1,103.52,52.6,68.7,0,5.25,0,11108
2022-12-06,North_Zone,Winter,12.0,0,11242,Delhi NCR,28.61,77.21,30.5,0.92,216,0,1.48,Semi_Arid,63.6,0.0,12.0,6.1,1.8,0,0.134,0.561,182.0,0.733,75.8,1,102.32,48.5,73.9,0,5.25,0,10645
2022-12-07,North_Zone,Winter,17.3,0,13306,Delhi NCR,28.61,77.21,30.5,0.92,216,0,1.48,Semi_Arid,62.4,5.4,17.3,7.4,3.8,0,0.135,0.582,153.0,0.711,80.2,1,104.1,49.6,64.7,0,5.25,0,12348
2022-12-08,North_Zone,Winter,14.7,0,11511,Delhi NCR,28.61,77.21,30.5,0.92,216,0,1.48,Semi_Arid,66.4,3.1,14.7,3.4,3.7,0,0.118,0.668,242.0,0.768,75.9,1,102.05,54.9,72.7,0,5.25,0,10776
2022-12-09,North_Zone,Winter,12.4,0,10430,Delhi NCR,28.61,77.21,30.5,0.92,216,0,1.48,Semi_Arid,64.0,0.0,12.4,12.0,3.2,0,0.229,0.535,199.0,0.764,75.7,1,103.3,52.2,75.1,0,5.25,0,9776
2022-12-10,North_Zone,Winter,14.3,0,11874,Delhi NCR,28.61,77.21,30.5,0.92,216,0,1.48,Semi_Arid,62.4,0.5,14.3,1.0,3.4,0,0.154,0.652,209.0,0.749,77.1,1,102.09,49.4,73.8,0,5.25,0,11563
2022-12-11,North_Zone,Winter,17.7,0,11792,Delhi NCR,28.61,77.21,30.5,0.92,216,0,1.48,Semi_Arid,62.8,0.0,17.7,7.7,2.9,0,0.087,0.566,181.0,0.761,81.5,1,103.2,52.2,76.5,0,5.25,0,11301
2022-12-12,North_Zone,Winter,19.5,0,12652,Delhi NCR,28.61,77.21,30.5,0.92,216,0,1.48,Semi_Arid,51.7,0.0,19.5,7.1,4.6,0,0.155,0.573,170.0,0.742,80.3,1,104.25,56.5,75.2,0,5.25,0,12161
2022-12-13,North_Zone,Winter,14.9,0,11136,Delhi NCR,28.61,77.21,30.5,0.92,216,0,1.48,Semi_Arid,66.4,0.0,14.9,7.9,3.3,0,0.022,0.628,198.0,0.789,80.7,1,103.95,54.3,73.5,0,5.25,0,10819
2022-12-14,North_Zone,Winter,7.7,0,10639,Delhi NCR,28.61,77.21,30.5,0.92,216,0,1.48,Semi_Arid,68.4,0.0,7.7,3.9,2.6,0,0.198,0.584,159.0,0.732,78.4,1,104.48,52.9,76.2,0,5.25,0,10120
2022-12-15,North_Zone,Winter,17.2,0,12077,Delhi NCR,28.61,77.21,30.5,0.92,216,0,1.48,Semi_Arid,62.9,2.9,17.2,9.5,3.9,0,0.082,0.546,190.0,0.783,79.7,1,103.15,52.8,70.1,0,5.25,0,11383
2022-12-16,North_Zone,Winter,15.2,0,12212,Delhi NCR,28.61,77.21,30.5,0.92,216,0,1.48,Semi_Arid,68.7,0.0,15.2,5.7,3.6,0,0.088,0.578,213.0,0.765,79.8,1,104.4,54.1,74.6,0,5.25,0,12030
2022-12-17,North_Zone,Winter,10.3,0,10154,Delhi NCR,28.61,77.21,30.5,0.92,216,0,1.48,Semi_Arid,57.1,0.0,10.3,2.4,3.0,0,0.201,0.493,203.0,0.731,75.9,1,102.83,55.0,72.1,0,5.25,0,9656
2022-12-18,North_Zone,Winter,17.4,0,11342,Delhi NCR,28.61,77.21,30.5,0.92,216,0,1.48,Semi_Arid,52.7,0.0,17.4,2.7,3.3,0,0.109,0.623,200.0,0.764,79.8,1,103.1,55.4,81.3,0,5.25,0,10636
2022-12-19,North_Zone,Winter,15.9,0,10884,Delhi NCR,28.61,77.21,30.5,0.92,216,0,1.48,Semi_Arid,64.8,0.0,15.9,6.4,3.5,0,0.115,0.414,226.0,0.69,78.0,1,103.72,47.9,73.4,0,5.25,0,9927
2022-12-20,North_Zone,Winter,16.4,0,12071,Delhi NCR,28.61,77.21,30.5,0.92,216,0,1.48,Semi_Arid,63.1,0.0,16.4,1.2,4.4,0,0.267,0.653,202.0,0.747,76.8,1,104.47,55.5,65.6,0,5.25,0,11618
2022-12-21,North_Zone,Winter,10.2,0,11470,Delhi NCR,28.61,77.21,30.5,0.92,216,0,1.48,Semi_Arid,67.7,0.0,10.2,11.4,3.5,0,0.053,0.637,161.0,0.767,76.9,1,103.11,52.8,73.3,0,5.25,0,10830
2022-12-22,North_Zone,Winter,12.8,0,10550,Delhi NCR,28.61,77.21,30.5,0.92,216,0,1.48,Semi_Arid,63.0,0.0,12.8,9.1,3.4,0,0.2,0.696,192.0,0.738,76.3,1,104.39,50.7,67.2,0,5.25,0,10048
2022-12-23,North_Zone,Winter,15.6,0,12819,Delhi NCR,28.61,77.21,30.5,0.92,216,0,1.48,Semi_Arid,67.0,0.0,15.6,11.5,4.0,0,0.245,0.731,230.0,0.765,77.2,1,103.96,53.1,75.6,0,5.25,0,11964
2022-12-24,North_Zone,Winter,12.0,0,11037,Delhi NCR,28.61,77.21,30.5,0.92,216,0,1.48,Semi_Arid,70.5,0.0,12.0,11.2,3.4,0,0.267,0.656,189.0,0.736,78.0,1,104.1,59.3,75.7,0,5.25,0,10497
2022-12-25,North_Zone,Winter,16.3,0,12626,Delhi NCR,28.61,77.21,30.5,0.92,216,0,1.48,Semi_Arid,65.6,0.0,16.3,4.9,3.8,0,0.368,0.562,229.0,0.758,80.0,1,102.94,57.4,69.0,0,5.25,0,12136
2022-12-26,North_Zone,Winter,15.5,0,11588,Delhi NCR,28.61,77.21,30.5,0.92,216,0,1.48,Semi_Arid,62.4,0.0,15.5,3.4,3.6,0,0.086,0.73,213.0,0.8,82.5,1,103.44,54.8,66.8,0,5.25,0,11051
2022-12-27,North_Zone,Winter,12.5,0,11198,Delhi NCR,28.61,77.21,30.5,0.92,216,0,1.48,Semi_Arid,55.0,0.0,12.5,1.0,3.7,0,0.063,0.528,188.0,0.77,79.7,1,103.77,50.9,72.7,0,5.25,0,10468
2022-12-28,North_Zone,Winter,11.8,0,8608,Delhi NCR,28.61,77.21,30.5,0.92,216,0,1.48,Semi_Arid,69.8,0.0,11.8,4.8,3.1,0,0.232,0.486,176.0,0.711,78.4,1,104.23,49.3,67.5,0,5.25,0,8057
2022-12-29,North_Zone,Winter,16.3,0,12800,Delhi NCR,28.61,77.21,30.5,0.92,216,0,1.48,Semi_Arid,69.3,0.0,16.3,11.3,2.9,0,0.244,0.711,201.0,0.754,72.0,1,103.12,50.5,67.8,0,5.25,0,12237
2022-12-30,North_Zone,Winter,7.9,0,9170,Delhi NCR,28.61,77.21,30.5,0.92,216,0,1.48,Semi_Arid,71.5,0.0,7.9,3.5,3.7,0,0.071,0.636,218.0,0.715,85.3,1,102.67,54.1,69.5,0,5.25,0,8643
2022-12-31,North_Zone,Winter,16.9,0,13860,Delhi NCR,28.61,77.21,30.5,0.92,216,0,1.48,Semi_Arid,58.5,0.0,16.9,5.4,4.5,0,0.198,0.487,167.0,0.73,75.9,1,101.87,53.9,75.1,0,5.25,0,12772
2023-01-01,North_Zone,Winter,15.1,0,11183,Delhi NCR,28.61,77.21,30.5,0.92,216,0,1.48,Semi_Arid,67.3,0.5,15.1,4.3,2.8,0,0.572,0.519,197.0,0.772,76.0,1,108.78,53.9,64.6,0,5.5,0,10713
2023-01-02,North_Zone,Winter,14.5,0,12712,Delhi NCR,28.61,77.21,30.5,0.92,216,0,1.48,Semi_Arid,68.6,0.0,14.5,7.1,3.6,0,0.31,0.633,158.0,0.756,81.8,1,109.01,60.1,68.2,0,5.5,0,12099
2023-01-03,North_Zone,Winter,13.1,0,10626,Delhi NCR,28.61,77.21,30.5,0.92,216,0,1.48,Semi_Arid,72.9,5.2,13.1,9.9,3.1,0,0.392,0.548,189.0,0.738,74.7,1,106.09,57.0,84.0,0,5.5,0,10237
2023-01-04,North_Zone,Winter,13.6,0,10625,Delhi NCR,28.61,77.21,30.5,0.92,216,0,1.48,Semi_Arid,60.5,0.0,13.6,1.4,4.0,0,0.458,0.556,165.0,0.739,79.1,1,108.21,45.7,81.8,0,5.5,0,10081
2023-01-05,North_Zone,Winter,15.4,0,13141,Delhi NCR,28.61,77.21,30.5,0.92,216,0,1.48,Semi_Arid,62.6,0.0,15.4,2.0,3.7,0,0.55,0.718,205.0,0.787,76.6,1,107.79,56.6,78.0,0,5.5,0,13039
2023-01-06,North_Zone,Winter,16.0,0,11790,Delhi NCR,28.61,77.21,30.5,0.92,216,0,1.48,Semi_Arid,67.1,0.0,16.0,10.5,5.5,0,0.325,0.729,183.0,0.812,77.2,1,109.42,59.8,72.2,0,5.5,0,11624
2023-01-07,North_Zone,Winter,14.1,0,10280,Delhi NCR,28.61,77.21,30.5,0.92,216,0,1.48,Semi_Arid,64.8,0.0,14.1,8.2,3.3,0,0.425,0.609,216.0,0.81,78.1,1,108.03,57.0,75.8,0,5.5,0,9908
2023-01-08,North_Zone,Winter,17.6,0,12350,Delhi NCR,28.61,77.21,30.5,0.92,216,0,1.48,Semi_Arid,56.9,0.0,17.6,5.2,4.6,0,0.221,0.591,185.0,0.763,74.4,1,108.82,58.9,70.1,0,5.5,0,11905
2023-01-09,North_Zone,Winter,14.5,0,14169,Delhi NCR,28.61,77.21,30.5,0.92,216,0,1.48,Semi_Arid,66.4,0.0,14.5,11.1,4.5,0,0.302,0.654,184.0,0.78,77.6,1,107.88,55.1,58.5,0,5.5,0,13863
2023-01-10,North_Zone,Winter,15.9,0,11372,Delhi NCR,28.61,77.21,30.5,0.92,216,0,1.48,Semi_Arid,66.4,0.0,15.9,1.9,3.9,0,0.255,0.566,166.0,0.734,81.1,1,107.66,55.8,69.1,0,5.5,0,11023
2023-01-11,North_Zone,Winter,13.7,0,12348,Delhi NCR,28.61,77.21,30.5,0.92,216,0,1.48,Semi_Arid,65.2,0.0,13.7,8.8,3.5,0,0.111,0.466,202.0,0.713,77.8,1,109.14,56.5,69.6,0,5.5,0,11959
2023-01-12,North_Zone,Winter,15.3,0,10684,Delhi NCR,28.61,77.21,30.5,0.92,216,0,1.48,Semi_Arid,64.9,0.0,15.3,5.8,3.6,0,0.14,0.434,204.0,0.705,88.5,1,109.49,57.5,72.1,0,5.5,0,10206
2023-01-13,North_Zone,Winter,17.8,0,11904,Delhi NCR,28.61,77.21,30.5,0.92,216,0,1.48,Semi_Arid,61.0,1.1,17.8,7.8,3.6,0,0.343,0.596,212.0,0.738,78.3,1,107.17,53.6,74.4,0,5.5,0,11311
2023-01-14,North_Zone,Winter,20.6,0,14019,Delhi NCR,28.61,77.21,30.5,0.92,216,0,1.48,Semi_Arid,68.0,0.0,20.6,1.0,4.5,0,0.345,0.653,207.0,0.767,74.4,1,109.62,61.2,80.3,0,5.5,0,13754
2023-01-15,North_Zone,Winter,13.7,0,12439,Delhi NCR,28.61,77.21,30.5,0.92,216,0,1.48,Semi_Arid,60.3,0.0,13.7,5.2,2.9,0,0.196,0.601,202.0,0.769,76.4,1,107.54,61.7,72.2,0,5.5,0,12253
2023-01-16,North_Zone,Winter,15.2,0,12483,Delhi NCR,28.61,77.21,30.5,0.92,216,0,1.48,Semi_Arid,60.9,4.4,15.2,8.2,3.4,0,0.456,0.649,206.0,0.764,72.2,1,106.21,53.4,67.0,0,5.5,0,12054
2023-01-17,North_Zone,Winter,16.5,0,11436,Delhi NCR,28.61,77.21,30.5,0.92,216,0,1.48,Semi_Arid,63.2,0.0,16.5,5.8,3.4,0,0.189,0.655,208.0,0.755,81.2,1,108.59,51.8,71.0,0,5.5,0,10873
2023-01-18,North_Zone,Winter,13.1,0,12091,Delhi NCR,28.61,77.21,30.5,0.92,216,0,1.48,Semi_Arid,69.5,0.0,13.1,9.8,2.4,0,0.326,0.683,211.0,0.775,82.8,1,109.12,51.3,75.2,0,5.5,0,11746
2023-01-19,North_Zone,Winter,14.0,0,11175,Delhi NCR,28.61,77.21,30.5,0.92,216,0,1.48,Semi_Arid,57.1,0.0,14.0,9.7,4.0,0,0.258,0.611,168.0,0.724,80.5,1,107.13,57.5,71.4,0,5.5,0,10793
2023-01-20,North_Zone,Winter,12.1,0,11372,Delhi NCR,28.61,77.21,30.5,0.92,216,0,1.48,Semi_Arid,59.2,0.0,12.1,3.1,4.0,0,0.311,0.617,187.0,0.778,75.5,1,106.69,58.0,68.0,0,5.5,0,10924
2023-01-21,North_Zone,Winter,21.2,0,12442,Delhi NCR,28.61,77.21,30.5,0.92,216,0,1.48,Semi_Arid,50.1,0.0,21.2,8.5,3.4,0,0.39,0.598,166.0,0.737,75.4,1,108.21,57.9,74.6,0,5.5,0,12076
2023-01-22,North_Zone,Winter,15.1,0,12897,Delhi NCR,28.61,77.21,30.5,0.92,216,0,1.48,Semi_Arid,64.1,0.0,15.1,3.0,4.1,0,0.376,0.584,201.0,0.711,80.2,1,108.11,58.2,66.3,0,5.5,0,12133
2023-01-23,North_Zone,Winter,14.8,0,12052,Delhi NCR,28.61,77.21,30.5,0.92,216,0,1.48,Semi_Arid,58.5,0.0,14.8,6.2,2.5,0,0.371,0.506,224.0,0.74,76.4,1,110.14,54.8,67.6,0,5.5,0,11439
2023-01-24,North_Zone,Winter,11.8,0,11295,Delhi NCR,28.61,77.21,30.5,0.92,216,0,1.48,Semi_Arid,64.0,0.0,11.8,8.0,3.4,0,0.358,0.67,211.0,0.783,75.4,1,108.82,48.6,74.1,0,5.5,0,11005
2023-01-25,North_Zone,Winter,14.4,0,12398,Delhi NCR,28.61,77.21,30.5,0.92,216,0,1.48,Semi_Arid,67.7,1.0,14.4,3.5,3.4,0,0.173,0.577,184.0,0.718,75.1,1,109.57,54.8,68.1,0,5.5,0,11889
2023-01-26,North_Zone,Winter,18.6,0,14712,Delhi NCR,28.61,77.21,30.5,0.92,216,0,1.48,Semi_Arid,58.6,0.0,18.6,8.4,3.7,0,0.413,0.574,204.0,0.762,83.6,1,109.08,63.2,70.2,0,5.5,0,13975
2023-01-27,North_Zone,Winter,16.7,0,12445,Delhi NCR,28.61,77.21,30.5,0.92,216,0,1.48,Semi_Arid,64.1,0.0,16.7,4.5,3.6,0,0.194,0.568,201.0,0.761,76.6,1,110.47,58.2,72.1,0,5.5,0,11532
2023-01-28,North_Zone,Winter,15.6,0,11613,Delhi NCR,28.61,77.21,30.5,0.92,216,0,1.48,Semi_Arid,62.1,1.2,15.6,4.3,3.5,0,0.289,0.52,199.0,0.789,80.5,1,108.04,57.9,71.8,0,5.5,0,10651
2023-01-29,North_Zone,Winter,16.0,0,11767,Delhi NCR,28.61,77.21,30.5,0.92,216,0,1.48,Semi_Arid,66.8,0.0,16.0,8.1,3.3,0,0.265,0.595,172.0,0.742,79.6,1,108.87,60.2,67.2,0,5.5,0,11234
2023-01-30,North_Zone,Winter,15.5,0,12930,Delhi NCR,28.61,77.21,30.5,0.92,216,0,1.48,Semi_Arid,66.1,2.4,15.5,3.5,3.5,0,0.335,0.631,219.0,0.756,75.5,1,107.42,52.6,73.6,0,5.5,0,12469
2023-01-31,North_Zone,Winter,12.0,0,11906,Delhi NCR,28.61,77.21,30.5,0.92,216,0,1.48,Semi_Arid,62.3,0.0,12.0,3.3,4.2,0,0.252,0.558,174.0,0.721,78.1,1,109.83,57.8,67.4,0,5.5,0,11305
2023-02-01,North_Zone,Winter,19.0,0,12643,Delhi NCR,28.61,77.21,30.5,0.92,216,0,1.48,Semi_Arid,60.8,0.0,19.0,9.1,3.4,0,0.284,0.662,188.0,0.78,75.0,1,110.16,59.1,80.3,0,5.5,0,12337
2023-02-02,North_Zone,Winter,8.6,0,9672,Delhi NCR,28.61,77.21,30.5,0.92,216,0,1.48,Semi_Arid,73.1,0.0,8.6,6.3,4.5,0,0.462,0.578,212.0,0.744,82.3,1,109.95,53.2,70.0,0,5.5,0,9491
2023-02-03,North_Zone,Winter,18.9,0,12704,Delhi NCR,28.61,77.21,30.5,0.92,216,0,1.48,Semi_Arid,63.6,0.0,18.9,1.6,3.3,0,0.17,0.508,188.0,0.757,75.3,1,108.98,58.0,75.0,0,5.5,0,12081
2023-02-04,North_Zone,Winter,12.0,0,10596,Delhi NCR,28.61,77.21,30.5,0.92,216,0,1.48,Semi_Arid,58.8,0.0,12.0,8.6,3.5,0,0.3,0.682,196.0,0.757,79.1,1,107.64,61.2,75.7,0,5.5,0,10299
2023-02-05,North_Zone,Winter,17.5,0,12817,Delhi NCR,28.61,77.21,30.5,0.92,216,0,1.48,Semi_Arid,65.8,0.0,17.5,4.8,4.0,0,0.189,0.612,197.0,0.767,76.5,1,109.08,55.0,70.2,0,5.5,0,12637
2023-02-06,North_Zone,Winter,14.3,0,11277,Delhi NCR,28.61,77.21,30.5,0.92,216,0,1.48,Semi_Arid,59.0,0.0,14.3,1.8,3.3,0,0.367,0.652,196.0,0.756,75.2,1,108.51,49.5,67.2,0,5.5,0,10654
2023-02-07,North_Zone,Winter,13.8,0,10718,Delhi NCR,28.61,77.21,30.5,0.92,216,0,1.48,Semi_Arid,71.8,0.0,13.8,1.0,4.3,0,0.227,0.653,197.0,0.708,81.2,1,110.14,57.7,75.6,0,5.5,0,10596
2023-02-08,North_Zone,Winter,19.8,0,12703,Delhi NCR,28.61,77.21,30.5,0.92,216,0,1.48,Semi_Arid,66.2,0.0,19.8,8.7,4.1,0,0.304,0.543,199.0,0.755,76.4,1,108.82,53.9,64.9,0,5.5,0,12270
2023-02-09,North_Zone,Winter,18.7,0,13879,Delhi NCR,28.61,77.21,30.5,0.92,216,0,1.48,Semi_Arid,63.2,0.0,18.7,3.4,3.6,0,0.168,0.569,196.0,0.69,72.5,1,108.82,57.3,65.7,0,5.5,0,13081
2023-02-10,North_Zone,Winter,18.0,0,12153,Delhi NCR,28.61,77.21,30.5,0.92,216,0,1.48,Semi_Arid,63.0,0.0,18.0,2.3,4.5,0,0.429,0.662,179.0,0.761,79.3,1,111.47,54.2,75.0,0,5.5,0,11351
2023-02-11,North_Zone,Winter,16.2,0,12033,Delhi NCR,28.61,77.21,30.5,0.92,216,0,1.48,Semi_Arid,62.2,0.0,16.2,7.9,3.0,0,0.307,0.71,167.0,0.773,75.9,1,110.12,57.3,71.0,0,5.5,0,11916
2023-02-12,North_Zone,Winter,12.3,0,11331,Delhi NCR,28.61,77.21,30.5,0.92,216,0,1.48,Semi_Arid,69.0,0.0,12.3,8.4,3.0,0,0.314,0.604,213.0,0.751,78.5,1,110.42,62.1,68.5,0,5.5,0,11168
2023-02-13,North_Zone,Winter,11.5,0,11815,Delhi NCR,28.61,77.21,30.5,0.92,216,0,1.48,Semi_Arid,64.2,0.0,11.5,3.6,3.7,0,0.383,0.562,214.0,0.742,80.6,1,108.86,56.4,69.5,0,5.5,0,11168
2023-02-14,North_Zone,Winter,13.6,0,11562,Delhi NCR,28.61,77.21,30.5,0.92,216,0,1.48,Semi_Arid,66.0,0.0,13.6,8.7,3.9,0,0.175,0.701,201.0,0.776,79.1,1,108.3,49.7,68.0,0,5.5,0,11464
2023-02-15,North_Zone,Winter,15.8,0,11755,Delhi NCR,28.61,77.21,30.5,0.92,216,0,1.48,Semi_Arid,67.9,0.0,15.8,12.2,3.7,0,0.238,0.562,201.0,0.751,80.7,1,110.49,58.7,82.9,0,5.5,0,11098
2023-02-16,North_Zone,Winter,16.8,0,11810,Delhi NCR,28.61,77.21,30.5,0.92,216,0,1.48,Semi_Arid,60.1,0.0,16.8,10.0,3.5,0,0.317,0.62,179.0,0.752,74.1,1,110.94,57.5,77.1,0,5.5,0,11487
2023-02-17,North_Zone,Winter,17.6,0,11326,Delhi NCR,28.61,77.21,30.5,0.92,216,0,1.48,Semi_Arid,59.4,0.0,17.6,9.6,3.5,0,0.124,0.574,151.0,0.822,81.6,1,108.18,57.1,67.9,0,5.5,0,10874
2023-02-18,North_Zone,Winter,15.4,0,13395,Delhi NCR,28.61,77.21,30.5,0.92,216,0,1.48,Semi_Arid,57.8,0.0,15.4,6.9,4.2,0,0.135,0.616,191.0,0.744,77.1,1,108.98,60.5,70.4,0,5.5,0,12593
2023-02-19,North_Zone,Winter,12.0,0,10457,Delhi NCR,28.61,77.21,30.5,0.92,216,0,1.48,Semi_Arid,60.5,0.0,12.0,4.7,3.5,0,0.218,0.543,161.0,0.699,73.7,1,108.6,54.3,75.0,0,5.5,0,9929
2023-02-20,North_Zone,Winter,16.5,0,12279,Delhi NCR,28.61,77.21,30.5,0.92,216,0,1.48,Semi_Arid,54.0,3.7,16.5,5.8,3.1,0,0.186,0.578,198.0,0.702,70.6,1,110.02,55.9,67.1,0,5.5,0,11678
2023-02-21,North_Zone,Winter,16.1,0,12404,Delhi NCR,28.61,77.21,30.5,0.92,216,0,1.48,Semi_Arid,67.0,0.0,16.1,7.3,3.0,0,0.266,0.562,218.0,0.76,77.1,1,110.65,53.1,69.2,0,5.5,0,11690
2023-02-22,North_Zone,Winter,16.9,0,13113,Delhi NCR,28.61,77.21,30.5,0.92,216,0,1.48,Semi_Arid,71.9,0.6,16.9,2.2,4.5,0,0.352,0.64,184.0,0.712,75.6,1,109.21,57.5,70.5,0,5.5,0,12683
2023-02-23,North_Zone,Winter,16.2,0,11864,Delhi NCR,28.61,77.21,30.5,0.92,216,0,1.48,Semi_Arid,70.4,0.0,16.2,3.7,3.1,0,0.375,0.61,185.0,0.716,75.7,1,109.23,57.4,67.6,0,5.5,0,11204
2023-02-24,North_Zone,Winter,17.0,0,13774,Delhi NCR,28.61,77.21,30.5,0.92,216,0,1.48,Semi_Arid,54.7,0.0,17.0,1.7,3.8,0,0.481,0.653,177.0,0.723,79.0,1,107.67,55.0,77.5,0,5.5,0,13187
2023-02-25,North_Zone,Winter,14.6,0,10870,Delhi NCR,28.61,77.21,30.5,0.92,216,0,1.48,Semi_Arid,67.9,0.0,14.6,6.7,4.3,0,0.298,0.55,196.0,0.751,83.2,1,108.69,59.5,68.4,0,5.5,0,10600
2023-02-26,North_Zone,Winter,18.3,0,12484,Delhi NCR,28.61,77.21,30.5,0.92,216,0,1.48,Semi_Arid,69.1,0.0,18.3,6.2,4.0,0,0.315,0.587,194.0,0.787,75.3,1,111.17,53.3,71.4,0,5.5,0,11946
2023-02-27,North_Zone,Winter,8.5,0,10798,Delhi NCR,28.61,77.21,30.5,0.92,216,0,1.48,Semi_Arid,65.6,0.0,8.5,4.0,2.7,0,0.298,0.638,177.0,0.731,78.3,1,110.17,57.6,72.6,0,5.5,0,10041
2023-02-28,North_Zone,Winter,13.4,0,11276,Delhi NCR,28.61,77.21,30.5,0.92,216,0,1.48,Semi_Arid,65.5,0.0,13.4,8.5,2.8,0,0.332,0.652,211.0,0.776,76.3,1,110.63,59.7,79.9,0,5.5,0,10948
2023-03-01,North_Zone,Summer,36.3,0,17234,Delhi NCR,28.61,77.21,30.5,0.92,216,0,1.48,Semi_Arid,17.2,0.0,34.1,2.9,10.7,0,0.34,0.713,189.0,0.699,75.0,1,109.35,54.6,44.6,0,5.5,1,16241
2023-03-02,North_Zone,Summer,33.3,0,16915,Delhi NCR,28.61,77.21,30.5,0.92,216,0,1.48,Semi_Arid,30.4,0.0,32.4,3.9,8.8,0,0.392,0.819,161.0,0.782,75.0,1,109.46,51.3,55.7,0,5.5,1,16257
2023-03-03,North_Zone,Summer,38.0,0,17981,Delhi NCR,28.61,77.21,30.5,0.92,216,0,1.48,Semi_Arid,20.9,2.0,36.9,8.3,9.3,0,0.392,0.751,138.0,0.806,82.9,1,109.77,50.1,43.2,0,5.5,1,17381
2023-03-04,North_Zone,Summer,38.6,0,17217,Delhi NCR,28.61,77.21,30.5,0.92,216,0,1.48,Semi_Arid,26.8,0.0,39.4,8.8,9.9,0,0.352,0.855,138.0,0.804,78.0,1,110.09,57.7,43.9,0,5.5,0,16643
2023-03-05,North_Zone,Summer,36.5,0,18587,Delhi NCR,28.61,77.21,30.5,0.92,216,0,1.48,Semi_Arid,19.3,0.0,34.7,3.6,9.4,0,0.451,0.912,131.0,0.858,77.4,1,111.16,64.2,49.7,0,5.5,1,17982
2023-03-06,North_Zone,Summer,27.5,0,14627,Delhi NCR,28.61,77.21,30.5,0.92,216,0,1.48,Semi_Arid,35.2,0.0,27.0,6.7,9.5,0,0.303,0.643,130.0,0.694,75.9,1,109.13,54.2,54.6,0,5.5,0,13947
2023-03-07,North_Zone,Summer,30.8,0,14842,Delhi NCR,28.61,77.21,30.5,0.92,216,0,1.48,Semi_Arid,35.6,0.0,30.1,3.7,8.4,0,0.239,0.761,157.0,0.768,78.2,1,109.68,58.7,43.7,0,5.5,0,14212
2023-03-08,North_Zone,Summer,36.7,0,17897,Delhi NCR,28.61,77.21,30.5,0.92,216,0,1.48,Semi_Arid,23.1,0.0,35.6,5.4,9.5,0,0.255,0.816,158.0,0.818,76.1,1,109.04,46.9,51.2,0,5.5,1,17372
2023-03-09,North_Zone,Summer,34.6,0,16510,Delhi NCR,28.61,77.21,30.5,0.92,216,0,1.48,Semi_Arid,22.6,0.0,32.9,6.4,9.9,0,0.289,0.8,119.0,0.813,83.8,1,107.87,57.6,49.2,0,5.5,0,15807
2023-03-10,North_Zone,Summer,35.3,1,19959,Delhi NCR,28.61,77.21,30.5,0.92,216,0,1.48,Semi_Arid,17.0,0.0,33.1,7.7,9.9,0,0.192,0.856,147.0,0.83,78.8,1,110.78,53.0,53.2,0,5.5,1,19484
2023-03-11,North_Zone,Summer,35.3,0,17749,Delhi NCR,28.61,77.21,30.5,0.92,216,0,1.48,Semi_Arid,26.5,0.1,34.4,7.0,9.2,0,0.239,0.805,160.0,0.807,78.4,1,111.62,56.1,44.9,0,5.5,1,17092
2023-03-12,North_Zone,Summer,36.4,0,18028,Delhi NCR,28.61,77.21,30.5,0.92,216,0,1.48,Semi_Arid,24.3,0.0,35.4,6.8,9.0,0,0.186,0.768,134.0,0.758,78.4,1,110.65,57.6,44.8,0,5.5,1,17093
2023-03-13,North_Zone,Summer,38.9,0,18126,Delhi NCR,28.61,77.21,30.5,0.92,216,0,1.48,Semi_Arid,17.9,0.0,37.3,2.8,9.8,0,0.334,0.739,136.0,0.761,81.9,1,110.12,50.4,39.8,0,5.5,1,17281
2023-03-14,North_Zone,Summer,37.6,0,19553,Delhi NCR,28.61,77.21,30.5,0.92,216,0,1.48,Semi_Arid,28.7,5.3,38.4,7.2,8.8,0,0.335,0.729,153.0,0.852,77.9,1,111.76,70.3,45.8,0,5.5,0,18986
2023-03-15,North_Zone,Summer,32.4,0,14631,Delhi NCR,28.61,77.21,30.5,0.92,216,0,1.48,Semi_Arid,27.3,0.0,31.0,7.7,10.1,0,0.123,0.755,153.0,0.751,76.6,1,110.37,54.7,45.4,0,5.5,0,14030
2023-03-16,North_Zone,Summer,38.5,0,17819,Delhi NCR,28.61,77.21,30.5,0.92,216,0,1.48,Semi_Arid,20.5,0.0,37.4,8.1,9.8,0,0.235,0.766,148.0,0.749,78.5,1,110.73,59.7,46.9,0,5.5,0,17139
2023-03-17,North_Zone,Summer,41.4,0,19414,Delhi NCR,28.61,77.21,30.5,0.92,216,0,1.48,Semi_Arid,21.4,4.5,42.0,3.8,9.4,0,0.483,0.823,145.0,0.826,80.4,1,110.07,63.0,45.3,0,5.5,1,18057
2023-03-18,North_Zone,Summer,30.9,0,16361,Delhi NCR,28.61,77.21,30.5,0.92,216,0,1.48,Semi_Arid,35.8,0.0,30.2,8.7,8.7,0,0.363,0.791,147.0,0.766,81.5,1,110.23,58.3,41.7,0,5.5,0,15781
2023-03-19,North_Zone,Summer,34.0,0,15829,Delhi NCR,28.61,77.21,30.5,0.92,216,0,1.48,Semi_Arid,31.6,0.0,33.6,2.0,9.1,0,0.345,0.761,135.0,0.844,78.6,1,109.82,52.0,57.2,0,5.5,0,15131
2023-03-20,North_Zone,Summer,36.7,0,17288,Delhi NCR,28.61,77.21,30.5,0.92,216,0,1.48,Semi_Arid,26.3,2.4,36.3,4.7,8.6,0,0.234,0.739,120.0,0.867,78.7,1,110.79,57.7,46.1,0,5.5,1,16947
2023-03-21,North_Zone,Summer,35.2,0,18149,Delhi NCR,28.61,77.21,30.5,0.92,216,0,1.48,Semi_Arid,31.0,0.0,35.2,5.2,9.8,0,0.329,0.758,112.0,0.782,81.0,1,108.87,49.2,51.5,0,5.5,1,17016
2023-03-22,North_Zone,Summer,34.6,0,16496,Delhi NCR,28.61,77.21,30.5,0.92,216,0,1.48,Semi_Arid,22.4,3.2,32.9,2.2,9.0,0,0.299,0.766,151.0,0.801,69.8,1,110.39,55.8,47.2,0,5.5,0,16187
2023-03-23,North_Zone,Summer,32.6,0,16108,Delhi NCR,28.61,77.21,30.5,0.92,216,0,1.48,Semi_Arid,29.6,0.0,31.5,5.1,9.6,0,0.22,0.755,142.0,0.734,78.3,1,109.12,63.4,52.5,0,5.5,0,14844
2023-03-24,North_Zone,Summer,34.1,0,14875,Delhi NCR,28.61,77.21,30.5,0.92,216,0,1.48,Semi_Arid,29.3,0.0,33.3,6.7,9.8,0,0.251,0.84,148.0,0.841,76.2,1,110.49,51.6,41.1,0,5.5,0,14388
2023-03-25,North_Zone,Summer,29.0,0,15853,Delhi NCR,28.61,77.21,30.5,0.92,216,0,1.48,Semi_Arid,29.3,1.2,27.8,1.0,9.8,0,0.253,0.882,125.0,0.753,78.2,1,112.38,54.7,44.6,0,5.5,0,15144
2023-03-26,North_Zone,Summer,34.2,0,16550,Delhi NCR,28.61,77.21,30.5,0.92,216,0,1.48,Semi_Arid,30.7,0.0,33.7,4.8,9.6,0,0.151,0.729,142.0,0.742,79.1,1,110.69,64.7,42.8,0,5.5,1,15782
2023-03-27,North_Zone,Summer,33.8,0,15839,Delhi NCR,28.61,77.21,30.5,0.92,216,0,1.48,Semi_Arid,24.8,0.0,32.3,1.0,10.1,0,0.168,0.867,141.0,0.82,81.7,1,111.17,56.8,42.1,0,5.5,0,15656
2023-03-28,North_Zone,Summer,36.9,0,19414,Delhi NCR,28.61,77.21,30.5,0.92,216,0,1.48,Semi_Arid,29.4,0.0,37.4,12.1,10.4,0,0.28,0.842,163.0,0.827,73.8,1,110.9,53.8,46.3,0,5.5,1,18816
2023-03-29,North_Zone,Summer,34.4,0,17126,Delhi NCR,28.61,77.21,30.5,0.92,216,0,1.48,Semi_Arid,31.1,0.8,34.0,6.6,9.6,0,0.215,0.811,155.0,0.758,75.8,1,107.67,57.6,43.8,0,5.5,1,16496
2023-03-30,North_Zone,Summer,31.5,0,16078,Delhi NCR,28.61,77.21,30.5,0.92,216,0,1.48,Semi_Arid,15.5,4.4,29.4,6.4,9.5,0,0.27,0.892,127.0,0.807,75.3,1,109.87,55.1,37.9,0,5.5,1,15763
2023-03-31,North_Zone,Summer,39.3,0,17843,Delhi NCR,28.61,77.21,30.5,0.92,216,0,1.48,Semi_Arid,31.4,0.0,42.4,6.7,9.4,0,0.139,0.79,149.0,0.748,76.2,1,110.45,46.3,43.5,0,5.5,0,16816
2023-04-01,North_Zone,Summer,33.4,0,15828,Delhi NCR,28.61,77.21,30.5,0.92,216,0,1.48,Semi_Arid,13.7,0.0,31.0,7.8,8.8,0,0.38,0.824,127.0,0.796,73.9,1,107.91,50.7,43.1,0,5.5,0,15191
2023-04-02,North_Zone,Summer,29.5,0,13885,Delhi NCR,28.61,77.21,30.5,0.92,216,0,1.48,Semi_Arid,28.2,0.0,28.2,8.9,10.0,0,0.508,0.807,93.0,0.778,84.4,1,109.72,65.1,49.4,0,5.5,0,13589
2023-04-03,North_Zone,Summer,38.3,0,17436,Delhi NCR,28.61,77.21,30.5,0.92,216,0,1.48,Semi_Arid,31.1,0.0,40.4,1.3,10.0,0,0.403,0.803,171.0,0.782,80.6,1,109.92,58.3,37.8,0,5.5,0,16663
2023-04-04,North_Zone,Summer,38.1,0,18747,Delhi NCR,28.61,77.21,30.5,0.92,216,0,1.48,Semi_Arid,24.6,0.0,37.9,9.9,10.1,0,0.413,0.828,133.0,0.827,75.7,1,108.77,62.4,42.4,0,5.5,1,17818
2023-04-05,North_Zone,Summer,38.7,0,17237,Delhi NCR,28.61,77.21,30.5,0.92,216,0,1.48,Semi_Arid,18.4,0.0,37.2,9.7,9.3,0,0.363,0.803,159.0,0.809,78.0,1,109.03,52.5,41.2,0,5.5,1,16588
2023-04-06,North_Zone,Summer,35.6,0,16403,Delhi NCR,28.61,77.21,30.5,0.92,216,0,1.48,Semi_Arid,22.2,2.5,34.0,5.8,10.5,0,0.327,0.828,128.0,0.824,76.7,1,111.33,57.3,48.7,0,5.5,1,15891
2023-04-07,North_Zone,Summer,32.2,0,16315,Delhi NCR,28.61,77.21,30.5,0.92,216,0,1.48,Semi_Arid,34.8,0.0,31.7,5.6,9.2,0,0.309,0.76,125.0,0.786,78.5,1,106.41,54.9,42.3,0,5.5,1,15571
2023-04-08,North_Zone,Summer,31.7,0,14150,Delhi NCR,28.61,77.21,30.5,0.92,216,0,1.48,Semi_Arid,20.4,0.0,29.7,1.0,8.9,0,0.209,0.762,130.0,0.812,75.7,1,110.26,54.9,50.2,0,5.5,1,13500
2023-04-09,North_Zone,Summer,31.4,0,15616,Delhi NCR,28.61,77.21,30.5,0.92,216,0,1.48,Semi_Arid,35.8,0.0,30.8,2.3,9.0,0,0.369,0.76,145.0,0.789,73.4,1,111.15,58.3,44.8,0,5.5,0,14985
2023-04-10,North_Zone,Summer,41.1,0,17878,Delhi NCR,28.61,77.21,30.5,0.92,216,0,1.48,Semi_Arid,24.1,0.0,42.6,7.6,10.7,0,0.363,0.778,143.0,0.78,76.3,1,109.95,52.5,47.4,0,5.5,0,17063
2023-04-11,North_Zone,Summer,37.0,0,17127,Delhi NCR,28.61,77.21,30.5,0.92,216,0,1.48,Semi_Arid,20.8,0.0,35.6,9.6,8.9,0,0.254,0.861,149.0,0.832,82.1,1,111.38,62.4,50.5,0,5.5,0,16513
2023-04-12,North_Zone,Summer,39.9,0,18902,Delhi NCR,28.61,77.21,30.5,0.92,216,0,1.48,Semi_Arid,22.1,0.0,39.9,8.2,9.3,0,0.353,0.772,131.0,0.78,73.5,1,109.54,58.7,39.0,0,5.5,1,18291
2023-04-13,North_Zone,Summer,39.7,0,16538,Delhi NCR,28.61,77.21,30.5,0.92,216,0,1.48,Semi_Arid,20.1,6.5,39.0,5.8,11.5,0,0.231,0.839,141.0,0.8,81.3,1,109.05,55.9,43.8,0,5.5,0,15721
2023-04-14,North_Zone,Summer,35.8,0,17563,Delhi NCR,28.61,77.21,30.5,0.92,216,0,1.48,Semi_Arid,31.9,0.0,36.3,11.8,10.1,0,0.237,0.816,125.0,0.836,79.7,1,109.94,57.5,47.1,0,5.5,0,16748
2023-04-15,North_Zone,Summer,36.5,0,17640,Delhi NCR,28.61,77.21,30.5,0.92,216,0,1.48,Semi_Arid,30.8,0.0,37.2,9.0,9.1,0,0.378,0.774,166.0,0.823,76.8,1,109.56,55.6,46.0,0,5.5,1,16621
2023-04-16,North_Zone,Summer,35.2,0,16212,Delhi NCR,28.61,77.21,30.5,0.92,216,0,1.48,Semi_Arid,19.3,6.0,33.2,4.8,8.9,0,0.343,0.879,116.0,0.811,80.3,1,109.36,49.8,38.5,0,5.5,1,15513
2023-04-17,North_Zone,Summer,28.2,0,14536,Delhi NCR,28.61,77.21,30.5,0.92,216,0,1.48,Semi_Arid,30.1,0.0,27.2,12.5,8.2,0,0.277,0.844,125.0,0.837,78.6,1,109.75,52.9,48.5,0,5.5,1,14025
2023-04-18,North_Zone,Summer,45.7,0,19039,Delhi NCR,28.61,77.21,30.5,0.92,216,0,1.48,Semi_Arid,17.3,0.0,46.7,2.7,10.1,1,0.265,0.8,132.0,0.762,71.6,1,109.13,55.9,45.2,0,5.5,0,19254
2023-04-19,North_Zone,Summer,27.2,0,15376,Delhi NCR,28.61,77.21,30.5,0.92,216,0,1.48,Semi_Arid,39.1,0.0,27.0,1.6,9.5,0,0.317,0.795,183.0,0.79,76.8,1,109.07,55.2,45.6,0,5.5,0,14425
2023-04-20,North_Zone,Summer,38.4,0,18635,Delhi NCR,28.61,77.21,30.5,0.92,216,0,1.48,Semi_Arid,19.2,0.0,37.0,4.7,10.6,0,0.116,0.806,154.0,0.779,76.9,1,108.77,59.1,43.9,0,5.5,0,17320
2023-04-21,North_Zone,Summer,36.9,0,17897,Delhi NCR,28.61,77.21,30.5,0.92,216,0,1.48,Semi_Arid,34.9,0.0,39.1,3.7,8.5,0,0.224,0.708,125.0,0.777,82.3,1,110.3,59.4,29.1,0,5.5,1,16332
2023-04-22,North_Zone,Summer,42.4,0,17993,Delhi NCR,28.61,77.21,30.5,0.92,216,0,1.48,Semi_Arid,23.4,0.0,44.5,4.9,9.1,0,0.173,0.751,155.0,0.81,76.8,1,108.87,54.3,47.7,0,5.5,1,17335
2023-04-23,North_Zone,Summer,31.2,0,14930,Delhi NCR,28.61,77.21,30.5,0.92,216,0,1.48,Semi_Arid,24.5,0.0,29.5,8.4,9.2,0,0.301,0.828,149.0,0.824,77.4,1,108.62,52.6,47.9,0,5.5,0,14594
2023-04-24,North_Zone,Summer,33.9,0,17630,Delhi NCR,28.61,77.21,30.5,0.92,216,0,1.48,Semi_Arid,25.3,0.0,32.4,5.9,11.1,0,0.409,0.705,145.0,0.789,74.5,1,108.77,59.5,42.9,0,5.5,1,16956
2023-04-25,North_Zone,Summer,37.1,0,17669,Delhi NCR,28.61,77.21,30.5,0.92,216,0,1.48,Semi_Arid,22.7,0.0,36.1,6.0,10.1,0,0.348,0.755,153.0,0.793,77.8,1,110.04,57.8,37.6,0,5.5,0,16645
2023-04-26,North_Zone,Summer,27.7,0,14376,Delhi NCR,28.61,77.21,30.5,0.92,216,0,1.48,Semi_Arid,26.0,0.0,26.7,6.2,9.4,0,0.249,0.776,141.0,0.789,74.4,1,110.49,54.7,42.3,0,5.5,0,13744
2023-04-27,North_Zone,Summer,27.7,0,15851,Delhi NCR,28.61,77.21,30.5,0.92,216,0,1.48,Semi_Arid,32.9,0.8,27.0,1.0,8.4,0,0.229,0.974,143.0,0.88,81.3,1,110.56,52.7,50.0,0,5.5,0,15034
2023-04-28,North_Zone,Summer,41.3,0,18959,Delhi NCR,28.61,77.21,30.5,0.92,216,0,1.48,Semi_Arid,18.1,0.0,40.6,1.5,8.5,0,0.225,0.84,112.0,0.764,76.7,1,110.01,54.3,43.0,0,5.5,1,18542
2023-04-29,North_Zone,Summer,31.1,0,16948,Delhi NCR,28.61,77.21,30.5,0.92,216,0,1.48,Semi_Arid,19.4,0.0,29.1,4.8,9.3,0,0.5,0.866,166.0,0.796,74.4,1,110.31,58.7,45.1,0,5.5,0,16585
2023-04-30,North_Zone,Summer,34.0,0,15525,Delhi NCR,28.61,77.21,30.5,0.92,216,0,1.48,Semi_Arid,26.7,0.0,32.8,3.5,9.4,0,0.307,0.752,132.0,0.8,81.7,1,109.71,63.6,43.3,0,5.5,0,15007
2023-05-01,North_Zone,Summer,31.1,0,15441,Delhi NCR,28.61,77.21,30.5,0.92,216,0,1.48,Semi_Arid,21.3,0.0,29.2,5.3,9.1,0,0.32,0.822,118.0,0.851,74.1,1,110.2,56.2,46.6,1,5.5,0,15459
2023-05-02,North_Zone,Summer,35.2,0,16670,Delhi NCR,28.61,77.21,30.5,0.92,216,0,1.48,Semi_Arid,24.1,0.0,33.9,10.2,9.3,0,0.089,0.694,131.0,0.763,78.8,1,110.17,53.7,38.4,1,5.5,0,16421
2023-05-03,North_Zone,Summer,29.3,0,16307,Delhi NCR,28.61,77.21,30.5,0.92,216,0,1.48,Semi_Arid,26.9,0.0,28.0,5.8,8.8,0,0.182,0.78,132.0,0.787,73.5,1,108.98,65.2,44.0,1,5.5,0,16276
2023-05-04,North_Zone,Summer,34.4,0,16028,Delhi NCR,28.61,77.21,30.5,0.92,216,0,1.48,Semi_Arid,24.0,0.0,32.9,2.0,8.9,0,0.296,0.83,126.0,0.769,78.9,1,108.61,55.0,50.5,1,5.5,0,16544
2023-05-05,North_Zone,Summer,39.4,0,16913,Delhi NCR,28.61,77.21,30.5,0.92,216,0,1.48,Semi_Arid,35.4,8.0,44.4,3.6,10.6,0,0.25,0.715,154.0,0.763,81.2,1,111.02,54.2,40.4,1,5.5,1,17073
2023-05-06,North_Zone,Summer,28.5,0,16139,Delhi NCR,28.61,77.21,30.5,0.92,216,0,1.48,Semi_Arid,32.2,0.0,27.6,11.1,8.6,0,0.313,0.824,158.0,0.827,76.1,1,109.78,55.3,43.6,1,5.5,0,16240
2023-05-07,North_Zone,Summer,42.6,0,18271,Delhi NCR,28.61,77.21,30.5,0.92,216,0,1.48,Semi_Arid,24.7,0.0,45.5,10.6,9.7,0,0.312,0.829,105.0,0.855,74.5,1,110.68,55.4,50.3,1,5.5,1,18790
2023-05-08,North_Zone,Summer,34.8,0,15786,Delhi NCR,28.61,77.21,30.5,0.92,216,0,1.48,Semi_Arid,19.2,0.0,32.7,7.8,9.5,0,0.36,0.764,131.0,0.782,74.6,1,108.51,61.5,48.7,1,5.5,1,15609
2023-05-09,North_Zone,Summer,35.0,0,16374,Delhi NCR,28.61,77.21,30.5,0.92,216,0,1.48,Semi_Arid,24.7,0.0,33.7,1.3,9.9,0,0.113,0.75,132.0,0.764,77.8,1,109.19,50.0,47.3,1,5.5,0,16026
2023-05-10,North_Zone,Summer,34.6,0,16975,Delhi NCR,28.61,77.21,30.5,0.92,216,0,1.48,Semi_Arid,29.3,0.0,34.0,6.9,9.0,0,0.189,0.757,137.0,0.791,83.8,1,108.19,58.7,46.9,1,5.5,0,16978
2023-05-11,North_Zone,Summer,30.6,0,15362,Delhi NCR,28.61,77.21,30.5,0.92,216,0,1.48,Semi_Arid,25.5,0.0,29.0,7.2,9.9,0,0.29,0.779,171.0,0.746,81.2,1,110.2,57.0,46.9,1,5.5,0,15104
2023-05-12,North_Zone,Summer,27.8,0,14662,Delhi NCR,28.61,77.21,30.5,0.92,216,0,1.48,Semi_Arid,36.9,0.0,27.3,6.1,8.8,0,0.235,0.781,125.0,0.832,81.5,1,108.91,54.3,43.8,1,5.5,1,14376
2023-05-13,North_Zone,Summer,34.6,0,16839,Delhi NCR,28.61,77.21,30.5,0.92,216,0,1.48,Semi_Arid,22.2,1.0,32.9,4.3,9.4,0,0.269,0.831,168.0,0.771,74.8,1,108.95,55.2,50.5,1,5.5,0,16970
2023-05-14,North_Zone,Summer,36.0,0,17712,Delhi NCR,28.61,77.21,30.5,0.92,216,0,1.48,Semi_Arid,26.0,0.0,35.2,4.9,10.5,0,0.311,0.768,137.0,0.801,81.3,1,111.44,56.6,42.7,1,5.5,0,17721
2023-05-15,North_Zone,Summer,28.8,0,14021,Delhi NCR,28.61,77.21,30.5,0.92,216,0,1.48,Semi_Arid,28.8,0.0,27.6,4.1,8.6,0,0.226,0.896,168.0,0.833,81.0,1,110.13,57.4,40.0,1,5.5,0,13970
2023-05-16,North_Zone,Summer,37.1,0,15647,Delhi NCR,28.61,77.21,30.5,0.92,216,0,1.48,Semi_Arid,27.6,4.6,37.2,2.6,10.0,0,0.319,0.896,134.0,0.843,78.9,1,110.09,55.2,38.1,1,5.5,1,15727
2023-05-17,North_Zone,Summer,35.7,0,15989,Delhi NCR,28.61,77.21,30.5,0.92,216,0,1.48,Semi_Arid,24.4,0.0,34.5,10.1,10.1,0,0.354,0.814,132.0,0.811,76.1,1,108.21,56.0,41.9,1,5.5,1,16127
2023-05-18,North_Zone,Summer,41.3,0,18523,Delhi NCR,28.61,77.21,30.5,0.92,216,0,1.48,Semi_Arid,22.9,1.9,42.4,8.6,10.0,0,0.307,0.779,140.0,0.795,80.9,1,107.53,52.9,41.9,1,5.5,1,18423
2023-05-19,North_Zone,Summer,34.1,0,17513,Delhi NCR,28.61,77.21,30.5,0.92,216,0,1.48,Semi_Arid,27.4,0.0,33.0,5.1,9.4,0,0.372,0.768,163.0,0.805,76.0,1,110.33,65.9,41.4,1,5.5,1,17590
2023-05-20,North_Zone,Summer,30.7,0,14987,Delhi NCR,28.61,77.21,30.5,0.92,216,0,1.48,Semi_Arid,26.9,0.0,29.2,7.1,10.6,0,0.083,0.819,143.0,0.83,80.0,1,107.1,59.9,39.1,1,5.5,1,14971
2023-05-21,North_Zone,Summer,30.0,0,14796,Delhi NCR,28.61,77.21,30.5,0.92,216,0,1.48,Semi_Arid,33.4,0.0,29.0,7.2,9.2,0,0.241,0.83,144.0,0.861,76.9,1,108.81,58.5,46.9,1,5.5,0,15402
2023-05-22,North_Zone,Summer,35.2,0,17206,Delhi NCR,28.61,77.21,30.5,0.92,216,0,1.48,Semi_Arid,29.1,0.0,34.8,13.0,9.6,0,0.389,0.788,151.0,0.764,75.0,1,108.47,54.6,40.3,1,5.5,1,17462
2023-05-23,North_Zone,Summer,38.8,0,16251,Delhi NCR,28.61,77.21,30.5,0.92,216,0,1.48,Semi_Arid,25.3,0.0,39.2,8.6,9.5,0,0.214,0.776,124.0,0.739,76.8,1,108.33,59.6,47.7,1,5.5,1,16233
2023-05-24,North_Zone,Summer,34.3,0,15691,Delhi NCR,28.61,77.21,30.5,0.92,216,0,1.48,Semi_Arid,26.3,0.0,33.1,8.5,9.6,0,0.2,0.821,146.0,0.759,83.9,1,108.79,57.7,48.6,1,5.5,0,15553
2023-05-25,North_Zone,Summer,34.2,0,18412,Delhi NCR,28.61,77.21,30.5,0.92,216,0,1.48,Semi_Arid,32.5,0.0,34.0,6.1,10.0,0,0.287,0.804,129.0,0.747,74.5,1,108.15,56.7,57.9,1,5.5,0,18397
2023-05-26,North_Zone,Summer,36.2,0,17761,Delhi NCR,28.61,77.21,30.5,0.92,216,0,1.48,Semi_Arid,26.1,0.0,35.6,4.7,9.4,0,0.298,0.766,166.0,0.756,81.0,1,107.96,54.1,42.7,1,5.5,0,17312
2023-05-27,North_Zone,Summer,42.8,0,19612,Delhi NCR,28.61,77.21,30.5,0.92,216,0,1.48,Semi_Arid,21.8,2.0,44.4,10.1,8.6,0,0.247,0.807,148.0,0.762,80.5,1,109.4,57.9,44.2,1,5.5,0,19386
2023-05-28,North_Zone,Summer,33.2,0,15281,Delhi NCR,28.61,77.21,30.5,0.92,216,0,1.48,Semi_Arid,29.6,0.0,32.2,8.0,9.7,0,0.484,0.764,152.0,0.779,77.4,1,110.19,63.8,41.3,1,5.5,1,15415
2023-05-29,North_Zone,Summer,34.9,0,16265,Delhi NCR,28.61,77.21,30.5,0.92,216,0,1.48,Semi_Arid,36.5,0.0,36.1,3.5,8.8,0,0.329,0.755,103.0,0.814,76.3,1,107.35,56.3,39.1,1,5.5,0,16060
2023-05-30,North_Zone,Summer,28.9,0,15418,Delhi NCR,28.61,77.21,30.5,0.92,216,0,1.48,Semi_Arid,25.0,0.0,27.5,7.4,9.6,0,0.21,0.8,153.0,0.819,74.3,1,109.26,55.6,42.9,1,5.5,0,15461
2023-05-31,North_Zone,Summer,36.1,0,18431,Delhi NCR,28.61,77.21,30.5,0.92,216,0,1.48,Semi_Arid,31.2,0.0,36.6,8.5,9.6,0,0.156,0.766,137.0,0.773,81.9,1,109.57,57.2,41.1,1,5.5,1,18703
2023-06-01,North_Zone,Monsoon,26.9,0,14952,Delhi NCR,28.61,77.21,30.5,0.92,216,0,1.48,Semi_Arid,69.4,0.0,28.6,7.7,6.2,0,0.341,0.216,79.0,0.638,74.4,1,109.45,57.0,28.1,0,5.5,0,13491
2023-06-02,North_Zone,Monsoon,26.0,0,15199,Delhi NCR,28.61,77.21,30.5,0.92,216,0,1.48,Semi_Arid,80.5,0.0,26.0,11.2,5.0,0,0.207,0.323,107.0,0.741,69.6,1,108.75,54.3,35.2,0,5.5,0,13936
2023-06-03,North_Zone,Monsoon,27.6,0,13968,Delhi NCR,28.61,77.21,30.5,0.92,216,0,1.48,Semi_Arid,86.3,26.0,32.0,15.1,5.3,0,0.515,0.236,78.0,0.677,78.9,1,108.35,53.4,28.6,0,5.5,0,12536
2023-06-04,North_Zone,Monsoon,28.0,0,15302,Delhi NCR,28.61,77.21,30.5,0.92,216,0,1.48,Semi_Arid,80.6,0.0,32.2,8.2,5.4,0,0.343,0.371,116.0,0.698,73.9,1,109.67,60.0,36.8,0,5.5,0,13982
2023-06-05,North_Zone,Monsoon,28.8,0,16028,Delhi NCR,28.61,77.21,30.5,0.92,216,0,1.48,Semi_Arid,78.6,3.0,33.9,8.7,4.8,0,0.356,0.298,131.0,0.678,77.7,1,109.22,61.5,38.3,0,5.5,0,14802
2023-06-06,North_Zone,Monsoon,23.7,0,13239,Delhi NCR,28.61,77.21,30.5,0.92,216,0,1.48,Semi_Arid,78.0,46.3,23.7,13.2,6.1,0,0.325,0.211,73.0,0.644,74.0,1,106.96,64.8,29.7,0,5.5,0,11876
2023-06-07,North_Zone,Monsoon,29.9,0,14899,Delhi NCR,28.61,77.21,30.5,0.92,216,0,1.48,Semi_Arid,77.2,0.0,36.6,15.5,4.8,0,0.412,0.33,104.0,0.743,76.3,1,108.6,58.3,41.0,0,5.5,0,13664
2023-06-08,North_Zone,Monsoon,28.7,0,13244,Delhi NCR,28.61,77.21,30.5,0.92,216,0,1.48,Semi_Arid,76.5,44.1,33.2,15.6,6.3,0,0.06,0.217,102.0,0.649,78.2,1,108.84,57.0,36.0,0,5.5,0,11705
2023-06-09,North_Zone,Monsoon,36.1,0,16821,Delhi NCR,28.61,77.21,30.5,0.92,216,0,1.48,Semi_Arid,69.4,0.0,54.2,18.7,6.3,0,0.18,0.378,69.0,0.699,78.8,1,107.66,59.7,33.6,0,5.5,0,15449
2023-06-10,North_Zone,Monsoon,31.6,0,15625,Delhi NCR,28.61,77.21,30.5,0.92,216,0,1.48,Semi_Arid,74.6,34.1,40.9,14.2,5.7,0,0.403,0.274,121.0,0.619,82.0,1,108.48,52.8,25.1,0,5.5,0,14018
2023-06-11,North_Zone,Monsoon,29.2,0,16504,Delhi NCR,28.61,77.21,30.5,0.92,216,0,1.48,Semi_Arid,78.5,2.8,35.0,12.9,5.9,0,0.45,0.293,116.0,0.654,78.0,1,109.18,59.2,25.4,0,5.5,0,14476
2023-06-12,North_Zone,Monsoon,31.5,0,15710,Delhi NCR,28.61,77.21,30.5,0.92,216,0,1.48,Semi_Arid,72.3,0.0,39.7,10.1,6.0,0,0.176,0.262,141.0,0.649,78.3,1,107.83,60.3,41.9,0,5.5,0,14207
2023-06-13,North_Zone,Monsoon,27.6,0,15701,Delhi NCR,28.61,77.21,30.5,0.92,216,0,1.48,Semi_Arid,74.4,25.9,30.4,12.8,5.4,0,0.118,0.276,114.0,0.684,77.3,1,108.86,60.6,40.6,0,5.5,0,14382
2023-06-14,North_Zone,Monsoon,35.0,0,16903,Delhi NCR,28.61,77.21,30.5,0.92,216,0,1.48,Semi_Arid,67.2,2.3,48.8,16.1,6.2,0,0.317,0.246,89.0,0.638,80.8,1,107.6,62.7,42.0,0,5.5,0,15223
2023-06-15,North_Zone,Monsoon,33.9,0,16274,Delhi NCR,28.61,77.21,30.5,0.92,216,0,1.48,Semi_Arid,76.6,6.2,49.9,16.3,6.4,0,0.349,0.204,114.0,0.652,74.6,1,107.32,53.5,43.3,0,5.5,0,15111
2023-06-16,North_Zone,Monsoon,30.9,0,16594,Delhi NCR,28.61,77.21,30.5,0.92,216,0,1.48,Semi_Arid,79.2,1.4,40.3,14.8,5.2,0,0.315,0.28,128.0,0.652,76.7,1,109.14,54.7,40.9,0,5.5,0,15426
2023-06-17,North_Zone,Monsoon,26.8,0,14094,Delhi NCR,28.61,77.21,30.5,0.92,216,0,1.48,Semi_Arid,80.1,25.3,29.3,15.6,5.8,0,0.294,0.321,97.0,0.647,78.0,1,109.67,56.0,35.2,0,5.5,0,12542
2023-06-18,North_Zone,Monsoon,31.4,0,15433,Delhi NCR,28.61,77.21,30.5,0.92,216,0,1.48,Semi_Arid,81.0,0.0,42.6,17.8,4.2,0,0.115,0.189,120.0,0.613,75.3,1,107.28,51.4,36.8,0,5.5,0,13749
2023-06-19,North_Zone,Monsoon,25.3,0,13782,Delhi NCR,28.61,77.21,30.5,0.92,216,0,1.48,Semi_Arid,80.3,12.5,25.3,14.2,4.4,0,0.262,0.352,63.0,0.683,82.2,1,109.38,58.9,30.6,0,5.5,0,12707
2023-06-20,North_Zone,Monsoon,26.4,0,15283,Delhi NCR,28.61,77.21,30.5,0.92,216,0,1.48,Semi_Arid,81.1,18.9,26.4,18.1,5.9,0,0.277,0.296,132.0,0.677,79.0,1,108.38,59.1,35.2,0,5.5,0,13847
2023-06-21,North_Zone,Monsoon,29.5,0,15958,Delhi NCR,28.61,77.21,30.5,0.92,216,0,1.48,Semi_Arid,78.8,16.9,35.9,11.8,5.5,0,0.245,0.234,119.0,0.653,74.3,1,106.15,57.7,37.7,0,5.5,0,14521
2023-06-22,North_Zone,Monsoon,29.3,0,14840,Delhi NCR,28.61,77.21,30.5,0.92,216,0,1.48,Semi_Arid,77.0,15.4,34.9,13.8,5.2,0,0.108,0.233,59.0,0.633,79.2,1,106.89,56.4,37.8,0,5.5,0,13210
2023-06-23,North_Zone,Monsoon,30.1,0,16468,Delhi NCR,28.61,77.21,30.5,0.92,216,0,1.48,Semi_Arid,74.3,15.3,36.4,12.6,5.7,0,0.358,0.372,112.0,0.689,81.9,1,108.9,60.6,33.4,0,5.5,0,14665
2023-06-24,North_Zone,Monsoon,29.8,0,15798,Delhi NCR,28.61,77.21,30.5,0.92,216,0,1.48,Semi_Arid,88.2,1.6,39.4,16.4,5.5,0,0.387,0.316,69.0,0.669,75.8,1,106.63,58.0,23.9,0,5.5,0,14314
2023-06-25,North_Zone,Monsoon,25.7,0,14594,Delhi NCR,28.61,77.21,30.5,0.92,216,0,1.48,Semi_Arid,77.3,0.0,25.7,11.0,4.9,0,0.221,0.328,94.0,0.651,82.1,1,107.6,53.6,26.4,0,5.5,0,13049
2023-06-26,North_Zone,Monsoon,25.5,0,14365,Delhi NCR,28.61,77.21,30.5,0.92,216,0,1.48,Semi_Arid,76.4,15.2,25.5,13.0,4.5,0,0.281,0.245,117.0,0.664,78.8,1,108.11,44.4,36.4,0,5.5,0,13480
2023-06-27,North_Zone,Monsoon,23.1,0,12463,Delhi NCR,28.61,77.21,30.5,0.92,216,0,1.48,Semi_Arid,83.3,13.5,23.1,8.4,4.2,0,0.25,0.293,103.0,0.728,78.6,1,108.6,55.1,31.5,0,5.5,0,11501
2023-06-28,North_Zone,Monsoon,27.4,0,14417,Delhi NCR,28.61,77.21,30.5,0.92,216,0,1.48,Semi_Arid,79.8,0.0,30.6,15.8,6.1,0,0.251,0.281,128.0,0.666,81.6,1,108.31,56.5,37.3,0,5.5,0,12863
2023-06-29,North_Zone,Monsoon,28.3,0,14972,Delhi NCR,28.61,77.21,30.5,0.92,216,0,1.48,Semi_Arid,71.0,5.1,31.4,17.7,5.4,0,0.349,0.25,106.0,0.619,78.6,1,109.65,57.0,27.9,0,5.5,0,13533
2023-06-30,North_Zone,Monsoon,28.1,0,15509,Delhi NCR,28.61,77.21,30.5,0.92,216,0,1.48,Semi_Arid,83.8,16.6,33.0,16.7,6.2,0,0.352,0.267,104.0,0.711,79.2,1,107.24,55.2,40.8,0,5.5,0,14125
2023-07-01,North_Zone,Monsoon,26.6,0,14476,Delhi NCR,28.61,77.21,30.5,0.92,216,0,1.48,Semi_Arid,78.6,0.0,26.6,16.4,5.3,0,0.407,0.327,125.0,0.719,78.3,1,108.12,54.1,29.3,0,5.5,0,13257
2023-07-02,North_Zone,Monsoon,32.4,0,16093,Delhi NCR,28.61,77.21,30.5,0.92,216,0,1.48,Semi_Arid,70.0,7.3,41.6,16.5,6.1,0,0.405,0.356,99.0,0.732,72.7,1,108.44,53.0,41.4,0,5.5,0,14661
2023-07-03,North_Zone,Monsoon,27.5,0,14931,Delhi NCR,28.61,77.21,30.5,0.92,216,0,1.48,Semi_Arid,84.4,31.9,31.4,16.1,5.5,0,0.283,0.245,105.0,0.66,79.2,1,108.66,52.3,26.2,0,5.5,0,13446
2023-07-04,North_Zone,Monsoon,27.5,0,14311,Delhi NCR,28.61,77.21,30.5,0.92,216,0,1.48,Semi_Arid,81.6,47.1,31.1,15.8,5.7,0,0.584,0.181,107.0,0.622,78.8,1,108.97,58.3,37.0,0,5.5,0,13043
2023-07-05,North_Zone,Monsoon,25.0,0,13640,Delhi NCR,28.61,77.21,30.5,0.92,216,0,1.48,Semi_Arid,73.7,0.0,25.0,16.0,5.6,0,0.455,0.359,104.0,0.663,76.9,1,107.45,60.3,29.3,0,5.5,0,12476
2023-07-06,North_Zone,Monsoon,30.6,0,15150,Delhi NCR,28.61,77.21,30.5,0.92,216,0,1.48,Semi_Arid,85.5,0.0,41.4,12.0,5.5,0,0.234,0.359,126.0,0.724,70.4,1,108.5,51.4,34.0,0,5.5,0,14088
2023-07-07,North_Zone,Monsoon,27.5,0,15444,Delhi NCR,28.61,77.21,30.5,0.92,216,0,1.48,Semi_Arid,81.8,0.0,31.1,13.4,4.9,0,0.313,0.284,93.0,0.719,79.9,1,106.89,55.5,39.4,0,5.5,0,14744
2023-07-08,North_Zone,Monsoon,27.2,0,15297,Delhi NCR,28.61,77.21,30.5,0.92,216,0,1.48,Semi_Arid,78.6,0.0,30.0,14.2,6.1,0,0.101,0.368,90.0,0.664,75.4,1,107.7,59.2,38.5,0,5.5,0,13841
2023-07-09,North_Zone,Monsoon,23.4,0,13738,Delhi NCR,28.61,77.21,30.5,0.92,216,0,1.48,Semi_Arid,88.9,11.8,23.4,13.0,6.4,0,0.303,0.28,86.0,0.594,74.6,1,108.24,55.5,29.9,0,5.5,0,12606
2023-07-10,North_Zone,Monsoon,28.2,0,15077,Delhi NCR,28.61,77.21,30.5,0.92,216,0,1.48,Semi_Arid,78.9,2.1,32.4,9.3,6.7,0,0.467,0.205,66.0,0.651,74.3,1,108.68,59.3,30.9,0,5.5,0,13579
2023-07-11,North_Zone,Monsoon,23.0,0,14722,Delhi NCR,28.61,77.21,30.5,0.92,216,0,1.48,Semi_Arid,81.1,8.3,23.0,10.3,5.1,0,0.578,0.181,132.0,0.618,72.1,1,108.24,60.6,26.1,0,5.5,0,12995
2023-07-12,North_Zone,Monsoon,25.4,0,14627,Delhi NCR,28.61,77.21,30.5,0.92,216,0,1.48,Semi_Arid,76.5,0.0,25.4,14.7,5.1,0,0.288,0.181,89.0,0.624,79.4,1,107.73,57.7,25.0,0,5.5,0,12972
2023-07-13,North_Zone,Monsoon,28.0,0,15808,Delhi NCR,28.61,77.21,30.5,0.92,216,0,1.48,Semi_Arid,81.1,0.0,32.3,16.7,5.3,0,0.333,0.26,101.0,0.658,85.1,1,107.53,54.0,29.8,0,5.5,0,14389
2023-07-14,North_Zone,Monsoon,34.6,0,15608,Delhi NCR,28.61,77.21,30.5,0.92,216,0,1.48,Semi_Arid,76.6,6.2,52.7,14.0,5.9,0,0.361,0.232,133.0,0.67,76.3,1,108.12,61.5,29.7,0,5.5,0,13947
2023-07-15,North_Zone,Monsoon,26.1,0,14664,Delhi NCR,28.61,77.21,30.5,0.92,216,0,1.48,Semi_Arid,79.4,0.0,26.1,22.3,5.5,0,0.498,0.225,102.0,0.633,80.5,1,109.73,55.8,26.5,0,5.5,0,12725
2023-07-16,North_Zone,Monsoon,24.7,0,14796,Delhi NCR,28.61,77.21,30.5,0.92,216,0,1.48,Semi_Arid,76.2,49.4,24.7,11.2,4.9,0,0.202,0.254,114.0,0.668,77.7,1,108.36,55.3,33.0,0,5.5,0,13518
2023-07-17,North_Zone,Monsoon,30.5,0,16080,Delhi NCR,28.61,77.21,30.5,0.92,216,0,1.48,Semi_Arid,77.3,11.5,38.4,15.3,4.9,0,0.566,0.311,79.0,0.674,78.8,1,107.85,58.2,33.8,0,5.5,0,14617
2023-07-18,North_Zone,Monsoon,28.7,0,16273,Delhi NCR,28.61,77.21,30.5,0.92,216,0,1.48,Semi_Arid,77.4,9.7,33.4,17.9,5.7,0,0.268,0.227,130.0,0.588,77.8,1,106.07,54.2,33.9,0,5.5,0,14369
2023-07-19,North_Zone,Monsoon,24.5,0,14185,Delhi NCR,28.61,77.21,30.5,0.92,216,0,1.48,Semi_Arid,73.6,0.0,24.5,17.2,3.4,0,0.183,0.217,103.0,0.671,80.3,1,106.56,54.7,30.0,0,5.5,0,12469
2023-07-20,North_Zone,Monsoon,25.8,0,15157,Delhi NCR,28.61,77.21,30.5,0.92,216,0,1.48,Semi_Arid,72.2,16.8,25.8,16.0,5.5,0,0.268,0.231,87.0,0.644,74.4,1,107.05,54.3,31.1,0,5.5,0,13653
2023-07-21,North_Zone,Monsoon,22.5,0,13602,Delhi NCR,28.61,77.21,30.5,0.92,216,0,1.48,Semi_Arid,84.3,13.7,22.5,17.2,4.8,0,0.219,0.315,87.0,0.641,78.3,1,108.25,55.6,32.4,0,5.5,0,12508
2023-07-22,North_Zone,Monsoon,29.0,0,14493,Delhi NCR,28.61,77.21,30.5,0.92,216,0,1.48,Semi_Arid,64.6,0.0,31.8,14.2,6.2,0,0.342,0.256,135.0,0.642,81.4,1,106.37,56.3,38.1,0,5.5,0,12877
2023-07-23,North_Zone,Monsoon,26.1,0,14542,Delhi NCR,28.61,77.21,30.5,0.92,216,0,1.48,Semi_Arid,80.4,38.2,26.1,19.0,6.2,0,0.135,0.277,94.0,0.675,80.1,1,107.92,48.3,30.6,0,5.5,0,13171
2023-07-24,North_Zone,Monsoon,30.9,0,14890,Delhi NCR,28.61,77.21,30.5,0.92,216,0,1.48,Semi_Arid,74.1,28.6,38.6,17.8,6.4,0,0.314,0.353,87.0,0.69,79.0,1,107.36,55.6,25.6,0,5.5,0,13895
2023-07-25,North_Zone,Monsoon,25.4,0,15256,Delhi NCR,28.61,77.21,30.5,0.92,216,0,1.48,Semi_Arid,86.3,9.0,25.4,11.4,5.3,0,0.366,0.431,97.0,0.727,78.3,1,107.57,49.0,32.4,0,5.5,0,14184
2023-07-26,North_Zone,Monsoon,27.2,0,14173,Delhi NCR,28.61,77.21,30.5,0.92,216,0,1.48,Semi_Arid,76.2,47.1,29.8,15.0,4.9,0,0.448,0.298,106.0,0.688,76.9,1,106.97,54.2,31.8,0,5.5,0,12814
2023-07-27,North_Zone,Monsoon,30.2,0,15155,Delhi NCR,28.61,77.21,30.5,0.92,216,0,1.48,Semi_Arid,80.2,6.7,38.3,9.4,5.3,0,0.368,0.292,108.0,0.638,76.9,1,106.55,57.0,25.9,0,5.5,0,13522
2023-07-28,North_Zone,Monsoon,31.1,0,15239,Delhi NCR,28.61,77.21,30.5,0.92,216,0,1.48,Semi_Arid,74.4,13.7,39.3,18.6,6.0,0,0.442,0.189,113.0,0.559,73.3,1,106.15,54.2,32.0,0,5.5,0,13370
2023-07-29,North_Zone,Monsoon,27.5,0,15636,Delhi NCR,28.61,77.21,30.5,0.92,216,0,1.48,Semi_Arid,79.1,0.0,30.8,14.7,4.6,0,0.239,0.282,109.0,0.674,79.5,1,107.7,58.9,29.6,0,5.5,0,14106
2023-07-30,North_Zone,Monsoon,27.3,0,15435,Delhi NCR,28.61,77.21,30.5,0.92,216,0,1.48,Semi_Arid,82.3,8.5,30.7,18.0,6.5,0,0.339,0.264,117.0,0.685,82.1,1,106.98,57.2,33.6,0,5.5,0,13856
2023-07-31,North_Zone,Monsoon,27.8,0,16536,Delhi NCR,28.61,77.21,30.5,0.92,216,0,1.48,Semi_Arid,76.0,42.8,31.1,13.7,5.4,0,0.077,0.314,100.0,0.672,78.9,1,105.95,46.8,36.1,0,5.5,0,14907
2023-08-01,North_Zone,Monsoon,32.7,0,15114,Delhi NCR,28.61,77.21,30.5,0.92,216,0,1.48,Semi_Arid,80.4,0.0,47.2,8.4,6.2,0,0.289,0.236,142.0,0.679,78.0,1,107.22,60.7,31.3,0,5.5,0,13576
2023-08-02,North_Zone,Monsoon,29.6,0,14738,Delhi NCR,28.61,77.21,30.5,0.92,216,0,1.48,Semi_Arid,72.3,10.5,34.6,21.9,4.7,0,0.339,0.272,96.0,0.638,79.8,1,110.39,58.2,36.6,0,5.5,0,13025
2023-08-03,North_Zone,Monsoon,28.6,0,15198,Delhi NCR,28.61,77.21,30.5,0.92,216,0,1.48,Semi_Arid,79.3,0.0,33.5,14.4,5.1,0,0.348,0.296,129.0,0.664,71.6,1,106.74,53.4,32.5,0,5.5,0,13676
2023-08-04,North_Zone,Monsoon,24.8,0,15055,Delhi NCR,28.61,77.21,30.5,0.92,216,0,1.48,Semi_Arid,84.7,0.0,24.8,11.0,4.3,0,0.143,0.374,94.0,0.666,76.5,1,108.56,54.5,32.7,0,5.5,0,14240
2023-08-05,North_Zone,Monsoon,28.6,0,14924,Delhi NCR,28.61,77.21,30.5,0.92,216,0,1.48,Semi_Arid,81.1,0.0,33.9,17.4,6.3,0,0.261,0.354,79.0,0.709,77.8,1,104.3,46.4,32.5,0,5.5,0,13250
2023-08-06,North_Zone,Monsoon,26.7,0,14783,Delhi NCR,28.61,77.21,30.5,0.92,216,0,1.48,Semi_Arid,88.6,3.1,29.8,20.1,5.5,0,0.275,0.336,75.0,0.657,72.9,1,106.58,56.5,33.0,0,5.5,0,13667
2023-08-07,North_Zone,Monsoon,29.2,0,15205,Delhi NCR,28.61,77.21,30.5,0.92,216,0,1.48,Semi_Arid,73.7,2.6,33.9,13.4,6.1,0,0.257,0.304,110.0,0.738,78.5,1,107.78,58.7,27.1,0,5.5,0,14022
2023-08-08,North_Zone,Monsoon,19.5,0,12889,Delhi NCR,28.61,77.21,30.5,0.92,216,0,1.48,Semi_Arid,76.4,0.2,19.5,13.7,5.3,0,0.373,0.234,126.0,0.643,72.4,1,106.81,53.0,24.9,0,5.5,0,11598
2023-08-09,North_Zone,Monsoon,23.7,0,13751,Delhi NCR,28.61,77.21,30.5,0.92,216,0,1.48,Semi_Arid,75.8,0.0,23.7,14.7,5.7,0,0.278,0.304,84.0,0.7,80.1,1,106.13,51.8,39.6,0,5.5,0,12427
2023-08-10,North_Zone,Monsoon,23.8,0,12813,Delhi NCR,28.61,77.21,30.5,0.92,216,0,1.48,Semi_Arid,84.0,0.0,23.8,10.7,5.2,0,0.31,0.214,89.0,0.639,78.7,1,106.72,56.3,35.1,0,5.5,0,11654
2023-08-11,North_Zone,Monsoon,31.7,0,15670,Delhi NCR,28.61,77.21,30.5,0.92,216,0,1.48,Semi_Arid,78.5,52.6,42.7,11.9,5.7,0,0.251,0.248,112.0,0.702,77.4,1,107.7,60.9,31.3,0,5.5,0,14561
2023-08-12,North_Zone,Monsoon,26.8,0,15088,Delhi NCR,28.61,77.21,30.5,0.92,216,0,1.48,Semi_Arid,79.4,0.4,29.3,19.3,5.5,0,0.406,0.367,105.0,0.731,80.3,1,108.83,60.9,39.3,0,5.5,0,14130
2023-08-13,North_Zone,Monsoon,26.9,0,16405,Delhi NCR,28.61,77.21,30.5,0.92,216,0,1.48,Semi_Arid,73.2,3.0,28.9,13.6,5.8,0,0.414,0.292,94.0,0.663,78.4,1,107.73,59.4,48.3,0,5.5,0,15072
2023-08-14,North_Zone,Monsoon,27.2,0,15087,Delhi NCR,28.61,77.21,30.5,0.92,216,0,1.48,Semi_Arid,82.5,10.7,30.5,11.5,5.9,0,0.269,0.274,82.0,0.677,79.4,1,106.13,63.5,26.5,0,5.5,0,13548
2023-08-15,North_Zone,Monsoon,30.9,0,17010,Delhi NCR,28.61,77.21,30.5,0.92,216,0,1.48,Semi_Arid,70.3,0.0,37.4,12.6,7.5,0,0.585,0.281,111.0,0.708,78.9,1,106.38,59.2,33.8,0,5.5,0,15282
2023-08-16,North_Zone,Monsoon,25.8,0,14109,Delhi NCR,28.61,77.21,30.5,0.92,216,0,1.48,Semi_Arid,85.3,0.0,25.8,17.2,6.5,0,0.223,0.254,117.0,0.673,75.4,1,106.36,60.2,37.3,0,5.5,0,12782
2023-08-17,North_Zone,Monsoon,31.8,0,16603,Delhi NCR,28.61,77.21,30.5,0.92,216,0,1.48,Semi_Arid,90.2,4.5,48.2,8.1,4.8,0,0.401,0.131,114.0,0.605,82.7,1,105.7,55.6,25.8,0,5.5,0,14754
2023-08-18,North_Zone,Monsoon,31.2,0,14711,Delhi NCR,28.61,77.21,30.5,0.92,216,0,1.48,Semi_Arid,78.1,0.0,40.9,14.8,5.7,0,0.205,0.184,105.0,0.648,81.7,1,106.39,54.2,26.4,0,5.5,0,13104
2023-08-19,North_Zone,Monsoon,32.6,0,15551,Delhi NCR,28.61,77.21,30.5,0.92,216,0,1.48,Semi_Arid,78.4,10.4,45.8,21.4,5.6,0,0.377,0.297,86.0,0.652,79.3,1,106.24,60.0,38.8,0,5.5,0,14067
2023-08-20,North_Zone,Monsoon,28.6,0,15025,Delhi NCR,28.61,77.21,30.5,0.92,216,0,1.48,Semi_Arid,75.4,12.6,32.8,20.1,6.4,0,0.37,0.205,111.0,0.656,78.5,1,105.29,51.2,33.7,0,5.5,0,13450
2023-08-21,North_Zone,Monsoon,25.4,0,13211,Delhi NCR,28.61,77.21,30.5,0.92,216,0,1.48,Semi_Arid,70.7,14.5,25.4,15.7,5.3,0,0.199,0.254,109.0,0.64,80.3,1,107.31,57.6,30.5,0,5.5,0,12181
2023-08-22,North_Zone,Monsoon,22.8,0,13787,Delhi NCR,28.61,77.21,30.5,0.92,216,0,1.48,Semi_Arid,78.3,18.8,22.8,17.9,5.7,0,0.287,0.186,81.0,0.658,81.8,1,106.87,53.3,25.8,0,5.5,0,12325
2023-08-23,North_Zone,Monsoon,23.4,0,12948,Delhi NCR,28.61,77.21,30.5,0.92,216,0,1.48,Semi_Arid,75.5,0.0,23.4,17.9,4.0,0,0.487,0.217,100.0,0.601,83.7,1,105.79,56.7,35.6,0,5.5,0,11599
2023-08-24,North_Zone,Monsoon,27.3,0,12725,Delhi NCR,28.61,77.21,30.5,0.92,216,0,1.48,Semi_Arid,71.4,8.0,29.5,13.6,4.7,0,0.219,0.26,112.0,0.631,76.4,1,106.56,56.7,27.0,0,5.5,0,10958
2023-08-25,North_Zone,Monsoon,30.3,0,13656,Delhi NCR,28.61,77.21,30.5,0.92,216,0,1.48,Semi_Arid,85.4,75.5,40.3,16.8,7.0,1,0.34,0.315,104.0,0.655,81.1,1,105.42,55.8,28.9,0,5.5,0,13072
2023-08-26,North_Zone,Monsoon,27.8,0,14953,Delhi NCR,28.61,77.21,30.5,0.92,216,0,1.48,Semi_Arid,79.7,6.5,31.6,19.4,5.7,0,0.334,0.327,70.0,0.677,77.7,1,105.81,55.3,29.2,0,5.5,0,13612
2023-08-27,North_Zone,Monsoon,29.6,0,15370,Delhi NCR,28.61,77.21,30.5,0.92,216,0,1.48,Semi_Arid,79.1,13.7,36.2,10.2,5.1,0,0.296,0.216,93.0,0.609,73.2,1,107.03,57.9,32.3,0,5.5,0,13837
2023-08-28,North_Zone,Monsoon,34.1,0,16686,Delhi NCR,28.61,77.21,30.5,0.92,216,0,1.48,Semi_Arid,73.0,10.5,48.7,15.7,6.1,0,0.127,0.278,92.0,0.643,80.5,1,106.8,58.5,28.5,0,5.5,0,15102
2023-08-29,North_Zone,Monsoon,31.2,0,15211,Delhi NCR,28.61,77.21,30.5,0.92,216,0,1.48,Semi_Arid,75.4,13.1,39.9,15.1,5.2,0,0.383,0.174,115.0,0.667,82.4,1,105.8,49.7,29.3,0,5.5,0,13391
2023-08-30,North_Zone,Monsoon,28.4,0,16328,Delhi NCR,28.61,77.21,30.5,0.92,216,0,1.48,Semi_Arid,82.8,33.3,33.6,14.3,5.5,0,0.301,0.263,152.0,0.693,80.9,1,106.6,55.5,38.7,0,5.5,0,14771
2023-08-31,North_Zone,Monsoon,27.3,0,14975,Delhi NCR,28.61,77.21,30.5,0.92,216,0,1.48,Semi_Arid,78.5,9.8,30.2,14.0,4.7,0,0.41,0.317,107.0,0.603,77.5,1,106.2,53.8,34.8,0,5.5,0,13811
2023-09-01,North_Zone,Autumn,26.9,0,14141,Delhi NCR,28.61,77.21,30.5,0.92,216,0,1.48,Semi_Arid,57.5,0.0,27.8,6.7,6.1,0,0.323,0.556,143.0,0.721,79.2,1,105.26,55.9,60.1,0,5.5,0,13040
2023-09-02,North_Zone,Autumn,17.5,0,12583,Delhi NCR,28.61,77.21,30.5,0.92,216,0,1.48,Semi_Arid,59.5,0.0,17.5,6.9,5.9,0,0.306,0.639,162.0,0.798,80.1,1,106.07,53.8,62.2,0,5.5,0,11810
2023-09-03,North_Zone,Autumn,27.0,0,13660,Delhi NCR,28.61,77.21,30.5,0.92,216,0,1.48,Semi_Arid,53.1,0.0,27.6,9.4,7.3,0,0.337,0.61,165.0,0.764,79.7,1,106.66,60.8,54.7,0,5.5,0,12659
2023-09-04,North_Zone,Autumn,26.0,0,15044,Delhi NCR,28.61,77.21,30.5,0.92,216,0,1.48,Semi_Arid,48.4,0.0,26.0,7.4,6.8,0,0.201,0.574,179.0,0.756,81.7,1,106.51,55.3,61.8,0,5.5,0,14249
2023-09-05,North_Zone,Autumn,17.2,0,11545,Delhi NCR,28.61,77.21,30.5,0.92,216,0,1.48,Semi_Arid,50.8,0.0,17.2,5.5,6.5,0,0.456,0.545,187.0,0.753,80.8,1,104.5,58.7,62.1,0,5.5,0,11173
2023-09-06,North_Zone,Autumn,22.8,0,13559,Delhi NCR,28.61,77.21,30.5,0.92,216,0,1.48,Semi_Arid,56.0,0.0,22.8,3.5,6.4,0,0.262,0.528,190.0,0.703,76.3,1,106.34,51.7,54.9,0,5.5,0,12744
2023-09-07,North_Zone,Autumn,21.8,0,12805,Delhi NCR,28.61,77.21,30.5,0.92,216,0,1.48,Semi_Arid,58.2,1.9,21.8,4.6,6.8,0,0.264,0.473,175.0,0.725,78.1,1,106.19,54.4,63.0,0,5.5,0,12247
2023-09-08,North_Zone,Autumn,29.0,0,15167,Delhi NCR,28.61,77.21,30.5,0.92,216,0,1.48,Semi_Arid,47.2,0.0,29.3,6.8,6.2,0,0.429,0.482,165.0,0.735,76.5,1,104.25,52.2,61.2,0,5.5,0,13810
2023-09-09,North_Zone,Autumn,21.9,0,13445,Delhi NCR,28.61,77.21,30.5,0.92,216,0,1.48,Semi_Arid,57.7,0.0,21.9,3.9,5.9,0,0.325,0.62,192.0,0.758,78.5,1,105.33,56.7,61.3,0,5.5,0,12619
2023-09-10,North_Zone,Autumn,25.6,0,14444,Delhi NCR,28.61,77.21,30.5,0.92,216,0,1.48,Semi_Arid,55.9,0.0,25.6,8.8,6.8,0,0.276,0.651,159.0,0.751,72.4,1,106.62,50.9,68.3,0,5.5,0,13705
2023-09-11,North_Zone,Autumn,23.4,0,13325,Delhi NCR,28.61,77.21,30.5,0.92,216,0,1.48,Semi_Arid,46.2,0.0,23.4,7.3,6.3,0,0.341,0.495,166.0,0.722,83.8,1,107.5,49.2,60.6,0,5.5,0,12854
2023-09-12,North_Zone,Autumn,22.0,0,13025,Delhi NCR,28.61,77.21,30.5,0.92,216,0,1.48,Semi_Arid,53.2,0.0,22.0,9.4,6.3,0,0.363,0.564,161.0,0.707,75.7,1,104.46,52.3,55.4,0,5.5,0,12219
2023-09-13,North_Zone,Autumn,25.0,0,13458,Delhi NCR,28.61,77.21,30.5,0.92,216,0,1.48,Semi_Arid,58.0,0.0,25.0,4.1,6.4,0,0.288,0.466,127.0,0.735,76.5,1,107.07,58.1,60.7,0,5.5,0,12659
2023-09-14,North_Zone,Autumn,25.2,0,15425,Delhi NCR,28.61,77.21,30.5,0.92,216,0,1.48,Semi_Arid,57.8,0.0,25.2,3.5,7.3,0,0.392,0.501,188.0,0.682,78.2,1,104.2,51.4,60.1,0,5.5,0,14434
2023-09-15,North_Zone,Autumn,25.0,0,13948,Delhi NCR,28.61,77.21,30.5,0.92,216,0,1.48,Semi_Arid,50.2,0.0,25.0,9.4,7.3,0,0.173,0.576,177.0,0.72,73.9,1,107.47,57.1,54.5,0,5.5,0,13090
2023-09-16,North_Zone,Autumn,20.1,0,14288,Delhi NCR,28.61,77.21,30.5,0.92,216,0,1.48,Semi_Arid,59.7,0.2,20.1,6.4,5.9,0,0.326,0.529,122.0,0.753,77.0,1,105.83,52.7,49.9,0,5.5,0,13787
2023-09-17,North_Zone,Autumn,20.5,0,13801,Delhi NCR,28.61,77.21,30.5,0.92,216,0,1.48,Semi_Arid,63.8,0.0,20.5,5.4,5.2,0,0.38,0.445,183.0,0.72,78.5,1,105.34,48.1,59.7,0,5.5,0,13286
2023-09-18,North_Zone,Autumn,25.9,0,14289,Delhi NCR,28.61,77.21,30.5,0.92,216,0,1.48,Semi_Arid,59.3,0.0,25.9,8.1,6.1,0,0.362,0.663,160.0,0.751,82.9,1,106.4,59.0,64.7,0,5.5,0,13894
2023-09-19,North_Zone,Autumn,23.2,0,12334,Delhi NCR,28.61,77.21,30.5,0.92,216,0,1.48,Semi_Arid,56.6,0.0,23.2,8.0,5.9,0,0.076,0.557,183.0,0.688,78.4,1,105.08,57.6,64.8,0,5.5,0,11788
2023-09-20,North_Zone,Autumn,25.0,0,14743,Delhi NCR,28.61,77.21,30.5,0.92,216,0,1.48,Semi_Arid,53.7,0.0,25.0,2.2,7.0,0,0.287,0.494,166.0,0.722,76.8,1,106.55,55.5,61.4,0,5.5,0,13771
2023-09-21,North_Zone,Autumn,20.7,0,13058,Delhi NCR,28.61,77.21,30.5,0.92,216,0,1.48,Semi_Arid,55.4,2.9,20.7,10.2,6.8,0,0.179,0.568,141.0,0.723,74.6,1,105.9,55.5,67.9,0,5.5,0,12486
2023-09-22,North_Zone,Autumn,24.1,0,14496,Delhi NCR,28.61,77.21,30.5,0.92,216,0,1.48,Semi_Arid,58.9,0.0,24.1,4.8,5.8,0,0.429,0.555,165.0,0.753,84.4,1,102.21,53.1,60.9,0,5.5,0,13240
2023-09-23,North_Zone,Autumn,24.0,0,12701,Delhi NCR,28.61,77.21,30.5,0.92,216,0,1.48,Semi_Arid,57.6,2.6,24.0,11.1,6.0,0,0.261,0.585,149.0,0.731,78.2,1,105.21,51.0,59.0,0,5.5,0,11909
2023-09-24,North_Zone,Autumn,22.4,0,13782,Delhi NCR,28.61,77.21,30.5,0.92,216,0,1.48,Semi_Arid,60.7,0.0,22.4,2.0,5.5,0,0.417,0.54,143.0,0.682,78.2,1,106.2,60.7,61.0,0,5.5,0,12636
2023-09-25,North_Zone,Autumn,26.5,0,14137,Delhi NCR,28.61,77.21,30.5,0.92,216,0,1.48,Semi_Arid,55.8,0.0,26.5,7.0,6.7,0,0.178,0.579,181.0,0.703,73.9,1,107.08,55.4,56.3,0,5.5,0,13401
2023-09-26,North_Zone,Autumn,30.6,0,14125,Delhi NCR,28.61,77.21,30.5,0.92,216,0,1.48,Semi_Arid,56.7,4.5,33.3,5.4,6.8,0,0.339,0.617,172.0,0.741,79.6,1,106.34,57.0,53.7,0,5.5,0,13317
2023-09-27,North_Zone,Autumn,22.3,0,13510,Delhi NCR,28.61,77.21,30.5,0.92,216,0,1.48,Semi_Arid,58.1,0.0,22.3,1.0,6.8,0,0.301,0.481,192.0,0.724,76.2,1,107.05,53.8,55.1,0,5.5,0,12802
2023-09-28,North_Zone,Autumn,23.4,0,12863,Delhi NCR,28.61,77.21,30.5,0.92,216,0,1.48,Semi_Arid,60.9,0.0,23.4,8.0,6.7,0,0.576,0.518,158.0,0.695,82.4,1,105.11,56.8,57.6,0,5.5,0,12143
2023-09-29,North_Zone,Autumn,25.3,0,14632,Delhi NCR,28.61,77.21,30.5,0.92,216,0,1.48,Semi_Arid,60.2,0.0,25.3,1.0,6.9,0,0.418,0.61,148.0,0.73,79.4,1,106.73,60.3,64.3,0,5.5,0,14152
2023-09-30,North_Zone,Autumn,24.1,0,14301,Delhi NCR,28.61,77.21,30.5,0.92,216,0,1.48,Semi_Arid,52.5,1.8,24.1,5.1,5.5,0,0.411,0.527,176.0,0.756,78.4,1,106.74,56.4,52.8,0,5.5,0,13299
2023-10-01,North_Zone,Autumn,22.7,0,12388,Delhi NCR,28.61,77.21,30.5,0.92,216,0,1.48,Semi_Arid,48.3,0.0,22.7,9.3,6.0,0,0.503,0.555,150.0,0.772,74.0,1,104.37,56.2,55.1,0,5.5,0,11361
2023-10-02,North_Zone,Autumn,24.6,1,17112,Delhi NCR,28.61,77.21,30.5,0.92,216,0,1.48,Semi_Arid,64.0,0.0,24.6,4.4,7.0,0,0.328,0.532,159.0,0.741,77.7,1,107.1,59.4,76.0,0,5.5,0,16857
2023-10-03,North_Zone,Autumn,25.6,1,17446,Delhi NCR,28.61,77.21,30.5,0.92,216,0,1.48,Semi_Arid,56.9,0.0,25.6,3.3,6.2,0,0.29,0.536,174.0,0.725,77.4,1,106.33,58.4,70.2,0,5.5,0,16444
2023-10-04,North_Zone,Autumn,25.3,0,14334,Delhi NCR,28.61,77.21,30.5,0.92,216,0,1.48,Semi_Arid,47.2,0.0,25.3,8.4,5.5,0,0.279,0.53,163.0,0.714,78.4,1,105.72,59.5,59.0,0,5.5,0,13458
2023-10-05,North_Zone,Autumn,23.7,0,12941,Delhi NCR,28.61,77.21,30.5,0.92,216,0,1.48,Semi_Arid,53.2,0.4,23.7,5.3,6.9,0,0.333,0.484,156.0,0.737,72.1,1,105.71,56.6,58.1,0,5.5,0,12343
2023-10-06,North_Zone,Autumn,26.2,0,13505,Delhi NCR,28.61,77.21,30.5,0.92,216,0,1.48,Semi_Arid,59.1,0.0,26.2,4.8,6.2,0,0.023,0.588,140.0,0.738,75.3,1,104.97,56.3,69.7,0,5.5,0,12805
2023-10-07,North_Zone,Autumn,24.7,0,13211,Delhi NCR,28.61,77.21,30.5,0.92,216,0,1.48,Semi_Arid,54.8,0.0,24.7,9.8,7.1,0,0.3,0.624,182.0,0.784,76.5,1,106.64,56.6,62.8,0,5.5,0,12422
2023-10-08,North_Zone,Autumn,23.1,0,13764,Delhi NCR,28.61,77.21,30.5,0.92,216,0,1.48,Semi_Arid,54.6,0.0,23.1,2.5,6.4,0,0.323,0.549,158.0,0.766,79.5,1,106.32,59.0,61.3,0,5.5,0,13474
2023-10-09,North_Zone,Autumn,25.9,0,14297,Delhi NCR,28.61,77.21,30.5,0.92,216,0,1.48,Semi_Arid,62.5,0.0,25.9,4.6,6.4,0,0.284,0.617,176.0,0.767,72.2,1,106.6,53.9,61.0,0,5.5,0,13513
2023-10-10,North_Zone,Autumn,20.2,0,13545,Delhi NCR,28.61,77.21,30.5,0.92,216,0,1.48,Semi_Arid,53.6,0.0,20.2,8.6,7.1,0,0.147,0.531,174.0,0.718,82.1,1,106.1,57.6,62.0,0,5.5,0,13123
2023-10-11,North_Zone,Autumn,25.4,0,14923,Delhi NCR,28.61,77.21,30.5,0.92,216,0,1.48,Semi_Arid,51.8,0.0,25.4,2.3,5.7,0,0.285,0.527,185.0,0.719,81.7,1,106.24,64.7,69.2,0,5.5,0,14229
2023-10-12,North_Zone,Autumn,22.7,0,13619,Delhi NCR,28.61,77.21,30.5,0.92,216,0,1.48,Semi_Arid,58.4,0.0,22.7,11.3,7.2,0,0.147,0.585,161.0,0.697,75.0,1,105.74,56.7,58.1,0,5.5,0,12997
2023-10-13,North_Zone,Autumn,21.6,0,13674,Delhi NCR,28.61,77.21,30.5,0.92,216,0,1.48,Semi_Arid,60.0,0.0,21.6,5.3,5.9,0,0.477,0.586,159.0,0.745,85.4,1,107.12,51.1,60.8,0,5.5,0,13175
2023-10-14,North_Zone,Autumn,26.2,1,17913,Delhi NCR,28.61,77.21,30.5,0.92,216,0,1.48,Semi_Arid,57.8,0.0,26.2,8.6,6.7,0,0.274,0.553,145.0,0.736,78.7,1,106.66,54.5,72.1,0,5.5,0,16992
2023-10-15,North_Zone,Autumn,20.0,0,11709,Delhi NCR,28.61,77.21,30.5,0.92,216,0,1.48,Semi_Arid,63.6,0.0,20.0,8.6,6.4,0,0.094,0.601,155.0,0.709,77.7,1,106.23,58.0,64.5,0,5.5,0,11198
2023-10-16,North_Zone,Autumn,18.4,0,13406,Delhi NCR,28.61,77.21,30.5,0.92,216,0,1.48,Semi_Arid,61.0,4.7,18.4,5.5,5.9,0,0.279,0.483,171.0,0.792,79.8,1,105.93,52.7,68.5,0,5.5,0,13153
2023-10-17,North_Zone,Autumn,25.2,0,13041,Delhi NCR,28.61,77.21,30.5,0.92,216,0,1.48,Semi_Arid,58.3,0.0,25.2,4.6,6.1,0,0.39,0.542,150.0,0.752,79.3,1,104.31,50.8,57.1,0,5.5,0,12515
2023-10-18,North_Zone,Autumn,20.4,0,13676,Delhi NCR,28.61,77.21,30.5,0.92,216,0,1.48,Semi_Arid,57.5,0.7,20.4,5.9,6.0,0,0.318,0.618,171.0,0.729,78.4,1,104.1,49.1,62.3,0,5.5,0,13167
2023-10-19,North_Zone,Autumn,19.4,0,12881,Delhi NCR,28.61,77.21,30.5,0.92,216,0,1.48,Semi_Arid,59.7,0.0,19.4,8.1,5.6,0,0.209,0.618,191.0,0.816,74.7,1,105.73,54.5,60.9,0,5.5,0,12458
2023-10-20,North_Zone,Autumn,22.8,1,17743,Delhi NCR,28.61,77.21,30.5,0.92,216,0,1.48,Semi_Arid,57.9,0.0,22.8,3.0,7.6,0,0.232,0.61,157.0,0.738,76.7,1,107.38,62.4,65.0,0,5.5,0,16895
2023-10-21,North_Zone,Autumn,19.4,0,14431,Delhi NCR,28.61,77.21,30.5,0.92,216,0,1.48,Semi_Arid,60.4,0.0,19.4,2.4,5.9,0,0.271,0.621,141.0,0.78,79.1,1,105.42,53.0,64.9,0,5.5,0,13620
2023-10-22,North_Zone,Autumn,28.9,0,15296,Delhi NCR,28.61,77.21,30.5,0.92,216,0,1.48,Semi_Arid,57.5,0.0,30.5,10.5,7.4,0,0.256,0.538,158.0,0.737,80.5,1,105.47,58.7,67.8,0,5.5,0,14861
2023-10-23,North_Zone,Autumn,26.3,1,17851,Delhi NCR,28.61,77.21,30.5,0.92,216,0,1.48,Semi_Arid,58.0,0.0,26.3,3.8,7.2,0,0.174,0.458,139.0,0.701,82.3,1,105.17,54.0,76.1,0,5.5,0,16746
2023-10-24,North_Zone,Autumn,23.4,0,14595,Delhi NCR,28.61,77.21,30.5,0.92,216,0,1.48,Semi_Arid,57.2,0.0,23.4,7.1,6.6,0,0.293,0.544,189.0,0.726,76.6,1,104.87,53.4,56.8,0,5.5,0,13604
2023-10-25,North_Zone,Autumn,22.9,0,10952,Delhi NCR,28.61,77.21,30.5,0.92,216,0,1.48,Semi_Arid,53.2,0.0,22.9,5.4,6.3,0,0.167,0.598,167.0,0.793,78.2,1,105.26,57.2,53.2,0,5.5,0,10376
2023-10-26,North_Zone,Autumn,20.2,0,13351,Delhi NCR,28.61,77.21,30.5,0.92,216,0,1.48,Semi_Arid,59.2,0.0,20.2,5.5,6.4,0,0.395,0.608,152.0,0.778,76.0,1,106.46,49.4,63.2,0,5.5,0,12475
2023-10-27,North_Zone,Autumn,22.9,0,14080,Delhi NCR,28.61,77.21,30.5,0.92,216,0,1.48,Semi_Arid,57.1,1.3,22.9,10.3,6.7,0,0.407,0.528,155.0,0.728,81.3,1,105.71,62.0,54.6,0,5.5,0,13131
2023-10-28,North_Zone,Autumn,16.2,0,12205,Delhi NCR,28.61,77.21,30.5,0.92,216,0,1.48,Semi_Arid,62.2,0.5,16.2,5.7,6.1,0,0.2,0.502,144.0,0.664,77.1,1,105.68,57.4,55.1,0,5.5,0,11219
2023-10-29,North_Zone,Autumn,22.6,0,14407,Delhi NCR,28.61,77.21,30.5,0.92,216,0,1.48,Semi_Arid,68.5,0.0,22.6,4.9,5.4,0,0.228,0.508,183.0,0.736,76.2,1,105.61,59.4,61.0,0,5.5,0,13283
2023-10-30,North_Zone,Autumn,26.0,0,15464,Delhi NCR,28.61,77.21,30.5,0.92,216,0,1.48,Semi_Arid,52.8,0.0,26.0,5.2,5.5,0,0.258,0.527,198.0,0.694,78.2,1,106.49,54.6,63.7,0,5.5,0,14292
2023-10-31,North_Zone,Autumn,24.3,0,14924,Delhi NCR,28.61,77.21,30.5,0.92,216,0,1.48,Semi_Arid,58.5,0.0,24.3,4.5,7.4,0,0.297,0.446,138.0,0.728,73.0,1,106.66,57.6,58.3,0,5.5,0,13981
2023-11-01,North_Zone,Autumn,22.5,0,13556,Delhi NCR,28.61,77.21,30.5,0.92,216,0,1.48,Semi_Arid,62.8,0.0,22.5,4.0,4.8,0,0.326,0.528,184.0,0.711,79.6,1,104.41,58.5,59.0,0,5.5,0,12901
2023-11-02,North_Zone,Autumn,26.1,0,12470,Delhi NCR,28.61,77.21,30.5,0.92,216,0,1.48,Semi_Arid,55.8,0.0,26.1,4.5,6.7,0,0.346,0.563,161.0,0.722,77.1,1,105.54,54.9,59.4,0,5.5,0,11735
2023-11-03,North_Zone,Autumn,20.7,0,12315,Delhi NCR,28.61,77.21,30.5,0.92,216,0,1.48,Semi_Arid,70.3,0.0,20.7,11.0,6.1,0,0.344,0.554,188.0,0.719,86.3,1,106.23,52.0,55.4,0,5.5,0,11380
2023-11-04,North_Zone,Autumn,27.7,0,15569,Delhi NCR,28.61,77.21,30.5,0.92,216,0,1.48,Semi_Arid,52.5,0.0,28.3,8.1,6.7,0,0.455,0.54,132.0,0.766,76.1,1,106.78,51.9,58.1,0,5.5,0,14593
2023-11-05,North_Zone,Autumn,18.8,0,12163,Delhi NCR,28.61,77.21,30.5,0.92,216,0,1.48,Semi_Arid,61.3,0.0,18.8,5.0,5.5,0,0.306,0.519,169.0,0.677,77.2,1,106.48,53.9,51.9,0,5.5,0,11378
2023-11-06,North_Zone,Autumn,26.6,0,15111,Delhi NCR,28.61,77.21,30.5,0.92,216,0,1.48,Semi_Arid,51.0,0.0,26.6,8.9,6.8,0,0.17,0.526,158.0,0.754,81.1,1,107.2,56.8,63.7,0,5.5,0,14592
2023-11-07,North_Zone,Autumn,26.4,0,14386,Delhi NCR,28.61,77.21,30.5,0.92,216,0,1.48,Semi_Arid,53.4,4.8,26.4,1.2,6.7,0,0.139,0.527,177.0,0.742,80.3,1,104.99,54.3,73.9,0,5.5,0,13900
2023-11-08,North_Zone,Autumn,28.4,0,13718,Delhi NCR,28.61,77.21,30.5,0.92,216,0,1.48,Semi_Arid,55.2,0.0,29.5,10.1,8.3,0,0.464,0.602,166.0,0.748,81.1,1,106.83,53.8,60.3,0,5.5,0,13078
2023-11-09,North_Zone,Autumn,24.3,0,13417,Delhi NCR,28.61,77.21,30.5,0.92,216,0,1.48,Semi_Arid,60.7,0.0,24.3,9.9,6.5,0,0.351,0.56,165.0,0.727,77.2,1,108.49,59.1,66.0,0,5.5,0,13061
2023-11-10,North_Zone,Autumn,25.4,0,13904,Delhi NCR,28.61,77.21,30.5,0.92,216,0,1.48,Semi_Arid,57.4,0.0,25.4,12.7,7.3,0,0.321,0.75,163.0,0.802,74.6,1,106.51,53.8,58.7,0,5.5,0,13277
2023-11-11,North_Zone,Autumn,26.0,0,13285,Delhi NCR,28.61,77.21,30.5,0.92,216,0,1.48,Semi_Arid,61.7,0.0,26.0,9.0,5.7,0,0.345,0.54,193.0,0.722,86.0,1,106.57,53.2,53.3,0,5.5,0,12241
2023-11-12,North_Zone,Autumn,26.9,0,15370,Delhi NCR,28.61,77.21,30.5,0.92,216,0,1.48,Semi_Arid,54.4,0.0,27.6,7.3,7.2,0,0.316,0.586,162.0,0.733,79.5,1,107.03,59.6,71.3,0,5.5,0,14629
2023-11-13,North_Zone,Autumn,30.0,0,17984,Delhi NCR,28.61,77.21,30.5,0.92,216,0,1.48,Semi_Arid,51.3,0.0,31.3,9.9,6.9,0,0.343,0.541,181.0,0.737,78.7,1,105.98,57.6,55.8,0,5.5,0,17237
2023-11-14,North_Zone,Autumn,27.2,0,15607,Delhi NCR,28.61,77.21,30.5,0.92,216,0,1.48,Semi_Arid,68.2,0.0,29.0,4.1,6.8,0,0.263,0.54,176.0,0.787,80.4,1,105.61,50.3,64.7,0,5.5,0,15018
2023-11-15,North_Zone,Autumn,24.7,0,14570,Delhi NCR,28.61,77.21,30.5,0.92,216,0,1.48,Semi_Arid,58.2,0.0,24.7,4.8,6.7,0,0.406,0.654,181.0,0.718,74.1,1,106.63,50.3,61.1,0,5.5,0,14065
2023-11-16,North_Zone,Autumn,22.7,0,14224,Delhi NCR,28.61,77.21,30.5,0.92,216,0,1.48,Semi_Arid,53.8,0.0,22.7,5.8,7.4,0,0.248,0.62,147.0,0.77,76.6,1,104.95,50.5,65.9,0,5.5,0,13564
2023-11-17,North_Zone,Autumn,22.3,0,12701,Delhi NCR,28.61,77.21,30.5,0.92,216,0,1.48,Semi_Arid,54.1,0.0,22.3,10.1,6.5,0,0.21,0.455,178.0,0.709,74.9,1,107.02,55.7,59.7,0,5.5,0,11929
2023-11-18,North_Zone,Autumn,27.2,0,15543,Delhi NCR,28.61,77.21,30.5,0.92,216,0,1.48,Semi_Arid,50.0,1.8,27.6,3.4,6.1,0,0.131,0.499,171.0,0.718,78.5,1,107.22,60.6,54.2,0,5.5,0,14515
2023-11-19,North_Zone,Autumn,24.0,0,14530,Delhi NCR,28.61,77.21,30.5,0.92,216,0,1.48,Semi_Arid,61.3,0.0,24.0,3.1,6.1,0,0.276,0.552,144.0,0.692,73.9,1,105.07,60.8,56.7,0,5.5,0,13422
2023-11-20,North_Zone,Autumn,25.4,0,13912,Delhi NCR,28.61,77.21,30.5,0.92,216,0,1.48,Semi_Arid,53.9,0.0,25.4,6.7,7.0,0,0.427,0.529,161.0,0.68,80.0,1,106.87,58.7,71.8,0,5.5,0,13182
2023-11-21,North_Zone,Autumn,23.1,0,13722,Delhi NCR,28.61,77.21,30.5,0.92,216,0,1.48,Semi_Arid,57.8,0.0,23.1,8.2,6.7,0,0.254,0.47,206.0,0.728,81.6,1,106.51,63.3,61.6,0,5.5,0,12868
2023-11-22,North_Zone,Autumn,23.8,0,14318,Delhi NCR,28.61,77.21,30.5,0.92,216,0,1.48,Semi_Arid,56.4,0.0,23.8,3.9,5.5,0,0.162,0.567,158.0,0.704,81.4,1,108.23,57.1,70.9,0,5.5,0,13548
2023-11-23,North_Zone,Autumn,26.7,0,15127,Delhi NCR,28.61,77.21,30.5,0.92,216,0,1.48,Semi_Arid,58.6,0.1,27.6,8.0,6.9,0,0.328,0.447,158.0,0.742,79.3,1,108.09,60.7,58.2,0,5.5,0,14361
2023-11-24,North_Zone,Autumn,29.5,1,18896,Delhi NCR,28.61,77.21,30.5,0.92,216,0,1.48,Semi_Arid,49.1,0.0,30.2,10.1,6.1,0,0.235,0.568,173.0,0.712,78.6,1,107.65,53.8,75.6,0,5.5,0,18114
2023-11-25,North_Zone,Autumn,25.5,0,13948,Delhi NCR,28.61,77.21,30.5,0.92,216,0,1.48,Semi_Arid,50.3,1.8,25.5,9.6,6.8,0,0.455,0.604,155.0,0.768,76.7,1,108.05,50.0,53.6,0,5.5,0,13505
2023-11-26,North_Zone,Autumn,21.0,1,16528,Delhi NCR,28.61,77.21,30.5,0.92,216,0,1.48,Semi_Arid,59.5,0.0,21.0,7.1,5.8,0,0.407,0.612,168.0,0.736,79.3,1,106.5,54.4,72.1,0,5.5,0,15623
2023-11-27,North_Zone,Autumn,22.6,0,12950,Delhi NCR,28.61,77.21,30.5,0.92,216,0,1.48,Semi_Arid,60.4,0.0,22.6,5.7,6.2,0,0.173,0.551,157.0,0.719,77.7,1,107.16,55.4,71.1,0,5.5,0,12260
2023-11-28,North_Zone,Autumn,25.1,0,14930,Delhi NCR,28.61,77.21,30.5,0.92,216,0,1.48,Semi_Arid,57.6,0.0,25.1,11.2,6.2,0,0.283,0.651,172.0,0.735,72.4,1,106.67,66.0,56.1,0,5.5,0,13778
2023-11-29,North_Zone,Autumn,26.1,0,13419,Delhi NCR,28.61,77.21,30.5,0.92,216,0,1.48,Semi_Arid,51.3,0.0,26.1,6.0,7.5,0,0.224,0.58,164.0,0.758,76.1,1,105.96,55.4,56.5,0,5.5,0,12503
2023-11-30,North_Zone,Autumn,24.2,0,13540,Delhi NCR,28.61,77.21,30.5,0.92,216,0,1.48,Semi_Arid,59.9,0.0,24.2,8.8,6.7,0,0.184,0.611,200.0,0.774,80.4,1,107.07,51.8,64.1,0,5.5,0,13075
2023-12-01,North_Zone,Winter,11.9,0,9895,Delhi NCR,28.61,77.21,30.5,0.92,216,0,1.48,Semi_Arid,62.1,0.0,11.9,11.9,4.1,0,0.294,0.556,196.0,0.73,74.6,1,106.93,59.6,72.6,0,5.5,0,9563
2023-12-02,North_Zone,Winter,10.4,0,11498,Delhi NCR,28.61,77.21,30.5,0.92,216,0,1.48,Semi_Arid,64.2,2.2,10.4,8.5,5.0,0,0.382,0.691,191.0,0.79,74.6,1,106.84,52.7,81.5,0,5.5,0,11337
2023-12-03,North_Zone,Winter,13.1,0,12505,Delhi NCR,28.61,77.21,30.5,0.92,216,0,1.48,Semi_Arid,60.4,0.0,13.1,3.0,3.4,0,0.292,0.6,214.0,0.75,77.4,1,107.01,56.4,70.8,0,5.5,0,12217
2023-12-04,North_Zone,Winter,13.4,0,9982,Delhi NCR,28.61,77.21,30.5,0.92,216,0,1.48,Semi_Arid,71.5,0.0,13.4,2.3,4.3,0,0.248,0.695,170.0,0.734,71.5,1,107.16,59.4,72.3,0,5.5,0,9694
2023-12-05,North_Zone,Winter,11.7,0,11901,Delhi NCR,28.61,77.21,30.5,0.92,216,0,1.48,Semi_Arid,69.1,0.0,11.7,5.1,2.9,0,0.079,0.681,225.0,0.782,80.2,1,108.02,52.5,73.6,0,5.5,0,11557
2023-12-06,North_Zone,Winter,14.5,0,11194,Delhi NCR,28.61,77.21,30.5,0.92,216,0,1.48,Semi_Arid,67.3,0.0,14.5,8.1,4.2,0,0.233,0.615,177.0,0.745,79.9,1,106.58,61.7,66.6,0,5.5,0,10796
2023-12-07,North_Zone,Winter,15.5,0,12271,Delhi NCR,28.61,77.21,30.5,0.92,216,0,1.48,Semi_Arid,69.9,0.0,15.5,7.3,3.0,0,0.355,0.624,216.0,0.678,80.8,1,105.92,59.9,65.5,0,5.5,0,11479
2023-12-08,North_Zone,Winter,18.4,0,13746,Delhi NCR,28.61,77.21,30.5,0.92,216,0,1.48,Semi_Arid,76.0,0.0,18.4,12.6,3.7,0,0.166,0.589,221.0,0.736,78.7,1,107.91,57.6,65.1,0,5.5,0,12781
2023-12-09,North_Zone,Winter,13.9,0,10419,Delhi NCR,28.61,77.21,30.5,0.92,216,0,1.48,Semi_Arid,56.1,0.0,13.9,7.3,3.8,0,0.428,0.551,186.0,0.687,75.4,1,108.12,63.3,55.5,0,5.5,0,9723
2023-12-10,North_Zone,Winter,13.8,0,11648,Delhi NCR,28.61,77.21,30.5,0.92,216,0,1.48,Semi_Arid,61.0,0.0,13.8,5.0,3.9,0,0.242,0.636,187.0,0.722,74.3,1,107.65,54.5,71.6,0,5.5,0,11123
2023-12-11,North_Zone,Winter,12.1,0,10261,Delhi NCR,28.61,77.21,30.5,0.92,216,0,1.48,Semi_Arid,62.7,0.0,12.1,2.6,2.6,0,0.319,0.633,193.0,0.751,79.7,1,106.19,58.7,65.5,0,5.5,0,9818
2023-12-12,North_Zone,Winter,16.0,0,11968,Delhi NCR,28.61,77.21,30.5,0.92,216,0,1.48,Semi_Arid,59.1,0.0,16.0,9.5,3.0,0,0.26,0.503,206.0,0.723,80.1,1,107.23,57.0,69.3,0,5.5,0,11224
2023-12-13,North_Zone,Winter,15.1,0,11167,Delhi NCR,28.61,77.21,30.5,0.92,216,0,1.48,Semi_Arid,58.6,0.0,15.1,6.0,3.9,0,0.182,0.595,177.0,0.724,74.6,1,107.68,53.5,77.1,0,5.5,0,10634
2023-12-14,North_Zone,Winter,14.3,0,10837,Delhi NCR,28.61,77.21,30.5,0.92,216,0,1.48,Semi_Arid,62.9,0.0,14.3,1.5,3.2,0,0.344,0.652,193.0,0.779,74.2,1,106.35,53.1,67.3,0,5.5,0,10538
2023-12-15,North_Zone,Winter,17.7,0,13245,Delhi NCR,28.61,77.21,30.5,0.92,216,0,1.48,Semi_Arid,56.3,0.0,17.7,6.1,2.8,0,0.24,0.688,189.0,0.769,77.9,1,106.69,63.8,75.4,0,5.5,0,12596
2023-12-16,North_Zone,Winter,9.5,0,9621,Delhi NCR,28.61,77.21,30.5,0.92,216,0,1.48,Semi_Arid,69.0,1.8,9.5,3.0,3.2,0,0.217,0.644,174.0,0.748,78.4,1,107.34,60.2,64.1,0,5.5,0,9186
2023-12-17,North_Zone,Winter,10.5,0,10107,Delhi NCR,28.61,77.21,30.5,0.92,216,0,1.48,Semi_Arid,67.0,0.0,10.5,4.7,3.2,0,0.062,0.509,176.0,0.729,80.8,1,108.71,60.0,68.6,0,5.5,0,9530
2023-12-18,North_Zone,Winter,14.7,0,10527,Delhi NCR,28.61,77.21,30.5,0.92,216,0,1.48,Semi_Arid,66.6,0.0,14.7,6.0,3.6,0,0.43,0.537,197.0,0.77,80.0,1,107.78,53.6,80.7,0,5.5,0,9909
2023-12-19,North_Zone,Winter,12.2,0,10255,Delhi NCR,28.61,77.21,30.5,0.92,216,0,1.48,Semi_Arid,68.2,0.0,12.2,3.3,3.7,0,0.301,0.579,197.0,0.68,77.8,1,107.02,58.6,69.9,0,5.5,0,9671
2023-12-20,North_Zone,Winter,15.6,0,11960,Delhi NCR,28.61,77.21,30.5,0.92,216,0,1.48,Semi_Arid,66.7,0.0,15.6,4.5,3.8,0,0.411,0.684,181.0,0.81,81.1,1,107.42,54.5,78.4,0,5.5,0,11522
2023-12-21,North_Zone,Winter,12.8,0,11350,Delhi NCR,28.61,77.21,30.5,0.92,216,0,1.48,Semi_Arid,63.5,0.0,12.8,3.8,2.9,0,0.362,0.564,196.0,0.723,77.0,1,106.99,62.6,83.8,0,5.5,0,10864
2023-12-22,North_Zone,Winter,13.4,0,11122,Delhi NCR,28.61,77.21,30.5,0.92,216,0,1.48,Semi_Arid,75.6,0.0,13.4,3.8,3.2,0,0.411,0.664,183.0,0.743,77.1,1,107.28,60.8,69.9,0,5.5,0,10702
2023-12-23,North_Zone,Winter,20.0,0,14077,Delhi NCR,28.61,77.21,30.5,0.92,216,0,1.48,Semi_Arid,62.2,0.0,20.0,3.0,4.3,0,0.244,0.563,219.0,0.729,80.5,1,108.45,60.1,68.7,0,5.5,0,13000
2023-12-24,North_Zone,Winter,11.1,0,11439,Delhi NCR,28.61,77.21,30.5,0.92,216,0,1.48,Semi_Arid,57.0,0.3,11.1,4.6,3.0,0,0.163,0.632,193.0,0.731,80.9,1,105.84,58.6,61.2,0,5.5,0,11027
2023-12-25,North_Zone,Winter,17.4,0,11439,Delhi NCR,28.61,77.21,30.5,0.92,216,0,1.48,Semi_Arid,57.5,0.0,17.4,3.3,3.4,0,0.376,0.544,215.0,0.705,81.0,1,109.11,56.3,73.5,0,5.5,0,11420
2023-12-26,North_Zone,Winter,17.5,0,13594,Delhi NCR,28.61,77.21,30.5,0.92,216,0,1.48,Semi_Arid,53.8,0.3,17.5,7.8,2.7,0,0.313,0.588,165.0,0.772,77.5,1,110.02,59.0,73.9,0,5.5,0,12960
2023-12-27,North_Zone,Winter,11.6,0,10174,Delhi NCR,28.61,77.21,30.5,0.92,216,0,1.48,Semi_Arid,66.1,0.0,11.6,6.6,3.3,0,0.253,0.532,201.0,0.738,78.2,1,108.02,62.4,75.9,0,5.5,0,9667
2023-12-28,North_Zone,Winter,18.1,0,12730,Delhi NCR,28.61,77.21,30.5,0.92,216,0,1.48,Semi_Arid,61.5,0.0,18.1,9.6,3.9,0,0.374,0.687,206.0,0.714,75.4,1,107.07,57.7,79.0,0,5.5,0,12143
2023-12-29,North_Zone,Winter,16.7,0,12436,Delhi NCR,28.61,77.21,30.5,0.92,216,0,1.48,Semi_Arid,60.6,0.0,16.7,11.7,2.4,0,0.331,0.558,193.0,0.76,80.7,1,109.09,53.3,66.9,0,5.5,0,11712
2023-12-30,North_Zone,Winter,16.2,0,10981,Delhi NCR,28.61,77.21,30.5,0.92,216,0,1.48,Semi_Arid,73.3,0.0,16.2,8.0,2.9,0,0.364,0.507,185.0,0.743,76.2,1,108.24,61.3,81.4,0,5.5,0,10881
2023-12-31,North_Zone,Winter,18.1,0,13471,Delhi NCR,28.61,77.21,30.5,0.92,216,0,1.48,Semi_Arid,64.9,5.5,18.1,7.3,2.8,0,0.198,0.502,192.0,0.681,72.0,1,107.47,53.3,70.6,0,5.5,0,12682
2021-01-01,South_Zone,Winter,14.3,0,11543,Chennai,13.08,80.27,29.2,0.9,6,1,0.43,Tropical_Wet_Dry,83.1,0.0,14.3,8.2,3.9,0,0.098,0.415,163.0,0.529,78.7,0,99.06,52.5,73.8,0,4.0,0,11855
2021-01-02,South_Zone,Winter,10.4,0,11013,Chennai,13.08,80.27,29.2,0.9,6,1,0.43,Tropical_Wet_Dry,77.1,0.0,10.4,7.4,2.1,0,-0.0,0.393,128.0,0.537,77.4,0,99.66,51.0,71.7,0,4.0,0,11379
2021-01-03,South_Zone,Winter,16.7,0,12129,Chennai,13.08,80.27,29.2,0.9,6,1,0.43,Tropical_Wet_Dry,73.0,0.0,16.7,6.2,3.5,0,0.108,0.459,163.0,0.487,71.9,0,100.3,42.7,68.1,0,4.0,0,12459
2021-01-04,South_Zone,Winter,18.4,0,12326,Chennai,13.08,80.27,29.2,0.9,6,1,0.43,Tropical_Wet_Dry,77.1,0.0,18.4,5.9,4.1,0,0.097,0.406,156.0,0.53,78.3,0,101.03,54.1,66.0,0,4.0,0,12693
2021-01-05,South_Zone,Winter,16.7,0,11357,Chennai,13.08,80.27,29.2,0.9,6,1,0.43,Tropical_Wet_Dry,78.8,0.0,16.7,2.9,3.7,0,0.069,0.49,145.0,0.522,82.3,0,100.46,61.9,73.1,0,4.0,0,11375
2021-01-06,South_Zone,Winter,14.9,0,11592,Chennai,13.08,80.27,29.2,0.9,6,1,0.43,Tropical_Wet_Dry,69.8,0.0,14.9,8.5,3.2,0,-0.011,0.397,146.0,0.536,81.2,0,100.66,54.5,67.2,0,4.0,0,11908
2021-01-07,South_Zone,Winter,15.7,0,11623,Chennai,13.08,80.27,29.2,0.9,6,1,0.43,Tropical_Wet_Dry,77.7,0.0,15.7,5.9,3.7,0,0.071,0.482,151.0,0.512,81.2,0,99.91,64.8,70.9,0,4.0,0,11757
2021-01-08,South_Zone,Winter,14.6,0,12312,Chennai,13.08,80.27,29.2,0.9,6,1,0.43,Tropical_Wet_Dry,79.3,1.9,14.6,10.3,4.1,0,0.111,0.363,180.0,0.542,84.3,0,101.13,52.8,69.9,0,4.0,0,12803
2021-01-09,South_Zone,Winter,13.7,0,10137,Chennai,13.08,80.27,29.2,0.9,6,1,0.43,Tropical_Wet_Dry,78.7,0.0,13.7,8.7,3.4,0,0.061,0.33,156.0,0.495,78.3,0,100.1,53.9,70.2,0,4.0,0,10062
2021-01-10,South_Zone,Winter,20.2,0,14167,Chennai,13.08,80.27,29.2,0.9,6,1,0.43,Tropical_Wet_Dry,71.8,0.0,20.2,4.1,2.4,0,0.02,0.371,133.0,0.494,76.6,0,102.18,53.5,63.0,0,4.0,0,13993
2021-01-11,South_Zone,Winter,11.1,0,11332,Chennai,13.08,80.27,29.2,0.9,6,1,0.43,Tropical_Wet_Dry,78.6,0.0,11.1,9.7,4.0,0,0.071,0.352,142.0,0.486,81.5,0,99.72,53.1,56.2,0,4.0,0,11260
2021-01-12,South_Zone,Winter,13.5,0,11583,Chennai,13.08,80.27,29.2,0.9,6,1,0.43,Tropical_Wet_Dry,79.0,0.0,13.5,1.0,3.7,0,-0.053,0.346,129.0,0.533,81.1,0,100.81,54.8,76.2,0,4.0,0,11887
2021-01-13,South_Zone,Winter,15.9,0,11783,Chennai,13.08,80.27,29.2,0.9,6,1,0.43,Tropical_Wet_Dry,78.9,0.0,15.9,11.8,3.5,0,0.151,0.445,116.0,0.51,76.2,0,102.63,60.1,77.6,0,4.0,0,11738
2021-01-14,South_Zone,Winter,12.6,0,10609,Chennai,13.08,80.27,29.2,0.9,6,1,0.43,Tropical_Wet_Dry,83.5,0.0,12.6,2.0,2.2,0,-0.168,0.404,129.0,0.553,79.5,0,101.52,50.3,59.2,0,4.0,0,10649
2021-01-15,South_Zone,Winter,12.3,0,10397,Chennai,13.08,80.27,29.2,0.9,6,1,0.43,Tropical_Wet_Dry,86.0,5.0,12.3,7.5,3.2,0,0.003,0.429,152.0,0.534,81.6,0,101.26,53.5,74.1,0,4.0,0,10437
2021-01-16,South_Zone,Winter,14.8,0,11127,Chennai,13.08,80.27,29.2,0.9,6,1,0.43,Tropical_Wet_Dry,77.6,0.0,14.8,7.3,3.0,0,-0.041,0.452,173.0,0.491,80.8,0,100.84,55.8,73.1,0,4.0,0,11454
2021-01-17,South_Zone,Winter,17.0,0,13451,Chennai,13.08,80.27,29.2,0.9,6,1,0.43,Tropical_Wet_Dry,75.5,0.5,17.0,9.4,2.9,0,-0.064,0.319,168.0,0.501,82.2,0,100.63,58.4,65.4,0,4.0,0,13364
2021-01-18,South_Zone,Winter,13.3,0,11506,Chennai,13.08,80.27,29.2,0.9,6,1,0.43,Tropical_Wet_Dry,82.2,0.0,13.3,5.0,3.3,0,0.031,0.454,129.0,0.535,78.0,0,100.44,44.5,76.5,0,4.0,0,11968
2021-01-19,South_Zone,Winter,16.5,0,12502,Chennai,13.08,80.27,29.2,0.9,6,1,0.43,Tropical_Wet_Dry,81.2,0.0,16.5,1.0,3.3,0,-0.113,0.348,136.0,0.464,75.7,0,100.08,47.4,77.7,0,4.0,0,12469
2021-01-20,South_Zone,Winter,15.2,0,12401,Chennai,13.08,80.27,29.2,0.9,6,1,0.43,Tropical_Wet_Dry,76.7,0.0,15.2,5.0,3.2,0,0.215,0.385,133.0,0.516,77.3,0,99.14,52.8,77.3,0,4.0,0,12645
2021-01-21,South_Zone,Winter,16.4,0,11121,Chennai,13.08,80.27,29.2,0.9,6,1,0.43,Tropical_Wet_Dry,82.1,0.0,16.4,5.3,4.0,0,-0.135,0.306,104.0,0.513,82.6,0,101.35,58.0,80.7,0,4.0,0,11064
2021-01-22,South_Zone,Winter,17.6,0,13111,Chennai,13.08,80.27,29.2,0.9,6,1,0.43,Tropical_Wet_Dry,82.3,0.0,17.6,1.0,3.8,0,-0.095,0.459,147.0,0.569,83.1,0,99.2,50.8,77.0,0,4.0,0,13428
2021-01-23,South_Zone,Winter,12.7,0,11207,Chennai,13.08,80.27,29.2,0.9,6,1,0.43,Tropical_Wet_Dry,86.8,0.0,12.7,6.1,3.1,0,-0.105,0.319,164.0,0.532,79.5,0,101.42,56.2,67.8,0,4.0,0,11121
2021-01-24,South_Zone,Winter,17.0,0,12095,Chennai,13.08,80.27,29.2,0.9,6,1,0.43,Tropical_Wet_Dry,86.7,0.0,17.0,2.8,3.2,0,0.02,0.348,145.0,0.579,84.5,0,100.49,61.1,72.1,0,4.0,0,12599
2021-01-25,South_Zone,Winter,18.2,0,14445,Chennai,13.08,80.27,29.2,0.9,6,1,0.43,Tropical_Wet_Dry,72.7,0.0,18.2,7.9,3.4,0,0.101,0.352,127.0,0.508,79.5,0,99.88,53.0,73.9,0,4.0,0,14831
2021-01-26,South_Zone,Winter,12.6,0,10055,Chennai,13.08,80.27,29.2,0.9,6,1,0.43,Tropical_Wet_Dry,80.5,2.9,12.6,5.3,3.2,0,0.053,0.412,135.0,0.54,78.5,0,102.27,53.0,79.6,0,4.0,0,10353
2021-01-27,South_Zone,Winter,15.9,0,12555,Chennai,13.08,80.27,29.2,0.9,6,1,0.43,Tropical_Wet_Dry,78.5,0.0,15.9,11.9,3.9,0,0.147,0.41,144.0,0.504,75.8,0,99.45,54.7,70.7,0,4.0,0,12879
2021-01-28,South_Zone,Winter,14.3,0,12739,Chennai,13.08,80.27,29.2,0.9,6,1,0.43,Tropical_Wet_Dry,78.9,3.1,14.3,5.2,2.8,0,-0.083,0.469,164.0,0.594,79.8,0,100.26,53.8,68.8,0,4.0,0,12954
2021-01-29,South_Zone,Winter,11.0,0,11300,Chennai,13.08,80.27,29.2,0.9,6,1,0.43,Tropical_Wet_Dry,78.2,0.0,11.0,7.3,4.2,0,0.066,0.414,147.0,0.497,83.2,0,100.38,54.2,63.7,0,4.0,0,11467
2021-01-30,South_Zone,Winter,13.2,0,12671,Chennai,13.08,80.27,29.2,0.9,6,1,0.43,Tropical_Wet_Dry,72.7,0.0,13.2,5.4,3.8,0,-0.03,0.478,161.0,0.595,83.8,0,101.14,52.7,76.4,0,4.0,0,13070
2021-01-31,South_Zone,Winter,21.0,0,12631,Chennai,13.08,80.27,29.2,0.9,6,1,0.43,Tropical_Wet_Dry,75.9,0.0,21.0,1.1,2.2,0,0.023,0.443,149.0,0.582,83.2,0,100.4,52.1,73.0,0,4.0,0,13048
2021-02-01,South_Zone,Winter,13.4,0,12025,Chennai,13.08,80.27,29.2,0.9,6,1,0.43,Tropical_Wet_Dry,76.1,0.0,13.4,5.4,3.5,0,0.111,0.363,154.0,0.487,81.5,0,102.51,50.0,67.7,0,4.0,0,12140
2021-02-02,South_Zone,Winter,13.8,0,11423,Chennai,13.08,80.27,29.2,0.9,6,1,0.43,Tropical_Wet_Dry,80.1,4.2,13.8,8.3,4.1,0,-0.169,0.38,133.0,0.546,84.8,0,99.7,55.3,75.9,0,4.0,0,11620
2021-02-03,South_Zone,Winter,15.1,0,10233,Chennai,13.08,80.27,29.2,0.9,6,1,0.43,Tropical_Wet_Dry,75.0,0.0,15.1,7.8,3.7,0,0.199,0.511,138.0,0.561,77.1,0,105.19,50.9,70.3,0,4.0,0,10274
2021-02-04,South_Zone,Winter,15.0,0,11187,Chennai,13.08,80.27,29.2,0.9,6,1,0.43,Tropical_Wet_Dry,73.5,0.0,15.0,5.1,3.3,0,-0.015,0.494,127.0,0.531,83.6,0,100.07,49.8,65.4,0,4.0,0,11249
2021-02-05,South_Zone,Winter,13.5,0,12535,Chennai,13.08,80.27,29.2,0.9,6,1,0.43,Tropical_Wet_Dry,81.1,0.0,13.5,1.6,3.4,0,-0.161,0.469,161.0,0.533,80.8,0,104.12,49.9,78.7,0,4.0,0,13276
2021-02-06,South_Zone,Winter,11.2,0,11458,Chennai,13.08,80.27,29.2,0.9,6,1,0.43,Tropical_Wet_Dry,82.0,0.0,11.2,7.9,3.4,0,-0.069,0.477,145.0,0.547,80.6,0,102.28,52.6,61.7,0,4.0,0,11630
2021-02-07,South_Zone,Winter,14.2,0,11316,Chennai,13.08,80.27,29.2,0.9,6,1,0.43,Tropical_Wet_Dry,82.4,0.0,14.2,7.3,3.9,0,0.01,0.448,85.0,0.543,75.7,0,101.11,53.5,72.7,0,4.0,0,11436
2021-02-08,South_Zone,Winter,17.4,0,12614,Chennai,13.08,80.27,29.2,0.9,6,1,0.43,Tropical_Wet_Dry,88.5,0.0,17.4,8.5,2.8,0,-0.069,0.44,159.0,0.575,81.0,0,101.47,49.2,71.4,0,4.0,0,12932
2021-02-09,South_Zone,Winter,16.7,0,12952,Chennai,13.08,80.27,29.2,0.9,6,1,0.43,Tropical_Wet_Dry,79.4,0.0,16.7,5.2,3.2,0,-0.205,0.423,168.0,0.543,83.5,0,100.89,52.3,63.8,0,4.0,0,12815
2021-02-10,South_Zone,Winter,14.0,0,11011,Chennai,13.08,80.27,29.2,0.9,6,1,0.43,Tropical_Wet_Dry,82.0,0.0,14.0,1.0,4.4,0,0.01,0.522,135.0,0.527,73.6,0,101.64,54.3,73.6,0,4.0,0,11214
2021-02-11,South_Zone,Winter,11.7,0,10275,Chennai,13.08,80.27,29.2,0.9,6,1,0.43,Tropical_Wet_Dry,75.6,0.0,11.7,7.6,3.4,0,-0.072,0.392,159.0,0.54,82.4,0,100.59,47.0,68.5,0,4.0,0,10444
2021-02-12,South_Zone,Winter,23.8,0,14957,Chennai,13.08,80.27,29.2,0.9,6,1,0.43,Tropical_Wet_Dry,67.3,0.1,23.8,6.0,4.9,0,0.065,0.434,146.0,0.476,73.1,0,102.06,50.8,80.4,0,4.0,0,15371
2021-02-13,South_Zone,Winter,10.9,0,9678,Chennai,13.08,80.27,29.2,0.9,6,1,0.43,Tropical_Wet_Dry,89.4,0.0,10.9,10.2,5.1,0,-0.107,0.318,112.0,0.488,75.7,0,101.56,60.8,77.0,0,4.0,0,9836
2021-02-14,South_Zone,Winter,16.4,0,12549,Chennai,13.08,80.27,29.2,0.9,6,1,0.43,Tropical_Wet_Dry,73.5,0.0,16.4,6.1,3.3,0,0.226,0.334,185.0,0.495,79.7,0,100.41,50.3,73.1,0,4.0,0,12937
2021-02-15,South_Zone,Winter,16.6,0,11957,Chennai,13.08,80.27,29.2,0.9,6,1,0.43,Tropical_Wet_Dry,72.8,0.0,16.6,5.9,2.9,0,0.051,0.529,146.0,0.572,84.7,0,101.85,56.6,59.5,0,4.0,0,12080
2021-02-16,South_Zone,Winter,14.6,0,11918,Chennai,13.08,80.27,29.2,0.9,6,1,0.43,Tropical_Wet_Dry,79.0,0.0,14.6,7.3,3.3,0,0.02,0.457,154.0,0.587,79.6,0,101.81,51.7,69.2,0,4.0,0,11950
2021-02-17,South_Zone,Winter,15.3,0,10038,Chennai,13.08,80.27,29.2,0.9,6,1,0.43,Tropical_Wet_Dry,78.4,7.8,15.3,4.2,4.2,0,0.062,0.407,139.0,0.528,81.4,0,100.75,54.1,68.8,0,4.0,0,10120
2021-02-18,South_Zone,Winter,14.3,0,10896,Chennai,13.08,80.27,29.2,0.9,6,1,0.43,Tropical_Wet_Dry,74.9,0.0,14.3,4.1,4.2,0,-0.182,0.425,145.0,0.515,77.3,0,101.07,50.2,78.1,0,4.0,0,11031
2021-02-19,South_Zone,Winter,15.5,0,14269,Chennai,13.08,80.27,29.2,0.9,6,1,0.43,Tropical_Wet_Dry,77.2,2.3,15.5,5.7,4.9,0,-0.05,0.339,153.0,0.484,79.4,0,102.03,46.2,72.9,0,4.0,0,14442
2021-02-20,South_Zone,Winter,16.1,0,11774,Chennai,13.08,80.27,29.2,0.9,6,1,0.43,Tropical_Wet_Dry,84.5,0.0,16.1,3.2,3.5,0,0.178,0.394,131.0,0.544,79.8,0,102.63,52.3,73.6,0,4.0,0,11974
2021-02-21,South_Zone,Winter,17.8,0,12827,Chennai,13.08,80.27,29.2,0.9,6,1,0.43,Tropical_Wet_Dry,73.3,0.0,17.8,5.3,3.9,0,-0.032,0.333,180.0,0.497,84.9,0,101.42,55.3,77.1,0,4.0,0,13021
2021-02-22,South_Zone,Winter,16.3,0,12550,Chennai,13.08,80.27,29.2,0.9,6,1,0.43,Tropical_Wet_Dry,71.3,0.0,16.3,11.8,3.1,0,-0.006,0.402,165.0,0.505,77.8,0,102.51,56.7,80.2,0,4.0,0,12849
2021-02-23,South_Zone,Winter,21.2,0,12387,Chennai,13.08,80.27,29.2,0.9,6,1,0.43,Tropical_Wet_Dry,80.0,0.0,21.2,9.1,2.3,0,-0.047,0.461,159.0,0.564,78.0,0,102.77,54.7,79.3,0,4.0,0,12963
2021-02-24,South_Zone,Winter,16.4,0,11364,Chennai,13.08,80.27,29.2,0.9,6,1,0.43,Tropical_Wet_Dry,80.6,0.0,16.4,6.9,3.5,0,0.146,0.447,147.0,0.567,83.2,0,102.93,51.1,74.7,0,4.0,0,11689
2021-02-25,South_Zone,Winter,16.7,0,11431,Chennai,13.08,80.27,29.2,0.9,6,1,0.43,Tropical_Wet_Dry,74.9,0.0,16.7,10.7,2.9,0,-0.024,0.515,136.0,0.52,79.3,0,102.06,57.5,70.6,0,4.0,0,11725
2021-02-26,South_Zone,Winter,13.7,0,11200,Chennai,13.08,80.27,29.2,0.9,6,1,0.43,Tropical_Wet_Dry,71.9,0.0,13.7,3.5,3.8,0,-0.125,0.438,169.0,0.485,80.3,0,100.76,50.4,74.2,0,4.0,0,11666
2021-02-27,South_Zone,Winter,17.9,0,13216,Chennai,13.08,80.27,29.2,0.9,6,1,0.43,Tropical_Wet_Dry,73.5,0.0,17.9,13.5,2.5,0,0.258,0.271,161.0,0.485,81.3,0,102.57,51.4,71.8,0,4.0,0,12959
2021-02-28,South_Zone,Winter,11.3,0,10859,Chennai,13.08,80.27,29.2,0.9,6,1,0.43,Tropical_Wet_Dry,80.9,0.0,11.3,4.6,2.9,0,-0.138,0.537,143.0,0.52,78.1,0,101.51,49.7,75.9,0,4.0,0,11187
2021-03-01,South_Zone,Summer,32.2,0,15033,Chennai,13.08,80.27,29.2,0.9,6,1,0.43,Tropical_Wet_Dry,50.5,0.4,34.9,12.0,9.5,0,-0.01,0.57,75.0,0.524,73.8,0,102.22,52.2,42.2,0,4.0,0,15063
2021-03-02,South_Zone,Summer,35.4,0,15633,Chennai,13.08,80.27,29.2,0.9,6,1,0.43,Tropical_Wet_Dry,37.6,0.0,37.2,12.0,9.7,0,-0.084,0.63,67.0,0.546,83.2,0,101.11,52.3,49.5,0,4.0,0,15866
2021-03-03,South_Zone,Summer,29.5,0,14920,Chennai,13.08,80.27,29.2,0.9,6,1,0.43,Tropical_Wet_Dry,45.9,0.0,29.8,1.0,9.2,0,-0.07,0.626,96.0,0.608,80.3,0,101.15,54.6,45.2,0,4.0,1,15320
2021-03-04,South_Zone,Summer,35.5,0,17218,Chennai,13.08,80.27,29.2,0.9,6,1,0.43,Tropical_Wet_Dry,46.1,1.5,40.3,10.4,10.6,0,-0.106,0.634,91.0,0.598,76.2,0,101.07,48.0,46.9,0,4.0,1,17318
2021-03-05,South_Zone,Summer,28.7,0,13660,Chennai,13.08,80.27,29.2,0.9,6,1,0.43,Tropical_Wet_Dry,34.9,0.0,27.9,5.1,10.1,0,-0.054,0.623,116.0,0.649,82.3,0,100.46,51.3,39.0,0,4.0,0,13768
2021-03-06,South_Zone,Summer,39.3,0,18680,Chennai,13.08,80.27,29.2,0.9,6,1,0.43,Tropical_Wet_Dry,45.6,0.0,49.7,4.3,9.3,0,0.098,0.624,113.0,0.557,86.0,0,101.21,50.3,43.6,0,4.0,1,19084
2021-03-07,South_Zone,Summer,24.5,0,14116,Chennai,13.08,80.27,29.2,0.9,6,1,0.43,Tropical_Wet_Dry,43.4,0.0,24.5,7.6,9.9,0,-0.19,0.541,96.0,0.595,83.6,0,100.78,55.0,47.2,0,4.0,1,14257
2021-03-08,South_Zone,Summer,37.2,0,19074,Chennai,13.08,80.27,29.2,0.9,6,1,0.43,Tropical_Wet_Dry,43.3,0.0,43.1,3.0,10.7,0,0.126,0.775,94.0,0.629,86.2,0,102.39,55.2,44.1,0,4.0,0,19374
2021-03-09,South_Zone,Summer,31.3,0,16028,Chennai,13.08,80.27,29.2,0.9,6,1,0.43,Tropical_Wet_Dry,46.5,0.0,32.4,7.5,9.2,0,0.109,0.659,74.0,0.568,76.3,0,100.78,49.2,33.3,0,4.0,1,16296
2021-03-10,South_Zone,Summer,36.7,0,16538,Chennai,13.08,80.27,29.2,0.9,6,1,0.43,Tropical_Wet_Dry,47.4,0.0,43.7,3.2,9.6,0,0.051,0.623,114.0,0.571,80.7,0,101.19,55.4,38.8,0,4.0,1,16832
2021-03-11,South_Zone,Summer,38.4,0,17420,Chennai,13.08,80.27,29.2,0.9,6,1,0.43,Tropical_Wet_Dry,43.7,0.0,46.2,6.5,9.6,0,0.013,0.731,94.0,0.586,81.1,0,101.87,53.5,46.7,0,4.0,1,17880
2021-03-12,South_Zone,Summer,24.3,0,14272,Chennai,13.08,80.27,29.2,0.9,6,1,0.43,Tropical_Wet_Dry,37.5,0.0,24.3,10.0,8.6,0,0.028,0.556,106.0,0.567,79.6,0,103.69,57.6,52.5,0,4.0,0,14627
2021-03-13,South_Zone,Summer,45.5,0,18481,Chennai,13.08,80.27,29.2,0.9,6,1,0.43,Tropical_Wet_Dry,32.8,0.0,57.7,7.2,9.7,1,0.142,0.672,116.0,0.618,79.0,0,101.2,50.9,43.8,0,4.0,0,19977
2021-03-14,South_Zone,Summer,30.6,0,16324,Chennai,13.08,80.27,29.2,0.9,6,1,0.43,Tropical_Wet_Dry,46.3,0.0,31.3,4.9,10.1,0,-0.175,0.587,85.0,0.556,71.1,0,100.52,55.6,42.6,0,4.0,0,16403
2021-03-15,South_Zone,Summer,36.1,0,18437,Chennai,13.08,80.27,29.2,0.9,6,1,0.43,Tropical_Wet_Dry,41.4,2.4,39.8,7.6,9.8,0,0.073,0.644,80.0,0.606,85.1,0,100.6,56.7,50.3,0,4.0,0,18931
2021-03-16,South_Zone,Summer,36.4,0,17382,Chennai,13.08,80.27,29.2,0.9,6,1,0.43,Tropical_Wet_Dry,44.5,0.0,41.7,1.8,9.2,0,-0.075,0.645,139.0,0.619,75.1,0,101.06,53.7,45.1,0,4.0,1,17415
2021-03-17,South_Zone,Summer,39.4,0,17345,Chennai,13.08,80.27,29.2,0.9,6,1,0.43,Tropical_Wet_Dry,44.3,0.0,49.2,3.5,9.2,0,0.083,0.48,106.0,0.585,82.7,0,101.27,61.9,48.7,0,4.0,0,17453
2021-03-18,South_Zone,Summer,36.3,0,16845,Chennai,13.08,80.27,29.2,0.9,6,1,0.43,Tropical_Wet_Dry,45.3,0.0,41.8,4.7,9.1,0,-0.061,0.534,90.0,0.518,80.0,0,104.24,56.7,43.5,0,4.0,0,17171
2021-03-19,South_Zone,Summer,31.8,0,15899,Chennai,13.08,80.27,29.2,0.9,6,1,0.43,Tropical_Wet_Dry,43.8,0.0,32.7,8.4,9.2,0,0.071,0.715,117.0,0.597,79.9,0,102.91,61.2,43.0,0,4.0,1,16797
2021-03-20,South_Zone,Summer,33.9,0,17226,Chennai,13.08,80.27,29.2,0.9,6,1,0.43,Tropical_Wet_Dry,34.4,0.0,34.0,7.2,10.0,0,-0.155,0.605,89.0,0.593,79.4,0,101.64,63.7,49.1,0,4.0,0,17581
2021-03-21,South_Zone,Summer,32.6,0,16312,Chennai,13.08,80.27,29.2,0.9,6,1,0.43,Tropical_Wet_Dry,42.2,0.0,33.6,7.6,8.9,0,-0.169,0.74,101.0,0.572,80.6,0,103.82,47.8,48.4,0,4.0,0,16527
2021-03-22,South_Zone,Summer,33.8,1,21032,Chennai,13.08,80.27,29.2,0.9,6,1,0.43,Tropical_Wet_Dry,45.8,0.0,36.7,5.9,10.0,0,-0.011,0.699,85.0,0.555,81.9,0,101.36,58.2,55.4,0,4.0,0,21433
2021-03-23,South_Zone,Summer,27.5,0,15369,Chennai,13.08,80.27,29.2,0.9,6,1,0.43,Tropical_Wet_Dry,42.0,0.0,27.4,3.6,9.2,0,0.144,0.607,95.0,0.571,82.9,0,101.56,55.7,39.4,0,4.0,0,15158
2021-03-24,South_Zone,Summer,30.0,0,14318,Chennai,13.08,80.27,29.2,0.9,6,1,0.43,Tropical_Wet_Dry,49.2,0.0,30.9,10.5,9.3,0,0.054,0.601,90.0,0.558,79.6,0,101.51,54.6,36.7,0,4.0,1,14520
2021-03-25,South_Zone,Summer,32.6,0,14380,Chennai,13.08,80.27,29.2,0.9,6,1,0.43,Tropical_Wet_Dry,49.0,0.0,35.2,3.9,10.0,0,0.053,0.719,81.0,0.595,76.4,0,103.01,51.6,37.3,0,4.0,1,14653
2021-03-26,South_Zone,Summer,40.2,0,18813,Chennai,13.08,80.27,29.2,0.9,6,1,0.43,Tropical_Wet_Dry,40.5,0.0,49.1,7.3,10.3,0,0.086,0.746,99.0,0.592,76.3,0,101.92,50.2,41.8,0,4.0,0,18943
2021-03-27,South_Zone,Summer,37.6,0,16491,Chennai,13.08,80.27,29.2,0.9,6,1,0.43,Tropical_Wet_Dry,26.1,0.0,37.6,5.7,8.8,0,-0.04,0.603,84.0,0.636,83.1,0,103.5,50.2,46.6,0,4.0,0,16849
2021-03-28,South_Zone,Summer,36.1,0,18228,Chennai,13.08,80.27,29.2,0.9,6,1,0.43,Tropical_Wet_Dry,35.9,3.6,38.0,7.7,8.9,0,0.061,0.712,105.0,0.584,79.2,0,102.43,62.9,36.7,0,4.0,1,18699
2021-03-29,South_Zone,Summer,36.8,0,18371,Chennai,13.08,80.27,29.2,0.9,6,1,0.43,Tropical_Wet_Dry,51.4,0.0,45.9,4.2,9.5,0,-0.058,0.682,90.0,0.608,76.9,0,102.91,56.1,37.0,0,4.0,0,18701
2021-03-30,South_Zone,Summer,38.0,0,18000,Chennai,13.08,80.27,29.2,0.9,6,1,0.43,Tropical_Wet_Dry,38.5,0.0,42.7,9.2,9.9,0,-0.031,0.692,64.0,0.609,77.8,0,100.18,47.6,46.9,0,4.0,0,18204
2021-03-31,South_Zone,Summer,36.6,0,16470,Chennai,13.08,80.27,29.2,0.9,6,1,0.43,Tropical_Wet_Dry,32.1,0.0,37.7,10.1,10.4,0,-0.019,0.626,106.0,0.526,79.7,0,100.3,48.9,52.8,0,4.0,1,16937
2021-04-01,South_Zone,Summer,32.1,0,16452,Chennai,13.08,80.27,29.2,0.9,6,1,0.43,Tropical_Wet_Dry,50.9,0.0,34.8,9.0,9.4,0,-0.055,0.58,106.0,0.609,76.1,0,100.33,45.0,50.4,0,4.0,1,16838
2021-04-02,South_Zone,Summer,35.6,0,16806,Chennai,13.08,80.27,29.2,0.9,6,1,0.43,Tropical_Wet_Dry,42.7,0.0,39.3,6.5,10.6,0,-0.007,0.557,136.0,0.578,79.9,0,101.57,58.4,35.8,0,4.0,0,16665
2021-04-03,South_Zone,Summer,36.4,0,17280,Chennai,13.08,80.27,29.2,0.9,6,1,0.43,Tropical_Wet_Dry,47.7,0.0,43.1,4.7,9.1,0,-0.025,0.542,95.0,0.56,83.8,0,100.46,53.4,47.0,0,4.0,1,17415
2021-04-04,South_Zone,Summer,37.2,0,18444,Chennai,13.08,80.27,29.2,0.9,6,1,0.43,Tropical_Wet_Dry,43.1,0.0,43.0,14.5,9.3,0,-0.071,0.735,98.0,0.635,79.6,0,103.24,56.3,49.8,0,4.0,0,18480
2021-04-05,South_Zone,Summer,38.1,0,17782,Chennai,13.08,80.27,29.2,0.9,6,1,0.43,Tropical_Wet_Dry,43.4,0.0,45.3,3.0,9.5,0,-0.014,0.621,104.0,0.574,74.7,0,101.8,53.7,42.5,0,4.0,1,18070
2021-04-06,South_Zone,Summer,42.5,0,19502,Chennai,13.08,80.27,29.2,0.9,6,1,0.43,Tropical_Wet_Dry,40.3,0.6,55.3,8.6,9.4,0,0.016,0.551,113.0,0.584,82.6,0,102.61,57.8,43.8,0,4.0,0,20554
2021-04-07,South_Zone,Summer,34.6,0,15683,Chennai,13.08,80.27,29.2,0.9,6,1,0.43,Tropical_Wet_Dry,46.7,0.0,38.6,7.0,10.2,0,-0.11,0.68,112.0,0.534,83.3,0,101.5,52.0,46.7,0,4.0,0,16161
2021-04-08,South_Zone,Summer,31.0,0,16508,Chennai,13.08,80.27,29.2,0.9,6,1,0.43,Tropical_Wet_Dry,56.8,0.0,34.1,5.8,7.6,0,0.042,0.591,101.0,0.592,83.5,0,102.81,55.3,47.4,0,4.0,1,16765
2021-04-09,South_Zone,Summer,32.5,0,15313,Chennai,13.08,80.27,29.2,0.9,6,1,0.43,Tropical_Wet_Dry,49.4,0.0,35.1,6.6,9.1,0,-0.049,0.581,94.0,0.571,80.2,0,100.02,54.1,46.9,0,4.0,1,15529
2021-04-10,South_Zone,Summer,32.0,0,15442,Chennai,13.08,80.27,29.2,0.9,6,1,0.43,Tropical_Wet_Dry,36.9,0.0,31.8,4.5,10.0,0,0.02,0.744,110.0,0.612,87.0,0,101.93,49.1,48.6,0,4.0,1,16026
2021-04-11,South_Zone,Summer,38.4,0,17475,Chennai,13.08,80.27,29.2,0.9,6,1,0.43,Tropical_Wet_Dry,43.2,0.0,45.9,7.3,9.5,0,-0.067,0.54,94.0,0.53,82.2,0,102.47,51.1,46.1,0,4.0,0,17740
2021-04-12,South_Zone,Summer,29.5,0,15402,Chennai,13.08,80.27,29.2,0.9,6,1,0.43,Tropical_Wet_Dry,52.0,0.0,30.6,7.0,9.9,0,0.105,0.634,72.0,0.572,89.0,0,102.55,52.8,41.9,0,4.0,1,15581
2021-04-13,South_Zone,Summer,35.9,0,16588,Chennai,13.08,80.27,29.2,0.9,6,1,0.43,Tropical_Wet_Dry,48.5,0.0,42.2,14.0,10.9,0,0.096,0.585,68.0,0.559,84.1,0,101.64,54.9,42.8,0,4.0,0,16178
2021-04-14,South_Zone,Summer,39.6,0,17569,Chennai,13.08,80.27,29.2,0.9,6,1,0.43,Tropical_Wet_Dry,38.1,0.0,46.2,9.2,9.8,0,-0.105,0.575,90.0,0.53,83.6,0,100.24,58.6,41.1,0,4.0,0,17488
2021-04-15,South_Zone,Summer,39.4,0,18335,Chennai,13.08,80.27,29.2,0.9,6,1,0.43,Tropical_Wet_Dry,46.2,0.0,50.4,7.5,10.4,0,0.052,0.532,97.0,0.564,78.1,0,102.96,54.6,42.7,0,4.0,1,18308
2021-04-16,South_Zone,Summer,38.7,0,16797,Chennai,13.08,80.27,29.2,0.9,6,1,0.43,Tropical_Wet_Dry,45.4,0.9,47.9,7.7,11.1,0,0.145,0.624,139.0,0.623,77.2,0,101.54,53.3,47.8,0,4.0,1,17144
2021-04-17,South_Zone,Summer,35.4,0,16806,Chennai,13.08,80.27,29.2,0.9,6,1,0.43,Tropical_Wet_Dry,55.6,0.0,44.1,11.5,9.8,0,-0.095,0.568,93.0,0.519,80.3,0,101.62,54.9,41.1,0,4.0,1,16633
2021-04-18,South_Zone,Summer,29.3,0,16212,Chennai,13.08,80.27,29.2,0.9,6,1,0.43,Tropical_Wet_Dry,42.7,0.1,29.2,3.1,9.2,0,-0.087,0.655,96.0,0.598,79.4,0,104.14,54.0,50.3,0,4.0,0,16802
2021-04-19,South_Zone,Summer,31.7,0,15444,Chennai,13.08,80.27,29.2,0.9,6,1,0.43,Tropical_Wet_Dry,42.4,0.0,32.3,5.5,9.9,0,0.074,0.617,88.0,0.562,78.4,0,102.0,53.7,40.1,0,4.0,0,16054
2021-04-20,South_Zone,Summer,30.9,0,16297,Chennai,13.08,80.27,29.2,0.9,6,1,0.43,Tropical_Wet_Dry,43.9,0.0,31.4,1.0,10.0,0,-0.131,0.601,106.0,0.554,79.6,0,101.38,59.6,46.0,0,4.0,0,16713
2021-04-21,South_Zone,Summer,28.9,0,15718,Chennai,13.08,80.27,29.2,0.9,6,1,0.43,Tropical_Wet_Dry,44.2,0.8,28.9,7.7,9.2,0,-0.078,0.568,100.0,0.564,79.4,0,101.31,52.6,49.2,0,4.0,0,15897
2021-04-22,South_Zone,Summer,39.2,0,18224,Chennai,13.08,80.27,29.2,0.9,6,1,0.43,Tropical_Wet_Dry,36.0,0.0,44.3,8.5,9.4,0,-0.101,0.706,84.0,0.599,78.1,0,102.52,55.1,47.2,0,4.0,1,19108
2021-04-23,South_Zone,Summer,37.9,0,18070,Chennai,13.08,80.27,29.2,0.9,6,1,0.43,Tropical_Wet_Dry,27.4,0.0,38.5,3.0,10.7,0,0.075,0.664,77.0,0.592,82.0,0,101.04,50.8,35.8,0,4.0,0,18513
2021-04-24,South_Zone,Summer,31.2,0,16948,Chennai,13.08,80.27,29.2,0.9,6,1,0.43,Tropical_Wet_Dry,43.1,0.0,31.7,10.3,9.1,0,-0.069,0.579,88.0,0.531,77.7,0,102.36,59.0,45.7,0,4.0,0,17268
2021-04-25,South_Zone,Summer,33.2,0,16236,Chennai,13.08,80.27,29.2,0.9,6,1,0.43,Tropical_Wet_Dry,45.9,0.0,35.5,3.8,10.1,0,-0.028,0.538,80.0,0.587,79.9,0,102.94,50.5,41.3,0,4.0,1,16249
2021-04-26,South_Zone,Summer,33.7,0,16810,Chennai,13.08,80.27,29.2,0.9,6,1,0.43,Tropical_Wet_Dry,41.3,0.5,35.2,5.0,9.6,0,-0.075,0.507,91.0,0.549,76.4,0,101.73,53.4,38.4,0,4.0,0,16755
2021-04-27,South_Zone,Summer,32.8,0,16265,Chennai,13.08,80.27,29.2,0.9,6,1,0.43,Tropical_Wet_Dry,54.0,0.0,37.1,6.4,10.5,0,0.115,0.688,98.0,0.61,80.3,0,102.79,58.0,46.1,0,4.0,1,16817
2021-04-28,South_Zone,Summer,30.1,0,16446,Chennai,13.08,80.27,29.2,0.9,6,1,0.43,Tropical_Wet_Dry,46.0,0.0,30.6,10.8,8.7,0,-0.086,0.675,86.0,0.625,80.6,0,101.72,50.2,38.8,0,4.0,1,17289
2021-04-29,South_Zone,Summer,37.7,0,17186,Chennai,13.08,80.27,29.2,0.9,6,1,0.43,Tropical_Wet_Dry,47.8,0.0,46.6,3.4,9.1,0,-0.141,0.683,121.0,0.533,77.1,0,101.09,56.9,46.2,0,4.0,0,17781
2021-04-30,South_Zone,Summer,33.1,0,16796,Chennai,13.08,80.27,29.2,0.9,6,1,0.43,Tropical_Wet_Dry,45.4,2.5,35.2,6.9,9.9,0,-0.145,0.613,116.0,0.592,80.2,0,100.1,44.8,52.3,0,4.0,0,17270
2021-05-01,South_Zone,Summer,32.2,0,16142,Chennai,13.08,80.27,29.2,0.9,6,1,0.43,Tropical_Wet_Dry,48.8,0.0,34.4,8.3,8.7,0,0.069,0.668,91.0,0.582,79.7,0,102.02,49.4,46.5,0,4.0,1,16497
2021-05-02,South_Zone,Summer,39.6,0,17262,Chennai,13.08,80.27,29.2,0.9,6,1,0.43,Tropical_Wet_Dry,41.6,0.0,48.2,7.7,9.8,0,0.077,0.682,78.0,0.621,78.6,0,102.02,53.4,43.8,0,4.0,1,17858
2021-05-03,South_Zone,Summer,36.5,0,17371,Chennai,13.08,80.27,29.2,0.9,6,1,0.43,Tropical_Wet_Dry,48.9,0.0,43.9,7.8,10.5,0,0.125,0.616,94.0,0.55,78.6,0,102.69,63.7,44.2,0,4.0,1,17714
2021-05-04,South_Zone,Summer,34.6,0,16249,Chennai,13.08,80.27,29.2,0.9,6,1,0.43,Tropical_Wet_Dry,43.5,0.0,37.5,8.3,8.4,0,-0.126,0.599,93.0,0.598,81.3,0,102.58,54.6,49.6,0,4.0,1,16966
2021-05-05,South_Zone,Summer,39.9,0,17486,Chennai,13.08,80.27,29.2,0.9,6,1,0.43,Tropical_Wet_Dry,42.5,0.0,49.5,4.3,10.0,0,-0.023,0.561,94.0,0.529,80.1,0,103.74,55.2,43.5,0,4.0,0,17317
2021-05-06,South_Zone,Summer,27.8,0,15450,Chennai,13.08,80.27,29.2,0.9,6,1,0.43,Tropical_Wet_Dry,49.2,0.0,28.2,11.1,9.9,0,0.243,0.646,88.0,0.594,82.9,0,101.07,58.0,42.7,0,4.0,0,15691
2021-05-07,South_Zone,Summer,30.2,0,16102,Chennai,13.08,80.27,29.2,0.9,6,1,0.43,Tropical_Wet_Dry,44.4,0.0,30.5,5.7,9.2,0,-0.03,0.654,76.0,0.592,76.9,0,101.99,49.5,40.3,0,4.0,1,16526
2021-05-08,South_Zone,Summer,40.3,0,18588,Chennai,13.08,80.27,29.2,0.9,6,1,0.43,Tropical_Wet_Dry,41.8,0.0,50.2,5.3,9.2,0,-0.056,0.596,96.0,0.564,79.4,0,100.93,41.2,40.5,0,4.0,0,19108
2021-05-09,South_Zone,Summer,39.3,0,19437,Chennai,13.08,80.27,29.2,0.9,6,1,0.43,Tropical_Wet_Dry,51.6,0.0,53.6,10.0,9.6,0,-0.002,0.603,89.0,0.54,78.2,0,102.52,60.9,49.5,0,4.0,1,20281
2021-05-10,South_Zone,Summer,38.9,0,17981,Chennai,13.08,80.27,29.2,0.9,6,1,0.43,Tropical_Wet_Dry,39.3,0.0,45.2,4.1,9.2,0,0.053,0.607,90.0,0.561,80.2,0,100.64,55.7,42.6,0,4.0,1,17730
2021-05-11,South_Zone,Summer,41.5,0,19787,Chennai,13.08,80.27,29.2,0.9,6,1,0.43,Tropical_Wet_Dry,41.2,2.9,53.1,7.0,9.9,0,0.051,0.667,97.0,0.614,80.8,0,102.46,52.2,47.8,0,4.0,1,20066
2021-05-12,South_Zone,Summer,42.1,0,18125,Chennai,13.08,80.27,29.2,0.9,6,1,0.43,Tropical_Wet_Dry,45.0,1.2,57.8,3.8,9.7,0,-0.061,0.538,94.0,0.599,76.5,0,100.79,53.5,48.2,0,4.0,1,18346
2021-05-13,South_Zone,Summer,29.6,0,14953,Chennai,13.08,80.27,29.2,0.9,6,1,0.43,Tropical_Wet_Dry,51.9,0.0,30.8,13.6,8.9,0,-0.059,0.554,96.0,0.617,81.8,0,102.27,58.1,40.2,0,4.0,1,14854
2021-05-14,South_Zone,Summer,37.8,0,17580,Chennai,13.08,80.27,29.2,0.9,6,1,0.43,Tropical_Wet_Dry,41.4,0.0,43.6,12.9,9.9,0,-0.03,0.555,88.0,0.575,86.5,0,102.69,53.6,41.0,0,4.0,0,18172
2021-05-15,South_Zone,Summer,34.2,0,16991,Chennai,13.08,80.27,29.2,0.9,6,1,0.43,Tropical_Wet_Dry,31.6,0.0,33.8,5.7,10.4,0,-0.073,0.611,101.0,0.58,80.5,0,99.91,53.5,47.9,0,4.0,1,17258
2021-05-16,South_Zone,Summer,29.1,0,15392,Chennai,13.08,80.27,29.2,0.9,6,1,0.43,Tropical_Wet_Dry,49.1,0.0,29.7,7.6,9.4,0,-0.123,0.639,82.0,0.593,77.4,0,100.09,61.2,45.7,0,4.0,1,15906
2021-05-17,South_Zone,Summer,39.5,0,18307,Chennai,13.08,80.27,29.2,0.9,6,1,0.43,Tropical_Wet_Dry,29.2,0.0,41.8,6.0,10.5,0,0.181,0.556,75.0,0.617,79.1,0,101.65,48.7,44.1,0,4.0,0,18524
2021-05-18,South_Zone,Summer,37.8,0,18719,Chennai,13.08,80.27,29.2,0.9,6,1,0.43,Tropical_Wet_Dry,48.7,0.0,47.3,5.0,10.6,0,-0.041,0.675,79.0,0.604,79.0,0,101.52,55.7,47.3,0,4.0,0,19258
2021-05-19,South_Zone,Summer,34.7,0,16161,Chennai,13.08,80.27,29.2,0.9,6,1,0.43,Tropical_Wet_Dry,44.0,0.0,37.9,6.4,9.1,0,-0.035,0.708,83.0,0.6,78.0,0,101.07,48.5,50.1,0,4.0,0,16237
2021-05-20,South_Zone,Summer,39.8,0,18876,Chennai,13.08,80.27,29.2,0.9,6,1,0.43,Tropical_Wet_Dry,45.1,0.0,50.8,5.9,9.9,0,-0.032,0.645,72.0,0.573,82.2,0,100.86,59.6,44.8,0,4.0,0,18835
2021-05-21,South_Zone,Summer,37.2,0,17179,Chennai,13.08,80.27,29.2,0.9,6,1,0.43,Tropical_Wet_Dry,37.2,0.0,40.5,1.4,9.4,0,-0.008,0.687,65.0,0.587,74.5,0,100.46,54.4,42.2,0,4.0,1,17172
2021-05-22,South_Zone,Summer,35.0,0,15729,Chennai,13.08,80.27,29.2,0.9,6,1,0.43,Tropical_Wet_Dry,35.2,0.0,35.9,6.8,8.6,0,0.043,0.565,104.0,0.573,80.8,0,101.62,50.9,45.6,0,4.0,1,15493
2021-05-23,South_Zone,Summer,39.5,0,18725,Chennai,13.08,80.27,29.2,0.9,6,1,0.43,Tropical_Wet_Dry,41.6,0.0,47.9,5.9,9.9,0,-0.047,0.567,118.0,0.539,83.9,0,100.29,47.1,41.0,0,4.0,0,19037
2021-05-24,South_Zone,Summer,29.8,0,16132,Chennai,13.08,80.27,29.2,0.9,6,1,0.43,Tropical_Wet_Dry,46.0,5.1,30.2,6.9,8.6,0,0.114,0.651,105.0,0.564,83.7,0,101.6,52.2,45.7,0,4.0,1,16372
2021-05-25,South_Zone,Summer,36.6,0,16336,Chennai,13.08,80.27,29.2,0.9,6,1,0.43,Tropical_Wet_Dry,39.6,0.0,40.2,5.8,9.9,0,0.06,0.618,86.0,0.573,83.1,0,100.63,54.0,45.0,0,4.0,0,16796
2021-05-26,South_Zone,Summer,30.2,0,15842,Chennai,13.08,80.27,29.2,0.9,6,1,0.43,Tropical_Wet_Dry,46.3,0.0,30.8,4.9,8.3,0,-0.019,0.566,64.0,0.548,78.0,0,100.75,57.9,40.9,0,4.0,0,15860
2021-05-27,South_Zone,Summer,33.4,0,17808,Chennai,13.08,80.27,29.2,0.9,6,1,0.43,Tropical_Wet_Dry,57.8,0.0,39.7,8.6,9.5,0,-0.067,0.706,98.0,0.614,84.4,0,102.36,49.6,43.0,0,4.0,0,18532
2021-05-28,South_Zone,Summer,38.8,0,18081,Chennai,13.08,80.27,29.2,0.9,6,1,0.43,Tropical_Wet_Dry,44.9,0.0,47.9,7.6,8.7,0,0.108,0.638,66.0,0.6,81.1,0,102.07,50.5,43.4,0,4.0,0,18660
2021-05-29,South_Zone,Summer,37.1,0,18337,Chennai,13.08,80.27,29.2,0.9,6,1,0.43,Tropical_Wet_Dry,47.0,0.0,44.5,10.2,10.0,0,-0.016,0.662,93.0,0.593,84.3,0,100.09,51.0,48.7,0,4.0,1,18658
2021-05-30,South_Zone,Summer,38.4,0,17996,Chennai,13.08,80.27,29.2,0.9,6,1,0.43,Tropical_Wet_Dry,45.2,0.0,47.0,7.5,9.4,0,-0.124,0.58,81.0,0.58,83.2,0,100.19,50.0,40.6,0,4.0,0,18166
2021-05-31,South_Zone,Summer,31.1,0,18219,Chennai,13.08,80.27,29.2,0.9,6,1,0.43,Tropical_Wet_Dry,52.7,0.0,33.4,5.4,9.0,0,0.102,0.721,54.0,0.604,80.9,0,101.81,51.7,41.0,0,4.0,0,18692
2021-06-01,South_Zone,Monsoon,24.7,0,13922,Chennai,13.08,80.27,29.2,0.9,6,1,0.43,Tropical_Wet_Dry,94.2,0.0,24.7,15.9,6.2,0,-0.073,0.071,87.0,0.324,79.3,0,99.57,49.0,32.1,0,4.0,0,13291
2021-06-02,South_Zone,Monsoon,23.0,0,14189,Chennai,13.08,80.27,29.2,0.9,6,1,0.43,Tropical_Wet_Dry,85.9,0.0,23.0,8.1,5.2,0,0.087,0.141,37.0,0.429,87.1,0,102.43,55.6,36.8,0,4.0,0,13656
2021-06-03,South_Zone,Monsoon,28.5,0,15725,Chennai,13.08,80.27,29.2,0.9,6,1,0.43,Tropical_Wet_Dry,92.0,0.0,35.8,20.3,5.7,0,-0.251,0.045,54.0,0.452,74.7,0,101.08,51.5,37.6,0,4.0,0,15155
2021-06-04,South_Zone,Monsoon,22.8,0,14586,Chennai,13.08,80.27,29.2,0.9,6,1,0.43,Tropical_Wet_Dry,99.0,0.0,22.8,14.8,5.3,0,-0.037,0.09,58.0,0.417,79.5,0,100.33,53.2,35.3,0,4.0,0,13612
2021-06-05,South_Zone,Monsoon,25.6,0,14275,Chennai,13.08,80.27,29.2,0.9,6,1,0.43,Tropical_Wet_Dry,89.8,5.8,25.6,20.6,5.8,0,0.116,0.113,52.0,0.474,75.8,0,100.89,54.6,37.6,0,4.0,0,13592
2021-06-06,South_Zone,Monsoon,30.8,0,15907,Chennai,13.08,80.27,29.2,0.9,6,1,0.43,Tropical_Wet_Dry,90.6,8.8,44.1,11.4,6.4,0,0.001,0.2,68.0,0.497,80.4,0,102.21,48.4,39.8,0,4.0,0,15360
2021-06-07,South_Zone,Monsoon,29.0,0,15888,Chennai,13.08,80.27,29.2,0.9,6,1,0.43,Tropical_Wet_Dry,89.1,0.0,36.9,10.6,6.2,0,0.06,0.054,47.0,0.426,81.1,0,98.69,54.9,34.8,0,4.0,0,15219
2021-06-08,South_Zone,Monsoon,29.3,0,15048,Chennai,13.08,80.27,29.2,0.9,6,1,0.43,Tropical_Wet_Dry,99.0,0.0,40.7,15.1,5.4,0,-0.09,0.092,67.0,0.425,78.1,0,101.81,54.6,30.0,0,4.0,0,14196
2021-06-09,South_Zone,Monsoon,27.5,0,15044,Chennai,13.08,80.27,29.2,0.9,6,1,0.43,Tropical_Wet_Dry,97.2,20.2,33.3,15.1,6.4,0,0.035,0.116,66.0,0.449,78.3,0,101.95,54.6,33.6,0,4.0,0,14476
2021-06-10,South_Zone,Monsoon,25.3,0,15125,Chennai,13.08,80.27,29.2,0.9,6,1,0.43,Tropical_Wet_Dry,98.1,13.9,25.3,15.0,5.0,0,0.0,0.0,35.0,0.419,76.0,0,100.4,52.6,27.2,0,4.0,0,14231
2021-06-11,South_Zone,Monsoon,28.9,0,15276,Chennai,13.08,80.27,29.2,0.9,6,1,0.43,Tropical_Wet_Dry,95.8,85.4,38.2,14.6,5.2,1,0.024,0.0,64.0,0.439,81.4,0,100.62,52.2,36.0,0,4.0,0,15280
2021-06-12,South_Zone,Monsoon,31.6,0,15798,Chennai,13.08,80.27,29.2,0.9,6,1,0.43,Tropical_Wet_Dry,90.9,0.0,47.6,12.1,5.8,0,0.204,0.02,41.0,0.355,78.6,0,100.8,53.5,31.5,0,4.0,0,15057
2021-06-13,South_Zone,Monsoon,27.5,0,14475,Chennai,13.08,80.27,29.2,0.9,6,1,0.43,Tropical_Wet_Dry,94.5,5.1,32.8,9.5,6.3,0,0.13,0.138,39.0,0.432,81.3,0,101.36,53.9,34.6,0,4.0,0,13928
2021-06-14,South_Zone,Monsoon,29.0,0,15504,Chennai,13.08,80.27,29.2,0.9,6,1,0.43,Tropical_Wet_Dry,86.7,95.6,36.3,14.8,5.0,1,0.079,0.183,65.0,0.435,78.4,0,99.86,48.2,33.6,0,4.0,0,15567
2021-06-15,South_Zone,Monsoon,26.0,0,14358,Chennai,13.08,80.27,29.2,0.9,6,1,0.43,Tropical_Wet_Dry,83.5,14.1,26.0,10.2,6.1,0,0.08,0.025,53.0,0.351,80.7,0,100.55,59.5,32.1,0,4.0,0,13590
2021-06-16,South_Zone,Monsoon,26.0,0,13941,Chennai,13.08,80.27,29.2,0.9,6,1,0.43,Tropical_Wet_Dry,95.2,59.1,26.0,9.9,5.5,0,-0.091,0.007,67.0,0.407,82.2,0,100.43,50.4,35.1,0,4.0,0,13541
2021-06-17,South_Zone,Monsoon,22.8,0,13517,Chennai,13.08,80.27,29.2,0.9,6,1,0.43,Tropical_Wet_Dry,97.9,0.0,22.8,12.9,5.1,0,-0.047,0.172,67.0,0.418,81.4,0,101.17,53.7,33.4,0,4.0,0,12972
2021-06-18,South_Zone,Monsoon,22.9,0,13353,Chennai,13.08,80.27,29.2,0.9,6,1,0.43,Tropical_Wet_Dry,99.0,8.4,22.9,15.3,6.1,0,-0.153,0.046,34.0,0.42,80.6,0,103.14,58.9,30.8,0,4.0,0,12476
2021-06-19,South_Zone,Monsoon,26.2,0,15381,Chennai,13.08,80.27,29.2,0.9,6,1,0.43,Tropical_Wet_Dry,99.0,61.7,26.2,20.0,5.1,1,-0.127,0.058,73.0,0.42,79.7,0,99.69,51.5,28.5,0,4.0,0,14973
2021-06-20,South_Zone,Monsoon,25.0,0,13629,Chennai,13.08,80.27,29.2,0.9,6,1,0.43,Tropical_Wet_Dry,99.0,115.7,25.0,16.9,6.9,1,-0.089,0.168,65.0,0.476,81.4,0,100.47,54.1,35.8,0,4.0,0,13758
2021-06-21,South_Zone,Monsoon,26.9,0,14249,Chennai,13.08,80.27,29.2,0.9,6,1,0.43,Tropical_Wet_Dry,88.9,0.0,30.3,18.3,5.5,0,-0.003,0.158,49.0,0.452,78.2,0,99.6,44.1,28.0,0,4.0,0,13372
2021-06-22,South_Zone,Monsoon,32.1,0,15116,Chennai,13.08,80.27,29.2,0.9,6,1,0.43,Tropical_Wet_Dry,89.0,10.5,48.9,16.0,5.9,0,-0.123,0.136,58.0,0.403,79.4,0,99.84,45.0,43.0,0,4.0,0,13987
2021-06-23,South_Zone,Monsoon,26.9,0,14981,Chennai,13.08,80.27,29.2,0.9,6,1,0.43,Tropical_Wet_Dry,96.3,19.2,31.1,15.1,6.5,0,-0.004,0.0,74.0,0.43,81.0,0,99.22,52.6,40.4,0,4.0,0,14200
2021-06-24,South_Zone,Monsoon,30.6,0,15356,Chennai,13.08,80.27,29.2,0.9,6,1,0.43,Tropical_Wet_Dry,99.0,5.5,46.6,21.5,5.9,0,-0.015,0.004,54.0,0.494,84.6,0,98.73,53.2,26.1,0,4.0,0,14639
2021-06-25,South_Zone,Monsoon,22.2,0,13441,Chennai,13.08,80.27,29.2,0.9,6,1,0.43,Tropical_Wet_Dry,99.0,0.0,22.2,10.0,6.1,0,-0.113,0.147,98.0,0.489,78.2,0,101.41,58.0,37.1,0,4.0,0,13283
2021-06-26,South_Zone,Monsoon,32.1,0,16239,Chennai,13.08,80.27,29.2,0.9,6,1,0.43,Tropical_Wet_Dry,96.3,0.0,52.7,12.8,4.7,0,0.153,0.099,87.0,0.465,77.3,0,100.55,56.4,39.7,0,4.0,0,15639
2021-06-27,South_Zone,Monsoon,28.7,0,14326,Chennai,13.08,80.27,29.2,0.9,6,1,0.43,Tropical_Wet_Dry,90.8,11.8,36.2,13.0,5.4,0,-0.132,0.033,62.0,0.422,80.9,0,100.25,46.7,31.1,0,4.0,0,13635
2021-06-28,South_Zone,Monsoon,24.5,0,14140,Chennai,13.08,80.27,29.2,0.9,6,1,0.43,Tropical_Wet_Dry,90.9,22.8,24.5,16.7,5.7,0,0.112,0.059,56.0,0.42,83.6,0,99.25,57.8,35.8,0,4.0,0,13549
2021-06-29,South_Zone,Monsoon,23.7,0,14555,Chennai,13.08,80.27,29.2,0.9,6,1,0.43,Tropical_Wet_Dry,99.0,0.0,23.7,11.1,6.1,0,-0.225,0.147,57.0,0.44,82.4,0,100.01,48.2,33.4,0,4.0,0,13954
2021-06-30,South_Zone,Monsoon,25.5,0,14345,Chennai,13.08,80.27,29.2,0.9,6,1,0.43,Tropical_Wet_Dry,89.2,41.1,25.5,16.3,6.0,0,-0.014,0.172,49.0,0.47,80.1,0,98.9,56.0,37.4,0,4.0,0,13690
2021-07-01,South_Zone,Monsoon,22.3,0,13270,Chennai,13.08,80.27,29.2,0.9,6,1,0.43,Tropical_Wet_Dry,95.4,24.1,22.3,15.7,5.8,0,-0.12,0.08,62.0,0.406,83.7,0,99.99,51.2,31.8,0,4.0,0,12996
2021-07-02,South_Zone,Monsoon,24.4,0,12253,Chennai,13.08,80.27,29.2,0.9,6,1,0.43,Tropical_Wet_Dry,94.8,0.0,24.4,16.4,6.1,0,-0.065,0.039,72.0,0.436,74.6,0,100.32,64.0,39.1,0,4.0,0,11535
2021-07-03,South_Zone,Monsoon,29.6,0,16719,Chennai,13.08,80.27,29.2,0.9,6,1,0.43,Tropical_Wet_Dry,99.0,0.0,42.0,16.4,6.0,0,0.181,0.063,36.0,0.416,83.0,0,99.41,50.4,33.3,0,4.0,0,15964
2021-07-04,South_Zone,Monsoon,31.4,0,16392,Chennai,13.08,80.27,29.2,0.9,6,1,0.43,Tropical_Wet_Dry,89.4,10.8,46.1,18.6,4.5,0,-0.035,0.161,72.0,0.409,79.1,0,99.16,52.4,32.4,0,4.0,0,15435
2021-07-05,South_Zone,Monsoon,26.8,0,15334,Chennai,13.08,80.27,29.2,0.9,6,1,0.43,Tropical_Wet_Dry,81.7,0.0,29.4,13.9,6.5,0,-0.11,0.159,77.0,0.439,81.9,0,99.39,53.4,37.2,0,4.0,0,14748
2021-07-06,South_Zone,Monsoon,31.7,0,16027,Chennai,13.08,80.27,29.2,0.9,6,1,0.43,Tropical_Wet_Dry,93.5,221.3,49.3,15.6,5.3,1,0.049,0.092,70.0,0.481,83.0,0,100.66,52.3,38.5,0,4.0,0,16321
2021-07-07,South_Zone,Monsoon,24.4,0,13712,Chennai,13.08,80.27,29.2,0.9,6,1,0.43,Tropical_Wet_Dry,91.9,9.6,24.4,11.8,5.7,0,-0.036,0.048,58.0,0.436,80.6,0,100.01,49.0,22.3,0,4.0,0,12887
2021-07-08,South_Zone,Monsoon,33.1,0,16217,Chennai,13.08,80.27,29.2,0.9,6,1,0.43,Tropical_Wet_Dry,90.4,39.5,54.2,11.1,6.0,0,0.015,0.145,70.0,0.35,80.2,0,98.17,61.1,19.5,0,4.0,0,14866
2021-07-09,South_Zone,Monsoon,18.0,0,11331,Chennai,13.08,80.27,29.2,0.9,6,1,0.43,Tropical_Wet_Dry,98.8,2.8,18.0,19.3,5.2,0,-0.091,0.177,83.0,0.444,78.8,0,100.47,50.7,35.7,0,4.0,0,10846
2021-07-10,South_Zone,Monsoon,26.7,0,15510,Chennai,13.08,80.27,29.2,0.9,6,1,0.43,Tropical_Wet_Dry,92.6,44.6,30.1,11.6,4.9,0,-0.087,0.0,59.0,0.447,85.1,0,100.25,50.5,30.7,0,4.0,0,14952
2021-07-11,South_Zone,Monsoon,27.2,0,15638,Chennai,13.08,80.27,29.2,0.9,6,1,0.43,Tropical_Wet_Dry,97.6,7.6,32.3,15.9,4.4,0,-0.079,0.066,60.0,0.428,81.0,0,99.86,52.5,27.4,0,4.0,0,14469
2021-07-12,South_Zone,Monsoon,26.4,0,13033,Chennai,13.08,80.27,29.2,0.9,6,1,0.43,Tropical_Wet_Dry,86.5,0.0,26.4,15.6,5.0,0,0.08,0.149,98.0,0.473,80.7,0,101.29,54.3,32.1,0,4.0,0,12849
2021-07-13,South_Zone,Monsoon,26.5,0,14907,Chennai,13.08,80.27,29.2,0.9,6,1,0.43,Tropical_Wet_Dry,91.5,18.6,26.5,17.5,6.1,0,-0.023,0.084,66.0,0.429,84.5,0,99.63,50.1,48.6,0,4.0,0,14387
2021-07-14,South_Zone,Monsoon,28.8,0,14192,Chennai,13.08,80.27,29.2,0.9,6,1,0.43,Tropical_Wet_Dry,96.1,0.0,37.9,9.0,4.8,0,-0.105,0.051,42.0,0.438,78.5,0,100.0,56.8,27.3,0,4.0,0,13584
2021-07-15,South_Zone,Monsoon,26.9,0,16884,Chennai,13.08,80.27,29.2,0.9,6,1,0.43,Tropical_Wet_Dry,90.8,15.8,30.5,16.7,5.1,0,0.016,0.091,76.0,0.444,79.3,0,100.01,53.6,38.4,0,4.0,0,15929
2021-07-16,South_Zone,Monsoon,24.3,0,14603,Chennai,13.08,80.27,29.2,0.9,6,1,0.43,Tropical_Wet_Dry,87.4,31.5,24.3,13.8,5.7,0,0.008,0.102,67.0,0.426,82.8,0,100.38,53.2,30.2,0,4.0,0,13861
2021-07-17,South_Zone,Monsoon,21.7,0,14118,Chennai,13.08,80.27,29.2,0.9,6,1,0.43,Tropical_Wet_Dry,99.0,57.1,21.7,12.2,4.7,0,0.057,0.012,48.0,0.44,85.3,0,99.25,54.9,26.7,0,4.0,0,13186
2021-07-18,South_Zone,Monsoon,25.3,0,14652,Chennai,13.08,80.27,29.2,0.9,6,1,0.43,Tropical_Wet_Dry,99.0,5.1,25.3,13.2,5.2,0,-0.048,0.085,40.0,0.487,80.1,0,98.79,49.1,30.9,0,4.0,0,14064
2021-07-19,South_Zone,Monsoon,24.1,0,14264,Chennai,13.08,80.27,29.2,0.9,6,1,0.43,Tropical_Wet_Dry,95.3,16.3,24.1,17.1,5.5,0,-0.008,0.102,64.0,0.457,81.2,0,100.38,50.8,26.9,0,4.0,0,13362
2021-07-20,South_Zone,Monsoon,25.3,0,13746,Chennai,13.08,80.27,29.2,0.9,6,1,0.43,Tropical_Wet_Dry,85.0,0.7,25.3,16.2,5.7,0,0.042,0.051,59.0,0.436,75.2,0,100.3,53.0,26.2,0,4.0,0,12887
2021-07-21,South_Zone,Monsoon,29.3,0,14987,Chennai,13.08,80.27,29.2,0.9,6,1,0.43,Tropical_Wet_Dry,95.9,23.8,39.8,13.6,5.1,0,-0.101,0.033,38.0,0.403,83.8,0,100.62,57.0,30.4,0,4.0,0,14605
2021-07-22,South_Zone,Monsoon,29.1,0,15132,Chennai,13.08,80.27,29.2,0.9,6,1,0.43,Tropical_Wet_Dry,84.2,4.4,36.0,10.6,5.8,0,0.089,0.048,58.0,0.46,76.8,0,99.72,51.9,28.5,0,4.0,0,14512
2021-07-23,South_Zone,Monsoon,28.2,0,15406,Chennai,13.08,80.27,29.2,0.9,6,1,0.43,Tropical_Wet_Dry,94.6,19.9,35.3,10.8,5.9,0,0.002,0.022,57.0,0.41,78.4,0,97.63,50.8,33.3,0,4.0,0,14615
2021-07-24,South_Zone,Monsoon,26.9,0,13940,Chennai,13.08,80.27,29.2,0.9,6,1,0.43,Tropical_Wet_Dry,89.4,24.8,30.4,16.3,4.8,0,-0.11,0.131,59.0,0.47,80.6,0,99.41,44.3,34.8,0,4.0,0,13459
2021-07-25,South_Zone,Monsoon,26.4,0,15556,Chennai,13.08,80.27,29.2,0.9,6,1,0.43,Tropical_Wet_Dry,88.4,1.1,26.4,10.2,5.7,0,-0.111,0.021,69.0,0.448,78.1,0,99.25,49.9,30.1,0,4.0,0,15061
2021-07-26,South_Zone,Monsoon,28.3,0,14411,Chennai,13.08,80.27,29.2,0.9,6,1,0.43,Tropical_Wet_Dry,90.8,29.0,34.9,13.6,5.2,0,-0.01,0.091,28.0,0.472,74.2,0,100.41,46.6,37.1,0,4.0,0,13828
2021-07-27,South_Zone,Monsoon,29.2,0,15675,Chennai,13.08,80.27,29.2,0.9,6,1,0.43,Tropical_Wet_Dry,91.6,54.6,38.2,22.0,5.8,0,-0.055,0.058,40.0,0.465,76.3,0,100.21,47.5,30.7,0,4.0,0,15155
2021-07-28,South_Zone,Monsoon,29.6,0,14607,Chennai,13.08,80.27,29.2,0.9,6,1,0.43,Tropical_Wet_Dry,89.0,36.1,38.9,15.4,6.2,0,0.075,0.038,51.0,0.459,80.3,0,99.73,54.4,33.2,0,4.0,0,13425
2021-07-29,South_Zone,Monsoon,26.0,0,13946,Chennai,13.08,80.27,29.2,0.9,6,1,0.43,Tropical_Wet_Dry,97.3,5.2,26.0,16.2,5.4,0,-0.029,0.162,84.0,0.423,84.5,0,97.02,65.1,23.2,0,4.0,0,13145
2021-07-30,South_Zone,Monsoon,26.9,0,15160,Chennai,13.08,80.27,29.2,0.9,6,1,0.43,Tropical_Wet_Dry,91.6,0.0,30.6,10.8,6.1,0,0.03,0.072,103.0,0.412,84.2,0,98.23,53.1,34.4,0,4.0,0,14307
2021-07-31,South_Zone,Monsoon,28.9,0,15522,Chennai,13.08,80.27,29.2,0.9,6,1,0.43,Tropical_Wet_Dry,97.6,0.0,38.6,10.3,6.2,0,-0.085,0.04,60.0,0.389,81.1,0,98.66,53.8,45.3,0,4.0,0,14670
2021-08-01,South_Zone,Monsoon,32.1,0,16566,Chennai,13.08,80.27,29.2,0.9,6,1,0.43,Tropical_Wet_Dry,92.1,16.6,50.5,16.4,6.4,0,-0.002,0.034,61.0,0.385,80.5,0,98.66,49.4,38.0,0,4.0,0,15849
2021-08-02,South_Zone,Monsoon,27.6,0,13946,Chennai,13.08,80.27,29.2,0.9,6,1,0.43,Tropical_Wet_Dry,90.0,2.5,32.5,13.2,5.9,0,0.132,0.1,20.0,0.491,82.4,0,99.13,48.5,33.1,0,4.0,0,13349
2021-08-03,South_Zone,Monsoon,25.9,0,14254,Chennai,13.08,80.27,29.2,0.9,6,1,0.43,Tropical_Wet_Dry,90.1,6.7,25.9,17.5,6.2,0,-0.015,0.13,76.0,0.423,84.0,0,100.42,61.4,28.2,0,4.0,0,13525
2021-08-04,South_Zone,Monsoon,30.5,0,15599,Chennai,13.08,80.27,29.2,0.9,6,1,0.43,Tropical_Wet_Dry,83.5,14.9,40.4,14.4,6.0,0,-0.055,0.156,68.0,0.425,80.4,0,99.69,49.7,42.2,0,4.0,0,14840
2021-08-05,South_Zone,Monsoon,26.0,0,13921,Chennai,13.08,80.27,29.2,0.9,6,1,0.43,Tropical_Wet_Dry,95.9,24.5,26.0,24.7,4.5,0,-0.086,0.07,65.0,0.436,80.5,0,97.96,44.2,33.2,0,4.0,0,13139
2021-08-06,South_Zone,Monsoon,27.8,0,15659,Chennai,13.08,80.27,29.2,0.9,6,1,0.43,Tropical_Wet_Dry,91.5,9.6,33.4,12.6,5.2,0,-0.002,0.066,38.0,0.414,80.6,0,98.02,53.2,30.6,0,4.0,0,14349
2021-08-07,South_Zone,Monsoon,32.8,0,16028,Chennai,13.08,80.27,29.2,0.9,6,1,0.43,Tropical_Wet_Dry,78.5,0.0,46.6,15.2,5.8,0,0.141,0.088,96.0,0.51,83.0,0,97.91,50.4,30.8,0,4.0,0,15267
2021-08-08,South_Zone,Monsoon,27.9,0,13995,Chennai,13.08,80.27,29.2,0.9,6,1,0.43,Tropical_Wet_Dry,90.6,87.7,33.5,11.6,5.6,1,-0.136,0.09,87.0,0.434,75.9,0,98.68,54.9,44.4,0,4.0,0,13809
2021-08-09,South_Zone,Monsoon,33.8,0,15333,Chennai,13.08,80.27,29.2,0.9,6,1,0.43,Tropical_Wet_Dry,85.2,29.2,54.4,17.4,6.2,0,-0.005,0.034,65.0,0.442,80.0,0,99.57,59.1,33.4,0,4.0,0,14912
2021-08-10,South_Zone,Monsoon,31.5,0,15586,Chennai,13.08,80.27,29.2,0.9,6,1,0.43,Tropical_Wet_Dry,99.0,0.0,51.0,15.6,5.3,0,-0.171,0.168,78.0,0.439,81.2,0,99.71,54.4,36.3,0,4.0,0,15134
2021-08-11,South_Zone,Monsoon,26.2,0,13662,Chennai,13.08,80.27,29.2,0.9,6,1,0.43,Tropical_Wet_Dry,85.8,6.5,26.2,11.4,6.8,0,-0.041,0.081,61.0,0.39,74.3,0,98.34,53.2,33.0,0,4.0,0,13090
2021-08-12,South_Zone,Monsoon,35.2,0,16984,Chennai,13.08,80.27,29.2,0.9,6,1,0.43,Tropical_Wet_Dry,81.7,11.0,58.6,13.3,5.9,0,0.026,0.112,75.0,0.426,82.8,0,98.66,55.1,33.7,0,4.0,0,15851
2021-08-13,South_Zone,Monsoon,28.1,0,15725,Chennai,13.08,80.27,29.2,0.9,6,1,0.43,Tropical_Wet_Dry,98.7,0.4,35.7,18.4,5.7,0,-0.158,0.105,36.0,0.425,83.2,0,100.34,64.0,31.9,0,4.0,0,15169
2021-08-14,South_Zone,Monsoon,26.0,0,14513,Chennai,13.08,80.27,29.2,0.9,6,1,0.43,Tropical_Wet_Dry,99.0,5.9,26.0,18.1,5.1,0,-0.044,0.104,20.0,0.424,74.2,0,97.15,61.0,41.1,0,4.0,0,13721
2021-08-15,South_Zone,Monsoon,28.2,0,14632,Chennai,13.08,80.27,29.2,0.9,6,1,0.43,Tropical_Wet_Dry,89.4,0.0,34.3,10.1,5.1,0,0.029,0.02,37.0,0.377,78.8,0,99.25,51.4,34.2,0,4.0,0,13847
2021-08-16,South_Zone,Monsoon,31.6,0,15724,Chennai,13.08,80.27,29.2,0.9,6,1,0.43,Tropical_Wet_Dry,87.9,23.9,46.3,12.9,5.8,0,0.013,0.08,45.0,0.444,78.9,0,99.12,56.4,27.0,0,4.0,0,14862
2021-08-17,South_Zone,Monsoon,23.3,0,13593,Chennai,13.08,80.27,29.2,0.9,6,1,0.43,Tropical_Wet_Dry,99.0,8.4,23.3,19.8,5.4,0,0.034,0.217,48.0,0.464,77.3,0,98.27,59.5,36.0,0,4.0,0,12831
2021-08-18,South_Zone,Monsoon,28.7,0,14472,Chennai,13.08,80.27,29.2,0.9,6,1,0.43,Tropical_Wet_Dry,81.1,16.6,34.1,13.8,5.6,0,-0.097,0.175,68.0,0.417,77.7,0,98.52,55.2,33.4,0,4.0,0,13596
2021-08-19,South_Zone,Monsoon,25.6,0,13952,Chennai,13.08,80.27,29.2,0.9,6,1,0.43,Tropical_Wet_Dry,85.3,20.1,25.6,14.9,6.5,0,0.029,0.089,55.0,0.445,78.4,0,98.94,52.3,35.9,0,4.0,0,13457
2021-08-20,South_Zone,Monsoon,31.7,0,15526,Chennai,13.08,80.27,29.2,0.9,6,1,0.43,Tropical_Wet_Dry,89.6,9.0,47.4,17.4,5.8,0,-0.06,0.058,59.0,0.457,81.8,0,98.2,50.3,32.3,0,4.0,0,14902
2021-08-21,South_Zone,Monsoon,32.3,0,15579,Chennai,13.08,80.27,29.2,0.9,6,1,0.43,Tropical_Wet_Dry,98.4,31.0,54.8,10.3,5.8,0,0.071,0.0,39.0,0.456,83.7,0,97.83,52.5,31.3,0,4.0,0,14435
2021-08-22,South_Zone,Monsoon,29.0,0,14886,Chennai,13.08,80.27,29.2,0.9,6,1,0.43,Tropical_Wet_Dry,90.4,23.4,37.2,11.5,6.2,0,-0.231,0.05,37.0,0.36,81.7,0,97.74,47.5,38.5,0,4.0,0,14282
2021-08-23,South_Zone,Monsoon,30.3,0,14670,Chennai,13.08,80.27,29.2,0.9,6,1,0.43,Tropical_Wet_Dry,92.3,11.6,42.7,13.3,5.7,0,-0.029,0.075,61.0,0.417,77.3,0,100.29,56.7,43.3,0,4.0,0,13984
2021-08-24,South_Zone,Monsoon,30.2,0,15648,Chennai,13.08,80.27,29.2,0.9,6,1,0.43,Tropical_Wet_Dry,97.5,0.0,44.2,17.9,6.1,0,0.01,0.061,50.0,0.394,82.4,0,97.97,57.8,24.7,0,4.0,0,14390
2021-08-25,South_Zone,Monsoon,26.1,0,14387,Chennai,13.08,80.27,29.2,0.9,6,1,0.43,Tropical_Wet_Dry,99.0,0.0,26.1,17.4,4.8,0,0.135,0.065,60.0,0.417,81.8,0,98.59,50.8,34.4,0,4.0,0,13538
2021-08-26,South_Zone,Monsoon,32.6,0,16260,Chennai,13.08,80.27,29.2,0.9,6,1,0.43,Tropical_Wet_Dry,87.6,0.0,50.4,16.5,5.1,0,0.009,0.117,70.0,0.491,71.2,0,99.15,50.9,31.3,0,4.0,0,15273
2021-08-27,South_Zone,Monsoon,25.9,0,13509,Chennai,13.08,80.27,29.2,0.9,6,1,0.43,Tropical_Wet_Dry,94.4,8.3,25.9,13.9,5.6,0,0.019,0.02,90.0,0.403,83.7,0,98.14,48.0,29.4,0,4.0,0,12562
2021-08-28,South_Zone,Monsoon,29.5,0,15535,Chennai,13.08,80.27,29.2,0.9,6,1,0.43,Tropical_Wet_Dry,99.0,0.0,41.6,17.7,5.6,0,0.038,0.096,60.0,0.43,80.4,0,98.36,54.2,23.2,0,4.0,0,14547
2021-08-29,South_Zone,Monsoon,30.1,0,14351,Chennai,13.08,80.27,29.2,0.9,6,1,0.43,Tropical_Wet_Dry,84.3,0.0,39.3,13.8,5.3,0,0.125,0.073,93.0,0.413,80.5,0,98.81,52.5,35.8,0,4.0,0,13742
2021-08-30,South_Zone,Monsoon,24.5,0,15038,Chennai,13.08,80.27,29.2,0.9,6,1,0.43,Tropical_Wet_Dry,99.0,65.5,24.5,16.0,5.5,1,-0.038,0.027,67.0,0.476,74.8,0,97.44,46.2,31.6,0,4.0,0,15176
2021-08-31,South_Zone,Monsoon,29.0,0,15675,Chennai,13.08,80.27,29.2,0.9,6,1,0.43,Tropical_Wet_Dry,87.5,15.9,36.5,17.0,5.8,0,-0.14,0.18,72.0,0.396,84.8,0,96.74,63.4,31.3,0,4.0,0,15097
2021-09-01,South_Zone,Autumn,21.1,0,12493,Chennai,13.08,80.27,29.2,0.9,6,1,0.43,Tropical_Wet_Dry,73.9,0.0,21.1,11.4,5.9,0,-0.159,0.425,139.0,0.51,81.0,0,97.53,44.9,66.0,0,4.0,0,12693
2021-09-02,South_Zone,Autumn,27.0,0,15574,Chennai,13.08,80.27,29.2,0.9,6,1,0.43,Tropical_Wet_Dry,68.6,0.0,28.7,6.1,6.3,0,0.066,0.333,133.0,0.477,82.3,0,99.97,47.2,57.8,0,4.0,0,15007
2021-09-03,South_Zone,Autumn,20.7,0,12160,Chennai,13.08,80.27,29.2,0.9,6,1,0.43,Tropical_Wet_Dry,68.8,0.0,20.7,5.2,6.4,0,0.022,0.411,106.0,0.471,76.0,0,97.65,55.8,57.6,0,4.0,0,11803
2021-09-04,South_Zone,Autumn,23.7,0,13279,Chennai,13.08,80.27,29.2,0.9,6,1,0.43,Tropical_Wet_Dry,66.9,0.0,23.7,10.2,5.8,0,-0.026,0.297,139.0,0.527,81.5,0,98.34,55.0,53.3,0,4.0,0,13358
2021-09-05,South_Zone,Autumn,21.5,0,12383,Chennai,13.08,80.27,29.2,0.9,6,1,0.43,Tropical_Wet_Dry,74.5,0.0,21.5,10.4,6.0,0,-0.059,0.34,113.0,0.451,81.6,0,96.87,48.9,55.5,0,4.0,0,12085
2021-09-06,South_Zone,Autumn,22.6,0,12724,Chennai,13.08,80.27,29.2,0.9,6,1,0.43,Tropical_Wet_Dry,77.4,0.0,22.6,4.7,6.7,0,0.018,0.46,125.0,0.521,79.5,0,99.52,49.7,67.3,0,4.0,0,12846
2021-09-07,South_Zone,Autumn,20.7,0,13417,Chennai,13.08,80.27,29.2,0.9,6,1,0.43,Tropical_Wet_Dry,72.9,3.2,20.7,3.0,6.3,0,0.021,0.401,122.0,0.518,76.1,0,97.86,54.0,63.1,0,4.0,0,13570
2021-09-08,South_Zone,Autumn,23.8,0,14346,Chennai,13.08,80.27,29.2,0.9,6,1,0.43,Tropical_Wet_Dry,72.1,0.0,23.8,10.0,6.2,0,0.048,0.396,141.0,0.496,79.8,0,97.7,53.6,66.4,0,4.0,0,14643
2021-09-09,South_Zone,Autumn,19.1,0,12771,Chennai,13.08,80.27,29.2,0.9,6,1,0.43,Tropical_Wet_Dry,77.4,0.0,19.1,1.4,5.7,0,-0.111,0.439,127.0,0.478,77.1,0,98.01,49.4,55.8,0,4.0,0,12781
2021-09-10,South_Zone,Autumn,30.2,0,15258,Chennai,13.08,80.27,29.2,0.9,6,1,0.43,Tropical_Wet_Dry,63.0,0.0,33.9,1.2,6.2,0,-0.176,0.417,95.0,0.519,77.9,0,100.64,57.2,61.8,0,4.0,0,15154
2021-09-11,South_Zone,Autumn,26.5,0,15271,Chennai,13.08,80.27,29.2,0.9,6,1,0.43,Tropical_Wet_Dry,73.8,0.0,26.5,5.5,6.5,0,-0.091,0.364,158.0,0.488,83.5,0,98.56,54.7,65.2,0,4.0,0,14973
2021-09-12,South_Zone,Autumn,26.6,0,14782,Chennai,13.08,80.27,29.2,0.9,6,1,0.43,Tropical_Wet_Dry,74.1,0.0,26.6,6.3,7.8,0,-0.135,0.436,135.0,0.553,80.3,0,97.95,57.5,62.9,0,4.0,0,14663
2021-09-13,South_Zone,Autumn,25.7,0,14983,Chennai,13.08,80.27,29.2,0.9,6,1,0.43,Tropical_Wet_Dry,83.6,0.0,25.7,2.8,6.9,0,-0.14,0.279,110.0,0.505,79.8,0,95.21,50.9,67.9,0,4.0,0,15148
2021-09-14,South_Zone,Autumn,25.9,0,13582,Chennai,13.08,80.27,29.2,0.9,6,1,0.43,Tropical_Wet_Dry,68.6,0.0,25.9,6.7,5.7,0,0.157,0.34,100.0,0.563,76.5,0,99.44,56.0,62.0,0,4.0,0,13828
2021-09-15,South_Zone,Autumn,18.9,0,11476,Chennai,13.08,80.27,29.2,0.9,6,1,0.43,Tropical_Wet_Dry,72.4,3.7,18.9,6.8,6.6,0,-0.227,0.374,137.0,0.517,79.9,0,97.38,51.0,60.0,0,4.0,0,11449
2021-09-16,South_Zone,Autumn,23.2,0,14272,Chennai,13.08,80.27,29.2,0.9,6,1,0.43,Tropical_Wet_Dry,75.9,0.0,23.2,4.6,6.0,0,0.047,0.413,102.0,0.541,79.5,0,97.21,54.0,48.2,0,4.0,0,13862
2021-09-17,South_Zone,Autumn,20.7,0,13910,Chennai,13.08,80.27,29.2,0.9,6,1,0.43,Tropical_Wet_Dry,77.7,0.0,20.7,12.1,6.3,0,0.091,0.361,134.0,0.499,77.1,0,97.29,53.3,62.1,0,4.0,0,14033
2021-09-18,South_Zone,Autumn,22.5,0,13229,Chennai,13.08,80.27,29.2,0.9,6,1,0.43,Tropical_Wet_Dry,69.8,0.0,22.5,7.3,6.0,0,0.099,0.273,139.0,0.54,83.3,0,99.51,56.2,63.0,0,4.0,0,13256
2021-09-19,South_Zone,Autumn,21.5,0,11865,Chennai,13.08,80.27,29.2,0.9,6,1,0.43,Tropical_Wet_Dry,71.1,0.0,21.5,9.4,7.5,0,0.028,0.265,108.0,0.487,83.1,0,98.0,54.3,65.7,0,4.0,0,11638
2021-09-20,South_Zone,Autumn,24.7,0,15542,Chennai,13.08,80.27,29.2,0.9,6,1,0.43,Tropical_Wet_Dry,73.9,0.0,24.7,1.6,5.8,0,0.132,0.376,107.0,0.511,77.7,0,96.51,44.0,56.0,0,4.0,0,15403
2021-09-21,South_Zone,Autumn,23.8,0,12472,Chennai,13.08,80.27,29.2,0.9,6,1,0.43,Tropical_Wet_Dry,67.6,0.0,23.8,1.6,6.6,0,0.178,0.351,112.0,0.524,81.2,0,97.82,49.6,59.8,0,4.0,0,12528
2021-09-22,South_Zone,Autumn,26.3,0,13285,Chennai,13.08,80.27,29.2,0.9,6,1,0.43,Tropical_Wet_Dry,68.2,0.0,26.3,7.4,6.2,0,-0.03,0.325,102.0,0.482,74.4,0,97.19,52.2,52.0,0,4.0,0,12976
2021-09-23,South_Zone,Autumn,20.4,0,12902,Chennai,13.08,80.27,29.2,0.9,6,1,0.43,Tropical_Wet_Dry,74.2,0.0,20.4,11.6,6.7,0,0.045,0.315,124.0,0.484,81.0,0,98.38,54.2,51.9,0,4.0,0,12506
2021-09-24,South_Zone,Autumn,24.4,0,13285,Chennai,13.08,80.27,29.2,0.9,6,1,0.43,Tropical_Wet_Dry,76.3,0.0,24.4,3.0,6.6,0,0.128,0.388,127.0,0.533,82.3,0,97.63,55.4,62.6,0,4.0,0,13351
2021-09-25,South_Zone,Autumn,23.2,0,14364,Chennai,13.08,80.27,29.2,0.9,6,1,0.43,Tropical_Wet_Dry,69.1,0.0,23.2,6.4,7.2,0,-0.086,0.458,133.0,0.556,76.6,0,96.44,53.8,66.3,0,4.0,0,14566
2021-09-26,South_Zone,Autumn,26.6,0,15640,Chennai,13.08,80.27,29.2,0.9,6,1,0.43,Tropical_Wet_Dry,60.8,0.0,26.6,2.3,7.0,0,-0.024,0.388,105.0,0.535,80.0,0,97.92,49.3,66.5,0,4.0,0,15286
2021-09-27,South_Zone,Autumn,29.7,0,16079,Chennai,13.08,80.27,29.2,0.9,6,1,0.43,Tropical_Wet_Dry,58.6,0.0,32.0,3.8,6.3,0,-0.063,0.459,135.0,0.532,80.4,0,97.95,55.9,62.2,0,4.0,0,16166
2021-09-28,South_Zone,Autumn,23.3,0,14524,Chennai,13.08,80.27,29.2,0.9,6,1,0.43,Tropical_Wet_Dry,65.7,0.0,23.3,6.6,8.2,0,0.046,0.358,102.0,0.518,88.7,0,96.75,48.5,70.2,0,4.0,0,14387
2021-09-29,South_Zone,Autumn,25.4,0,14755,Chennai,13.08,80.27,29.2,0.9,6,1,0.43,Tropical_Wet_Dry,64.2,0.0,25.4,4.5,6.9,0,-0.19,0.407,135.0,0.551,87.7,0,96.04,56.5,58.0,0,4.0,0,14851
2021-09-30,South_Zone,Autumn,24.5,0,13403,Chennai,13.08,80.27,29.2,0.9,6,1,0.43,Tropical_Wet_Dry,70.5,0.0,24.5,2.1,6.1,0,0.144,0.461,93.0,0.502,81.0,0,98.28,57.6,64.5,0,4.0,0,13130
2021-10-01,South_Zone,Autumn,20.9,1,16651,Chennai,13.08,80.27,29.2,0.9,6,1,0.43,Tropical_Wet_Dry,67.5,0.5,20.9,2.0,6.4,0,0.053,0.371,148.0,0.513,78.0,0,97.72,52.0,65.4,0,4.0,0,16351
2021-10-02,South_Zone,Autumn,28.5,0,15618,Chennai,13.08,80.27,29.2,0.9,6,1,0.43,Tropical_Wet_Dry,65.4,0.0,31.0,1.0,7.1,0,0.059,0.382,111.0,0.428,80.7,0,97.79,49.5,44.3,0,4.0,0,14694
2021-10-03,South_Zone,Autumn,25.3,0,15982,Chennai,13.08,80.27,29.2,0.9,6,1,0.43,Tropical_Wet_Dry,66.9,0.0,25.3,7.4,6.9,0,-0.236,0.358,131.0,0.532,83.4,0,98.75,49.7,57.6,0,4.0,0,16049
2021-10-04,South_Zone,Autumn,24.8,0,13199,Chennai,13.08,80.27,29.2,0.9,6,1,0.43,Tropical_Wet_Dry,68.9,0.1,24.8,7.8,6.8,0,-0.104,0.416,132.0,0.501,75.0,0,96.06,47.0,59.4,0,4.0,0,12839
2021-10-05,South_Zone,Autumn,23.8,0,14311,Chennai,13.08,80.27,29.2,0.9,6,1,0.43,Tropical_Wet_Dry,78.3,0.0,23.8,7.8,7.0,0,0.149,0.434,97.0,0.506,73.7,0,98.07,48.5,61.2,0,4.0,0,14044
2021-10-06,South_Zone,Autumn,22.8,0,15199,Chennai,13.08,80.27,29.2,0.9,6,1,0.43,Tropical_Wet_Dry,75.6,0.7,22.8,3.3,6.9,0,-0.018,0.401,135.0,0.517,76.6,0,98.67,51.7,59.1,0,4.0,0,15175
2021-10-07,South_Zone,Autumn,19.8,0,13460,Chennai,13.08,80.27,29.2,0.9,6,1,0.43,Tropical_Wet_Dry,74.2,0.0,19.8,9.0,5.7,0,-0.172,0.366,110.0,0.53,82.3,0,97.83,49.9,61.8,0,4.0,0,13430
2021-10-08,South_Zone,Autumn,27.2,0,14435,Chennai,13.08,80.27,29.2,0.9,6,1,0.43,Tropical_Wet_Dry,67.4,0.0,29.0,8.1,7.9,0,0.022,0.29,114.0,0.564,82.5,0,96.6,45.2,68.7,0,4.0,0,14620
2021-10-09,South_Zone,Autumn,17.5,0,12113,Chennai,13.08,80.27,29.2,0.9,6,1,0.43,Tropical_Wet_Dry,73.3,0.0,17.5,6.0,7.3,0,0.068,0.377,108.0,0.468,81.3,0,97.36,50.0,63.7,0,4.0,0,12176
2021-10-10,South_Zone,Autumn,22.2,0,14393,Chennai,13.08,80.27,29.2,0.9,6,1,0.43,Tropical_Wet_Dry,74.3,0.0,22.2,5.5,6.8,0,0.053,0.368,149.0,0.487,83.3,0,97.57,52.4,56.2,0,4.0,0,14495
2021-10-11,South_Zone,Autumn,23.8,0,13267,Chennai,13.08,80.27,29.2,0.9,6,1,0.43,Tropical_Wet_Dry,74.6,0.0,23.8,4.1,6.5,0,-0.015,0.394,99.0,0.525,79.5,0,96.45,50.2,47.4,0,4.0,0,13421
2021-10-12,South_Zone,Autumn,22.6,0,14103,Chennai,13.08,80.27,29.2,0.9,6,1,0.43,Tropical_Wet_Dry,67.9,0.0,22.6,6.6,6.4,0,0.114,0.387,128.0,0.495,79.2,0,98.41,48.8,54.6,0,4.0,0,14215
2021-10-13,South_Zone,Autumn,25.5,0,14732,Chennai,13.08,80.27,29.2,0.9,6,1,0.43,Tropical_Wet_Dry,70.9,0.0,25.5,10.9,6.3,0,-0.07,0.474,109.0,0.564,81.2,0,98.05,42.7,66.7,0,4.0,0,15027
2021-10-14,South_Zone,Autumn,18.4,1,15786,Chennai,13.08,80.27,29.2,0.9,6,1,0.43,Tropical_Wet_Dry,64.8,0.0,18.4,9.4,6.1,0,0.054,0.338,140.0,0.499,85.1,0,97.41,56.5,69.5,0,4.0,0,15840
2021-10-15,South_Zone,Autumn,25.0,0,15817,Chennai,13.08,80.27,29.2,0.9,6,1,0.43,Tropical_Wet_Dry,72.1,0.0,25.0,5.2,5.2,0,0.014,0.285,162.0,0.518,81.2,0,99.05,52.5,63.4,0,4.0,0,15914
2021-10-16,South_Zone,Autumn,16.5,0,11607,Chennai,13.08,80.27,29.2,0.9,6,1,0.43,Tropical_Wet_Dry,79.9,0.0,16.5,7.6,7.0,0,-0.013,0.311,109.0,0.49,79.7,0,97.55,53.3,63.2,0,4.0,0,11173
2021-10-17,South_Zone,Autumn,24.5,0,14163,Chennai,13.08,80.27,29.2,0.9,6,1,0.43,Tropical_Wet_Dry,69.9,0.0,24.5,2.7,7.2,0,-0.038,0.342,123.0,0.522,81.2,0,99.56,53.5,59.7,0,4.0,0,14112
2021-10-18,South_Zone,Autumn,23.0,0,13879,Chennai,13.08,80.27,29.2,0.9,6,1,0.43,Tropical_Wet_Dry,81.3,0.3,23.0,8.2,5.4,0,-0.034,0.445,113.0,0.503,84.3,0,97.82,54.1,59.6,0,4.0,0,13497
2021-10-19,South_Zone,Autumn,24.8,1,16974,Chennai,13.08,80.27,29.2,0.9,6,1,0.43,Tropical_Wet_Dry,66.7,4.5,24.8,3.5,7.0,0,0.003,0.302,139.0,0.554,78.9,0,97.14,52.8,68.7,0,4.0,0,16847
2021-10-20,South_Zone,Autumn,22.2,0,13739,Chennai,13.08,80.27,29.2,0.9,6,1,0.43,Tropical_Wet_Dry,73.8,1.1,22.2,8.1,6.4,0,-0.029,0.31,116.0,0.447,78.7,0,97.18,52.3,71.1,0,4.0,0,13343
2021-10-21,South_Zone,Autumn,17.4,0,13276,Chennai,13.08,80.27,29.2,0.9,6,1,0.43,Tropical_Wet_Dry,75.4,0.0,17.4,14.9,6.0,0,0.073,0.405,136.0,0.5,78.6,0,98.21,55.3,55.2,0,4.0,0,13276
2021-10-22,South_Zone,Autumn,25.3,0,15276,Chennai,13.08,80.27,29.2,0.9,6,1,0.43,Tropical_Wet_Dry,70.3,0.0,25.3,4.3,6.8,0,-0.054,0.431,113.0,0.485,82.4,0,97.06,55.7,65.6,0,4.0,0,15421
2021-10-23,South_Zone,Autumn,22.6,0,13420,Chennai,13.08,80.27,29.2,0.9,6,1,0.43,Tropical_Wet_Dry,71.9,0.0,22.6,14.8,5.3,0,0.157,0.287,160.0,0.516,77.7,0,98.29,57.8,64.2,0,4.0,0,13614
2021-10-24,South_Zone,Autumn,29.2,0,14615,Chennai,13.08,80.27,29.2,0.9,6,1,0.43,Tropical_Wet_Dry,69.0,0.0,33.0,7.5,6.7,0,-0.058,0.274,81.0,0.505,81.9,0,97.76,48.8,63.1,0,4.0,0,14296
2021-10-25,South_Zone,Autumn,23.5,0,13332,Chennai,13.08,80.27,29.2,0.9,6,1,0.43,Tropical_Wet_Dry,76.1,0.0,23.5,3.8,6.5,0,0.092,0.333,127.0,0.467,75.6,0,97.75,53.1,59.4,0,4.0,0,13050
2021-10-26,South_Zone,Autumn,25.0,0,13971,Chennai,13.08,80.27,29.2,0.9,6,1,0.43,Tropical_Wet_Dry,77.9,0.4,25.0,3.6,6.5,0,0.096,0.419,120.0,0.555,79.2,0,98.14,45.8,52.6,0,4.0,0,14190
2021-10-27,South_Zone,Autumn,20.4,1,16366,Chennai,13.08,80.27,29.2,0.9,6,1,0.43,Tropical_Wet_Dry,73.7,0.0,20.4,13.1,5.4,0,0.017,0.389,119.0,0.496,79.8,0,99.21,50.8,66.3,0,4.0,0,16291
2021-10-28,South_Zone,Autumn,19.5,0,13121,Chennai,13.08,80.27,29.2,0.9,6,1,0.43,Tropical_Wet_Dry,78.4,1.5,19.5,7.5,6.5,0,0.008,0.335,125.0,0.515,85.4,0,97.67,51.3,56.1,0,4.0,0,12872
2021-10-29,South_Zone,Autumn,25.1,1,17560,Chennai,13.08,80.27,29.2,0.9,6,1,0.43,Tropical_Wet_Dry,67.4,0.0,25.1,4.3,7.1,0,-0.073,0.424,121.0,0.545,82.9,0,98.42,55.3,73.8,0,4.0,0,18030
2021-10-30,South_Zone,Autumn,24.7,0,14723,Chennai,13.08,80.27,29.2,0.9,6,1,0.43,Tropical_Wet_Dry,75.0,0.0,24.7,5.4,6.7,0,-0.052,0.387,124.0,0.509,78.9,0,98.69,52.0,64.5,0,4.0,0,14872
2021-10-31,South_Zone,Autumn,28.4,0,14649,Chennai,13.08,80.27,29.2,0.9,6,1,0.43,Tropical_Wet_Dry,65.2,0.0,30.7,7.3,6.5,0,0.022,0.374,127.0,0.541,78.4,0,97.06,54.5,61.6,0,4.0,0,14868
2021-11-01,South_Zone,Autumn,21.8,0,14904,Chennai,13.08,80.27,29.2,0.9,6,1,0.43,Tropical_Wet_Dry,78.4,0.0,21.8,6.0,8.0,0,-0.005,0.283,151.0,0.486,78.0,0,98.81,51.1,61.3,0,4.0,0,14877
2021-11-02,South_Zone,Autumn,23.1,0,13995,Chennai,13.08,80.27,29.2,0.9,6,1,0.43,Tropical_Wet_Dry,83.2,0.0,23.1,7.0,5.9,0,0.118,0.334,70.0,0.514,76.6,0,99.12,50.3,65.2,0,4.0,0,13925
2021-11-03,South_Zone,Autumn,27.6,0,15012,Chennai,13.08,80.27,29.2,0.9,6,1,0.43,Tropical_Wet_Dry,68.8,0.0,29.8,11.3,7.1,0,-0.045,0.497,153.0,0.536,84.8,0,99.28,49.5,49.6,0,4.0,0,15339
2021-11-04,South_Zone,Autumn,26.2,0,14378,Chennai,13.08,80.27,29.2,0.9,6,1,0.43,Tropical_Wet_Dry,59.3,0.0,26.2,2.6,6.7,0,-0.039,0.36,166.0,0.454,77.7,0,97.23,54.7,49.0,0,4.0,0,14273
2021-11-05,South_Zone,Autumn,23.8,0,14932,Chennai,13.08,80.27,29.2,0.9,6,1,0.43,Tropical_Wet_Dry,69.0,0.0,23.8,7.9,7.6,0,-0.166,0.323,88.0,0.497,85.2,0,97.32,50.4,52.3,0,4.0,0,14710
2021-11-06,South_Zone,Autumn,26.0,0,13093,Chennai,13.08,80.27,29.2,0.9,6,1,0.43,Tropical_Wet_Dry,76.6,0.0,26.0,5.8,6.8,0,0.064,0.357,121.0,0.483,80.3,0,98.32,42.6,64.6,0,4.0,0,13226
2021-11-07,South_Zone,Autumn,23.7,0,14264,Chennai,13.08,80.27,29.2,0.9,6,1,0.43,Tropical_Wet_Dry,74.5,1.1,23.7,4.5,6.8,0,0.055,0.387,145.0,0.559,79.8,0,98.29,54.9,50.0,0,4.0,0,14206
2021-11-08,South_Zone,Autumn,27.9,0,14037,Chennai,13.08,80.27,29.2,0.9,6,1,0.43,Tropical_Wet_Dry,70.5,2.9,30.5,9.2,6.9,0,0.098,0.433,137.0,0.487,80.3,0,98.44,48.7,60.0,0,4.0,0,13821
2021-11-09,South_Zone,Autumn,23.6,0,14366,Chennai,13.08,80.27,29.2,0.9,6,1,0.43,Tropical_Wet_Dry,76.9,1.7,23.6,1.6,5.8,0,0.103,0.417,150.0,0.561,83.6,0,98.08,53.0,55.4,0,4.0,0,14421
2021-11-10,South_Zone,Autumn,24.2,0,13785,Chennai,13.08,80.27,29.2,0.9,6,1,0.43,Tropical_Wet_Dry,73.9,0.0,24.2,1.0,5.9,0,0.079,0.339,127.0,0.499,77.4,0,98.65,47.9,60.8,0,4.0,0,14116
2021-11-11,South_Zone,Autumn,21.8,1,17241,Chennai,13.08,80.27,29.2,0.9,6,1,0.43,Tropical_Wet_Dry,79.0,0.0,21.8,6.7,6.2,0,0.083,0.456,83.0,0.546,81.5,0,95.93,51.4,71.3,0,4.0,0,17723
2021-11-12,South_Zone,Autumn,25.3,0,13411,Chennai,13.08,80.27,29.2,0.9,6,1,0.43,Tropical_Wet_Dry,75.4,0.0,25.3,5.6,7.1,0,0.061,0.429,143.0,0.486,79.9,0,99.16,41.2,61.3,0,4.0,0,13498
2021-11-13,South_Zone,Autumn,25.4,0,12842,Chennai,13.08,80.27,29.2,0.9,6,1,0.43,Tropical_Wet_Dry,78.4,0.0,25.4,1.9,6.7,0,0.076,0.353,131.0,0.499,81.2,0,100.0,52.9,58.0,0,4.0,0,12618
2021-11-14,South_Zone,Autumn,23.0,0,13483,Chennai,13.08,80.27,29.2,0.9,6,1,0.43,Tropical_Wet_Dry,74.0,0.0,23.0,1.0,6.3,0,-0.184,0.372,146.0,0.493,79.4,0,98.0,48.7,63.5,0,4.0,0,13213
2021-11-15,South_Zone,Autumn,25.2,0,14492,Chennai,13.08,80.27,29.2,0.9,6,1,0.43,Tropical_Wet_Dry,75.4,2.0,25.2,11.8,7.3,0,-0.11,0.416,92.0,0.587,78.9,0,98.78,47.4,67.3,0,4.0,0,14668
2021-11-16,South_Zone,Autumn,21.5,0,13189,Chennai,13.08,80.27,29.2,0.9,6,1,0.43,Tropical_Wet_Dry,71.6,0.0,21.5,7.4,5.1,0,-0.126,0.444,98.0,0.51,81.6,0,100.28,56.2,66.3,0,4.0,0,13196
2021-11-17,South_Zone,Autumn,27.1,0,16110,Chennai,13.08,80.27,29.2,0.9,6,1,0.43,Tropical_Wet_Dry,66.7,0.0,28.7,6.1,5.8,0,0.127,0.289,120.0,0.527,75.9,0,98.66,52.0,58.2,0,4.0,0,16010
2021-11-18,South_Zone,Autumn,22.9,1,16813,Chennai,13.08,80.27,29.2,0.9,6,1,0.43,Tropical_Wet_Dry,80.8,0.0,22.9,12.6,4.9,0,-0.078,0.384,144.0,0.551,84.2,0,98.96,51.6,67.7,0,4.0,0,17022
2021-11-19,South_Zone,Autumn,23.6,0,14487,Chennai,13.08,80.27,29.2,0.9,6,1,0.43,Tropical_Wet_Dry,72.9,0.0,23.6,9.1,7.2,0,-0.062,0.378,149.0,0.549,80.3,0,100.52,50.3,61.0,0,4.0,0,14271
2021-11-20,South_Zone,Autumn,24.3,0,13646,Chennai,13.08,80.27,29.2,0.9,6,1,0.43,Tropical_Wet_Dry,75.4,0.0,24.3,11.3,6.4,0,0.001,0.346,107.0,0.489,78.4,0,100.74,56.9,69.9,0,4.0,0,13540
2021-11-21,South_Zone,Autumn,24.2,0,13725,Chennai,13.08,80.27,29.2,0.9,6,1,0.43,Tropical_Wet_Dry,72.1,0.0,24.2,2.5,7.0,0,-0.124,0.345,113.0,0.56,81.1,0,97.67,50.3,59.7,0,4.0,0,13659
2021-11-22,South_Zone,Autumn,22.0,0,14296,Chennai,13.08,80.27,29.2,0.9,6,1,0.43,Tropical_Wet_Dry,69.9,0.0,22.0,2.3,6.3,0,0.038,0.443,172.0,0.591,77.9,0,98.34,58.3,64.2,0,4.0,0,14603
2021-11-23,South_Zone,Autumn,18.8,1,17397,Chennai,13.08,80.27,29.2,0.9,6,1,0.43,Tropical_Wet_Dry,74.8,0.0,18.8,7.9,6.8,0,-0.213,0.412,110.0,0.534,80.2,0,99.68,57.8,75.9,0,4.0,0,17826
2021-11-24,South_Zone,Autumn,18.8,0,12972,Chennai,13.08,80.27,29.2,0.9,6,1,0.43,Tropical_Wet_Dry,81.9,0.0,18.8,7.2,6.1,0,-0.118,0.506,132.0,0.533,80.3,0,99.31,58.4,63.9,0,4.0,0,12935
2021-11-25,South_Zone,Autumn,25.4,0,14140,Chennai,13.08,80.27,29.2,0.9,6,1,0.43,Tropical_Wet_Dry,73.5,0.0,25.4,9.7,6.8,0,0.02,0.346,112.0,0.481,83.8,0,99.54,56.7,66.4,0,4.0,0,13870
2021-11-26,South_Zone,Autumn,22.1,0,13583,Chennai,13.08,80.27,29.2,0.9,6,1,0.43,Tropical_Wet_Dry,64.2,0.0,22.1,1.1,6.5,0,-0.124,0.388,129.0,0.531,80.8,0,96.25,49.1,53.4,0,4.0,0,13290
2021-11-27,South_Zone,Autumn,25.3,0,14700,Chennai,13.08,80.27,29.2,0.9,6,1,0.43,Tropical_Wet_Dry,69.7,0.0,25.3,8.1,6.7,0,0.13,0.399,104.0,0.522,76.6,0,96.94,52.0,55.2,0,4.0,0,14795
2021-11-28,South_Zone,Autumn,25.9,1,17537,Chennai,13.08,80.27,29.2,0.9,6,1,0.43,Tropical_Wet_Dry,79.4,0.0,25.9,9.0,7.6,0,0.005,0.434,105.0,0.534,81.7,0,100.71,52.5,72.2,0,4.0,0,17715
2021-11-29,South_Zone,Autumn,23.7,0,13199,Chennai,13.08,80.27,29.2,0.9,6,1,0.43,Tropical_Wet_Dry,70.7,0.0,23.7,8.8,5.5,0,0.113,0.462,113.0,0.495,82.2,0,99.73,56.2,66.2,0,4.0,0,13327
2021-11-30,South_Zone,Autumn,26.0,0,13887,Chennai,13.08,80.27,29.2,0.9,6,1,0.43,Tropical_Wet_Dry,61.4,0.0,26.0,4.8,6.5,0,0.036,0.386,110.0,0.517,75.2,0,99.34,52.7,66.1,0,4.0,0,14051
2021-12-01,South_Zone,Winter,6.3,0,9269,Chennai,13.08,80.27,29.2,0.9,6,1,0.43,Tropical_Wet_Dry,93.7,0.0,6.3,7.6,3.2,0,-0.001,0.354,145.0,0.543,76.4,0,97.77,51.1,71.8,0,4.0,0,9523
2021-12-02,South_Zone,Winter,11.9,0,9666,Chennai,13.08,80.27,29.2,0.9,6,1,0.43,Tropical_Wet_Dry,84.3,0.0,11.9,3.7,3.4,0,-0.1,0.377,159.0,0.539,86.0,0,98.63,59.1,77.0,0,4.0,0,9633
2021-12-03,South_Zone,Winter,11.3,0,10909,Chennai,13.08,80.27,29.2,0.9,6,1,0.43,Tropical_Wet_Dry,80.9,0.2,11.3,5.1,3.1,0,0.093,0.429,184.0,0.515,79.0,0,99.64,51.5,69.9,0,4.0,0,11233
2021-12-04,South_Zone,Winter,19.0,0,12997,Chennai,13.08,80.27,29.2,0.9,6,1,0.43,Tropical_Wet_Dry,74.7,0.0,19.0,2.9,3.4,0,0.044,0.487,139.0,0.538,79.1,0,97.72,49.6,67.9,0,4.0,0,13281
2021-12-05,South_Zone,Winter,13.2,0,11659,Chennai,13.08,80.27,29.2,0.9,6,1,0.43,Tropical_Wet_Dry,85.5,0.0,13.2,3.7,4.3,0,0.208,0.333,132.0,0.459,79.9,0,98.43,50.8,65.4,0,4.0,0,11872
2021-12-06,South_Zone,Winter,13.6,0,10850,Chennai,13.08,80.27,29.2,0.9,6,1,0.43,Tropical_Wet_Dry,77.1,0.0,13.6,5.3,3.4,0,0.083,0.35,150.0,0.488,78.1,0,99.54,57.1,71.3,0,4.0,0,11126
2021-12-07,South_Zone,Winter,11.5,0,9482,Chennai,13.08,80.27,29.2,0.9,6,1,0.43,Tropical_Wet_Dry,86.8,3.0,11.5,4.5,4.8,0,-0.04,0.465,135.0,0.526,74.7,0,99.79,53.7,70.3,0,4.0,0,9644
2021-12-08,South_Zone,Winter,13.8,0,11584,Chennai,13.08,80.27,29.2,0.9,6,1,0.43,Tropical_Wet_Dry,82.4,0.0,13.8,3.7,3.8,0,0.029,0.342,121.0,0.525,76.6,0,98.71,54.3,77.0,0,4.0,0,11585
2021-12-09,South_Zone,Winter,14.7,0,11344,Chennai,13.08,80.27,29.2,0.9,6,1,0.43,Tropical_Wet_Dry,80.4,0.0,14.7,2.1,3.3,0,0.042,0.352,169.0,0.487,78.1,0,100.24,54.0,74.8,0,4.0,0,11549
2021-12-10,South_Zone,Winter,12.2,0,11527,Chennai,13.08,80.27,29.2,0.9,6,1,0.43,Tropical_Wet_Dry,81.4,0.0,12.2,11.9,3.7,0,0.116,0.488,151.0,0.511,78.5,0,100.24,44.3,72.3,0,4.0,0,11529
2021-12-11,South_Zone,Winter,11.0,0,11382,Chennai,13.08,80.27,29.2,0.9,6,1,0.43,Tropical_Wet_Dry,80.5,0.0,11.0,4.5,3.4,0,0.132,0.407,153.0,0.544,77.7,0,97.53,47.7,72.3,0,4.0,0,11558
2021-12-12,South_Zone,Winter,12.0,0,10396,Chennai,13.08,80.27,29.2,0.9,6,1,0.43,Tropical_Wet_Dry,86.0,0.0,12.0,7.0,4.2,0,-0.016,0.402,115.0,0.508,75.5,0,101.0,52.3,69.9,0,4.0,0,10392
2021-12-13,South_Zone,Winter,10.6,0,10248,Chennai,13.08,80.27,29.2,0.9,6,1,0.43,Tropical_Wet_Dry,77.3,0.0,10.6,1.0,2.6,0,-0.122,0.502,139.0,0.52,78.3,0,100.56,54.5,63.1,0,4.0,0,10337
2021-12-14,South_Zone,Winter,17.9,0,12893,Chennai,13.08,80.27,29.2,0.9,6,1,0.43,Tropical_Wet_Dry,69.2,0.0,17.9,10.1,2.6,0,-0.185,0.356,125.0,0.533,83.3,0,99.63,48.9,66.1,0,4.0,0,12546
2021-12-15,South_Zone,Winter,17.9,0,12901,Chennai,13.08,80.27,29.2,0.9,6,1,0.43,Tropical_Wet_Dry,80.3,0.0,17.9,6.5,3.9,0,-0.114,0.344,150.0,0.52,78.0,0,99.32,48.7,75.9,0,4.0,0,13027
2021-12-16,South_Zone,Winter,11.7,0,10657,Chennai,13.08,80.27,29.2,0.9,6,1,0.43,Tropical_Wet_Dry,84.1,0.0,11.7,4.7,3.8,0,-0.059,0.518,152.0,0.543,79.5,0,100.28,51.9,71.3,0,4.0,0,10914
2021-12-17,South_Zone,Winter,12.7,0,12229,Chennai,13.08,80.27,29.2,0.9,6,1,0.43,Tropical_Wet_Dry,82.8,0.0,12.7,4.7,3.6,0,0.15,0.434,152.0,0.518,84.3,0,100.06,58.3,65.4,0,4.0,0,12241
2021-12-18,South_Zone,Winter,11.4,0,11567,Chennai,13.08,80.27,29.2,0.9,6,1,0.43,Tropical_Wet_Dry,83.2,0.0,11.4,8.6,3.7,0,0.152,0.461,138.0,0.547,77.9,0,99.28,44.1,78.8,0,4.0,0,11826
2021-12-19,South_Zone,Winter,17.7,0,13883,Chennai,13.08,80.27,29.2,0.9,6,1,0.43,Tropical_Wet_Dry,75.8,0.0,17.7,1.0,4.0,0,0.096,0.401,135.0,0.536,89.2,0,101.2,42.9,80.5,0,4.0,0,13972
2021-12-20,South_Zone,Winter,13.8,0,12012,Chennai,13.08,80.27,29.2,0.9,6,1,0.43,Tropical_Wet_Dry,83.7,0.0,13.8,3.5,2.6,0,0.123,0.414,147.0,0.53,82.7,0,97.52,58.9,78.0,0,4.0,0,12340
2021-12-21,South_Zone,Winter,21.8,0,12967,Chennai,13.08,80.27,29.2,0.9,6,1,0.43,Tropical_Wet_Dry,74.7,0.0,21.8,5.6,4.0,0,-0.071,0.378,156.0,0.518,80.2,0,98.99,46.5,74.1,0,4.0,0,13114
2021-12-22,South_Zone,Winter,10.4,0,9094,Chennai,13.08,80.27,29.2,0.9,6,1,0.43,Tropical_Wet_Dry,79.3,0.0,10.4,5.6,4.1,0,-0.152,0.439,140.0,0.512,79.3,0,100.14,51.4,73.4,0,4.0,0,9541
2021-12-23,South_Zone,Winter,17.1,0,10778,Chennai,13.08,80.27,29.2,0.9,6,1,0.43,Tropical_Wet_Dry,76.2,0.0,17.1,13.5,3.7,0,-0.101,0.47,133.0,0.521,84.0,0,99.67,46.9,71.9,0,4.0,0,11000
2021-12-24,South_Zone,Winter,13.9,0,11820,Chennai,13.08,80.27,29.2,0.9,6,1,0.43,Tropical_Wet_Dry,89.8,1.3,13.9,5.0,2.7,0,-0.203,0.432,134.0,0.523,77.9,0,100.46,52.0,72.8,0,4.0,0,12079
2021-12-25,South_Zone,Winter,15.6,0,12229,Chennai,13.08,80.27,29.2,0.9,6,1,0.43,Tropical_Wet_Dry,70.0,0.0,15.6,9.0,3.3,0,-0.111,0.484,138.0,0.512,78.7,0,98.4,51.8,75.1,0,4.0,0,12344
2021-12-26,South_Zone,Winter,15.7,0,12939,Chennai,13.08,80.27,29.2,0.9,6,1,0.43,Tropical_Wet_Dry,81.1,0.0,15.7,11.4,3.9,0,-0.051,0.46,142.0,0.503,84.8,0,99.57,59.3,75.5,0,4.0,0,13382
2021-12-27,South_Zone,Winter,12.1,0,10494,Chennai,13.08,80.27,29.2,0.9,6,1,0.43,Tropical_Wet_Dry,72.3,0.0,12.1,8.0,4.4,0,0.017,0.357,130.0,0.507,78.9,0,101.01,56.3,74.3,0,4.0,0,10547
2021-12-28,South_Zone,Winter,12.7,0,11834,Chennai,13.08,80.27,29.2,0.9,6,1,0.43,Tropical_Wet_Dry,79.8,0.0,12.7,4.0,2.2,0,0.014,0.411,142.0,0.552,78.6,0,98.4,47.2,55.6,0,4.0,0,12158
2021-12-29,South_Zone,Winter,17.7,0,12786,Chennai,13.08,80.27,29.2,0.9,6,1,0.43,Tropical_Wet_Dry,75.2,2.1,17.7,2.1,3.9,0,-0.069,0.393,172.0,0.456,78.0,0,99.69,45.2,77.8,0,4.0,0,13221
2021-12-30,South_Zone,Winter,18.6,0,11695,Chennai,13.08,80.27,29.2,0.9,6,1,0.43,Tropical_Wet_Dry,66.4,0.0,18.6,8.2,3.1,0,0.057,0.465,145.0,0.525,74.2,0,99.43,54.8,73.0,0,4.0,0,11801
2021-12-31,South_Zone,Winter,20.0,0,14219,Chennai,13.08,80.27,29.2,0.9,6,1,0.43,Tropical_Wet_Dry,77.9,0.0,20.0,10.9,4.1,0,-0.067,0.448,128.0,0.54,83.0,0,100.36,51.1,65.2,0,4.0,0,14342
2022-01-01,South_Zone,Winter,17.2,0,13727,Chennai,13.08,80.27,29.2,0.9,6,1,0.43,Tropical_Wet_Dry,75.8,3.8,17.2,7.6,4.0,0,0.151,0.428,109.0,0.559,79.9,0,104.43,51.9,73.0,0,4.25,0,13937
2022-01-02,South_Zone,Winter,10.0,0,10087,Chennai,13.08,80.27,29.2,0.9,6,1,0.43,Tropical_Wet_Dry,71.5,0.0,10.0,9.7,3.1,0,0.039,0.481,183.0,0.594,83.2,0,104.17,59.4,73.5,0,4.25,0,10221
2022-01-03,South_Zone,Winter,12.8,0,11775,Chennai,13.08,80.27,29.2,0.9,6,1,0.43,Tropical_Wet_Dry,84.5,0.0,12.8,13.8,3.8,0,0.259,0.308,171.0,0.489,79.5,0,103.81,47.5,64.1,0,4.25,0,11857
2022-01-04,South_Zone,Winter,11.8,0,11568,Chennai,13.08,80.27,29.2,0.9,6,1,0.43,Tropical_Wet_Dry,88.1,0.0,11.8,8.5,4.0,0,0.152,0.384,155.0,0.575,78.7,0,104.2,53.2,68.8,0,4.25,0,11823
2022-01-05,South_Zone,Winter,19.1,0,13334,Chennai,13.08,80.27,29.2,0.9,6,1,0.43,Tropical_Wet_Dry,84.0,0.0,19.1,2.7,3.6,0,0.218,0.389,171.0,0.531,78.0,0,104.01,57.1,66.5,0,4.25,0,13665
2022-01-06,South_Zone,Winter,15.9,0,11172,Chennai,13.08,80.27,29.2,0.9,6,1,0.43,Tropical_Wet_Dry,80.3,1.5,15.9,6.2,2.7,0,0.028,0.435,159.0,0.553,82.1,0,104.17,49.9,67.1,0,4.25,0,11398
2022-01-07,South_Zone,Winter,12.5,0,12114,Chennai,13.08,80.27,29.2,0.9,6,1,0.43,Tropical_Wet_Dry,80.7,0.0,12.5,10.1,4.2,0,0.167,0.453,149.0,0.501,77.6,0,105.7,60.5,74.9,0,4.25,0,12571
2022-01-08,South_Zone,Winter,17.3,0,12303,Chennai,13.08,80.27,29.2,0.9,6,1,0.43,Tropical_Wet_Dry,84.3,0.0,17.3,5.3,4.1,0,0.207,0.42,128.0,0.539,81.2,0,103.07,50.2,68.9,0,4.25,0,12517
2022-01-09,South_Zone,Winter,13.7,0,9815,Chennai,13.08,80.27,29.2,0.9,6,1,0.43,Tropical_Wet_Dry,88.2,0.0,13.7,10.5,3.8,0,-0.054,0.341,184.0,0.532,80.1,0,104.65,54.6,72.5,0,4.25,0,9960
2022-01-10,South_Zone,Winter,11.8,0,12475,Chennai,13.08,80.27,29.2,0.9,6,1,0.43,Tropical_Wet_Dry,86.6,0.7,11.8,5.8,2.9,0,0.267,0.444,142.0,0.51,76.9,0,103.4,51.6,75.7,0,4.25,0,12766
2022-01-11,South_Zone,Winter,11.2,0,10941,Chennai,13.08,80.27,29.2,0.9,6,1,0.43,Tropical_Wet_Dry,76.6,0.0,11.2,7.0,3.9,0,0.025,0.428,143.0,0.449,78.7,0,106.33,44.6,69.8,0,4.25,0,11213
2022-01-12,South_Zone,Winter,18.0,0,11501,Chennai,13.08,80.27,29.2,0.9,6,1,0.43,Tropical_Wet_Dry,78.2,0.0,18.0,4.9,4.9,0,0.171,0.332,151.0,0.507,80.0,0,104.5,53.1,75.9,0,4.25,0,11628
2022-01-13,South_Zone,Winter,15.6,0,12638,Chennai,13.08,80.27,29.2,0.9,6,1,0.43,Tropical_Wet_Dry,80.8,0.0,15.6,6.5,3.5,0,0.329,0.402,151.0,0.514,79.1,0,103.18,57.4,78.8,0,4.25,0,13093
2022-01-14,South_Zone,Winter,15.0,0,14054,Chennai,13.08,80.27,29.2,0.9,6,1,0.43,Tropical_Wet_Dry,70.0,0.0,15.0,6.6,3.6,0,0.245,0.442,160.0,0.571,85.7,0,104.25,50.6,76.2,0,4.25,0,14331
2022-01-15,South_Zone,Winter,10.0,0,11345,Chennai,13.08,80.27,29.2,0.9,6,1,0.43,Tropical_Wet_Dry,84.3,0.0,10.0,1.2,2.6,0,0.001,0.519,158.0,0.534,80.7,0,103.05,51.7,75.0,0,4.25,0,11613
2022-01-16,South_Zone,Winter,14.5,0,12237,Chennai,13.08,80.27,29.2,0.9,6,1,0.43,Tropical_Wet_Dry,90.7,2.0,14.5,4.7,3.0,0,0.132,0.355,140.0,0.488,79.4,0,103.91,52.5,76.3,0,4.25,0,12075
2022-01-17,South_Zone,Winter,16.3,0,11494,Chennai,13.08,80.27,29.2,0.9,6,1,0.43,Tropical_Wet_Dry,81.4,0.0,16.3,2.3,2.9,0,0.273,0.467,150.0,0.502,78.9,0,105.19,57.2,74.0,0,4.25,0,11708
2022-01-18,South_Zone,Winter,15.7,0,10435,Chennai,13.08,80.27,29.2,0.9,6,1,0.43,Tropical_Wet_Dry,85.9,3.6,15.7,4.8,3.6,0,0.068,0.355,160.0,0.49,79.3,0,105.97,53.9,76.2,0,4.25,0,10449
2022-01-19,South_Zone,Winter,16.8,0,12440,Chennai,13.08,80.27,29.2,0.9,6,1,0.43,Tropical_Wet_Dry,78.8,0.0,16.8,3.6,3.4,0,0.114,0.344,138.0,0.586,78.2,0,105.72,55.4,66.1,0,4.25,0,12807
2022-01-20,South_Zone,Winter,16.9,0,13075,Chennai,13.08,80.27,29.2,0.9,6,1,0.43,Tropical_Wet_Dry,77.5,1.8,16.9,9.0,3.8,0,0.111,0.347,176.0,0.459,77.5,0,104.57,55.0,71.6,0,4.25,0,13286
2022-01-21,South_Zone,Winter,16.1,0,12144,Chennai,13.08,80.27,29.2,0.9,6,1,0.43,Tropical_Wet_Dry,80.2,0.0,16.1,9.1,3.0,0,0.207,0.456,150.0,0.494,81.8,0,105.28,53.0,74.0,0,4.25,0,12642
2022-01-22,South_Zone,Winter,12.4,0,10519,Chennai,13.08,80.27,29.2,0.9,6,1,0.43,Tropical_Wet_Dry,76.5,0.0,12.4,7.7,3.3,0,-0.004,0.428,179.0,0.525,84.6,0,105.55,62.0,71.6,0,4.25,0,11028
2022-01-23,South_Zone,Winter,18.6,0,13789,Chennai,13.08,80.27,29.2,0.9,6,1,0.43,Tropical_Wet_Dry,72.0,3.9,18.6,2.2,3.1,0,0.213,0.401,125.0,0.579,78.6,0,107.02,51.7,84.5,0,4.25,0,14313
2022-01-24,South_Zone,Winter,14.3,0,11608,Chennai,13.08,80.27,29.2,0.9,6,1,0.43,Tropical_Wet_Dry,85.8,0.0,14.3,5.7,3.6,0,0.088,0.447,162.0,0.554,81.3,0,104.2,57.5,71.0,0,4.25,0,11767
2022-01-25,South_Zone,Winter,12.3,0,12009,Chennai,13.08,80.27,29.2,0.9,6,1,0.43,Tropical_Wet_Dry,87.5,0.0,12.3,2.0,2.4,0,0.149,0.422,134.0,0.572,78.0,0,106.34,60.6,63.1,0,4.25,0,12367
2022-01-26,South_Zone,Winter,17.0,0,13802,Chennai,13.08,80.27,29.2,0.9,6,1,0.43,Tropical_Wet_Dry,72.8,0.8,17.0,5.6,3.7,0,0.128,0.427,139.0,0.515,80.3,0,103.77,54.0,72.3,0,4.25,0,13988
2022-01-27,South_Zone,Winter,12.4,0,10788,Chennai,13.08,80.27,29.2,0.9,6,1,0.43,Tropical_Wet_Dry,85.4,0.0,12.4,7.9,3.2,0,0.21,0.402,166.0,0.479,76.1,0,106.08,55.7,76.1,0,4.25,0,10905
2022-01-28,South_Zone,Winter,15.7,0,12440,Chennai,13.08,80.27,29.2,0.9,6,1,0.43,Tropical_Wet_Dry,78.1,0.0,15.7,9.0,3.6,0,0.148,0.358,146.0,0.496,77.4,0,104.31,56.8,67.6,0,4.25,0,12561
2022-01-29,South_Zone,Winter,14.4,0,10889,Chennai,13.08,80.27,29.2,0.9,6,1,0.43,Tropical_Wet_Dry,81.1,0.0,14.4,7.4,2.5,0,0.294,0.521,197.0,0.547,77.3,0,104.27,53.2,71.8,0,4.25,0,11111
2022-01-30,South_Zone,Winter,17.6,0,12987,Chennai,13.08,80.27,29.2,0.9,6,1,0.43,Tropical_Wet_Dry,79.7,0.0,17.6,9.8,4.0,0,0.249,0.504,159.0,0.546,79.6,0,104.7,47.3,71.6,0,4.25,0,13774
2022-01-31,South_Zone,Winter,12.3,0,12147,Chennai,13.08,80.27,29.2,0.9,6,1,0.43,Tropical_Wet_Dry,85.6,0.0,12.3,6.8,3.2,0,0.07,0.515,137.0,0.542,76.5,0,104.24,53.7,71.7,0,4.25,0,12442
2022-02-01,South_Zone,Winter,18.5,0,12735,Chennai,13.08,80.27,29.2,0.9,6,1,0.43,Tropical_Wet_Dry,77.3,0.0,18.5,5.3,3.8,0,0.287,0.388,159.0,0.535,73.3,0,105.47,61.8,69.0,1,4.25,0,13626
2022-02-02,South_Zone,Winter,15.2,0,12252,Chennai,13.08,80.27,29.2,0.9,6,1,0.43,Tropical_Wet_Dry,85.9,0.0,15.2,8.6,2.4,0,0.182,0.379,146.0,0.493,75.9,0,106.3,57.8,77.5,1,4.25,0,13305
2022-02-03,South_Zone,Winter,12.4,0,11127,Chennai,13.08,80.27,29.2,0.9,6,1,0.43,Tropical_Wet_Dry,82.1,0.0,12.4,8.7,2.6,0,0.167,0.395,165.0,0.491,79.5,0,102.99,54.5,82.8,1,4.25,0,12329
2022-02-04,South_Zone,Winter,8.5,0,10836,Chennai,13.08,80.27,29.2,0.9,6,1,0.43,Tropical_Wet_Dry,86.0,3.9,8.5,4.4,2.9,0,0.235,0.484,145.0,0.505,77.6,0,104.96,58.0,67.8,1,4.25,0,11565
2022-02-05,South_Zone,Winter,10.3,0,11781,Chennai,13.08,80.27,29.2,0.9,6,1,0.43,Tropical_Wet_Dry,77.7,0.0,10.3,7.1,4.1,0,0.046,0.42,157.0,0.531,78.3,0,104.08,54.1,65.5,1,4.25,0,12215
2022-02-06,South_Zone,Winter,14.0,0,11333,Chennai,13.08,80.27,29.2,0.9,6,1,0.43,Tropical_Wet_Dry,90.4,0.0,14.0,5.1,3.8,0,0.012,0.387,154.0,0.52,80.8,0,106.09,55.6,69.8,1,4.25,0,12114
2022-02-07,South_Zone,Winter,13.1,0,11048,Chennai,13.08,80.27,29.2,0.9,6,1,0.43,Tropical_Wet_Dry,82.5,1.5,13.1,1.0,3.5,0,0.152,0.442,151.0,0.563,77.5,0,106.64,53.9,79.0,1,4.25,0,11711
2022-02-08,South_Zone,Winter,19.3,0,10823,Chennai,13.08,80.27,29.2,0.9,6,1,0.43,Tropical_Wet_Dry,80.0,2.0,19.3,7.3,3.2,0,0.089,0.376,169.0,0.56,79.8,0,105.07,56.9,70.7,1,4.25,0,11530
2022-02-09,South_Zone,Winter,18.8,0,12978,Chennai,13.08,80.27,29.2,0.9,6,1,0.43,Tropical_Wet_Dry,68.7,0.0,18.8,2.1,3.0,0,0.357,0.339,118.0,0.469,86.4,0,104.57,52.7,73.8,1,4.25,0,14085
2022-02-10,South_Zone,Winter,11.4,0,9984,Chennai,13.08,80.27,29.2,0.9,6,1,0.43,Tropical_Wet_Dry,77.0,0.0,11.4,7.0,3.5,0,0.074,0.428,152.0,0.528,78.9,0,103.68,53.2,67.4,1,4.25,0,10533
2022-02-11,South_Zone,Winter,20.0,0,12250,Chennai,13.08,80.27,29.2,0.9,6,1,0.43,Tropical_Wet_Dry,82.2,3.5,20.0,1.4,4.2,0,0.154,0.389,137.0,0.511,79.4,0,107.27,59.4,80.9,1,4.25,0,13026
2022-02-12,South_Zone,Winter,11.5,0,11794,Chennai,13.08,80.27,29.2,0.9,6,1,0.43,Tropical_Wet_Dry,82.5,0.0,11.5,3.8,3.5,0,0.169,0.419,126.0,0.479,81.1,0,106.67,54.9,70.5,1,4.25,0,12763
2022-02-13,South_Zone,Winter,16.0,0,11253,Chennai,13.08,80.27,29.2,0.9,6,1,0.43,Tropical_Wet_Dry,68.8,0.0,16.0,4.7,4.6,0,0.273,0.259,135.0,0.469,77.5,0,103.4,56.6,73.2,1,4.25,0,11821
2022-02-14,South_Zone,Winter,15.6,0,11091,Chennai,13.08,80.27,29.2,0.9,6,1,0.43,Tropical_Wet_Dry,83.8,0.0,15.6,9.6,3.1,0,0.051,0.366,139.0,0.558,78.2,0,106.05,58.0,68.0,1,4.25,0,12106
2022-02-15,South_Zone,Winter,18.3,0,13424,Chennai,13.08,80.27,29.2,0.9,6,1,0.43,Tropical_Wet_Dry,74.3,0.0,18.3,4.4,3.8,0,-0.011,0.417,146.0,0.505,79.7,0,104.31,54.4,67.5,1,4.25,0,14241
2022-02-16,South_Zone,Winter,16.6,0,12438,Chennai,13.08,80.27,29.2,0.9,6,1,0.43,Tropical_Wet_Dry,85.1,0.0,16.6,2.8,2.6,0,0.289,0.329,156.0,0.478,80.6,0,104.94,53.6,72.0,1,4.25,0,13325
2022-02-17,South_Zone,Winter,20.3,0,13070,Chennai,13.08,80.27,29.2,0.9,6,1,0.43,Tropical_Wet_Dry,75.4,0.0,20.3,7.1,3.9,0,0.158,0.331,160.0,0.501,77.2,0,104.22,49.4,72.5,1,4.25,0,13577
2022-02-18,South_Zone,Winter,11.5,0,11223,Chennai,13.08,80.27,29.2,0.9,6,1,0.43,Tropical_Wet_Dry,82.1,0.0,11.5,5.3,4.2,0,0.231,0.422,143.0,0.553,81.7,0,103.49,50.0,76.3,1,4.25,0,11927
2022-02-19,South_Zone,Winter,21.3,0,12502,Chennai,13.08,80.27,29.2,0.9,6,1,0.43,Tropical_Wet_Dry,81.1,0.0,21.3,8.4,3.2,0,0.236,0.462,179.0,0.526,84.6,0,105.47,57.6,63.6,1,4.25,0,13333
2022-02-20,South_Zone,Winter,13.9,0,11812,Chennai,13.08,80.27,29.2,0.9,6,1,0.43,Tropical_Wet_Dry,75.2,10.3,13.9,3.0,4.0,0,0.253,0.366,143.0,0.515,74.3,0,107.43,58.3,67.2,1,4.25,0,12540
2022-02-21,South_Zone,Winter,14.8,0,10923,Chennai,13.08,80.27,29.2,0.9,6,1,0.43,Tropical_Wet_Dry,74.2,0.0,14.8,6.6,4.4,0,0.112,0.404,115.0,0.452,81.2,0,104.63,50.9,68.6,1,4.25,0,12003
2022-02-22,South_Zone,Winter,18.4,0,14447,Chennai,13.08,80.27,29.2,0.9,6,1,0.43,Tropical_Wet_Dry,76.0,0.0,18.4,13.4,3.3,0,0.085,0.406,144.0,0.539,79.7,0,106.47,57.2,72.6,1,4.25,0,15793
2022-02-23,South_Zone,Winter,15.6,0,11173,Chennai,13.08,80.27,29.2,0.9,6,1,0.43,Tropical_Wet_Dry,82.8,0.0,15.6,5.3,3.8,0,-0.05,0.326,151.0,0.508,79.1,0,106.65,56.5,66.4,1,4.25,0,12050
2022-02-24,South_Zone,Winter,10.4,0,10794,Chennai,13.08,80.27,29.2,0.9,6,1,0.43,Tropical_Wet_Dry,75.1,0.0,10.4,6.6,4.2,0,0.051,0.491,91.0,0.569,81.0,0,106.34,59.3,71.5,1,4.25,0,11681
2022-02-25,South_Zone,Winter,18.3,0,12958,Chennai,13.08,80.27,29.2,0.9,6,1,0.43,Tropical_Wet_Dry,68.7,0.0,18.3,1.0,3.8,0,0.156,0.409,172.0,0.466,84.1,0,107.64,64.7,68.8,1,4.25,0,13527
2022-02-26,South_Zone,Winter,15.0,0,11276,Chennai,13.08,80.27,29.2,0.9,6,1,0.43,Tropical_Wet_Dry,83.1,0.0,15.0,3.4,4.0,0,0.08,0.41,148.0,0.513,80.8,0,106.62,57.9,71.3,1,4.25,0,12401
2022-02-27,South_Zone,Winter,11.7,0,11598,Chennai,13.08,80.27,29.2,0.9,6,1,0.43,Tropical_Wet_Dry,78.0,0.0,11.7,7.4,2.3,0,0.036,0.442,129.0,0.559,82.9,0,107.49,53.2,68.1,1,4.25,0,12215
2022-02-28,South_Zone,Winter,17.7,0,11198,Chennai,13.08,80.27,29.2,0.9,6,1,0.43,Tropical_Wet_Dry,75.4,0.0,17.7,5.0,4.0,0,0.155,0.326,133.0,0.485,79.9,0,104.55,57.8,66.9,1,4.25,0,11737
2022-03-01,South_Zone,Summer,41.4,0,18799,Chennai,13.08,80.27,29.2,0.9,6,1,0.43,Tropical_Wet_Dry,29.9,0.0,45.9,7.8,10.1,0,0.284,0.675,109.0,0.59,81.1,0,106.46,51.4,46.4,1,4.25,0,20442
2022-03-02,South_Zone,Summer,32.9,0,17962,Chennai,13.08,80.27,29.2,0.9,6,1,0.43,Tropical_Wet_Dry,40.9,0.0,33.8,7.3,8.6,0,0.144,0.683,111.0,0.578,78.4,0,107.25,64.8,50.6,1,4.25,0,20195
2022-03-03,South_Zone,Summer,37.0,0,18689,Chennai,13.08,80.27,29.2,0.9,6,1,0.43,Tropical_Wet_Dry,41.8,0.0,41.9,2.0,9.0,0,0.037,0.628,83.0,0.565,80.1,0,104.98,50.1,49.1,1,4.25,0,20555
2022-03-04,South_Zone,Summer,33.5,0,16251,Chennai,13.08,80.27,29.2,0.9,6,1,0.43,Tropical_Wet_Dry,48.6,0.0,36.9,9.0,9.8,0,0.277,0.648,71.0,0.617,79.2,0,102.28,55.7,50.6,1,4.25,0,17661
2022-03-05,South_Zone,Summer,30.9,0,16707,Chennai,13.08,80.27,29.2,0.9,6,1,0.43,Tropical_Wet_Dry,41.6,0.0,31.0,2.3,9.1,0,0.073,0.6,97.0,0.527,80.3,0,104.52,54.8,51.2,1,4.25,1,18389
2022-03-06,South_Zone,Summer,40.7,0,17712,Chennai,13.08,80.27,29.2,0.9,6,1,0.43,Tropical_Wet_Dry,47.9,0.0,55.5,3.7,10.5,0,0.298,0.672,101.0,0.586,75.0,0,105.07,53.4,44.2,1,4.25,0,18869
2022-03-07,South_Zone,Summer,37.7,0,17319,Chennai,13.08,80.27,29.2,0.9,6,1,0.43,Tropical_Wet_Dry,38.0,0.0,41.9,6.7,9.8,0,0.124,0.571,105.0,0.57,76.7,0,106.38,53.6,54.4,1,4.25,0,18756
2022-03-08,South_Zone,Summer,35.9,1,19684,Chennai,13.08,80.27,29.2,0.9,6,1,0.43,Tropical_Wet_Dry,39.0,0.0,38.6,10.7,9.6,0,0.16,0.618,85.0,0.603,83.6,0,105.26,60.6,60.8,1,4.25,1,21857
2022-03-09,South_Zone,Summer,32.6,0,16023,Chennai,13.08,80.27,29.2,0.9,6,1,0.43,Tropical_Wet_Dry,52.1,0.0,36.1,3.0,9.3,0,0.306,0.622,93.0,0.572,84.2,0,105.85,57.6,40.3,1,4.25,1,16724
2022-03-10,South_Zone,Summer,30.0,0,15516,Chennai,13.08,80.27,29.2,0.9,6,1,0.43,Tropical_Wet_Dry,47.1,0.0,30.6,6.4,9.4,0,0.015,0.618,95.0,0.604,74.8,0,105.25,54.5,41.7,1,4.25,1,16700
2022-03-11,South_Zone,Summer,30.4,0,14246,Chennai,13.08,80.27,29.2,0.9,6,1,0.43,Tropical_Wet_Dry,43.0,0.0,30.6,6.5,9.8,0,0.045,0.684,112.0,0.589,78.3,0,105.74,62.2,45.8,1,4.25,0,15443
2022-03-12,South_Zone,Summer,34.1,0,17304,Chennai,13.08,80.27,29.2,0.9,6,1,0.43,Tropical_Wet_Dry,42.8,0.0,36.4,8.0,9.8,0,0.117,0.751,119.0,0.611,77.8,0,105.81,54.8,49.4,1,4.25,0,18929
2022-03-13,South_Zone,Summer,32.2,0,17603,Chennai,13.08,80.27,29.2,0.9,6,1,0.43,Tropical_Wet_Dry,51.4,0.0,35.1,9.6,9.1,0,0.136,0.613,124.0,0.576,80.8,0,105.26,58.0,43.9,1,4.25,1,18511
2022-03-14,South_Zone,Summer,35.7,1,20831,Chennai,13.08,80.27,29.2,0.9,6,1,0.43,Tropical_Wet_Dry,49.9,0.0,42.3,4.8,10.3,0,0.414,0.648,118.0,0.602,79.7,0,106.72,50.3,52.1,1,4.25,0,22713
2022-03-15,South_Zone,Summer,34.7,0,15716,Chennai,13.08,80.27,29.2,0.9,6,1,0.43,Tropical_Wet_Dry,39.1,0.0,36.4,9.0,9.9,0,0.061,0.572,128.0,0.579,82.0,0,107.29,50.8,49.0,1,4.25,0,16949
2022-03-16,South_Zone,Summer,27.8,0,16145,Chennai,13.08,80.27,29.2,0.9,6,1,0.43,Tropical_Wet_Dry,47.1,0.0,28.0,10.0,9.4,0,0.02,0.682,113.0,0.557,75.9,0,104.77,57.7,39.4,0,4.25,1,16250
2022-03-17,South_Zone,Summer,33.9,0,15698,Chennai,13.08,80.27,29.2,0.9,6,1,0.43,Tropical_Wet_Dry,44.1,0.0,36.4,11.4,9.5,0,0.056,0.589,84.0,0.574,81.0,0,106.15,56.7,46.5,0,4.25,0,16187
2022-03-18,South_Zone,Summer,31.6,0,16450,Chennai,13.08,80.27,29.2,0.9,6,1,0.43,Tropical_Wet_Dry,40.1,2.1,31.7,7.5,9.6,0,0.173,0.809,123.0,0.638,79.0,0,104.51,63.4,45.2,0,4.25,1,17400
2022-03-19,South_Zone,Summer,43.7,0,19867,Chennai,13.08,80.27,29.2,0.9,6,1,0.43,Tropical_Wet_Dry,37.5,0.0,56.6,6.5,8.8,0,0.199,0.52,70.0,0.594,77.8,0,104.2,51.9,38.3,0,4.25,1,19811
2022-03-20,South_Zone,Summer,27.6,0,15639,Chennai,13.08,80.27,29.2,0.9,6,1,0.43,Tropical_Wet_Dry,47.5,0.0,27.8,4.6,9.3,0,0.079,0.749,138.0,0.577,81.3,0,106.99,58.5,53.9,0,4.25,0,16333
2022-03-21,South_Zone,Summer,31.7,0,15996,Chennai,13.08,80.27,29.2,0.9,6,1,0.43,Tropical_Wet_Dry,50.7,0.0,34.0,1.6,10.3,0,0.152,0.679,77.0,0.606,79.3,0,107.97,55.2,45.1,0,4.25,1,16820
2022-03-22,South_Zone,Summer,34.2,0,17188,Chennai,13.08,80.27,29.2,0.9,6,1,0.43,Tropical_Wet_Dry,49.5,0.0,38.7,5.2,9.6,0,0.345,0.553,111.0,0.548,79.7,0,105.64,58.6,39.1,0,4.25,0,17674
2022-03-23,South_Zone,Summer,34.7,0,16615,Chennai,13.08,80.27,29.2,0.9,6,1,0.43,Tropical_Wet_Dry,41.5,0.0,37.1,6.3,9.5,0,0.154,0.759,121.0,0.616,84.0,0,107.81,59.2,45.2,0,4.25,0,17175
2022-03-24,South_Zone,Summer,32.0,0,16131,Chennai,13.08,80.27,29.2,0.9,6,1,0.43,Tropical_Wet_Dry,43.7,0.0,33.0,5.7,9.0,0,0.182,0.564,103.0,0.529,80.2,0,105.33,55.0,36.3,0,4.25,1,16435
2022-03-25,South_Zone,Summer,37.0,0,18446,Chennai,13.08,80.27,29.2,0.9,6,1,0.43,Tropical_Wet_Dry,45.1,0.0,43.4,7.8,9.9,0,0.339,0.601,58.0,0.57,85.8,0,105.75,52.3,46.8,0,4.25,1,18730
2022-03-26,South_Zone,Summer,34.8,0,16039,Chennai,13.08,80.27,29.2,0.9,6,1,0.43,Tropical_Wet_Dry,40.2,0.0,36.9,1.6,9.4,0,0.08,0.542,78.0,0.565,73.0,0,107.66,54.7,49.3,0,4.25,0,16558
2022-03-27,South_Zone,Summer,37.0,0,17697,Chennai,13.08,80.27,29.2,0.9,6,1,0.43,Tropical_Wet_Dry,44.7,0.0,43.2,5.5,10.4,0,0.074,0.611,101.0,0.544,80.0,0,105.08,50.6,58.5,0,4.25,0,17939
2022-03-28,South_Zone,Summer,37.2,0,16658,Chennai,13.08,80.27,29.2,0.9,6,1,0.43,Tropical_Wet_Dry,41.2,2.3,42.2,12.0,9.1,0,0.103,0.617,106.0,0.618,76.7,0,106.91,57.2,45.5,0,4.25,1,16711
2022-03-29,South_Zone,Summer,36.7,0,15160,Chennai,13.08,80.27,29.2,0.9,6,1,0.43,Tropical_Wet_Dry,37.1,0.0,39.5,9.0,9.3,0,0.097,0.67,92.0,0.541,77.2,0,105.65,44.0,41.7,0,4.25,0,15517
2022-03-30,South_Zone,Summer,35.7,0,17314,Chennai,13.08,80.27,29.2,0.9,6,1,0.43,Tropical_Wet_Dry,37.8,0.0,37.8,7.8,9.2,0,-0.032,0.766,96.0,0.628,78.0,0,105.28,52.8,46.0,0,4.25,0,18152
2022-03-31,South_Zone,Summer,32.3,0,15752,Chennai,13.08,80.27,29.2,0.9,6,1,0.43,Tropical_Wet_Dry,51.9,0.0,35.4,7.2,10.5,0,0.164,0.589,69.0,0.494,82.8,0,105.49,58.8,52.2,0,4.25,1,16128
2022-04-01,South_Zone,Summer,29.9,0,16708,Chennai,13.08,80.27,29.2,0.9,6,1,0.43,Tropical_Wet_Dry,45.3,0.1,30.2,4.9,9.1,0,0.172,0.455,127.0,0.526,78.8,0,103.83,58.1,47.5,0,4.25,1,16547
2022-04-02,South_Zone,Summer,35.5,0,16409,Chennai,13.08,80.27,29.2,0.9,6,1,0.43,Tropical_Wet_Dry,50.9,0.1,42.3,1.0,9.2,0,0.131,0.659,88.0,0.599,76.6,0,107.26,49.5,49.2,0,4.25,1,16281
2022-04-03,South_Zone,Summer,34.1,0,17161,Chennai,13.08,80.27,29.2,0.9,6,1,0.43,Tropical_Wet_Dry,41.0,0.0,35.9,7.4,8.2,0,0.175,0.587,109.0,0.588,82.0,0,106.23,57.8,48.8,0,4.25,1,17782
2022-04-04,South_Zone,Summer,33.8,0,15297,Chennai,13.08,80.27,29.2,0.9,6,1,0.43,Tropical_Wet_Dry,45.2,0.0,36.5,1.0,8.9,0,0.176,0.729,120.0,0.599,76.5,0,105.85,50.8,47.5,0,4.25,1,16118
2022-04-05,South_Zone,Summer,36.3,0,18042,Chennai,13.08,80.27,29.2,0.9,6,1,0.43,Tropical_Wet_Dry,54.2,0.0,46.0,5.0,9.9,0,0.018,0.618,74.0,0.567,85.0,0,105.3,53.6,38.0,0,4.25,1,17737
2022-04-06,South_Zone,Summer,39.6,0,17444,Chennai,13.08,80.27,29.2,0.9,6,1,0.43,Tropical_Wet_Dry,35.0,0.0,44.6,6.0,10.0,0,0.179,0.574,97.0,0.581,76.1,0,106.31,58.6,37.7,0,4.25,0,17576
2022-04-07,South_Zone,Summer,40.1,0,18189,Chennai,13.08,80.27,29.2,0.9,6,1,0.43,Tropical_Wet_Dry,30.5,0.0,43.5,4.7,9.4,0,0.206,0.559,100.0,0.588,79.1,0,106.87,51.8,37.1,0,4.25,1,18158
2022-04-08,South_Zone,Summer,40.0,0,18450,Chennai,13.08,80.27,29.2,0.9,6,1,0.43,Tropical_Wet_Dry,46.4,0.0,52.3,12.5,9.4,0,-0.01,0.657,90.0,0.626,85.8,0,105.71,61.0,39.0,0,4.25,1,18940
2022-04-09,South_Zone,Summer,28.9,0,16625,Chennai,13.08,80.27,29.2,0.9,6,1,0.43,Tropical_Wet_Dry,42.5,1.3,28.7,11.5,10.3,0,0.296,0.603,112.0,0.532,79.0,0,106.95,56.8,39.6,0,4.25,0,17137
2022-04-10,South_Zone,Summer,35.2,0,17263,Chennai,13.08,80.27,29.2,0.9,6,1,0.43,Tropical_Wet_Dry,42.8,0.0,38.5,9.1,11.1,0,0.026,0.708,83.0,0.591,81.3,0,106.25,57.4,54.3,0,4.25,0,17806
2022-04-11,South_Zone,Summer,29.6,0,15810,Chennai,13.08,80.27,29.2,0.9,6,1,0.43,Tropical_Wet_Dry,43.3,0.0,29.6,3.2,9.9,0,0.036,0.607,96.0,0.506,79.7,0,105.88,59.7,41.5,0,4.25,0,15809
2022-04-12,South_Zone,Summer,39.4,0,19401,Chennai,13.08,80.27,29.2,0.9,6,1,0.43,Tropical_Wet_Dry,41.7,1.2,47.7,11.8,10.7,0,0.17,0.705,88.0,0.555,80.0,0,106.88,59.3,45.5,0,4.25,1,19987
2022-04-13,South_Zone,Summer,40.6,0,18593,Chennai,13.08,80.27,29.2,0.9,6,1,0.43,Tropical_Wet_Dry,34.9,0.0,46.8,7.9,10.8,0,0.203,0.537,137.0,0.533,77.5,0,105.45,58.4,43.8,0,4.25,0,18142
2022-04-14,South_Zone,Summer,28.8,0,15311,Chennai,13.08,80.27,29.2,0.9,6,1,0.43,Tropical_Wet_Dry,45.8,0.0,29.0,3.2,10.5,0,0.228,0.516,83.0,0.575,81.4,0,104.7,52.2,46.0,0,4.25,1,15694
2022-04-15,South_Zone,Summer,32.6,0,16345,Chennai,13.08,80.27,29.2,0.9,6,1,0.43,Tropical_Wet_Dry,46.7,0.0,34.6,6.1,9.2,0,0.206,0.67,108.0,0.573,84.0,0,105.89,50.9,45.4,0,4.25,1,16981
2022-04-16,South_Zone,Summer,30.1,0,15365,Chennai,13.08,80.27,29.2,0.9,6,1,0.43,Tropical_Wet_Dry,40.9,1.1,29.9,8.9,8.7,0,0.098,0.592,127.0,0.559,74.2,0,105.97,54.3,38.7,0,4.25,0,15534
2022-04-17,South_Zone,Summer,32.9,0,15794,Chennai,13.08,80.27,29.2,0.9,6,1,0.43,Tropical_Wet_Dry,40.8,0.0,33.8,4.2,10.5,0,0.161,0.604,78.0,0.58,77.2,0,105.7,57.2,48.0,0,4.25,1,16025
2022-04-18,South_Zone,Summer,32.8,0,16103,Chennai,13.08,80.27,29.2,0.9,6,1,0.43,Tropical_Wet_Dry,42.6,3.2,34.0,6.4,8.8,0,0.118,0.559,97.0,0.54,78.3,0,107.11,50.7,41.6,0,4.25,0,16207
2022-04-19,South_Zone,Summer,36.1,0,15037,Chennai,13.08,80.27,29.2,0.9,6,1,0.43,Tropical_Wet_Dry,35.2,0.0,37.8,6.9,8.9,0,0.167,0.555,77.0,0.499,77.3,0,106.41,57.9,41.4,0,4.25,0,15040
2022-04-20,South_Zone,Summer,25.5,0,14102,Chennai,13.08,80.27,29.2,0.9,6,1,0.43,Tropical_Wet_Dry,46.6,0.0,25.5,2.7,8.4,0,0.157,0.658,59.0,0.562,81.9,0,105.78,56.8,43.5,0,4.25,1,14356
2022-04-21,South_Zone,Summer,34.2,0,16703,Chennai,13.08,80.27,29.2,0.9,6,1,0.43,Tropical_Wet_Dry,44.1,0.0,36.9,5.2,9.4,0,0.1,0.619,81.0,0.571,78.2,0,105.88,54.6,49.0,0,4.25,1,16676
2022-04-22,South_Zone,Summer,32.1,0,16029,Chennai,13.08,80.27,29.2,0.9,6,1,0.43,Tropical_Wet_Dry,42.7,0.0,32.9,2.9,8.2,0,0.115,0.556,85.0,0.573,80.2,0,105.95,55.6,41.9,0,4.25,1,16339
2022-04-23,South_Zone,Summer,35.5,0,16288,Chennai,13.08,80.27,29.2,0.9,6,1,0.43,Tropical_Wet_Dry,41.3,1.0,38.6,8.6,8.7,0,-0.035,0.667,86.0,0.581,84.5,0,106.39,55.8,45.5,0,4.25,0,16592
2022-04-24,South_Zone,Summer,39.1,0,17905,Chennai,13.08,80.27,29.2,0.9,6,1,0.43,Tropical_Wet_Dry,40.4,0.0,46.2,3.3,9.3,0,0.233,0.69,90.0,0.606,74.6,0,105.9,57.1,47.0,0,4.25,0,18435
2022-04-25,South_Zone,Summer,37.2,0,17352,Chennai,13.08,80.27,29.2,0.9,6,1,0.43,Tropical_Wet_Dry,38.4,0.0,41.0,6.9,8.9,0,0.18,0.613,95.0,0.601,81.0,0,105.68,58.3,46.3,0,4.25,1,17598
2022-04-26,South_Zone,Summer,43.4,0,19330,Chennai,13.08,80.27,29.2,0.9,6,1,0.43,Tropical_Wet_Dry,41.4,0.0,59.0,1.8,10.6,0,-0.081,0.68,73.0,0.624,79.6,0,104.49,66.3,46.0,0,4.25,1,19982
2022-04-27,South_Zone,Summer,33.0,0,16918,Chennai,13.08,80.27,29.2,0.9,6,1,0.43,Tropical_Wet_Dry,51.4,0.0,36.7,2.6,9.4,0,0.229,0.56,101.0,0.565,79.6,0,105.1,55.7,38.0,0,4.25,1,17391
2022-04-28,South_Zone,Summer,28.4,0,15208,Chennai,13.08,80.27,29.2,0.9,6,1,0.43,Tropical_Wet_Dry,44.6,0.0,28.4,2.5,9.5,0,0.145,0.655,117.0,0.55,77.3,0,106.07,52.9,45.6,0,4.25,0,15552
2022-04-29,South_Zone,Summer,36.3,0,17173,Chennai,13.08,80.27,29.2,0.9,6,1,0.43,Tropical_Wet_Dry,44.6,0.0,41.6,5.1,9.8,0,0.056,0.63,119.0,0.54,78.9,0,105.96,47.8,40.4,0,4.25,1,16957
2022-04-30,South_Zone,Summer,33.7,0,15606,Chennai,13.08,80.27,29.2,0.9,6,1,0.43,Tropical_Wet_Dry,42.6,0.0,35.6,6.5,9.3,0,0.047,0.573,90.0,0.529,80.0,0,104.27,49.1,36.2,0,4.25,0,15632
2022-05-01,South_Zone,Summer,31.8,0,16042,Chennai,13.08,80.27,29.2,0.9,6,1,0.43,Tropical_Wet_Dry,46.7,0.0,33.3,7.1,9.9,0,0.081,0.743,111.0,0.574,79.4,0,102.18,50.8,42.7,0,4.25,1,16403
2022-05-02,South_Zone,Summer,30.5,0,17052,Chennai,13.08,80.27,29.2,0.9,6,1,0.43,Tropical_Wet_Dry,53.5,0.0,32.5,1.0,9.5,0,0.057,0.634,83.0,0.581,82.1,0,101.8,56.5,42.4,0,4.25,1,17256
2022-05-03,South_Zone,Summer,24.4,0,13850,Chennai,13.08,80.27,29.2,0.9,6,1,0.43,Tropical_Wet_Dry,51.9,0.0,24.4,5.5,8.8,0,0.07,0.585,89.0,0.623,76.7,0,104.07,53.0,59.8,0,4.25,1,14138
2022-05-04,South_Zone,Summer,35.4,0,17266,Chennai,13.08,80.27,29.2,0.9,6,1,0.43,Tropical_Wet_Dry,33.9,0.0,36.2,3.7,8.5,0,0.32,0.621,102.0,0.582,75.8,0,102.94,55.8,49.9,0,4.25,1,17599
2022-05-05,South_Zone,Summer,31.3,0,16741,Chennai,13.08,80.27,29.2,0.9,6,1,0.43,Tropical_Wet_Dry,47.5,0.0,32.6,7.6,9.6,0,0.187,0.568,89.0,0.559,74.0,0,103.1,51.3,48.9,0,4.25,1,17180
2022-05-06,South_Zone,Summer,29.4,0,14903,Chennai,13.08,80.27,29.2,0.9,6,1,0.43,Tropical_Wet_Dry,52.5,0.0,30.5,5.2,8.5,0,0.354,0.551,72.0,0.587,80.4,0,102.59,55.9,43.0,0,4.25,1,14988
2022-05-07,South_Zone,Summer,37.5,0,18202,Chennai,13.08,80.27,29.2,0.9,6,1,0.43,Tropical_Wet_Dry,40.4,0.0,42.5,5.8,9.9,0,0.173,0.593,110.0,0.543,82.3,0,102.01,57.3,44.1,0,4.25,0,18717
2022-05-08,South_Zone,Summer,29.4,0,17462,Chennai,13.08,80.27,29.2,0.9,6,1,0.43,Tropical_Wet_Dry,51.3,0.1,30.4,3.8,9.3,0,0.208,0.597,80.0,0.601,76.5,0,102.17,52.3,57.9,0,4.25,0,17744
2022-05-09,South_Zone,Summer,31.4,0,14802,Chennai,13.08,80.27,29.2,0.9,6,1,0.43,Tropical_Wet_Dry,41.7,0.0,31.7,11.2,8.5,0,0.062,0.572,86.0,0.592,76.2,0,103.09,56.0,41.8,0,4.25,0,14746
2022-05-10,South_Zone,Summer,37.0,0,16974,Chennai,13.08,80.27,29.2,0.9,6,1,0.43,Tropical_Wet_Dry,34.4,0.0,39.1,2.1,9.8,0,0.133,0.695,114.0,0.596,85.7,0,102.31,52.2,46.3,0,4.25,1,17291
2022-05-11,South_Zone,Summer,33.0,0,16730,Chennai,13.08,80.27,29.2,0.9,6,1,0.43,Tropical_Wet_Dry,44.9,0.0,34.9,4.8,9.5,0,0.142,0.574,105.0,0.626,83.8,0,103.05,49.3,54.2,0,4.25,1,16644
2022-05-12,South_Zone,Summer,28.9,0,13860,Chennai,13.08,80.27,29.2,0.9,6,1,0.43,Tropical_Wet_Dry,37.9,0.0,28.3,6.3,9.3,0,0.212,0.564,98.0,0.594,84.0,0,102.67,56.3,41.4,0,4.25,0,14006
2022-05-13,South_Zone,Summer,32.6,0,17014,Chennai,13.08,80.27,29.2,0.9,6,1,0.43,Tropical_Wet_Dry,43.2,0.0,33.8,5.2,9.5,0,0.145,0.549,69.0,0.559,81.0,0,102.8,55.8,45.7,0,4.25,1,17086
2022-05-14,South_Zone,Summer,32.8,0,17475,Chennai,13.08,80.27,29.2,0.9,6,1,0.43,Tropical_Wet_Dry,50.8,0.0,36.1,3.7,9.0,0,0.185,0.543,74.0,0.551,82.1,0,102.83,56.5,44.9,0,4.25,0,17784
2022-05-15,South_Zone,Summer,39.8,0,18177,Chennai,13.08,80.27,29.2,0.9,6,1,0.43,Tropical_Wet_Dry,30.6,0.0,43.0,1.0,10.1,0,0.182,0.682,102.0,0.578,79.1,0,101.93,57.6,40.6,0,4.25,0,17959
2022-05-16,South_Zone,Summer,36.4,0,17315,Chennai,13.08,80.27,29.2,0.9,6,1,0.43,Tropical_Wet_Dry,35.8,0.0,38.5,3.9,9.2,0,0.12,0.635,106.0,0.575,75.7,0,102.12,52.9,48.9,0,4.25,0,17827
2022-05-17,South_Zone,Summer,35.6,0,16616,Chennai,13.08,80.27,29.2,0.9,6,1,0.43,Tropical_Wet_Dry,37.5,0.0,37.6,3.1,8.9,0,0.109,0.661,100.0,0.582,75.9,0,103.32,53.6,39.4,0,4.25,1,16894
2022-05-18,South_Zone,Summer,34.0,0,15643,Chennai,13.08,80.27,29.2,0.9,6,1,0.43,Tropical_Wet_Dry,43.3,0.0,36.3,11.0,9.9,0,0.083,0.681,86.0,0.581,80.0,0,104.21,53.5,48.9,0,4.25,1,16409
2022-05-19,South_Zone,Summer,26.2,0,15423,Chennai,13.08,80.27,29.2,0.9,6,1,0.43,Tropical_Wet_Dry,46.5,0.0,26.2,12.8,9.6,0,0.258,0.6,86.0,0.564,82.8,0,103.28,55.7,47.1,0,4.25,1,15611
2022-05-20,South_Zone,Summer,35.6,0,16912,Chennai,13.08,80.27,29.2,0.9,6,1,0.43,Tropical_Wet_Dry,49.6,0.0,42.0,5.8,9.9,0,0.12,0.708,99.0,0.561,79.5,0,99.55,52.3,49.5,0,4.25,1,17290
2022-05-21,South_Zone,Summer,36.6,0,16485,Chennai,13.08,80.27,29.2,0.9,6,1,0.43,Tropical_Wet_Dry,46.8,0.9,43.2,1.8,9.5,0,0.183,0.582,72.0,0.548,81.8,0,101.55,54.1,44.0,0,4.25,0,16752
2022-05-22,South_Zone,Summer,31.0,0,15521,Chennai,13.08,80.27,29.2,0.9,6,1,0.43,Tropical_Wet_Dry,47.9,0.0,32.2,8.2,8.1,0,0.134,0.554,97.0,0.511,79.7,0,102.4,51.1,46.9,0,4.25,0,15110
2022-05-23,South_Zone,Summer,40.5,0,17183,Chennai,13.08,80.27,29.2,0.9,6,1,0.43,Tropical_Wet_Dry,40.4,0.0,49.8,3.1,10.7,0,0.256,0.642,70.0,0.593,80.9,0,101.16,49.4,50.1,0,4.25,0,17819
2022-05-24,South_Zone,Summer,24.5,0,13705,Chennai,13.08,80.27,29.2,0.9,6,1,0.43,Tropical_Wet_Dry,51.3,0.0,24.5,4.4,7.8,0,-0.049,0.629,76.0,0.58,82.3,0,101.09,49.8,38.0,0,4.25,1,13784
2022-05-25,South_Zone,Summer,39.6,0,16506,Chennai,13.08,80.27,29.2,0.9,6,1,0.43,Tropical_Wet_Dry,35.9,0.0,45.1,4.1,10.1,0,0.18,0.629,98.0,0.574,84.0,0,101.78,55.4,39.0,0,4.25,1,16335
2022-05-26,South_Zone,Summer,30.3,0,15780,Chennai,13.08,80.27,29.2,0.9,6,1,0.43,Tropical_Wet_Dry,50.1,0.4,31.5,4.5,10.5,0,0.025,0.681,105.0,0.617,80.9,0,102.52,53.8,47.9,0,4.25,1,16165
2022-05-27,South_Zone,Summer,45.3,0,18233,Chennai,13.08,80.27,29.2,0.9,6,1,0.43,Tropical_Wet_Dry,31.3,0.0,55.9,4.9,10.1,1,0.189,0.626,101.0,0.551,85.8,0,102.77,52.1,49.1,0,4.25,0,19785
2022-05-28,South_Zone,Summer,29.4,0,15624,Chennai,13.08,80.27,29.2,0.9,6,1,0.43,Tropical_Wet_Dry,50.5,0.0,30.3,2.1,9.4,0,0.135,0.639,75.0,0.558,79.3,0,101.75,56.4,45.7,0,4.25,1,15745
2022-05-29,South_Zone,Summer,39.8,0,17455,Chennai,13.08,80.27,29.2,0.9,6,1,0.43,Tropical_Wet_Dry,46.1,0.0,51.4,3.9,10.0,0,0.002,0.702,61.0,0.551,84.0,0,101.65,59.5,49.6,0,4.25,0,17812
2022-05-30,South_Zone,Summer,28.5,0,15475,Chennai,13.08,80.27,29.2,0.9,6,1,0.43,Tropical_Wet_Dry,48.0,0.0,28.8,9.1,9.3,0,0.184,0.636,95.0,0.61,81.7,0,101.22,51.5,43.2,0,4.25,0,15253
2022-05-31,South_Zone,Summer,37.5,0,18787,Chennai,13.08,80.27,29.2,0.9,6,1,0.43,Tropical_Wet_Dry,40.6,0.0,42.6,5.9,11.0,0,0.172,0.65,61.0,0.601,74.5,0,102.54,49.7,51.3,0,4.25,0,19002
2022-06-01,South_Zone,Monsoon,30.0,0,16155,Chennai,13.08,80.27,29.2,0.9,6,1,0.43,Tropical_Wet_Dry,94.0,18.9,42.1,14.4,5.2,0,0.127,0.0,77.0,0.46,84.2,0,102.44,57.8,33.6,0,4.25,0,15590
2022-06-02,South_Zone,Monsoon,27.2,0,16756,Chennai,13.08,80.27,29.2,0.9,6,1,0.43,Tropical_Wet_Dry,79.4,0.0,30.1,7.3,5.0,0,0.14,0.303,41.0,0.543,77.2,0,102.88,54.2,30.1,0,4.25,0,16686
2022-06-03,South_Zone,Monsoon,26.8,0,14211,Chennai,13.08,80.27,29.2,0.9,6,1,0.43,Tropical_Wet_Dry,95.4,0.0,30.7,16.8,5.4,0,0.166,0.0,100.0,0.407,79.3,0,102.07,53.1,41.1,0,4.25,0,13601
2022-06-04,South_Zone,Monsoon,33.4,0,15177,Chennai,13.08,80.27,29.2,0.9,6,1,0.43,Tropical_Wet_Dry,89.4,2.4,55.1,11.9,7.0,0,0.268,0.048,43.0,0.411,82.6,0,100.6,57.3,38.1,0,4.25,0,14588
2022-06-05,South_Zone,Monsoon,22.5,0,13710,Chennai,13.08,80.27,29.2,0.9,6,1,0.43,Tropical_Wet_Dry,96.2,0.0,22.5,17.4,5.0,0,0.119,0.046,68.0,0.378,77.8,0,101.53,52.6,31.7,0,4.25,0,12883
2022-06-06,South_Zone,Monsoon,28.0,0,14816,Chennai,13.08,80.27,29.2,0.9,6,1,0.43,Tropical_Wet_Dry,96.7,60.2,35.0,14.5,5.9,1,0.251,0.206,47.0,0.439,79.8,0,102.71,55.7,31.8,0,4.25,0,14994
2022-06-07,South_Zone,Monsoon,31.0,0,15018,Chennai,13.08,80.27,29.2,0.9,6,1,0.43,Tropical_Wet_Dry,91.0,16.4,45.1,12.3,6.4,0,0.146,0.044,57.0,0.421,82.0,0,100.08,53.7,37.0,0,4.25,0,14073
2022-06-08,South_Zone,Monsoon,28.2,0,14760,Chennai,13.08,80.27,29.2,0.9,6,1,0.43,Tropical_Wet_Dry,87.4,44.1,33.9,9.0,6.1,0,0.28,0.107,63.0,0.385,77.5,0,101.7,66.7,29.0,0,4.25,0,13888
2022-06-09,South_Zone,Monsoon,25.3,0,14282,Chennai,13.08,80.27,29.2,0.9,6,1,0.43,Tropical_Wet_Dry,94.1,144.9,25.3,20.5,6.1,1,0.126,0.046,75.0,0.399,79.3,0,102.04,53.3,35.6,0,4.25,0,14263
2022-06-10,South_Zone,Monsoon,30.6,0,17335,Chennai,13.08,80.27,29.2,0.9,6,1,0.43,Tropical_Wet_Dry,92.0,0.7,43.8,16.4,6.6,0,0.083,0.018,78.0,0.422,78.9,0,103.73,58.2,33.2,0,4.25,0,16135
2022-06-11,South_Zone,Monsoon,29.7,0,13425,Chennai,13.08,80.27,29.2,0.9,6,1,0.43,Tropical_Wet_Dry,92.8,14.3,40.4,16.6,5.9,0,0.04,0.114,73.0,0.475,82.9,0,101.09,52.4,35.1,0,4.25,0,13386
2022-06-12,South_Zone,Monsoon,27.9,0,15011,Chennai,13.08,80.27,29.2,0.9,6,1,0.43,Tropical_Wet_Dry,94.1,0.0,34.1,19.5,5.4,0,0.147,0.037,79.0,0.408,84.7,0,101.54,55.4,23.9,0,4.25,0,13995
2022-06-13,South_Zone,Monsoon,30.8,0,15850,Chennai,13.08,80.27,29.2,0.9,6,1,0.43,Tropical_Wet_Dry,96.7,14.9,46.6,14.7,5.9,0,0.071,0.092,49.0,0.447,76.7,0,103.31,53.5,29.5,0,4.25,0,15214
2022-06-14,South_Zone,Monsoon,31.8,0,16253,Chennai,13.08,80.27,29.2,0.9,6,1,0.43,Tropical_Wet_Dry,85.5,0.0,46.0,18.1,5.6,0,0.29,0.118,72.0,0.505,80.2,0,101.01,56.6,35.3,0,4.25,0,15410
2022-06-15,South_Zone,Monsoon,32.7,0,15818,Chennai,13.08,80.27,29.2,0.9,6,1,0.43,Tropical_Wet_Dry,91.3,54.1,52.8,12.6,7.4,0,0.063,0.194,54.0,0.414,78.4,0,102.64,53.7,39.3,0,4.25,0,14582
2022-06-16,South_Zone,Monsoon,28.4,0,15769,Chennai,13.08,80.27,29.2,0.9,6,1,0.43,Tropical_Wet_Dry,99.0,56.2,37.0,16.2,5.4,0,0.081,0.004,78.0,0.454,80.1,0,101.92,55.8,33.3,0,4.25,0,15421
2022-06-17,South_Zone,Monsoon,26.3,0,13938,Chennai,13.08,80.27,29.2,0.9,6,1,0.43,Tropical_Wet_Dry,85.5,0.1,26.3,12.1,5.9,0,0.208,0.071,62.0,0.449,85.3,0,101.27,50.5,37.6,0,4.25,0,13381
2022-06-18,South_Zone,Monsoon,26.1,0,13928,Chennai,13.08,80.27,29.2,0.9,6,1,0.43,Tropical_Wet_Dry,95.2,7.2,26.1,12.5,4.7,0,0.269,0.073,71.0,0.476,81.1,0,101.91,50.6,26.6,0,4.25,0,12865
2022-06-19,South_Zone,Monsoon,29.6,0,13924,Chennai,13.08,80.27,29.2,0.9,6,1,0.43,Tropical_Wet_Dry,89.3,8.2,39.0,14.3,5.8,0,0.223,0.08,65.0,0.469,78.3,0,101.28,46.0,31.8,0,4.25,0,13128
2022-06-20,South_Zone,Monsoon,23.3,0,15323,Chennai,13.08,80.27,29.2,0.9,6,1,0.43,Tropical_Wet_Dry,94.2,0.0,23.3,10.2,5.2,0,0.256,0.234,74.0,0.459,75.9,0,103.65,55.9,35.4,0,4.25,0,15351
2022-06-21,South_Zone,Monsoon,25.8,0,14616,Chennai,13.08,80.27,29.2,0.9,6,1,0.43,Tropical_Wet_Dry,90.0,62.7,25.8,15.0,5.9,1,0.142,0.07,45.0,0.438,83.0,0,99.29,50.1,33.7,0,4.25,0,14716
2022-06-22,South_Zone,Monsoon,23.5,0,13958,Chennai,13.08,80.27,29.2,0.9,6,1,0.43,Tropical_Wet_Dry,95.1,19.9,23.5,13.1,5.8,0,0.143,0.0,32.0,0.376,78.6,0,101.04,62.2,37.8,0,4.25,0,12699
2022-06-23,South_Zone,Monsoon,25.8,0,13210,Chennai,13.08,80.27,29.2,0.9,6,1,0.43,Tropical_Wet_Dry,99.0,0.0,25.8,8.0,6.4,0,0.351,0.068,78.0,0.421,77.7,0,101.04,51.5,32.7,0,4.25,0,12475
2022-06-24,South_Zone,Monsoon,32.0,0,16948,Chennai,13.08,80.27,29.2,0.9,6,1,0.43,Tropical_Wet_Dry,84.5,27.7,46.3,12.6,6.7,0,0.319,0.073,84.0,0.439,80.9,0,101.12,58.4,32.8,0,4.25,0,16128
2022-06-25,South_Zone,Monsoon,27.7,0,15719,Chennai,13.08,80.27,29.2,0.9,6,1,0.43,Tropical_Wet_Dry,87.5,0.0,32.4,13.0,5.6,0,0.221,0.066,58.0,0.446,81.7,0,102.3,58.5,37.3,0,4.25,0,15206
2022-06-26,South_Zone,Monsoon,33.7,0,17030,Chennai,13.08,80.27,29.2,0.9,6,1,0.43,Tropical_Wet_Dry,83.3,40.4,52.8,16.6,5.4,0,0.261,0.037,75.0,0.453,78.9,0,100.74,52.3,31.3,0,4.25,0,16211
2022-06-27,South_Zone,Monsoon,29.4,0,15518,Chennai,13.08,80.27,29.2,0.9,6,1,0.43,Tropical_Wet_Dry,99.0,84.2,41.2,14.9,5.2,1,0.236,0.001,31.0,0.468,77.2,0,101.65,50.7,29.5,0,4.25,0,15101
2022-06-28,South_Zone,Monsoon,29.9,0,15195,Chennai,13.08,80.27,29.2,0.9,6,1,0.43,Tropical_Wet_Dry,89.7,21.9,40.3,18.3,5.9,0,0.029,0.21,49.0,0.459,84.1,0,101.35,53.0,36.3,0,4.25,0,14563
2022-06-29,South_Zone,Monsoon,27.2,0,15153,Chennai,13.08,80.27,29.2,0.9,6,1,0.43,Tropical_Wet_Dry,93.6,16.1,31.7,15.6,5.7,0,0.146,0.099,61.0,0.479,82.1,0,101.92,58.3,29.2,0,4.25,0,14330
2022-06-30,South_Zone,Monsoon,26.6,0,14351,Chennai,13.08,80.27,29.2,0.9,6,1,0.43,Tropical_Wet_Dry,92.0,48.2,26.6,12.3,5.7,0,0.3,0.068,29.0,0.445,83.0,0,100.91,62.5,41.1,0,4.25,0,13943
2022-07-01,South_Zone,Monsoon,28.0,0,15920,Chennai,13.08,80.27,29.2,0.9,6,1,0.43,Tropical_Wet_Dry,88.5,14.1,33.5,13.8,5.3,0,0.222,0.208,32.0,0.433,78.9,0,101.34,48.6,24.8,0,4.25,0,15088
2022-07-02,South_Zone,Monsoon,24.6,0,14757,Chennai,13.08,80.27,29.2,0.9,6,1,0.43,Tropical_Wet_Dry,94.1,0.0,24.6,13.0,6.3,0,0.144,0.028,63.0,0.422,77.5,0,100.86,53.4,32.5,0,4.25,0,13888
2022-07-03,South_Zone,Monsoon,30.4,0,16222,Chennai,13.08,80.27,29.2,0.9,6,1,0.43,Tropical_Wet_Dry,99.0,1.3,45.7,15.5,4.9,0,0.301,0.116,49.0,0.452,78.4,0,99.96,50.6,42.1,0,4.25,0,15573
2022-07-04,South_Zone,Monsoon,25.6,0,13040,Chennai,13.08,80.27,29.2,0.9,6,1,0.43,Tropical_Wet_Dry,99.0,43.1,25.6,14.2,5.2,0,0.187,0.005,54.0,0.396,75.4,0,102.51,52.6,43.9,0,4.25,0,12303
2022-07-05,South_Zone,Monsoon,29.7,0,15569,Chennai,13.08,80.27,29.2,0.9,6,1,0.43,Tropical_Wet_Dry,87.9,15.8,39.0,12.1,5.1,0,0.226,0.125,53.0,0.42,79.0,0,100.12,59.9,33.5,0,4.25,0,15192
2022-07-06,South_Zone,Monsoon,31.0,0,15192,Chennai,13.08,80.27,29.2,0.9,6,1,0.43,Tropical_Wet_Dry,94.6,42.2,46.6,14.0,5.7,0,0.187,0.012,37.0,0.391,78.0,0,100.37,50.1,39.5,0,4.25,0,14663
2022-07-07,South_Zone,Monsoon,30.3,0,16413,Chennai,13.08,80.27,29.2,0.9,6,1,0.43,Tropical_Wet_Dry,87.7,7.8,41.1,15.4,6.5,0,0.204,0.108,56.0,0.431,79.8,0,99.95,46.6,37.9,0,4.25,0,15993
2022-07-08,South_Zone,Monsoon,27.7,0,15262,Chennai,13.08,80.27,29.2,0.9,6,1,0.43,Tropical_Wet_Dry,84.5,48.4,32.0,11.0,5.5,0,0.211,0.197,60.0,0.443,80.1,0,101.18,54.3,31.5,0,4.25,0,14395
2022-07-09,South_Zone,Monsoon,29.1,0,14629,Chennai,13.08,80.27,29.2,0.9,6,1,0.43,Tropical_Wet_Dry,97.6,15.8,39.5,15.0,5.8,0,0.28,0.086,50.0,0.478,80.3,0,100.26,54.6,36.3,0,4.25,0,14132
2022-07-10,South_Zone,Monsoon,29.6,0,16696,Chennai,13.08,80.27,29.2,0.9,6,1,0.43,Tropical_Wet_Dry,98.0,31.0,41.7,9.3,6.1,0,0.293,0.0,51.0,0.346,78.2,0,102.22,52.2,29.7,0,4.25,0,15854
2022-07-11,South_Zone,Monsoon,28.1,0,13847,Chennai,13.08,80.27,29.2,0.9,6,1,0.43,Tropical_Wet_Dry,98.4,9.9,35.7,17.3,5.5,0,0.105,0.082,56.0,0.444,76.4,0,101.21,50.8,26.2,0,4.25,0,12957
2022-07-12,South_Zone,Monsoon,25.9,0,13061,Chennai,13.08,80.27,29.2,0.9,6,1,0.43,Tropical_Wet_Dry,92.1,0.0,25.9,15.6,5.8,0,0.186,0.109,75.0,0.463,75.7,0,100.36,53.8,36.5,0,4.25,0,12329
2022-07-13,South_Zone,Monsoon,31.9,0,16578,Chennai,13.08,80.27,29.2,0.9,6,1,0.43,Tropical_Wet_Dry,90.0,1.2,48.5,18.9,6.0,0,0.277,0.134,58.0,0.425,80.6,0,99.7,47.5,36.8,0,4.25,0,15633
2022-07-14,South_Zone,Monsoon,26.5,0,13489,Chennai,13.08,80.27,29.2,0.9,6,1,0.43,Tropical_Wet_Dry,97.8,0.0,26.5,10.7,4.9,0,0.137,0.168,25.0,0.455,80.4,0,100.46,54.9,28.1,0,4.25,0,12626
2022-07-15,South_Zone,Monsoon,25.5,0,13864,Chennai,13.08,80.27,29.2,0.9,6,1,0.43,Tropical_Wet_Dry,96.7,0.0,25.5,17.4,5.2,0,0.019,0.171,39.0,0.452,75.8,0,101.06,52.0,33.3,0,4.25,0,13543
2022-07-16,South_Zone,Monsoon,28.3,0,15142,Chennai,13.08,80.27,29.2,0.9,6,1,0.43,Tropical_Wet_Dry,91.1,115.2,34.9,16.8,5.9,1,0.059,0.072,77.0,0.436,84.3,0,100.46,58.7,28.1,0,4.25,0,15308
2022-07-17,South_Zone,Monsoon,32.0,0,15451,Chennai,13.08,80.27,29.2,0.9,6,1,0.43,Tropical_Wet_Dry,82.7,1.1,45.5,13.5,6.6,0,0.066,0.04,48.0,0.45,82.5,0,100.33,54.4,31.7,0,4.25,0,14631
2022-07-18,South_Zone,Monsoon,23.5,0,12943,Chennai,13.08,80.27,29.2,0.9,6,1,0.43,Tropical_Wet_Dry,96.5,7.8,23.5,12.9,6.2,0,0.104,0.013,58.0,0.44,76.9,0,99.42,52.2,31.8,0,4.25,0,12253
2022-07-19,South_Zone,Monsoon,27.9,0,14399,Chennai,13.08,80.27,29.2,0.9,6,1,0.43,Tropical_Wet_Dry,98.7,0.0,35.0,10.7,6.9,0,0.075,0.048,95.0,0.414,80.8,0,102.65,53.1,37.7,0,4.25,0,13623
2022-07-20,South_Zone,Monsoon,27.1,0,14417,Chennai,13.08,80.27,29.2,0.9,6,1,0.43,Tropical_Wet_Dry,87.8,79.5,30.8,10.0,5.9,1,0.253,0.109,71.0,0.402,79.6,0,100.17,45.3,31.5,0,4.25,0,14875
2022-07-21,South_Zone,Monsoon,31.0,0,15273,Chennai,13.08,80.27,29.2,0.9,6,1,0.43,Tropical_Wet_Dry,94.6,119.2,46.6,11.7,5.6,1,0.122,0.0,21.0,0.425,80.8,0,98.97,52.1,27.7,0,4.25,0,14998
2022-07-22,South_Zone,Monsoon,26.9,0,15290,Chennai,13.08,80.27,29.2,0.9,6,1,0.43,Tropical_Wet_Dry,95.5,1.1,31.0,10.2,5.6,0,0.276,0.024,86.0,0.406,80.5,0,99.23,51.9,42.6,0,4.25,0,14446
2022-07-23,South_Zone,Monsoon,26.3,0,14914,Chennai,13.08,80.27,29.2,0.9,6,1,0.43,Tropical_Wet_Dry,98.0,0.0,26.3,18.8,5.5,0,0.037,0.114,63.0,0.433,82.0,0,99.93,53.2,36.5,0,4.25,0,14246
2022-07-24,South_Zone,Monsoon,29.0,0,15362,Chennai,13.08,80.27,29.2,0.9,6,1,0.43,Tropical_Wet_Dry,97.0,34.3,38.9,9.5,5.5,0,0.115,0.041,67.0,0.437,84.4,0,102.19,53.1,38.5,0,4.25,0,14428
2022-07-25,South_Zone,Monsoon,24.6,0,15133,Chennai,13.08,80.27,29.2,0.9,6,1,0.43,Tropical_Wet_Dry,91.8,0.0,24.6,14.4,5.7,0,0.16,0.102,65.0,0.432,80.9,0,100.04,58.7,37.0,0,4.25,0,14537
2022-07-26,South_Zone,Monsoon,34.7,0,16672,Chennai,13.08,80.27,29.2,0.9,6,1,0.43,Tropical_Wet_Dry,81.1,19.7,55.9,15.3,6.2,0,0.231,0.031,76.0,0.437,81.6,0,99.81,51.8,38.7,0,4.25,0,16249
2022-07-27,South_Zone,Monsoon,24.9,0,14238,Chennai,13.08,80.27,29.2,0.9,6,1,0.43,Tropical_Wet_Dry,92.4,20.4,24.9,15.1,4.8,0,0.264,0.097,59.0,0.52,84.4,0,100.99,50.0,36.2,0,4.25,0,13739
2022-07-28,South_Zone,Monsoon,31.0,0,15250,Chennai,13.08,80.27,29.2,0.9,6,1,0.43,Tropical_Wet_Dry,95.8,2.9,47.1,15.3,6.5,0,0.096,0.034,33.0,0.449,78.4,0,101.04,46.8,36.3,0,4.25,0,14749
2022-07-29,South_Zone,Monsoon,27.6,0,15175,Chennai,13.08,80.27,29.2,0.9,6,1,0.43,Tropical_Wet_Dry,90.7,30.3,32.6,16.8,4.5,0,0.249,0.0,66.0,0.46,77.2,0,100.75,51.5,34.6,0,4.25,0,14040
2022-07-30,South_Zone,Monsoon,31.6,0,16522,Chennai,13.08,80.27,29.2,0.9,6,1,0.43,Tropical_Wet_Dry,87.6,34.0,46.1,12.7,5.7,0,-0.018,0.137,35.0,0.47,82.0,0,100.26,48.9,31.8,0,4.25,0,15627
2022-07-31,South_Zone,Monsoon,30.5,0,15271,Chennai,13.08,80.27,29.2,0.9,6,1,0.43,Tropical_Wet_Dry,82.6,0.1,40.1,14.3,6.5,0,0.237,0.038,93.0,0.432,76.3,0,98.92,47.4,38.4,0,4.25,0,14567
2022-08-01,South_Zone,Monsoon,29.2,0,14723,Chennai,13.08,80.27,29.2,0.9,6,1,0.43,Tropical_Wet_Dry,99.0,0.0,40.3,13.1,6.1,0,0.016,0.065,53.0,0.452,77.6,0,99.25,51.5,32.7,0,4.25,0,13635
2022-08-02,South_Zone,Monsoon,30.5,0,16555,Chennai,13.08,80.27,29.2,0.9,6,1,0.43,Tropical_Wet_Dry,95.8,40.1,44.9,17.9,5.6,0,0.195,0.039,59.0,0.444,84.5,0,98.38,56.9,34.6,0,4.25,0,15809
2022-08-03,South_Zone,Monsoon,29.7,0,15121,Chennai,13.08,80.27,29.2,0.9,6,1,0.43,Tropical_Wet_Dry,96.0,4.8,41.5,20.3,6.9,0,0.263,0.113,48.0,0.474,74.8,0,99.71,56.6,35.9,0,4.25,0,14464
2022-08-04,South_Zone,Monsoon,27.4,0,16292,Chennai,13.08,80.27,29.2,0.9,6,1,0.43,Tropical_Wet_Dry,98.4,136.2,33.1,10.4,5.4,1,0.239,0.1,66.0,0.447,80.9,0,99.48,47.7,36.3,0,4.25,0,16445
2022-08-05,South_Zone,Monsoon,26.9,0,15576,Chennai,13.08,80.27,29.2,0.9,6,1,0.43,Tropical_Wet_Dry,96.7,23.2,31.1,7.9,4.4,0,-0.014,0.113,68.0,0.409,75.7,0,99.35,52.9,28.9,0,4.25,0,14707
2022-08-06,South_Zone,Monsoon,29.0,0,14986,Chennai,13.08,80.27,29.2,0.9,6,1,0.43,Tropical_Wet_Dry,91.4,0.7,37.4,15.7,6.0,0,0.105,0.047,48.0,0.388,81.2,0,100.13,54.7,35.0,0,4.25,0,14158
2022-08-07,South_Zone,Monsoon,24.0,0,14160,Chennai,13.08,80.27,29.2,0.9,6,1,0.43,Tropical_Wet_Dry,94.8,0.0,24.0,17.2,4.4,0,0.222,0.077,68.0,0.453,85.5,0,99.17,55.0,28.9,0,4.25,0,12930
2022-08-08,South_Zone,Monsoon,28.3,0,16513,Chennai,13.08,80.27,29.2,0.9,6,1,0.43,Tropical_Wet_Dry,90.9,0.0,34.9,19.9,5.2,0,0.219,0.105,61.0,0.412,77.0,0,99.46,59.2,34.9,0,4.25,0,15466
2022-08-09,South_Zone,Monsoon,25.4,0,16190,Chennai,13.08,80.27,29.2,0.9,6,1,0.43,Tropical_Wet_Dry,99.0,0.0,25.4,16.2,5.9,0,0.178,0.173,58.0,0.484,73.7,0,99.28,48.0,37.9,0,4.25,0,15768
2022-08-10,South_Zone,Monsoon,29.1,0,15586,Chennai,13.08,80.27,29.2,0.9,6,1,0.43,Tropical_Wet_Dry,95.3,23.1,38.8,18.2,5.4,0,-0.07,0.098,46.0,0.485,81.1,0,99.71,49.3,43.0,0,4.25,0,14750
2022-08-11,South_Zone,Monsoon,26.2,0,14806,Chennai,13.08,80.27,29.2,0.9,6,1,0.43,Tropical_Wet_Dry,92.0,0.7,26.2,19.0,5.9,0,0.27,0.02,102.0,0.418,78.1,0,100.08,50.4,36.9,0,4.25,0,13864
2022-08-12,South_Zone,Monsoon,29.4,0,16104,Chennai,13.08,80.27,29.2,0.9,6,1,0.43,Tropical_Wet_Dry,94.7,0.0,39.8,18.4,5.0,0,0.288,0.096,81.0,0.48,79.4,0,98.35,53.8,38.3,0,4.25,0,15367
2022-08-13,South_Zone,Monsoon,25.1,0,15391,Chennai,13.08,80.27,29.2,0.9,6,1,0.43,Tropical_Wet_Dry,89.9,5.4,25.1,16.6,6.0,0,0.166,0.07,73.0,0.445,81.1,0,100.12,42.2,28.6,0,4.25,0,14547
2022-08-14,South_Zone,Monsoon,29.1,0,15757,Chennai,13.08,80.27,29.2,0.9,6,1,0.43,Tropical_Wet_Dry,99.0,17.1,39.9,10.2,4.7,0,0.173,0.0,80.0,0.421,81.7,0,99.9,52.0,36.7,0,4.25,0,15116
2022-08-15,South_Zone,Monsoon,27.3,0,14091,Chennai,13.08,80.27,29.2,0.9,6,1,0.43,Tropical_Wet_Dry,90.3,10.5,31.6,14.0,6.4,0,0.2,0.0,65.0,0.422,81.7,0,100.03,45.9,28.4,0,4.25,0,13335
2022-08-16,South_Zone,Monsoon,28.2,0,15204,Chennai,13.08,80.27,29.2,0.9,6,1,0.43,Tropical_Wet_Dry,95.6,0.0,35.5,14.9,5.4,0,0.296,0.076,54.0,0.414,79.9,0,99.72,52.9,40.0,0,4.25,0,14377
2022-08-17,South_Zone,Monsoon,23.8,0,14595,Chennai,13.08,80.27,29.2,0.9,6,1,0.43,Tropical_Wet_Dry,99.0,12.9,23.8,13.7,6.4,0,0.175,0.081,20.0,0.411,81.3,0,99.93,61.3,28.7,0,4.25,0,13460
2022-08-18,South_Zone,Monsoon,31.0,0,15163,Chennai,13.08,80.27,29.2,0.9,6,1,0.43,Tropical_Wet_Dry,93.3,0.0,46.1,13.9,5.3,0,0.131,0.062,38.0,0.386,79.4,0,99.13,56.3,29.1,0,4.25,0,14935
2022-08-19,South_Zone,Monsoon,24.9,0,13990,Chennai,13.08,80.27,29.2,0.9,6,1,0.43,Tropical_Wet_Dry,95.5,4.5,24.9,18.7,6.6,0,0.188,0.133,99.0,0.431,79.0,0,99.96,48.1,37.8,0,4.25,0,13424
2022-08-20,South_Zone,Monsoon,28.1,0,14806,Chennai,13.08,80.27,29.2,0.9,6,1,0.43,Tropical_Wet_Dry,93.2,0.8,34.7,11.7,5.1,0,0.149,0.024,81.0,0.49,80.0,0,100.64,51.6,42.4,0,4.25,0,14468
2022-08-21,South_Zone,Monsoon,27.8,0,15131,Chennai,13.08,80.27,29.2,0.9,6,1,0.43,Tropical_Wet_Dry,93.0,0.4,33.6,16.4,4.6,0,0.15,0.0,64.0,0.375,81.7,0,98.98,49.0,39.3,0,4.25,0,13781
2022-08-22,South_Zone,Monsoon,23.9,0,12971,Chennai,13.08,80.27,29.2,0.9,6,1,0.43,Tropical_Wet_Dry,92.8,0.0,23.9,14.9,5.5,0,-0.027,0.03,32.0,0.392,78.1,0,98.99,57.8,32.2,0,4.25,0,12161
2022-08-23,South_Zone,Monsoon,19.8,0,13712,Chennai,13.08,80.27,29.2,0.9,6,1,0.43,Tropical_Wet_Dry,95.9,37.1,19.8,11.4,6.0,0,0.202,0.043,71.0,0.407,80.6,0,100.06,44.2,29.1,0,4.25,0,12870
2022-08-24,South_Zone,Monsoon,28.0,0,15849,Chennai,13.08,80.27,29.2,0.9,6,1,0.43,Tropical_Wet_Dry,99.0,0.0,35.4,10.8,6.1,0,0.267,0.077,55.0,0.416,78.6,0,98.85,50.8,31.9,0,4.25,0,14918
2022-08-25,South_Zone,Monsoon,24.6,0,14166,Chennai,13.08,80.27,29.2,0.9,6,1,0.43,Tropical_Wet_Dry,94.7,7.6,24.6,8.9,6.2,0,0.252,0.032,73.0,0.436,77.8,0,98.67,49.7,34.6,0,4.25,0,13606
2022-08-26,South_Zone,Monsoon,28.6,0,14711,Chennai,13.08,80.27,29.2,0.9,6,1,0.43,Tropical_Wet_Dry,88.9,0.0,35.5,15.5,6.2,0,0.245,0.0,40.0,0.402,83.2,0,99.79,48.2,33.6,0,4.25,0,13838
2022-08-27,South_Zone,Monsoon,23.3,0,15231,Chennai,13.08,80.27,29.2,0.9,6,1,0.43,Tropical_Wet_Dry,93.4,0.0,23.3,13.8,4.9,0,0.145,0.0,51.0,0.414,81.1,0,98.92,59.2,28.9,0,4.25,0,14239
2022-08-28,South_Zone,Monsoon,32.2,0,15743,Chennai,13.08,80.27,29.2,0.9,6,1,0.43,Tropical_Wet_Dry,96.2,31.0,53.1,11.5,6.3,0,0.165,0.087,76.0,0.416,81.1,0,100.55,47.0,40.4,0,4.25,0,15070
2022-08-29,South_Zone,Monsoon,29.5,0,14994,Chennai,13.08,80.27,29.2,0.9,6,1,0.43,Tropical_Wet_Dry,95.7,12.7,40.6,8.4,5.8,0,0.269,0.012,95.0,0.409,77.2,0,98.84,47.8,40.5,0,4.25,0,14248
2022-08-30,South_Zone,Monsoon,25.0,0,15715,Chennai,13.08,80.27,29.2,0.9,6,1,0.43,Tropical_Wet_Dry,97.8,44.3,25.0,15.3,5.1,0,0.237,0.0,48.0,0.418,79.3,0,98.47,58.8,43.4,0,4.25,0,14687
2022-08-31,South_Zone,Monsoon,23.0,0,13530,Chennai,13.08,80.27,29.2,0.9,6,1,0.43,Tropical_Wet_Dry,94.9,0.0,23.0,13.5,5.5,0,0.299,0.117,42.0,0.445,81.8,0,99.27,52.3,25.7,0,4.25,0,13035
2022-09-01,South_Zone,Autumn,24.3,0,15384,Chennai,13.08,80.27,29.2,0.9,6,1,0.43,Tropical_Wet_Dry,74.3,0.0,24.3,3.9,6.4,0,0.083,0.473,138.0,0.598,81.1,0,99.69,52.2,56.0,0,4.25,0,15448
2022-09-02,South_Zone,Autumn,26.7,0,13334,Chennai,13.08,80.27,29.2,0.9,6,1,0.43,Tropical_Wet_Dry,66.8,0.0,28.1,3.1,7.4,0,0.082,0.374,97.0,0.513,87.7,0,99.56,50.3,61.3,0,4.25,0,13324
2022-09-03,South_Zone,Autumn,24.0,0,14014,Chennai,13.08,80.27,29.2,0.9,6,1,0.43,Tropical_Wet_Dry,70.3,0.0,24.0,5.3,6.1,0,0.117,0.396,99.0,0.513,80.7,0,99.76,52.9,60.0,0,4.25,0,14349
2022-09-04,South_Zone,Autumn,23.3,0,14324,Chennai,13.08,80.27,29.2,0.9,6,1,0.43,Tropical_Wet_Dry,76.9,0.0,23.3,7.4,6.1,0,0.056,0.397,125.0,0.444,78.0,0,98.66,50.7,57.8,0,4.25,0,14796
2022-09-05,South_Zone,Autumn,19.8,0,12616,Chennai,13.08,80.27,29.2,0.9,6,1,0.43,Tropical_Wet_Dry,78.5,0.0,19.8,5.0,5.8,0,0.018,0.241,158.0,0.487,78.7,0,100.33,50.2,55.7,0,4.25,0,12533
2022-09-06,South_Zone,Autumn,25.4,0,14902,Chennai,13.08,80.27,29.2,0.9,6,1,0.43,Tropical_Wet_Dry,65.9,0.0,25.4,2.4,7.7,0,0.197,0.433,105.0,0.469,77.4,0,97.52,46.4,55.0,0,4.25,0,14382
2022-09-07,South_Zone,Autumn,24.4,0,13881,Chennai,13.08,80.27,29.2,0.9,6,1,0.43,Tropical_Wet_Dry,67.1,0.0,24.4,5.8,6.1,0,0.19,0.454,113.0,0.55,78.1,0,98.38,52.5,70.1,0,4.25,0,14033
2022-09-08,South_Zone,Autumn,23.6,0,14502,Chennai,13.08,80.27,29.2,0.9,6,1,0.43,Tropical_Wet_Dry,72.4,0.0,23.6,9.1,7.2,0,0.175,0.49,122.0,0.547,80.3,0,99.19,50.3,52.9,0,4.25,0,14943
2022-09-09,South_Zone,Autumn,24.1,0,13191,Chennai,13.08,80.27,29.2,0.9,6,1,0.43,Tropical_Wet_Dry,80.2,0.0,24.1,6.1,5.8,0,0.185,0.354,111.0,0.532,78.6,0,98.44,50.5,52.2,0,4.25,0,13053
2022-09-10,South_Zone,Autumn,20.3,0,11883,Chennai,13.08,80.27,29.2,0.9,6,1,0.43,Tropical_Wet_Dry,64.2,0.0,20.3,6.2,6.6,0,0.004,0.312,88.0,0.479,84.0,0,98.82,55.2,54.1,0,4.25,0,11866
2022-09-11,South_Zone,Autumn,28.4,0,15737,Chennai,13.08,80.27,29.2,0.9,6,1,0.43,Tropical_Wet_Dry,70.4,12.2,31.5,5.0,6.8,0,0.102,0.462,134.0,0.536,82.6,0,98.13,50.2,61.0,0,4.25,0,16033
2022-09-12,South_Zone,Autumn,23.7,0,13557,Chennai,13.08,80.27,29.2,0.9,6,1,0.43,Tropical_Wet_Dry,64.9,0.0,23.7,3.3,7.2,0,0.121,0.41,123.0,0.543,82.6,0,98.9,52.1,58.6,0,4.25,0,13460
2022-09-13,South_Zone,Autumn,22.3,0,14444,Chennai,13.08,80.27,29.2,0.9,6,1,0.43,Tropical_Wet_Dry,69.4,0.0,22.3,3.2,7.0,0,0.155,0.432,127.0,0.5,79.2,0,99.56,59.5,62.1,0,4.25,0,14904
2022-09-14,South_Zone,Autumn,29.7,0,14944,Chennai,13.08,80.27,29.2,0.9,6,1,0.43,Tropical_Wet_Dry,66.4,3.3,33.5,1.0,6.8,0,0.004,0.341,117.0,0.524,82.7,0,98.55,54.0,56.5,0,4.25,0,14962
2022-09-15,South_Zone,Autumn,27.4,0,14876,Chennai,13.08,80.27,29.2,0.9,6,1,0.43,Tropical_Wet_Dry,67.5,0.0,29.3,9.5,6.3,0,0.057,0.396,147.0,0.536,83.1,0,98.19,50.1,60.4,0,4.25,0,14901
2022-09-16,South_Zone,Autumn,23.4,0,15044,Chennai,13.08,80.27,29.2,0.9,6,1,0.43,Tropical_Wet_Dry,69.3,0.0,23.4,7.4,7.4,0,0.106,0.317,111.0,0.495,84.8,0,98.6,48.1,60.4,0,4.25,0,14903
2022-09-17,South_Zone,Autumn,24.0,0,14229,Chennai,13.08,80.27,29.2,0.9,6,1,0.43,Tropical_Wet_Dry,71.6,0.0,24.0,6.2,6.1,0,0.256,0.38,101.0,0.562,78.4,0,100.16,52.5,67.9,0,4.25,0,14164
2022-09-18,South_Zone,Autumn,24.7,0,12885,Chennai,13.08,80.27,29.2,0.9,6,1,0.43,Tropical_Wet_Dry,68.5,0.0,24.7,6.9,5.1,0,0.176,0.359,150.0,0.525,80.0,0,100.14,56.2,68.9,0,4.25,0,12838
2022-09-19,South_Zone,Autumn,24.9,0,13766,Chennai,13.08,80.27,29.2,0.9,6,1,0.43,Tropical_Wet_Dry,63.7,0.0,24.9,7.0,5.4,0,0.252,0.521,80.0,0.5,77.7,0,98.56,50.1,59.2,0,4.25,0,13621
2022-09-20,South_Zone,Autumn,19.7,0,12520,Chennai,13.08,80.27,29.2,0.9,6,1,0.43,Tropical_Wet_Dry,78.1,0.0,19.7,3.8,5.3,0,0.138,0.413,117.0,0.553,87.9,0,99.54,52.6,64.3,0,4.25,0,13081
2022-09-21,South_Zone,Autumn,22.4,0,14429,Chennai,13.08,80.27,29.2,0.9,6,1,0.43,Tropical_Wet_Dry,76.3,0.0,22.4,5.0,6.7,0,0.15,0.251,119.0,0.463,79.4,0,99.01,50.1,60.8,0,4.25,0,14452
2022-09-22,South_Zone,Autumn,20.8,0,12570,Chennai,13.08,80.27,29.2,0.9,6,1,0.43,Tropical_Wet_Dry,77.7,1.0,20.8,4.6,7.6,0,0.2,0.38,118.0,0.539,83.8,0,100.31,51.5,63.9,0,4.25,0,12472
2022-09-23,South_Zone,Autumn,24.7,0,13115,Chennai,13.08,80.27,29.2,0.9,6,1,0.43,Tropical_Wet_Dry,63.5,0.0,24.7,13.5,5.3,0,0.132,0.402,92.0,0.529,80.5,0,99.21,47.6,61.9,0,4.25,0,13536
2022-09-24,South_Zone,Autumn,22.0,0,12174,Chennai,13.08,80.27,29.2,0.9,6,1,0.43,Tropical_Wet_Dry,74.3,0.0,22.0,9.1,5.9,0,0.088,0.352,99.0,0.429,82.6,0,98.81,53.4,63.7,0,4.25,0,12301
2022-09-25,South_Zone,Autumn,26.8,0,14448,Chennai,13.08,80.27,29.2,0.9,6,1,0.43,Tropical_Wet_Dry,73.3,0.0,28.8,6.5,6.6,0,0.001,0.314,137.0,0.517,80.0,0,100.61,53.6,64.3,0,4.25,0,14332
2022-09-26,South_Zone,Autumn,24.0,0,14720,Chennai,13.08,80.27,29.2,0.9,6,1,0.43,Tropical_Wet_Dry,66.4,0.0,24.0,10.1,7.4,0,0.09,0.42,145.0,0.518,82.8,0,98.08,57.9,62.1,0,4.25,0,14875
2022-09-27,South_Zone,Autumn,21.8,0,13208,Chennai,13.08,80.27,29.2,0.9,6,1,0.43,Tropical_Wet_Dry,73.0,0.0,21.8,9.7,5.9,0,0.234,0.322,112.0,0.487,80.8,0,99.32,52.9,60.7,0,4.25,0,12991
2022-09-28,South_Zone,Autumn,20.8,0,12360,Chennai,13.08,80.27,29.2,0.9,6,1,0.43,Tropical_Wet_Dry,72.9,0.0,20.8,1.9,6.6,0,0.276,0.415,103.0,0.511,85.1,0,100.37,50.0,65.2,0,4.25,0,12642
2022-09-29,South_Zone,Autumn,21.2,0,12915,Chennai,13.08,80.27,29.2,0.9,6,1,0.43,Tropical_Wet_Dry,82.5,2.2,21.2,5.3,6.2,0,0.073,0.317,88.0,0.523,80.9,0,99.67,58.4,59.3,0,4.25,0,12973
2022-09-30,South_Zone,Autumn,22.8,0,13942,Chennai,13.08,80.27,29.2,0.9,6,1,0.43,Tropical_Wet_Dry,81.9,0.0,22.8,6.0,8.0,0,-0.023,0.348,137.0,0.479,77.8,0,98.24,53.5,57.1,0,4.25,0,13713
2022-10-01,South_Zone,Autumn,21.3,0,13587,Chennai,13.08,80.27,29.2,0.9,6,1,0.43,Tropical_Wet_Dry,64.9,0.0,21.3,7.8,6.4,0,0.243,0.437,138.0,0.563,81.6,0,98.18,52.8,52.2,0,4.25,0,13351
2022-10-02,South_Zone,Autumn,24.5,0,15178,Chennai,13.08,80.27,29.2,0.9,6,1,0.43,Tropical_Wet_Dry,83.8,0.0,24.5,5.3,6.7,0,0.157,0.409,69.0,0.477,80.0,0,100.59,52.9,62.1,0,4.25,0,15175
2022-10-03,South_Zone,Autumn,23.4,1,17524,Chennai,13.08,80.27,29.2,0.9,6,1,0.43,Tropical_Wet_Dry,67.4,0.0,23.4,5.7,6.5,0,0.015,0.382,76.0,0.524,77.0,0,103.48,54.7,75.5,0,4.25,0,18005
2022-10-04,South_Zone,Autumn,24.0,0,13745,Chennai,13.08,80.27,29.2,0.9,6,1,0.43,Tropical_Wet_Dry,76.5,2.5,24.0,4.6,6.2,0,-0.161,0.378,122.0,0.538,81.1,0,100.87,49.6,51.4,0,4.25,0,13987
2022-10-05,South_Zone,Autumn,22.1,0,12807,Chennai,13.08,80.27,29.2,0.9,6,1,0.43,Tropical_Wet_Dry,77.6,0.0,22.1,9.1,6.9,0,0.054,0.385,125.0,0.539,78.1,0,102.72,53.5,56.9,0,4.25,0,13004
2022-10-06,South_Zone,Autumn,19.8,0,11678,Chennai,13.08,80.27,29.2,0.9,6,1,0.43,Tropical_Wet_Dry,69.1,0.0,19.8,1.7,5.5,0,0.104,0.333,111.0,0.509,79.3,0,100.58,52.1,63.8,0,4.25,0,11857
2022-10-07,South_Zone,Autumn,25.5,0,13671,Chennai,13.08,80.27,29.2,0.9,6,1,0.43,Tropical_Wet_Dry,73.2,0.0,25.5,4.7,5.3,0,0.035,0.289,119.0,0.486,80.1,0,104.57,56.0,59.3,0,4.25,0,13495
2022-10-08,South_Zone,Autumn,24.1,0,12451,Chennai,13.08,80.27,29.2,0.9,6,1,0.43,Tropical_Wet_Dry,71.0,0.0,24.1,1.0,6.4,0,0.219,0.414,116.0,0.507,73.9,0,100.66,57.4,60.3,0,4.25,0,12122
2022-10-09,South_Zone,Autumn,26.4,0,15633,Chennai,13.08,80.27,29.2,0.9,6,1,0.43,Tropical_Wet_Dry,72.9,0.0,26.4,2.9,7.1,0,0.069,0.472,120.0,0.501,78.7,0,102.06,57.4,64.6,0,4.25,0,15414
2022-10-10,South_Zone,Autumn,21.4,0,13435,Chennai,13.08,80.27,29.2,0.9,6,1,0.43,Tropical_Wet_Dry,74.3,0.0,21.4,7.0,6.0,0,0.151,0.416,104.0,0.503,82.8,0,103.24,56.1,59.5,0,4.25,0,13460
2022-10-11,South_Zone,Autumn,22.5,0,13546,Chennai,13.08,80.27,29.2,0.9,6,1,0.43,Tropical_Wet_Dry,78.5,0.0,22.5,7.0,6.5,0,0.387,0.395,120.0,0.49,79.4,0,101.33,46.4,61.9,0,4.25,0,13422
2022-10-12,South_Zone,Autumn,22.9,0,13613,Chennai,13.08,80.27,29.2,0.9,6,1,0.43,Tropical_Wet_Dry,72.6,0.0,22.9,5.1,5.7,0,0.162,0.307,108.0,0.463,74.3,0,102.6,52.0,54.6,0,4.25,0,13453
2022-10-13,South_Zone,Autumn,25.7,0,14310,Chennai,13.08,80.27,29.2,0.9,6,1,0.43,Tropical_Wet_Dry,69.7,0.1,25.7,9.4,7.2,0,0.138,0.433,106.0,0.582,79.8,0,101.76,46.1,61.8,0,4.25,0,14705
2022-10-14,South_Zone,Autumn,22.8,1,17415,Chennai,13.08,80.27,29.2,0.9,6,1,0.43,Tropical_Wet_Dry,77.8,0.0,22.8,10.1,6.8,0,0.141,0.409,86.0,0.471,81.4,0,102.44,58.0,65.3,0,4.25,0,17674
2022-10-15,South_Zone,Autumn,27.9,0,14533,Chennai,13.08,80.27,29.2,0.9,6,1,0.43,Tropical_Wet_Dry,72.2,0.0,30.8,5.8,6.7,0,0.217,0.426,117.0,0.56,79.1,0,103.14,53.5,53.5,0,4.25,0,14145
2022-10-16,South_Zone,Autumn,20.5,0,13507,Chennai,13.08,80.27,29.2,0.9,6,1,0.43,Tropical_Wet_Dry,77.4,0.0,20.5,6.8,6.4,0,0.205,0.442,134.0,0.493,79.2,0,101.64,52.8,57.5,0,4.25,0,14066
2022-10-17,South_Zone,Autumn,24.8,0,14898,Chennai,13.08,80.27,29.2,0.9,6,1,0.43,Tropical_Wet_Dry,67.8,1.8,24.8,4.6,5.7,0,0.05,0.475,114.0,0.508,78.7,0,103.57,51.4,62.7,0,4.25,0,15188
2022-10-18,South_Zone,Autumn,23.4,0,13425,Chennai,13.08,80.27,29.2,0.9,6,1,0.43,Tropical_Wet_Dry,66.7,1.5,23.4,7.9,5.6,0,0.109,0.313,114.0,0.467,81.9,0,102.44,58.7,60.3,0,4.25,0,13418
2022-10-19,South_Zone,Autumn,19.8,0,14004,Chennai,13.08,80.27,29.2,0.9,6,1,0.43,Tropical_Wet_Dry,71.3,1.4,19.8,2.4,6.2,0,0.083,0.303,143.0,0.462,77.5,0,104.05,54.7,56.1,0,4.25,0,13876
2022-10-20,South_Zone,Autumn,27.7,0,15232,Chennai,13.08,80.27,29.2,0.9,6,1,0.43,Tropical_Wet_Dry,66.3,0.0,29.7,11.4,6.9,0,0.122,0.389,138.0,0.545,81.6,0,101.28,52.8,64.4,0,4.25,0,15329
2022-10-21,South_Zone,Autumn,23.2,0,13521,Chennai,13.08,80.27,29.2,0.9,6,1,0.43,Tropical_Wet_Dry,76.0,0.0,23.2,9.4,6.7,0,0.333,0.325,151.0,0.519,79.2,0,101.48,53.8,61.6,0,4.25,0,13768
2022-10-22,South_Zone,Autumn,26.9,0,13636,Chennai,13.08,80.27,29.2,0.9,6,1,0.43,Tropical_Wet_Dry,74.7,0.0,29.1,2.4,6.4,0,0.212,0.314,161.0,0.492,83.8,0,101.9,54.3,65.2,0,4.25,0,13454
2022-10-23,South_Zone,Autumn,21.0,0,14385,Chennai,13.08,80.27,29.2,0.9,6,1,0.43,Tropical_Wet_Dry,72.6,0.0,21.0,3.6,6.7,0,0.142,0.453,121.0,0.614,78.5,0,100.93,52.5,55.5,0,4.25,0,14670
2022-10-24,South_Zone,Autumn,23.6,0,12741,Chennai,13.08,80.27,29.2,0.9,6,1,0.43,Tropical_Wet_Dry,79.0,0.0,23.6,7.3,7.3,0,0.274,0.319,99.0,0.499,76.7,0,103.08,59.0,67.2,0,4.25,0,13106
2022-10-25,South_Zone,Autumn,23.0,0,14394,Chennai,13.08,80.27,29.2,0.9,6,1,0.43,Tropical_Wet_Dry,79.0,0.0,23.0,5.0,6.3,0,0.169,0.379,111.0,0.517,81.9,0,102.1,58.6,67.9,0,4.25,0,14589
2022-10-26,South_Zone,Autumn,22.9,0,13604,Chennai,13.08,80.27,29.2,0.9,6,1,0.43,Tropical_Wet_Dry,73.5,0.0,22.9,7.6,6.6,0,-0.014,0.282,130.0,0.47,81.5,0,101.04,53.5,64.6,0,4.25,0,13640
2022-10-27,South_Zone,Autumn,22.2,0,12440,Chennai,13.08,80.27,29.2,0.9,6,1,0.43,Tropical_Wet_Dry,68.6,0.0,22.2,4.9,6.2,0,0.316,0.384,146.0,0.492,81.2,0,101.38,50.2,62.4,0,4.25,0,12208
2022-10-28,South_Zone,Autumn,22.6,0,13029,Chennai,13.08,80.27,29.2,0.9,6,1,0.43,Tropical_Wet_Dry,80.3,0.0,22.6,10.6,6.3,0,0.134,0.451,101.0,0.517,82.5,0,101.35,54.6,62.5,0,4.25,0,13317
2022-10-29,South_Zone,Autumn,20.8,0,13167,Chennai,13.08,80.27,29.2,0.9,6,1,0.43,Tropical_Wet_Dry,73.2,1.4,20.8,6.0,6.4,0,-0.076,0.453,125.0,0.559,77.0,0,103.16,51.6,61.7,0,4.25,0,13464
2022-10-30,South_Zone,Autumn,25.0,1,19062,Chennai,13.08,80.27,29.2,0.9,6,1,0.43,Tropical_Wet_Dry,71.6,0.0,25.0,13.3,7.5,0,-0.01,0.443,106.0,0.548,77.6,0,102.71,59.5,65.1,0,4.25,0,19357
2022-10-31,South_Zone,Autumn,28.6,0,17090,Chennai,13.08,80.27,29.2,0.9,6,1,0.43,Tropical_Wet_Dry,67.1,0.0,31.4,7.8,7.2,0,0.263,0.375,117.0,0.552,84.0,0,102.13,59.9,57.0,0,4.25,0,17379
2022-11-01,South_Zone,Autumn,20.7,0,11995,Chennai,13.08,80.27,29.2,0.9,6,1,0.43,Tropical_Wet_Dry,69.1,0.0,20.7,2.0,6.8,0,-0.008,0.447,117.0,0.51,81.3,0,101.92,56.4,59.5,0,4.25,0,11872
2022-11-02,South_Zone,Autumn,25.1,0,14177,Chennai,13.08,80.27,29.2,0.9,6,1,0.43,Tropical_Wet_Dry,63.6,0.0,25.1,12.3,6.2,0,0.285,0.406,127.0,0.539,78.6,0,102.06,48.9,54.8,0,4.25,0,14625
2022-11-03,South_Zone,Autumn,26.9,0,14906,Chennai,13.08,80.27,29.2,0.9,6,1,0.43,Tropical_Wet_Dry,73.0,0.0,28.9,9.3,6.1,0,0.158,0.354,157.0,0.518,74.7,0,104.1,52.5,67.2,0,4.25,0,15736
2022-11-04,South_Zone,Autumn,23.3,0,12483,Chennai,13.08,80.27,29.2,0.9,6,1,0.43,Tropical_Wet_Dry,68.1,0.0,23.3,7.1,6.6,0,0.221,0.403,129.0,0.534,76.3,0,102.1,52.8,62.5,0,4.25,0,12493
2022-11-05,South_Zone,Autumn,24.9,0,14366,Chennai,13.08,80.27,29.2,0.9,6,1,0.43,Tropical_Wet_Dry,86.4,0.0,24.9,7.9,7.2,0,0.124,0.433,112.0,0.502,77.1,0,103.21,50.6,68.9,0,4.25,0,14833
2022-11-06,South_Zone,Autumn,24.9,0,14141,Chennai,13.08,80.27,29.2,0.9,6,1,0.43,Tropical_Wet_Dry,65.6,0.0,24.9,2.4,7.5,0,0.202,0.3,109.0,0.464,78.3,0,102.05,52.3,64.0,0,4.25,0,14059
2022-11-07,South_Zone,Autumn,17.4,1,15723,Chennai,13.08,80.27,29.2,0.9,6,1,0.43,Tropical_Wet_Dry,69.3,0.0,17.4,1.0,4.6,0,0.182,0.316,117.0,0.515,80.9,0,104.08,55.3,65.0,0,4.25,0,15546
2022-11-08,South_Zone,Autumn,28.5,0,15453,Chennai,13.08,80.27,29.2,0.9,6,1,0.43,Tropical_Wet_Dry,71.5,0.0,31.9,5.9,8.1,0,0.146,0.371,104.0,0.539,75.9,0,101.2,55.3,66.5,0,4.25,0,15917
2022-11-09,South_Zone,Autumn,21.6,0,11873,Chennai,13.08,80.27,29.2,0.9,6,1,0.43,Tropical_Wet_Dry,80.7,0.0,21.6,10.1,6.6,0,0.043,0.307,123.0,0.478,78.4,0,103.25,59.2,57.7,0,4.25,0,11767
2022-11-10,South_Zone,Autumn,27.6,1,17950,Chennai,13.08,80.27,29.2,0.9,6,1,0.43,Tropical_Wet_Dry,69.8,0.0,29.9,7.2,7.2,0,0.186,0.306,77.0,0.515,76.2,0,101.7,53.3,78.8,0,4.25,0,18369
2022-11-11,South_Zone,Autumn,28.2,0,15613,Chennai,13.08,80.27,29.2,0.9,6,1,0.43,Tropical_Wet_Dry,71.9,0.0,31.3,11.1,5.6,0,-0.032,0.355,116.0,0.545,78.7,0,104.7,53.4,67.5,0,4.25,0,16322
2022-11-12,South_Zone,Autumn,23.0,0,14625,Chennai,13.08,80.27,29.2,0.9,6,1,0.43,Tropical_Wet_Dry,63.0,0.0,23.0,10.0,6.3,0,0.243,0.44,118.0,0.519,87.2,0,103.2,48.9,66.8,0,4.25,0,14968
2022-11-13,South_Zone,Autumn,29.0,0,14497,Chennai,13.08,80.27,29.2,0.9,6,1,0.43,Tropical_Wet_Dry,65.2,0.0,31.9,6.1,7.2,0,0.17,0.438,99.0,0.486,83.6,0,100.83,54.4,65.4,0,4.25,0,14638
2022-11-14,South_Zone,Autumn,21.8,0,14476,Chennai,13.08,80.27,29.2,0.9,6,1,0.43,Tropical_Wet_Dry,67.6,0.6,21.8,9.6,5.6,0,0.196,0.399,113.0,0.48,81.7,0,101.62,51.6,62.2,0,4.25,0,14298
2022-11-15,South_Zone,Autumn,25.8,0,13850,Chennai,13.08,80.27,29.2,0.9,6,1,0.43,Tropical_Wet_Dry,61.0,0.0,25.8,10.6,4.8,0,-0.112,0.391,140.0,0.497,78.4,0,103.26,53.2,59.9,0,4.25,0,13711
2022-11-16,South_Zone,Autumn,22.0,0,12764,Chennai,13.08,80.27,29.2,0.9,6,1,0.43,Tropical_Wet_Dry,73.4,0.0,22.0,5.8,6.6,0,0.037,0.505,141.0,0.533,76.8,0,103.26,51.8,69.4,0,4.25,0,13035
2022-11-17,South_Zone,Autumn,19.5,1,16302,Chennai,13.08,80.27,29.2,0.9,6,1,0.43,Tropical_Wet_Dry,63.1,0.0,19.5,5.4,6.2,0,0.099,0.348,110.0,0.506,79.7,0,103.21,51.9,73.4,0,4.25,0,16429
2022-11-18,South_Zone,Autumn,21.3,1,14766,Chennai,13.08,80.27,29.2,0.9,6,1,0.43,Tropical_Wet_Dry,66.6,5.1,21.3,6.4,7.2,0,0.217,0.394,129.0,0.518,75.3,0,102.81,56.7,70.1,0,4.25,0,15134
2022-11-19,South_Zone,Autumn,29.6,0,15571,Chennai,13.08,80.27,29.2,0.9,6,1,0.43,Tropical_Wet_Dry,65.6,0.0,33.1,1.0,6.6,0,0.056,0.345,93.0,0.498,81.9,0,102.36,53.4,62.2,0,4.25,0,15350
2022-11-20,South_Zone,Autumn,20.9,0,13105,Chennai,13.08,80.27,29.2,0.9,6,1,0.43,Tropical_Wet_Dry,69.3,0.0,20.9,6.8,6.2,0,0.405,0.303,115.0,0.516,79.4,0,103.79,60.5,65.7,0,4.25,0,13040
2022-11-21,South_Zone,Autumn,26.9,0,15090,Chennai,13.08,80.27,29.2,0.9,6,1,0.43,Tropical_Wet_Dry,71.8,2.7,28.8,8.2,7.0,0,0.124,0.451,124.0,0.51,79.9,0,101.86,49.0,65.6,0,4.25,0,15236
2022-11-22,South_Zone,Autumn,25.4,0,13778,Chennai,13.08,80.27,29.2,0.9,6,1,0.43,Tropical_Wet_Dry,72.3,0.0,25.4,6.4,7.1,0,0.048,0.362,147.0,0.548,75.0,0,102.81,58.9,54.6,0,4.25,0,13851
2022-11-23,South_Zone,Autumn,26.7,1,18774,Chennai,13.08,80.27,29.2,0.9,6,1,0.43,Tropical_Wet_Dry,74.4,0.0,28.7,7.0,6.2,0,0.131,0.422,141.0,0.554,80.1,0,102.16,51.6,77.4,0,4.25,0,19270
2022-11-24,South_Zone,Autumn,18.4,0,13296,Chennai,13.08,80.27,29.2,0.9,6,1,0.43,Tropical_Wet_Dry,78.7,0.0,18.4,5.9,6.7,0,0.055,0.365,124.0,0.537,79.3,0,102.11,53.4,63.4,0,4.25,0,13372
2022-11-25,South_Zone,Autumn,23.0,0,13119,Chennai,13.08,80.27,29.2,0.9,6,1,0.43,Tropical_Wet_Dry,77.9,0.0,23.0,1.0,6.1,0,0.032,0.455,104.0,0.514,77.1,0,102.38,55.7,58.3,0,4.25,0,13064
2022-11-26,South_Zone,Autumn,19.1,0,13970,Chennai,13.08,80.27,29.2,0.9,6,1,0.43,Tropical_Wet_Dry,74.5,0.0,19.1,11.0,6.2,0,0.251,0.32,144.0,0.497,80.7,0,102.13,57.7,55.9,0,4.25,0,14024
2022-11-27,South_Zone,Autumn,22.8,1,17921,Chennai,13.08,80.27,29.2,0.9,6,1,0.43,Tropical_Wet_Dry,73.8,0.0,22.8,4.9,6.8,0,0.201,0.45,114.0,0.554,78.8,0,103.44,58.4,79.2,0,4.25,0,18798
2022-11-28,South_Zone,Autumn,24.3,0,13957,Chennai,13.08,80.27,29.2,0.9,6,1,0.43,Tropical_Wet_Dry,74.0,1.0,24.3,4.1,7.0,0,0.202,0.434,128.0,0.523,80.9,0,101.45,57.5,67.6,0,4.25,0,14212
2022-11-29,South_Zone,Autumn,23.2,0,12766,Chennai,13.08,80.27,29.2,0.9,6,1,0.43,Tropical_Wet_Dry,72.8,0.0,23.2,10.1,6.6,0,0.278,0.272,118.0,0.467,81.9,0,103.38,53.3,67.8,0,4.25,0,12655
2022-11-30,South_Zone,Autumn,24.9,0,15706,Chennai,13.08,80.27,29.2,0.9,6,1,0.43,Tropical_Wet_Dry,69.1,0.0,24.9,8.9,5.8,0,0.199,0.349,156.0,0.485,76.7,0,102.35,60.9,53.5,0,4.25,0,15163
2022-12-01,South_Zone,Winter,13.3,0,10825,Chennai,13.08,80.27,29.2,0.9,6,1,0.43,Tropical_Wet_Dry,78.4,0.0,13.3,6.8,2.3,0,0.043,0.481,139.0,0.52,80.3,0,103.04,56.4,71.0,0,4.25,0,11330
2022-12-02,South_Zone,Winter,14.7,0,11488,Chennai,13.08,80.27,29.2,0.9,6,1,0.43,Tropical_Wet_Dry,75.1,0.0,14.7,8.3,3.4,0,0.221,0.518,166.0,0.515,80.3,0,102.88,42.1,72.3,0,4.25,0,11729
2022-12-03,South_Zone,Winter,18.4,0,12736,Chennai,13.08,80.27,29.2,0.9,6,1,0.43,Tropical_Wet_Dry,79.1,0.0,18.4,2.5,4.3,0,0.037,0.463,148.0,0.622,83.7,0,102.57,54.0,79.5,0,4.25,0,13491
2022-12-04,South_Zone,Winter,12.8,0,12713,Chennai,13.08,80.27,29.2,0.9,6,1,0.43,Tropical_Wet_Dry,79.8,0.0,12.8,5.8,3.7,0,0.102,0.396,160.0,0.46,82.5,0,104.32,53.0,76.0,0,4.25,0,13217
2022-12-05,South_Zone,Winter,15.1,0,12402,Chennai,13.08,80.27,29.2,0.9,6,1,0.43,Tropical_Wet_Dry,75.6,3.0,15.1,9.9,3.7,0,0.145,0.362,179.0,0.481,79.0,0,102.76,52.7,70.9,0,4.25,0,12661
2022-12-06,South_Zone,Winter,13.2,0,11584,Chennai,13.08,80.27,29.2,0.9,6,1,0.43,Tropical_Wet_Dry,76.8,1.5,13.2,4.0,3.4,0,0.135,0.454,114.0,0.551,78.7,0,103.87,56.9,72.8,0,4.25,0,12056
2022-12-07,South_Zone,Winter,15.9,0,10471,Chennai,13.08,80.27,29.2,0.9,6,1,0.43,Tropical_Wet_Dry,72.4,0.0,15.9,3.0,3.7,0,-0.029,0.394,149.0,0.498,80.4,0,103.91,55.6,75.6,0,4.25,0,10802
2022-12-08,South_Zone,Winter,21.0,0,14293,Chennai,13.08,80.27,29.2,0.9,6,1,0.43,Tropical_Wet_Dry,80.3,4.3,21.0,6.2,3.2,0,0.053,0.397,134.0,0.509,76.6,0,102.96,51.3,75.7,0,4.25,0,14507
2022-12-09,South_Zone,Winter,13.8,0,10570,Chennai,13.08,80.27,29.2,0.9,6,1,0.43,Tropical_Wet_Dry,80.1,0.0,13.8,6.3,3.9,0,0.148,0.407,158.0,0.534,77.1,0,102.0,59.7,80.4,0,4.25,0,10640
2022-12-10,South_Zone,Winter,16.0,0,12080,Chennai,13.08,80.27,29.2,0.9,6,1,0.43,Tropical_Wet_Dry,74.1,0.0,16.0,7.9,4.1,0,0.089,0.473,162.0,0.569,78.6,0,102.41,48.7,79.3,0,4.25,0,12621
2022-12-11,South_Zone,Winter,16.1,0,12170,Chennai,13.08,80.27,29.2,0.9,6,1,0.43,Tropical_Wet_Dry,82.4,3.5,16.1,1.9,3.3,0,0.263,0.528,142.0,0.544,72.9,0,104.6,49.3,78.2,0,4.25,0,12310
2022-12-12,South_Zone,Winter,16.5,0,13287,Chennai,13.08,80.27,29.2,0.9,6,1,0.43,Tropical_Wet_Dry,75.3,0.0,16.5,1.0,3.8,0,0.28,0.482,141.0,0.568,77.0,0,103.85,50.0,68.2,0,4.25,0,13553
2022-12-13,South_Zone,Winter,16.7,0,11336,Chennai,13.08,80.27,29.2,0.9,6,1,0.43,Tropical_Wet_Dry,70.9,0.0,16.7,8.8,2.6,0,0.038,0.421,154.0,0.474,79.0,0,103.53,56.0,68.5,0,4.25,0,11347
2022-12-14,South_Zone,Winter,19.1,0,14084,Chennai,13.08,80.27,29.2,0.9,6,1,0.43,Tropical_Wet_Dry,81.6,0.6,19.1,2.8,3.8,0,0.156,0.366,127.0,0.493,88.3,0,102.86,55.5,67.0,0,4.25,0,14311
2022-12-15,South_Zone,Winter,24.5,0,13215,Chennai,13.08,80.27,29.2,0.9,6,1,0.43,Tropical_Wet_Dry,70.6,0.0,24.5,4.2,3.9,0,0.308,0.46,156.0,0.55,78.1,0,105.19,51.7,74.1,0,4.25,0,13651
2022-12-16,South_Zone,Winter,15.7,0,10266,Chennai,13.08,80.27,29.2,0.9,6,1,0.43,Tropical_Wet_Dry,76.5,0.0,15.7,1.0,4.3,0,0.137,0.52,135.0,0.609,82.0,0,102.62,51.5,69.7,0,4.25,0,10500
2022-12-17,South_Zone,Winter,16.7,0,11726,Chennai,13.08,80.27,29.2,0.9,6,1,0.43,Tropical_Wet_Dry,78.2,0.0,16.7,9.1,3.5,0,0.109,0.48,163.0,0.511,79.4,0,103.66,54.3,75.0,0,4.25,0,11934
2022-12-18,South_Zone,Winter,20.8,0,12572,Chennai,13.08,80.27,29.2,0.9,6,1,0.43,Tropical_Wet_Dry,81.2,0.0,20.8,7.1,4.3,0,0.236,0.432,126.0,0.494,81.3,0,104.06,50.2,75.7,0,4.25,0,13205
2022-12-19,South_Zone,Winter,9.9,0,10106,Chennai,13.08,80.27,29.2,0.9,6,1,0.43,Tropical_Wet_Dry,82.2,0.0,9.9,6.9,3.0,0,0.123,0.391,140.0,0.528,76.8,0,102.28,56.9,73.2,0,4.25,0,10159
2022-12-20,South_Zone,Winter,9.1,0,10869,Chennai,13.08,80.27,29.2,0.9,6,1,0.43,Tropical_Wet_Dry,76.5,0.0,9.1,6.9,1.8,0,0.277,0.441,136.0,0.532,75.4,0,102.87,60.3,76.5,0,4.25,0,11103
2022-12-21,South_Zone,Winter,8.8,0,10223,Chennai,13.08,80.27,29.2,0.9,6,1,0.43,Tropical_Wet_Dry,85.4,0.0,8.8,1.0,3.1,0,0.091,0.489,145.0,0.521,84.1,0,103.2,53.4,68.9,0,4.25,0,10522
2022-12-22,South_Zone,Winter,8.8,0,9935,Chennai,13.08,80.27,29.2,0.9,6,1,0.43,Tropical_Wet_Dry,80.3,0.0,8.8,3.0,3.3,0,0.103,0.434,175.0,0.492,76.0,0,104.55,56.0,64.8,0,4.25,0,10067
2022-12-23,South_Zone,Winter,19.9,0,13271,Chennai,13.08,80.27,29.2,0.9,6,1,0.43,Tropical_Wet_Dry,85.5,0.0,19.9,4.6,3.8,0,0.229,0.414,165.0,0.508,84.5,0,103.29,54.6,68.6,0,4.25,0,13581
2022-12-24,South_Zone,Winter,12.4,0,11077,Chennai,13.08,80.27,29.2,0.9,6,1,0.43,Tropical_Wet_Dry,80.6,0.0,12.4,3.8,3.5,0,0.16,0.379,141.0,0.53,78.9,0,102.32,59.2,76.3,0,4.25,0,11477
2022-12-25,South_Zone,Winter,15.1,0,12141,Chennai,13.08,80.27,29.2,0.9,6,1,0.43,Tropical_Wet_Dry,67.8,0.0,15.1,5.2,3.2,0,0.161,0.575,141.0,0.554,77.5,0,102.26,61.5,81.4,0,4.25,0,12878
2022-12-26,South_Zone,Winter,10.9,0,11198,Chennai,13.08,80.27,29.2,0.9,6,1,0.43,Tropical_Wet_Dry,83.2,0.0,10.9,6.7,3.1,0,-0.041,0.367,166.0,0.547,78.5,0,103.06,52.6,79.6,0,4.25,0,11479
2022-12-27,South_Zone,Winter,6.9,0,9217,Chennai,13.08,80.27,29.2,0.9,6,1,0.43,Tropical_Wet_Dry,93.6,0.0,6.9,9.0,2.4,0,0.115,0.361,129.0,0.506,84.8,0,102.37,53.9,71.2,0,4.25,0,9378
2022-12-28,South_Zone,Winter,13.5,0,11890,Chennai,13.08,80.27,29.2,0.9,6,1,0.43,Tropical_Wet_Dry,87.8,0.0,13.5,1.6,2.2,0,0.236,0.43,150.0,0.546,77.9,0,104.67,58.1,77.0,0,4.25,0,12268
2022-12-29,South_Zone,Winter,15.1,0,10642,Chennai,13.08,80.27,29.2,0.9,6,1,0.43,Tropical_Wet_Dry,88.1,0.0,15.1,6.0,3.4,0,0.072,0.408,139.0,0.53,78.9,0,104.74,56.1,65.2,0,4.25,0,10666
2022-12-30,South_Zone,Winter,12.0,0,11170,Chennai,13.08,80.27,29.2,0.9,6,1,0.43,Tropical_Wet_Dry,75.7,0.0,12.0,8.1,2.9,0,0.22,0.481,147.0,0.528,82.9,0,103.97,50.8,79.9,0,4.25,0,11547
2022-12-31,South_Zone,Winter,14.8,0,11227,Chennai,13.08,80.27,29.2,0.9,6,1,0.43,Tropical_Wet_Dry,83.7,2.1,14.8,3.2,4.1,0,0.177,0.483,165.0,0.566,81.4,0,103.74,47.1,74.8,0,4.25,0,11290
2023-01-01,South_Zone,Winter,13.6,0,11946,Chennai,13.08,80.27,29.2,0.9,6,1,0.43,Tropical_Wet_Dry,76.2,3.7,13.6,5.4,2.1,0,0.28,0.347,138.0,0.47,86.2,0,108.78,54.0,76.2,0,4.5,0,12251
2023-01-02,South_Zone,Winter,13.4,0,11291,Chennai,13.08,80.27,29.2,0.9,6,1,0.43,Tropical_Wet_Dry,81.1,0.0,13.4,7.4,3.6,0,0.436,0.375,168.0,0.497,83.5,0,108.77,57.7,62.6,0,4.5,0,11082
2023-01-03,South_Zone,Winter,21.5,0,12238,Chennai,13.08,80.27,29.2,0.9,6,1,0.43,Tropical_Wet_Dry,68.7,8.1,21.5,6.0,5.1,0,0.266,0.367,190.0,0.499,77.9,0,107.12,54.1,74.5,0,4.5,0,12306
2023-01-04,South_Zone,Winter,9.4,0,10987,Chennai,13.08,80.27,29.2,0.9,6,1,0.43,Tropical_Wet_Dry,79.1,0.0,9.4,8.0,3.1,0,0.273,0.467,161.0,0.548,83.9,0,107.29,51.5,81.4,0,4.5,0,11559
2023-01-05,South_Zone,Winter,13.0,0,10986,Chennai,13.08,80.27,29.2,0.9,6,1,0.43,Tropical_Wet_Dry,76.8,0.0,13.0,6.3,3.4,0,0.279,0.446,148.0,0.55,74.2,0,108.88,54.1,73.7,0,4.5,0,11438
2023-01-06,South_Zone,Winter,12.7,0,10956,Chennai,13.08,80.27,29.2,0.9,6,1,0.43,Tropical_Wet_Dry,84.9,1.8,12.7,5.1,3.6,0,0.308,0.398,171.0,0.495,82.3,0,108.48,63.6,71.8,0,4.5,0,11194
2023-01-07,South_Zone,Winter,19.8,0,13590,Chennai,13.08,80.27,29.2,0.9,6,1,0.43,Tropical_Wet_Dry,80.1,0.0,19.8,2.5,4.0,0,0.377,0.433,130.0,0.5,78.0,0,108.85,51.9,71.0,0,4.5,0,13832
2023-01-08,South_Zone,Winter,17.6,0,11263,Chennai,13.08,80.27,29.2,0.9,6,1,0.43,Tropical_Wet_Dry,78.8,0.0,17.6,6.7,3.4,0,0.153,0.352,177.0,0.51,81.8,0,107.38,54.5,68.6,0,4.5,0,11304
2023-01-09,South_Zone,Winter,11.5,0,8615,Chennai,13.08,80.27,29.2,0.9,6,1,0.43,Tropical_Wet_Dry,74.3,0.0,11.5,6.3,2.7,0,0.387,0.375,136.0,0.468,85.9,0,107.56,53.8,72.7,0,4.5,0,8683
2023-01-10,South_Zone,Winter,12.6,0,11908,Chennai,13.08,80.27,29.2,0.9,6,1,0.43,Tropical_Wet_Dry,78.9,2.5,12.6,3.0,3.8,0,0.307,0.342,189.0,0.536,75.0,0,108.81,64.2,66.2,0,4.5,0,12266
2023-01-11,South_Zone,Winter,16.6,0,11960,Chennai,13.08,80.27,29.2,0.9,6,1,0.43,Tropical_Wet_Dry,74.3,0.0,16.6,7.7,2.4,0,0.355,0.429,137.0,0.521,82.8,0,107.69,50.0,74.5,0,4.5,0,12249
2023-01-12,South_Zone,Winter,14.9,0,11182,Chennai,13.08,80.27,29.2,0.9,6,1,0.43,Tropical_Wet_Dry,83.4,0.0,14.9,9.8,4.0,0,0.539,0.429,162.0,0.492,82.5,0,106.89,52.5,77.8,0,4.5,0,11113
2023-01-13,South_Zone,Winter,15.6,0,12516,Chennai,13.08,80.27,29.2,0.9,6,1,0.43,Tropical_Wet_Dry,84.5,0.0,15.6,4.0,3.3,0,0.249,0.361,122.0,0.475,82.0,0,107.78,56.2,70.1,0,4.5,0,12468
2023-01-14,South_Zone,Winter,10.2,0,10777,Chennai,13.08,80.27,29.2,0.9,6,1,0.43,Tropical_Wet_Dry,87.2,0.0,10.2,3.8,3.3,0,0.178,0.445,146.0,0.541,77.1,0,108.27,56.8,74.2,0,4.5,0,10988
2023-01-15,South_Zone,Winter,17.8,0,12117,Chennai,13.08,80.27,29.2,0.9,6,1,0.43,Tropical_Wet_Dry,73.5,0.0,17.8,3.7,3.3,0,0.319,0.483,131.0,0.549,79.7,0,110.21,61.4,71.9,0,4.5,0,12511
2023-01-16,South_Zone,Winter,17.1,0,14527,Chennai,13.08,80.27,29.2,0.9,6,1,0.43,Tropical_Wet_Dry,64.0,0.0,17.1,1.0,4.5,0,0.335,0.358,124.0,0.486,77.1,0,107.71,60.0,74.2,0,4.5,0,14741
2023-01-17,South_Zone,Winter,14.7,0,11986,Chennai,13.08,80.27,29.2,0.9,6,1,0.43,Tropical_Wet_Dry,70.3,0.0,14.7,12.0,3.6,0,0.387,0.4,172.0,0.517,81.3,0,108.52,53.4,76.8,0,4.5,0,12137
2023-01-18,South_Zone,Winter,12.8,0,11341,Chennai,13.08,80.27,29.2,0.9,6,1,0.43,Tropical_Wet_Dry,87.4,0.0,12.8,4.7,3.2,0,0.246,0.451,128.0,0.499,76.1,0,110.65,58.4,74.3,0,4.5,0,11802
2023-01-19,South_Zone,Winter,16.4,0,12251,Chennai,13.08,80.27,29.2,0.9,6,1,0.43,Tropical_Wet_Dry,76.2,0.0,16.4,3.4,3.4,0,0.217,0.42,137.0,0.517,78.7,0,107.55,55.2,76.6,0,4.5,0,12226
2023-01-20,South_Zone,Winter,11.9,0,11150,Chennai,13.08,80.27,29.2,0.9,6,1,0.43,Tropical_Wet_Dry,77.1,0.0,11.9,2.6,3.3,0,0.147,0.338,135.0,0.549,81.9,0,109.34,54.8,74.9,0,4.5,0,11342
2023-01-21,South_Zone,Winter,19.4,0,13205,Chennai,13.08,80.27,29.2,0.9,6,1,0.43,Tropical_Wet_Dry,84.6,0.0,19.4,4.8,5.2,0,0.163,0.394,171.0,0.582,77.8,0,108.0,60.1,76.6,0,4.5,0,13836
2023-01-22,South_Zone,Winter,17.9,0,12281,Chennai,13.08,80.27,29.2,0.9,6,1,0.43,Tropical_Wet_Dry,83.6,0.3,17.9,3.9,2.9,0,0.258,0.392,168.0,0.512,78.8,0,109.14,57.5,73.8,0,4.5,0,12707
2023-01-23,South_Zone,Winter,17.2,0,12535,Chennai,13.08,80.27,29.2,0.9,6,1,0.43,Tropical_Wet_Dry,77.8,0.0,17.2,10.3,4.3,0,0.288,0.41,173.0,0.535,77.3,0,111.11,63.7,73.9,0,4.5,0,12901
2023-01-24,South_Zone,Winter,12.1,0,11291,Chennai,13.08,80.27,29.2,0.9,6,1,0.43,Tropical_Wet_Dry,79.3,0.0,12.1,2.3,3.7,0,0.507,0.412,136.0,0.535,80.8,0,109.59,58.6,75.7,0,4.5,0,11824
2023-01-25,South_Zone,Winter,12.0,0,10499,Chennai,13.08,80.27,29.2,0.9,6,1,0.43,Tropical_Wet_Dry,80.1,0.0,12.0,1.4,4.3,0,0.131,0.514,174.0,0.497,79.6,0,108.99,60.2,71.9,0,4.5,0,10859
2023-01-26,South_Zone,Winter,15.6,0,12129,Chennai,13.08,80.27,29.2,0.9,6,1,0.43,Tropical_Wet_Dry,79.8,4.2,15.6,7.7,3.9,0,0.334,0.407,136.0,0.487,77.8,0,107.91,45.2,74.5,0,4.5,0,12420
2023-01-27,South_Zone,Winter,11.4,0,11701,Chennai,13.08,80.27,29.2,0.9,6,1,0.43,Tropical_Wet_Dry,89.2,4.1,11.4,5.7,3.3,0,0.227,0.317,136.0,0.43,78.1,0,108.72,56.7,67.8,0,4.5,0,11881
2023-01-28,South_Zone,Winter,16.7,0,11615,Chennai,13.08,80.27,29.2,0.9,6,1,0.43,Tropical_Wet_Dry,80.1,0.5,16.7,5.3,4.2,0,0.322,0.425,137.0,0.54,80.5,0,108.36,57.9,63.2,0,4.5,0,11944
2023-01-29,South_Zone,Winter,10.4,0,10480,Chennai,13.08,80.27,29.2,0.9,6,1,0.43,Tropical_Wet_Dry,85.4,0.0,10.4,7.7,3.4,0,0.245,0.525,138.0,0.61,76.8,0,107.51,58.0,72.7,0,4.5,0,11152
2023-01-30,South_Zone,Winter,13.7,0,11506,Chennai,13.08,80.27,29.2,0.9,6,1,0.43,Tropical_Wet_Dry,85.6,2.9,13.7,6.4,3.9,0,0.404,0.41,148.0,0.554,79.9,0,106.86,61.8,68.3,0,4.5,0,11741
2023-01-31,South_Zone,Winter,13.9,0,9871,Chennai,13.08,80.27,29.2,0.9,6,1,0.43,Tropical_Wet_Dry,73.8,0.5,13.9,5.9,4.3,0,0.403,0.394,135.0,0.52,80.1,0,108.19,58.6,81.9,0,4.5,0,10155
2023-02-01,South_Zone,Winter,13.8,0,11214,Chennai,13.08,80.27,29.2,0.9,6,1,0.43,Tropical_Wet_Dry,83.5,0.0,13.8,1.8,3.5,0,0.289,0.402,154.0,0.518,80.5,0,109.02,51.6,68.2,0,4.5,0,11506
2023-02-02,South_Zone,Winter,16.9,0,11666,Chennai,13.08,80.27,29.2,0.9,6,1,0.43,Tropical_Wet_Dry,76.4,0.0,16.9,1.0,3.3,0,0.444,0.455,103.0,0.523,78.4,0,110.2,59.1,76.1,0,4.5,0,12079
2023-02-03,South_Zone,Winter,20.0,0,11479,Chennai,13.08,80.27,29.2,0.9,6,1,0.43,Tropical_Wet_Dry,63.4,0.0,20.0,3.9,3.4,0,0.376,0.401,154.0,0.552,81.8,0,108.37,59.6,68.7,0,4.5,0,12112
2023-02-04,South_Zone,Winter,18.9,0,12553,Chennai,13.08,80.27,29.2,0.9,6,1,0.43,Tropical_Wet_Dry,66.0,0.0,18.9,2.7,4.0,0,0.439,0.329,130.0,0.509,82.9,0,109.33,54.2,72.1,0,4.5,0,12918
2023-02-05,South_Zone,Winter,17.6,0,12458,Chennai,13.08,80.27,29.2,0.9,6,1,0.43,Tropical_Wet_Dry,72.3,1.1,17.6,6.8,3.1,0,0.296,0.38,138.0,0.517,81.9,0,107.46,54.2,66.6,0,4.5,0,12543
2023-02-06,South_Zone,Winter,18.4,0,12294,Chennai,13.08,80.27,29.2,0.9,6,1,0.43,Tropical_Wet_Dry,79.6,0.0,18.4,1.0,3.5,0,0.395,0.416,138.0,0.491,80.6,0,108.39,59.4,66.2,0,4.5,0,12235
2023-02-07,South_Zone,Winter,11.7,0,12062,Chennai,13.08,80.27,29.2,0.9,6,1,0.43,Tropical_Wet_Dry,81.5,0.0,11.7,4.7,2.8,0,0.223,0.452,167.0,0.551,75.7,0,106.77,55.6,73.6,0,4.5,0,12730
2023-02-08,South_Zone,Winter,14.7,0,11842,Chennai,13.08,80.27,29.2,0.9,6,1,0.43,Tropical_Wet_Dry,80.1,0.0,14.7,5.5,3.8,0,0.213,0.385,159.0,0.512,85.0,0,111.48,61.8,70.2,0,4.5,0,12088
2023-02-09,South_Zone,Winter,18.7,0,11850,Chennai,13.08,80.27,29.2,0.9,6,1,0.43,Tropical_Wet_Dry,86.5,0.0,18.7,5.9,3.2,0,0.518,0.402,147.0,0.532,80.2,0,109.47,57.4,75.9,0,4.5,0,12285
2023-02-10,South_Zone,Winter,16.8,0,11724,Chennai,13.08,80.27,29.2,0.9,6,1,0.43,Tropical_Wet_Dry,71.6,0.0,16.8,7.2,2.8,0,0.191,0.423,137.0,0.556,80.9,0,109.46,47.9,78.5,0,4.5,0,12166
2023-02-11,South_Zone,Winter,14.6,0,11708,Chennai,13.08,80.27,29.2,0.9,6,1,0.43,Tropical_Wet_Dry,79.1,0.0,14.6,5.0,2.8,0,0.256,0.373,164.0,0.464,77.9,0,109.86,57.1,64.2,0,4.5,0,12000
2023-02-12,South_Zone,Winter,10.5,0,10001,Chennai,13.08,80.27,29.2,0.9,6,1,0.43,Tropical_Wet_Dry,83.2,0.0,10.5,4.0,2.9,0,0.11,0.414,182.0,0.515,79.4,0,111.88,56.1,77.5,0,4.5,0,10268
2023-02-13,South_Zone,Winter,19.1,0,13472,Chennai,13.08,80.27,29.2,0.9,6,1,0.43,Tropical_Wet_Dry,72.9,0.0,19.1,9.7,3.4,0,0.215,0.448,149.0,0.519,83.5,0,108.94,58.9,67.2,0,4.5,0,13834
2023-02-14,South_Zone,Winter,14.8,0,11897,Chennai,13.08,80.27,29.2,0.9,6,1,0.43,Tropical_Wet_Dry,79.3,0.0,14.8,5.0,3.6,0,0.201,0.349,121.0,0.491,82.3,0,108.42,58.0,70.3,0,4.5,0,12003
2023-02-15,South_Zone,Winter,14.1,0,12614,Chennai,13.08,80.27,29.2,0.9,6,1,0.43,Tropical_Wet_Dry,71.5,0.0,14.1,10.3,3.4,0,0.233,0.438,137.0,0.496,79.1,0,111.42,53.7,65.0,0,4.5,0,13450
2023-02-16,South_Zone,Winter,14.4,0,11785,Chennai,13.08,80.27,29.2,0.9,6,1,0.43,Tropical_Wet_Dry,86.4,0.0,14.4,5.0,3.7,0,0.33,0.355,160.0,0.487,84.6,0,108.22,57.0,65.1,0,4.5,0,11799
2023-02-17,South_Zone,Winter,18.4,0,11987,Chennai,13.08,80.27,29.2,0.9,6,1,0.43,Tropical_Wet_Dry,73.6,0.0,18.4,6.0,3.9,0,0.354,0.356,142.0,0.476,77.0,0,110.77,59.3,62.3,0,4.5,0,12244
2023-02-18,South_Zone,Winter,19.7,0,11694,Chennai,13.08,80.27,29.2,0.9,6,1,0.43,Tropical_Wet_Dry,86.3,0.0,19.7,5.6,4.2,0,0.199,0.38,135.0,0.54,75.0,0,109.42,58.4,70.0,0,4.5,0,12515
2023-02-19,South_Zone,Winter,19.9,0,12674,Chennai,13.08,80.27,29.2,0.9,6,1,0.43,Tropical_Wet_Dry,75.9,0.0,19.9,6.7,2.6,0,0.221,0.502,134.0,0.557,74.2,0,109.95,60.8,72.3,0,4.5,0,13382
2023-02-20,South_Zone,Winter,14.3,0,10055,Chennai,13.08,80.27,29.2,0.9,6,1,0.43,Tropical_Wet_Dry,84.6,0.0,14.3,4.7,2.8,0,0.408,0.317,152.0,0.508,82.4,0,108.1,52.0,70.1,0,4.5,0,10220
2023-02-21,South_Zone,Winter,13.6,0,10577,Chennai,13.08,80.27,29.2,0.9,6,1,0.43,Tropical_Wet_Dry,79.6,5.5,13.6,6.3,3.8,0,0.471,0.392,122.0,0.46,77.9,0,112.15,57.1,63.0,0,4.5,0,10772
2023-02-22,South_Zone,Winter,13.2,0,11184,Chennai,13.08,80.27,29.2,0.9,6,1,0.43,Tropical_Wet_Dry,79.9,0.0,13.2,10.6,3.5,0,0.426,0.418,149.0,0.583,79.6,0,109.2,47.7,62.2,0,4.5,0,11350
2023-02-23,South_Zone,Winter,17.9,0,12634,Chennai,13.08,80.27,29.2,0.9,6,1,0.43,Tropical_Wet_Dry,74.3,0.0,17.9,9.1,4.2,0,0.135,0.49,152.0,0.53,83.3,0,108.9,61.2,72.1,0,4.5,0,13378
2023-02-24,South_Zone,Winter,15.9,0,11104,Chennai,13.08,80.27,29.2,0.9,6,1,0.43,Tropical_Wet_Dry,79.1,0.0,15.9,9.2,2.6,0,0.419,0.537,142.0,0.607,81.0,0,110.17,57.5,75.9,0,4.5,0,11624
2023-02-25,South_Zone,Winter,12.4,0,12528,Chennai,13.08,80.27,29.2,0.9,6,1,0.43,Tropical_Wet_Dry,82.1,0.0,12.4,2.0,3.1,0,0.485,0.395,131.0,0.541,76.4,0,109.0,56.2,73.2,0,4.5,0,12882
2023-02-26,South_Zone,Winter,12.8,0,12523,Chennai,13.08,80.27,29.2,0.9,6,1,0.43,Tropical_Wet_Dry,76.4,0.0,12.8,2.5,3.2,0,0.13,0.452,168.0,0.526,84.9,0,110.09,56.5,81.3,0,4.5,0,12844
2023-02-27,South_Zone,Winter,14.3,0,11569,Chennai,13.08,80.27,29.2,0.9,6,1,0.43,Tropical_Wet_Dry,78.8,2.6,14.3,6.7,3.6,0,0.408,0.414,126.0,0.585,79.1,0,108.42,58.3,71.8,0,4.5,0,11906
2023-02-28,South_Zone,Winter,18.2,0,13570,Chennai,13.08,80.27,29.2,0.9,6,1,0.43,Tropical_Wet_Dry,74.0,0.0,18.2,8.3,3.7,0,0.323,0.414,153.0,0.541,79.8,0,109.85,61.1,73.6,0,4.5,0,14021
2023-03-01,South_Zone,Summer,34.6,1,19828,Chennai,13.08,80.27,29.2,0.9,6,1,0.43,Tropical_Wet_Dry,54.7,0.0,41.6,4.4,9.8,0,0.267,0.636,108.0,0.572,77.9,0,109.11,55.5,56.9,0,4.5,0,20856
2023-03-02,South_Zone,Summer,35.3,0,14645,Chennai,13.08,80.27,29.2,0.9,6,1,0.43,Tropical_Wet_Dry,42.4,0.0,38.6,3.9,9.4,0,0.311,0.525,98.0,0.54,76.7,0,108.95,58.2,41.1,0,4.5,1,14866
2023-03-03,South_Zone,Summer,37.5,0,18679,Chennai,13.08,80.27,29.2,0.9,6,1,0.43,Tropical_Wet_Dry,49.2,0.0,46.7,10.2,10.4,0,0.344,0.617,117.0,0.605,80.7,0,108.81,58.1,44.2,0,4.5,0,19496
2023-03-04,South_Zone,Summer,34.5,0,17503,Chennai,13.08,80.27,29.2,0.9,6,1,0.43,Tropical_Wet_Dry,42.3,0.8,37.0,8.1,10.5,0,0.416,0.647,75.0,0.566,75.7,0,110.65,48.5,49.2,0,4.5,1,17425
2023-03-05,South_Zone,Summer,36.6,0,17062,Chennai,13.08,80.27,29.2,0.9,6,1,0.43,Tropical_Wet_Dry,43.3,0.0,41.7,9.2,8.9,0,0.411,0.568,81.0,0.551,79.8,0,109.43,53.9,49.4,0,4.5,1,17813
2023-03-06,South_Zone,Summer,31.9,0,15956,Chennai,13.08,80.27,29.2,0.9,6,1,0.43,Tropical_Wet_Dry,38.3,0.0,31.8,4.7,9.4,0,0.149,0.647,87.0,0.564,84.8,0,109.62,58.6,46.8,0,4.5,0,16058
2023-03-07,South_Zone,Summer,39.0,0,17566,Chennai,13.08,80.27,29.2,0.9,6,1,0.43,Tropical_Wet_Dry,38.4,0.0,44.9,4.4,10.2,0,0.235,0.516,154.0,0.526,82.3,0,110.24,62.0,52.9,0,4.5,0,18131
2023-03-08,South_Zone,Summer,35.9,0,17983,Chennai,13.08,80.27,29.2,0.9,6,1,0.43,Tropical_Wet_Dry,43.5,0.0,40.2,8.8,9.9,0,0.309,0.626,104.0,0.556,80.6,0,110.97,62.8,47.3,0,4.5,1,17612
2023-03-09,South_Zone,Summer,35.1,0,17146,Chennai,13.08,80.27,29.2,0.9,6,1,0.43,Tropical_Wet_Dry,50.9,0.0,41.3,5.2,9.3,0,0.457,0.701,108.0,0.648,76.7,0,108.92,51.7,46.6,0,4.5,0,17839
2023-03-10,South_Zone,Summer,39.6,0,17817,Chennai,13.08,80.27,29.2,0.9,6,1,0.43,Tropical_Wet_Dry,41.3,0.0,48.0,4.2,9.9,0,0.027,0.607,107.0,0.602,79.8,0,110.08,61.0,52.5,0,4.5,0,18697
2023-03-11,South_Zone,Summer,33.8,0,16255,Chennai,13.08,80.27,29.2,0.9,6,1,0.43,Tropical_Wet_Dry,50.6,2.5,38.2,3.3,8.5,0,0.239,0.561,96.0,0.567,77.6,0,108.96,60.7,41.4,0,4.5,0,16319
2023-03-12,South_Zone,Summer,34.4,0,17803,Chennai,13.08,80.27,29.2,0.9,6,1,0.43,Tropical_Wet_Dry,46.6,0.0,38.1,4.5,9.5,0,0.147,0.534,114.0,0.537,84.3,0,109.67,58.5,52.1,0,4.5,0,18192
2023-03-13,South_Zone,Summer,33.1,0,15492,Chennai,13.08,80.27,29.2,0.9,6,1,0.43,Tropical_Wet_Dry,52.3,0.0,37.2,8.6,8.5,0,0.163,0.643,61.0,0.564,78.6,0,110.96,49.3,40.1,0,4.5,1,16074
2023-03-14,South_Zone,Summer,29.7,0,15371,Chennai,13.08,80.27,29.2,0.9,6,1,0.43,Tropical_Wet_Dry,45.9,0.0,30.0,1.5,9.5,0,0.399,0.676,100.0,0.578,77.6,0,107.56,53.9,43.7,0,4.5,0,15926
2023-03-15,South_Zone,Summer,42.3,1,21789,Chennai,13.08,80.27,29.2,0.9,6,1,0.43,Tropical_Wet_Dry,50.6,0.0,63.3,7.9,9.2,0,0.247,0.617,103.0,0.628,79.3,0,108.99,57.0,47.8,0,4.5,0,21980
2023-03-16,South_Zone,Summer,31.1,0,16563,Chennai,13.08,80.27,29.2,0.9,6,1,0.43,Tropical_Wet_Dry,42.9,0.0,31.5,3.9,9.4,0,0.067,0.592,113.0,0.577,77.7,0,109.69,55.9,46.3,0,4.5,1,17232
2023-03-17,South_Zone,Summer,33.1,0,16558,Chennai,13.08,80.27,29.2,0.9,6,1,0.43,Tropical_Wet_Dry,40.3,0.0,34.0,5.4,9.6,0,0.284,0.504,74.0,0.568,80.7,0,110.31,48.4,51.6,0,4.5,0,17387
2023-03-18,South_Zone,Summer,29.8,0,16988,Chennai,13.08,80.27,29.2,0.9,6,1,0.43,Tropical_Wet_Dry,40.1,0.0,29.5,5.6,9.3,0,0.504,0.627,76.0,0.583,85.5,0,111.16,56.4,40.3,0,4.5,1,17733
2023-03-19,South_Zone,Summer,36.6,0,17356,Chennai,13.08,80.27,29.2,0.9,6,1,0.43,Tropical_Wet_Dry,53.7,0.0,46.6,5.3,9.2,0,0.119,0.579,77.0,0.538,80.0,0,108.25,52.6,43.6,0,4.5,1,17292
2023-03-20,South_Zone,Summer,28.2,0,17152,Chennai,13.08,80.27,29.2,0.9,6,1,0.43,Tropical_Wet_Dry,51.2,0.0,28.8,5.1,9.0,0,0.353,0.582,104.0,0.569,77.2,0,111.37,59.9,43.9,0,4.5,0,17278
2023-03-21,South_Zone,Summer,39.4,0,16594,Chennai,13.08,80.27,29.2,0.9,6,1,0.43,Tropical_Wet_Dry,38.7,0.0,46.1,4.7,10.4,0,0.457,0.717,105.0,0.567,79.5,0,110.48,59.1,43.9,0,4.5,0,17121
2023-03-22,South_Zone,Summer,35.0,0,17209,Chennai,13.08,80.27,29.2,0.9,6,1,0.43,Tropical_Wet_Dry,49.2,0.0,40.4,4.3,9.2,0,0.295,0.512,78.0,0.584,76.2,0,109.73,59.0,39.8,0,4.5,0,17633
2023-03-23,South_Zone,Summer,36.0,0,16121,Chennai,13.08,80.27,29.2,0.9,6,1,0.43,Tropical_Wet_Dry,45.8,0.0,41.4,10.0,9.6,0,0.493,0.52,129.0,0.528,88.6,0,108.51,54.9,45.2,0,4.5,0,16528
2023-03-24,South_Zone,Summer,32.3,1,18316,Chennai,13.08,80.27,29.2,0.9,6,1,0.43,Tropical_Wet_Dry,54.5,0.0,36.1,6.1,9.0,0,0.234,0.634,100.0,0.561,85.4,0,109.41,56.8,64.9,0,4.5,0,18831
2023-03-25,South_Zone,Summer,35.4,0,16359,Chennai,13.08,80.27,29.2,0.9,6,1,0.43,Tropical_Wet_Dry,35.0,0.0,36.5,5.6,10.1,0,0.445,0.597,97.0,0.594,83.7,0,111.01,57.1,42.5,0,4.5,0,16770
2023-03-26,South_Zone,Summer,34.2,0,15606,Chennai,13.08,80.27,29.2,0.9,6,1,0.43,Tropical_Wet_Dry,42.2,0.0,36.4,4.1,9.5,0,0.421,0.589,91.0,0.546,82.3,0,110.01,60.7,46.2,0,4.5,1,15745
2023-03-27,South_Zone,Summer,31.6,0,14992,Chennai,13.08,80.27,29.2,0.9,6,1,0.43,Tropical_Wet_Dry,42.7,0.0,32.2,4.8,8.9,0,0.297,0.636,112.0,0.572,79.5,0,109.81,54.8,46.1,0,4.5,1,15166
2023-03-28,South_Zone,Summer,34.4,0,16934,Chennai,13.08,80.27,29.2,0.9,6,1,0.43,Tropical_Wet_Dry,33.5,0.0,34.5,4.1,9.5,0,0.151,0.635,102.0,0.5,79.6,0,109.02,53.6,43.0,0,4.5,1,17284
2023-03-29,South_Zone,Summer,35.2,0,17242,Chennai,13.08,80.27,29.2,0.9,6,1,0.43,Tropical_Wet_Dry,48.2,0.0,40.4,8.3,9.4,0,0.2,0.562,129.0,0.551,79.3,0,110.73,61.1,46.4,0,4.5,0,17596
2023-03-30,South_Zone,Summer,33.6,0,15096,Chennai,13.08,80.27,29.2,0.9,6,1,0.43,Tropical_Wet_Dry,42.5,0.0,35.4,3.7,10.3,0,0.066,0.584,73.0,0.584,87.1,0,109.85,60.2,43.1,0,4.5,0,15548
2023-03-31,South_Zone,Summer,36.3,0,15631,Chennai,13.08,80.27,29.2,0.9,6,1,0.43,Tropical_Wet_Dry,45.9,0.0,42.1,1.0,9.5,0,0.359,0.623,67.0,0.557,79.4,0,109.76,58.8,47.1,0,4.5,1,15888
2023-04-01,South_Zone,Summer,30.3,0,15305,Chennai,13.08,80.27,29.2,0.9,6,1,0.43,Tropical_Wet_Dry,57.6,0.6,32.9,6.2,8.4,0,0.347,0.63,82.0,0.594,78.3,0,109.9,63.3,44.6,0,4.5,1,15896
2023-04-02,South_Zone,Summer,45.0,0,19229,Chennai,13.08,80.27,29.2,0.9,6,1,0.43,Tropical_Wet_Dry,35.2,0.0,58.5,5.2,10.3,1,0.308,0.649,105.0,0.582,79.7,0,109.35,65.1,38.0,0,4.5,0,20280
2023-04-03,South_Zone,Summer,36.0,0,15777,Chennai,13.08,80.27,29.2,0.9,6,1,0.43,Tropical_Wet_Dry,40.3,0.0,39.2,4.2,10.6,0,0.288,0.585,87.0,0.599,81.6,0,109.18,61.6,36.0,0,4.5,1,15951
2023-04-04,South_Zone,Summer,35.6,0,18445,Chennai,13.08,80.27,29.2,0.9,6,1,0.43,Tropical_Wet_Dry,43.2,0.0,39.5,8.7,10.2,0,0.436,0.641,118.0,0.558,69.6,0,108.48,53.4,34.3,0,4.5,1,18392
2023-04-05,South_Zone,Summer,40.1,0,17548,Chennai,13.08,80.27,29.2,0.9,6,1,0.43,Tropical_Wet_Dry,44.9,0.0,51.6,1.0,9.1,0,0.33,0.677,88.0,0.582,81.2,0,109.38,60.1,42.9,0,4.5,0,18108
2023-04-06,South_Zone,Summer,33.4,0,15448,Chennai,13.08,80.27,29.2,0.9,6,1,0.43,Tropical_Wet_Dry,41.1,0.0,34.7,10.7,9.3,0,0.245,0.623,114.0,0.532,72.4,0,108.19,56.7,49.2,0,4.5,0,16209
2023-04-07,South_Zone,Summer,31.6,0,14370,Chennai,13.08,80.27,29.2,0.9,6,1,0.43,Tropical_Wet_Dry,41.9,0.0,32.0,9.2,9.3,0,0.315,0.614,80.0,0.571,84.4,0,110.48,54.9,41.3,0,4.5,1,14777
2023-04-08,South_Zone,Summer,34.7,0,17873,Chennai,13.08,80.27,29.2,0.9,6,1,0.43,Tropical_Wet_Dry,48.5,0.0,39.4,4.1,9.5,0,0.505,0.606,116.0,0.559,74.8,0,109.32,53.8,43.8,0,4.5,1,18221
2023-04-09,South_Zone,Summer,36.4,0,18198,Chennai,13.08,80.27,29.2,0.9,6,1,0.43,Tropical_Wet_Dry,44.1,2.8,41.5,4.6,9.8,0,0.362,0.583,120.0,0.595,77.6,0,109.59,57.9,41.7,0,4.5,1,18556
2023-04-10,South_Zone,Summer,39.3,0,17385,Chennai,13.08,80.27,29.2,0.9,6,1,0.43,Tropical_Wet_Dry,30.2,0.8,41.9,7.5,9.5,0,0.261,0.564,85.0,0.542,74.2,0,109.94,60.2,40.8,0,4.5,0,17491
2023-04-11,South_Zone,Summer,32.0,0,15413,Chennai,13.08,80.27,29.2,0.9,6,1,0.43,Tropical_Wet_Dry,38.7,0.0,32.0,7.6,8.8,0,0.296,0.602,104.0,0.558,85.4,0,109.17,62.2,56.0,0,4.5,0,16146
2023-04-12,South_Zone,Summer,28.1,0,15058,Chennai,13.08,80.27,29.2,0.9,6,1,0.43,Tropical_Wet_Dry,54.6,0.0,29.0,4.1,9.7,0,0.346,0.647,100.0,0.561,80.0,0,108.79,59.2,41.0,0,4.5,0,15464
2023-04-13,South_Zone,Summer,23.4,0,14318,Chennai,13.08,80.27,29.2,0.9,6,1,0.43,Tropical_Wet_Dry,52.0,0.0,23.4,1.1,8.2,0,0.258,0.567,104.0,0.563,86.7,0,110.18,59.4,38.2,0,4.5,1,14180
2023-04-14,South_Zone,Summer,35.3,0,17199,Chennai,13.08,80.27,29.2,0.9,6,1,0.43,Tropical_Wet_Dry,39.0,0.0,37.5,12.3,9.0,0,0.249,0.615,118.0,0.633,86.0,0,111.84,56.9,40.5,0,4.5,1,18034
2023-04-15,South_Zone,Summer,39.2,0,17966,Chennai,13.08,80.27,29.2,0.9,6,1,0.43,Tropical_Wet_Dry,39.6,0.0,46.1,8.9,9.0,0,0.299,0.609,113.0,0.467,83.7,0,110.85,58.2,45.4,0,4.5,0,17973
2023-04-16,South_Zone,Summer,41.5,0,18879,Chennai,13.08,80.27,29.2,0.9,6,1,0.43,Tropical_Wet_Dry,39.2,0.0,51.7,6.5,10.2,0,0.452,0.727,104.0,0.6,75.8,0,111.22,51.5,42.1,0,4.5,1,19346
2023-04-17,South_Zone,Summer,32.0,0,15802,Chennai,13.08,80.27,29.2,0.9,6,1,0.43,Tropical_Wet_Dry,48.5,0.0,34.0,6.5,9.4,0,0.379,0.663,107.0,0.621,80.5,0,108.63,58.7,46.4,0,4.5,1,16424
2023-04-18,South_Zone,Summer,26.0,0,13766,Chennai,13.08,80.27,29.2,0.9,6,1,0.43,Tropical_Wet_Dry,41.6,0.0,26.0,7.9,9.6,0,0.259,0.662,72.0,0.57,84.1,0,109.73,58.6,41.3,0,4.5,1,13975
2023-04-19,South_Zone,Summer,33.5,0,16806,Chennai,13.08,80.27,29.2,0.9,6,1,0.43,Tropical_Wet_Dry,39.7,0.0,34.5,8.2,9.0,0,0.387,0.675,94.0,0.605,81.2,0,109.71,64.5,42.1,0,4.5,0,17893
2023-04-20,South_Zone,Summer,32.0,0,15002,Chennai,13.08,80.27,29.2,0.9,6,1,0.43,Tropical_Wet_Dry,46.2,0.0,33.5,1.0,8.6,0,0.301,0.587,75.0,0.602,78.9,0,111.33,57.4,41.5,0,4.5,1,15341
2023-04-21,South_Zone,Summer,27.4,0,14385,Chennai,13.08,80.27,29.2,0.9,6,1,0.43,Tropical_Wet_Dry,47.1,0.0,27.6,4.9,8.9,0,0.334,0.703,95.0,0.587,81.1,0,110.8,62.1,44.5,0,4.5,1,15004
2023-04-22,South_Zone,Summer,42.8,0,18917,Chennai,13.08,80.27,29.2,0.9,6,1,0.43,Tropical_Wet_Dry,41.2,2.4,56.9,4.6,9.8,0,0.325,0.63,115.0,0.558,81.3,0,109.71,55.0,48.6,0,4.5,1,18976
2023-04-23,South_Zone,Summer,38.8,0,16969,Chennai,13.08,80.27,29.2,0.9,6,1,0.43,Tropical_Wet_Dry,34.6,0.0,42.7,5.5,9.8,0,0.089,0.617,95.0,0.602,75.6,0,107.57,62.8,49.1,0,4.5,1,17293
2023-04-24,South_Zone,Summer,28.7,0,14199,Chennai,13.08,80.27,29.2,0.9,6,1,0.43,Tropical_Wet_Dry,48.6,0.0,29.1,8.3,8.2,0,-0.005,0.547,50.0,0.572,78.3,0,108.69,62.3,52.0,0,4.5,0,14523
2023-04-25,South_Zone,Summer,34.6,0,15057,Chennai,13.08,80.27,29.2,0.9,6,1,0.43,Tropical_Wet_Dry,48.7,0.0,39.3,1.0,9.8,0,0.323,0.596,76.0,0.567,82.0,0,110.47,61.7,38.4,0,4.5,1,15568
2023-04-26,South_Zone,Summer,31.0,0,15274,Chennai,13.08,80.27,29.2,0.9,6,1,0.43,Tropical_Wet_Dry,47.8,0.0,32.2,2.0,8.8,0,0.215,0.514,105.0,0.567,82.6,0,109.5,57.0,39.8,0,4.5,0,15230
2023-04-27,South_Zone,Summer,29.7,0,13730,Chennai,13.08,80.27,29.2,0.9,6,1,0.43,Tropical_Wet_Dry,46.9,0.0,30.2,4.0,8.8,0,0.136,0.605,85.0,0.6,80.7,0,109.7,56.0,40.4,0,4.5,1,14309
2023-04-28,South_Zone,Summer,36.2,0,17076,Chennai,13.08,80.27,29.2,0.9,6,1,0.43,Tropical_Wet_Dry,41.8,0.0,40.2,6.5,10.3,0,0.218,0.585,109.0,0.565,78.8,0,110.41,55.7,45.0,0,4.5,0,17505
2023-04-29,South_Zone,Summer,38.1,0,16640,Chennai,13.08,80.27,29.2,0.9,6,1,0.43,Tropical_Wet_Dry,37.0,0.0,42.3,8.5,8.3,0,0.392,0.596,73.0,0.578,79.4,0,110.91,53.5,39.6,0,4.5,0,17085
2023-04-30,South_Zone,Summer,38.0,0,18733,Chennai,13.08,80.27,29.2,0.9,6,1,0.43,Tropical_Wet_Dry,40.8,0.0,43.8,10.9,9.8,0,0.336,0.537,102.0,0.57,77.7,0,108.98,58.5,41.6,0,4.5,1,18818
2023-05-01,South_Zone,Summer,36.0,0,16524,Chennai,13.08,80.27,29.2,0.9,6,1,0.43,Tropical_Wet_Dry,48.7,0.0,42.6,5.1,9.7,0,0.377,0.662,103.0,0.572,79.7,0,110.34,56.1,48.4,1,4.5,0,17636
2023-05-02,South_Zone,Summer,35.6,0,16368,Chennai,13.08,80.27,29.2,0.9,6,1,0.43,Tropical_Wet_Dry,42.0,0.0,39.0,8.5,9.0,0,0.345,0.656,109.0,0.62,82.6,0,111.34,59.1,50.4,1,4.5,1,17292
2023-05-03,South_Zone,Summer,31.7,0,16472,Chennai,13.08,80.27,29.2,0.9,6,1,0.43,Tropical_Wet_Dry,40.5,0.0,31.9,8.1,9.1,0,0.208,0.721,83.0,0.569,87.3,0,111.14,58.1,48.5,1,4.5,0,17997
2023-05-04,South_Zone,Summer,34.4,0,17575,Chennai,13.08,80.27,29.2,0.9,6,1,0.43,Tropical_Wet_Dry,40.9,0.0,36.4,7.6,10.2,0,0.378,0.72,109.0,0.596,76.4,0,109.16,52.4,46.6,1,4.5,0,19271
2023-05-05,South_Zone,Summer,33.2,0,16034,Chennai,13.08,80.27,29.2,0.9,6,1,0.43,Tropical_Wet_Dry,45.1,0.0,35.3,5.9,10.6,0,0.359,0.629,122.0,0.6,83.8,0,109.97,61.2,41.7,1,4.5,1,17191
2023-05-06,South_Zone,Summer,32.7,0,15287,Chennai,13.08,80.27,29.2,0.9,6,1,0.43,Tropical_Wet_Dry,42.5,0.0,33.8,4.8,10.0,0,0.288,0.681,54.0,0.559,81.1,0,110.4,57.5,45.1,1,4.5,1,16114
2023-05-07,South_Zone,Summer,38.3,0,19312,Chennai,13.08,80.27,29.2,0.9,6,1,0.43,Tropical_Wet_Dry,43.4,0.0,45.8,2.8,10.8,0,0.306,0.636,96.0,0.605,75.2,0,109.65,60.3,50.7,1,4.5,1,20806
2023-05-08,South_Zone,Summer,33.5,0,15823,Chennai,13.08,80.27,29.2,0.9,6,1,0.43,Tropical_Wet_Dry,46.5,2.0,36.3,2.6,9.0,0,0.379,0.594,62.0,0.574,79.7,0,109.36,52.1,48.3,1,4.5,1,17140
2023-05-09,South_Zone,Summer,32.0,0,15460,Chennai,13.08,80.27,29.2,0.9,6,1,0.43,Tropical_Wet_Dry,49.2,0.0,34.2,7.0,8.4,0,0.225,0.603,80.0,0.611,79.5,0,107.86,53.1,49.4,1,4.5,1,16759
2023-05-10,South_Zone,Summer,41.6,0,17824,Chennai,13.08,80.27,29.2,0.9,6,1,0.43,Tropical_Wet_Dry,46.2,0.0,57.1,5.8,9.8,0,0.409,0.658,81.0,0.603,80.0,0,108.71,54.9,49.8,1,4.5,0,19539
2023-05-11,South_Zone,Summer,32.7,0,15172,Chennai,13.08,80.27,29.2,0.9,6,1,0.43,Tropical_Wet_Dry,49.4,0.0,35.5,4.8,9.9,0,0.357,0.865,94.0,0.631,83.1,0,108.85,57.5,43.4,1,4.5,0,16236
2023-05-12,South_Zone,Summer,36.2,0,16989,Chennai,13.08,80.27,29.2,0.9,6,1,0.43,Tropical_Wet_Dry,37.6,0.0,38.7,8.0,8.4,0,0.3,0.69,102.0,0.599,85.9,0,108.27,55.9,48.2,1,4.5,0,18316
2023-05-13,South_Zone,Summer,30.5,0,14898,Chennai,13.08,80.27,29.2,0.9,6,1,0.43,Tropical_Wet_Dry,41.2,0.0,30.4,5.4,8.7,0,0.453,0.635,111.0,0.587,83.9,0,109.61,62.3,43.1,1,4.5,1,16027
2023-05-14,South_Zone,Summer,41.1,0,18309,Chennai,13.08,80.27,29.2,0.9,6,1,0.43,Tropical_Wet_Dry,39.0,0.0,50.5,3.3,9.3,0,0.171,0.649,100.0,0.643,80.6,0,110.35,61.3,48.0,1,4.5,1,20163
2023-05-15,South_Zone,Summer,35.4,0,16936,Chennai,13.08,80.27,29.2,0.9,6,1,0.43,Tropical_Wet_Dry,40.5,0.0,38.1,5.2,9.7,0,0.254,0.648,107.0,0.585,81.0,0,109.04,53.7,51.1,1,4.5,0,18192
2023-05-16,South_Zone,Summer,40.6,0,17308,Chennai,13.08,80.27,29.2,0.9,6,1,0.43,Tropical_Wet_Dry,33.9,0.0,46.3,8.5,9.9,0,0.232,0.615,76.0,0.57,86.2,0,107.23,67.7,52.8,1,4.5,1,18816
2023-05-17,South_Zone,Summer,33.4,0,16218,Chennai,13.08,80.27,29.2,0.9,6,1,0.43,Tropical_Wet_Dry,41.8,0.0,34.8,2.9,9.0,0,0.336,0.665,114.0,0.58,76.8,0,109.29,56.4,48.0,1,4.5,0,17300
2023-05-18,South_Zone,Summer,28.1,0,14295,Chennai,13.08,80.27,29.2,0.9,6,1,0.43,Tropical_Wet_Dry,44.8,0.0,28.1,6.6,9.3,0,0.418,0.611,36.0,0.578,83.7,0,109.66,62.0,47.0,1,4.5,1,15462
2023-05-19,South_Zone,Summer,39.2,0,18404,Chennai,13.08,80.27,29.2,0.9,6,1,0.43,Tropical_Wet_Dry,37.1,0.0,44.8,5.8,9.0,0,0.202,0.559,122.0,0.526,76.6,0,109.57,55.7,51.9,1,4.5,1,19647
2023-05-20,South_Zone,Summer,38.7,0,17215,Chennai,13.08,80.27,29.2,0.9,6,1,0.43,Tropical_Wet_Dry,39.2,0.0,44.7,3.7,9.4,0,0.631,0.649,119.0,0.571,75.4,0,108.61,58.9,40.7,1,4.5,1,18367
2023-05-21,South_Zone,Summer,33.1,0,14853,Chennai,13.08,80.27,29.2,0.9,6,1,0.43,Tropical_Wet_Dry,50.0,0.0,36.5,5.1,8.6,0,0.234,0.657,109.0,0.554,81.9,0,108.11,60.0,52.2,1,4.5,1,16622
2023-05-22,South_Zone,Summer,38.7,0,18559,Chennai,13.08,80.27,29.2,0.9,6,1,0.43,Tropical_Wet_Dry,41.8,7.5,46.0,1.3,9.6,0,0.336,0.611,135.0,0.546,75.0,0,110.17,51.1,45.7,1,4.5,1,19828
2023-05-23,South_Zone,Summer,39.3,0,19117,Chennai,13.08,80.27,29.2,0.9,6,1,0.43,Tropical_Wet_Dry,52.8,0.0,54.4,6.3,9.2,0,0.3,0.639,63.0,0.604,78.8,0,109.61,63.8,45.7,1,4.5,0,20555
2023-05-24,South_Zone,Summer,36.7,0,18417,Chennai,13.08,80.27,29.2,0.9,6,1,0.43,Tropical_Wet_Dry,42.8,0.2,41.7,1.9,10.0,0,0.305,0.678,109.0,0.59,84.1,0,108.55,53.3,42.7,1,4.5,1,19437
2023-05-25,South_Zone,Summer,34.2,0,15135,Chennai,13.08,80.27,29.2,0.9,6,1,0.43,Tropical_Wet_Dry,42.0,0.0,36.3,9.2,9.4,0,0.221,0.617,97.0,0.552,77.3,0,107.7,54.7,39.1,1,4.5,0,16362
2023-05-26,South_Zone,Summer,38.4,0,16167,Chennai,13.08,80.27,29.2,0.9,6,1,0.43,Tropical_Wet_Dry,41.0,0.0,44.8,5.7,9.5,0,0.407,0.593,99.0,0.564,85.4,0,109.4,54.3,52.4,1,4.5,0,17309
2023-05-27,South_Zone,Summer,35.7,0,17684,Chennai,13.08,80.27,29.2,0.9,6,1,0.43,Tropical_Wet_Dry,43.9,0.0,39.9,4.3,10.6,0,0.215,0.577,74.0,0.557,73.2,0,108.25,54.0,47.0,1,4.5,1,18931
2023-05-28,South_Zone,Summer,36.3,0,18896,Chennai,13.08,80.27,29.2,0.9,6,1,0.43,Tropical_Wet_Dry,44.4,0.0,41.5,9.5,9.8,0,0.123,0.605,102.0,0.573,83.1,0,109.5,54.7,43.2,1,4.5,1,20030
2023-05-29,South_Zone,Summer,27.1,0,14717,Chennai,13.08,80.27,29.2,0.9,6,1,0.43,Tropical_Wet_Dry,58.1,0.0,28.1,2.9,8.9,0,0.188,0.712,101.0,0.553,75.8,0,109.25,51.9,46.8,1,4.5,0,16002
2023-05-30,South_Zone,Summer,35.1,0,15692,Chennai,13.08,80.27,29.2,0.9,6,1,0.43,Tropical_Wet_Dry,38.7,0.0,37.0,3.8,9.2,0,0.445,0.608,83.0,0.539,79.4,0,111.14,60.5,43.3,1,4.5,1,17059
2023-05-31,South_Zone,Summer,30.4,0,14920,Chennai,13.08,80.27,29.2,0.9,6,1,0.43,Tropical_Wet_Dry,50.1,0.0,31.7,1.0,8.6,0,0.425,0.642,94.0,0.537,80.6,0,108.95,57.0,36.5,1,4.5,1,16197
2023-06-01,South_Zone,Monsoon,24.7,0,14088,Chennai,13.08,80.27,29.2,0.9,6,1,0.43,Tropical_Wet_Dry,96.2,1.8,24.7,17.9,5.4,0,0.099,0.061,36.0,0.408,79.2,0,111.0,56.8,33.1,0,4.5,0,13562
2023-06-02,South_Zone,Monsoon,26.2,0,14802,Chennai,13.08,80.27,29.2,0.9,6,1,0.43,Tropical_Wet_Dry,86.4,64.1,26.2,19.6,5.7,1,0.381,0.055,53.0,0.412,79.2,0,109.05,60.7,27.0,0,4.5,0,14740
2023-06-03,South_Zone,Monsoon,29.9,0,15952,Chennai,13.08,80.27,29.2,0.9,6,1,0.43,Tropical_Wet_Dry,95.9,41.2,42.3,9.0,4.6,0,0.102,0.027,77.0,0.396,75.6,0,108.28,63.4,35.2,0,4.5,0,15142
2023-06-04,South_Zone,Monsoon,26.8,0,14919,Chennai,13.08,80.27,29.2,0.9,6,1,0.43,Tropical_Wet_Dry,99.0,19.3,31.0,11.6,4.8,0,0.297,0.086,78.0,0.464,84.2,0,107.86,49.9,41.9,0,4.5,0,14546
2023-06-05,South_Zone,Monsoon,31.1,0,16132,Chennai,13.08,80.27,29.2,0.9,6,1,0.43,Tropical_Wet_Dry,87.1,34.6,43.9,14.2,5.5,0,0.179,0.049,74.0,0.487,76.3,0,108.0,62.7,30.8,0,4.5,0,15655
2023-06-06,South_Zone,Monsoon,33.6,0,17179,Chennai,13.08,80.27,29.2,0.9,6,1,0.43,Tropical_Wet_Dry,89.8,0.0,56.3,12.5,5.3,0,0.389,0.156,77.0,0.484,76.3,0,109.28,56.6,38.0,0,4.5,0,16978
2023-06-07,South_Zone,Monsoon,33.2,0,14294,Chennai,13.08,80.27,29.2,0.9,6,1,0.43,Tropical_Wet_Dry,81.5,0.0,49.7,13.9,5.9,0,0.355,0.074,78.0,0.422,79.7,0,108.95,51.2,30.8,0,4.5,0,13576
2023-06-08,South_Zone,Monsoon,28.3,0,14813,Chennai,13.08,80.27,29.2,0.9,6,1,0.43,Tropical_Wet_Dry,86.7,0.0,34.1,13.6,5.8,0,0.398,0.077,48.0,0.446,77.9,0,106.95,57.4,33.9,0,4.5,0,14316
2023-06-09,South_Zone,Monsoon,27.6,0,14262,Chennai,13.08,80.27,29.2,0.9,6,1,0.43,Tropical_Wet_Dry,98.7,35.2,33.8,15.2,5.6,0,0.27,0.069,66.0,0.435,82.5,0,109.78,56.4,29.6,0,4.5,0,13531
2023-06-10,South_Zone,Monsoon,29.2,0,13850,Chennai,13.08,80.27,29.2,0.9,6,1,0.43,Tropical_Wet_Dry,90.1,24.3,37.8,11.1,6.0,0,0.281,0.102,80.0,0.427,78.4,0,110.2,60.5,37.1,0,4.5,0,13422
2023-06-11,South_Zone,Monsoon,29.2,0,14685,Chennai,13.08,80.27,29.2,0.9,6,1,0.43,Tropical_Wet_Dry,86.9,0.0,37.0,14.6,5.4,0,0.15,0.169,35.0,0.502,80.0,0,106.84,56.3,40.7,0,4.5,0,14719
2023-06-12,South_Zone,Monsoon,26.5,0,14975,Chennai,13.08,80.27,29.2,0.9,6,1,0.43,Tropical_Wet_Dry,95.2,0.0,26.5,10.7,5.5,0,0.197,0.018,35.0,0.485,80.3,0,109.67,58.3,35.0,0,4.5,0,14482
2023-06-13,South_Zone,Monsoon,28.2,0,15902,Chennai,13.08,80.27,29.2,0.9,6,1,0.43,Tropical_Wet_Dry,90.5,34.4,34.5,12.8,5.1,0,0.395,0.097,34.0,0.4,82.9,0,110.31,55.4,36.7,0,4.5,0,15179
2023-06-14,South_Zone,Monsoon,25.1,0,14208,Chennai,13.08,80.27,29.2,0.9,6,1,0.43,Tropical_Wet_Dry,92.6,5.4,25.1,8.8,5.7,0,0.337,0.0,28.0,0.463,78.4,0,106.8,51.6,36.7,0,4.5,0,13767
2023-06-15,South_Zone,Monsoon,30.7,0,15955,Chennai,13.08,80.27,29.2,0.9,6,1,0.43,Tropical_Wet_Dry,95.3,43.9,45.5,12.8,5.8,0,0.31,0.153,41.0,0.441,75.0,0,108.09,59.2,32.8,0,4.5,0,15671
2023-06-16,South_Zone,Monsoon,29.3,0,16205,Chennai,13.08,80.27,29.2,0.9,6,1,0.43,Tropical_Wet_Dry,86.6,31.0,37.2,12.3,5.0,0,0.426,0.074,51.0,0.431,77.6,0,107.68,54.0,40.5,0,4.5,0,15519
2023-06-17,South_Zone,Monsoon,26.8,0,14201,Chennai,13.08,80.27,29.2,0.9,6,1,0.43,Tropical_Wet_Dry,89.4,0.0,30.1,16.8,5.5,0,0.17,0.0,87.0,0.428,83.4,0,109.47,58.4,31.4,0,4.5,0,13350
2023-06-18,South_Zone,Monsoon,29.7,0,15312,Chennai,13.08,80.27,29.2,0.9,6,1,0.43,Tropical_Wet_Dry,93.0,0.0,40.5,13.8,5.7,0,0.372,0.003,52.0,0.467,81.0,0,108.05,62.2,26.1,0,4.5,0,14492
2023-06-19,South_Zone,Monsoon,31.4,0,16137,Chennai,13.08,80.27,29.2,0.9,6,1,0.43,Tropical_Wet_Dry,96.0,0.0,49.1,14.4,6.0,0,0.182,0.129,33.0,0.461,78.9,0,107.97,55.5,29.4,0,4.5,0,15506
2023-06-20,South_Zone,Monsoon,26.1,0,14803,Chennai,13.08,80.27,29.2,0.9,6,1,0.43,Tropical_Wet_Dry,99.0,16.3,26.1,13.9,5.7,0,0.448,0.0,63.0,0.432,80.2,0,108.81,59.3,37.1,0,4.5,0,14588
2023-06-21,South_Zone,Monsoon,25.3,0,15080,Chennai,13.08,80.27,29.2,0.9,6,1,0.43,Tropical_Wet_Dry,91.5,133.1,25.3,7.6,5.1,1,0.354,0.097,57.0,0.47,79.2,0,109.92,56.8,32.1,0,4.5,0,15057
2023-06-22,South_Zone,Monsoon,23.8,0,14929,Chennai,13.08,80.27,29.2,0.9,6,1,0.43,Tropical_Wet_Dry,99.0,0.0,23.8,8.0,5.9,0,0.396,0.054,46.0,0.464,82.4,0,108.26,54.8,34.5,0,4.5,0,14079
2023-06-23,South_Zone,Monsoon,29.0,0,15109,Chennai,13.08,80.27,29.2,0.9,6,1,0.43,Tropical_Wet_Dry,88.7,1.7,36.7,13.0,6.0,0,0.23,0.068,49.0,0.452,81.0,0,107.82,49.9,32.8,0,4.5,0,14641
2023-06-24,South_Zone,Monsoon,30.3,0,15981,Chennai,13.08,80.27,29.2,0.9,6,1,0.43,Tropical_Wet_Dry,99.0,3.2,45.2,14.8,5.3,0,0.518,0.04,79.0,0.461,79.2,0,107.97,56.0,34.9,0,4.5,0,15278
2023-06-25,South_Zone,Monsoon,32.0,0,17054,Chennai,13.08,80.27,29.2,0.9,6,1,0.43,Tropical_Wet_Dry,85.1,16.1,46.6,13.3,5.2,0,0.5,0.023,35.0,0.408,82.8,0,108.88,55.9,39.5,0,4.5,0,16196
2023-06-26,South_Zone,Monsoon,29.1,0,14566,Chennai,13.08,80.27,29.2,0.9,6,1,0.43,Tropical_Wet_Dry,99.0,39.2,39.9,11.4,5.3,0,0.343,0.051,30.0,0.381,83.5,0,106.86,52.3,41.6,0,4.5,0,14138
2023-06-27,South_Zone,Monsoon,26.4,0,14536,Chennai,13.08,80.27,29.2,0.9,6,1,0.43,Tropical_Wet_Dry,90.9,20.8,26.4,13.3,4.7,0,0.418,0.114,68.0,0.503,77.2,0,108.14,48.1,29.2,0,4.5,0,14139
2023-06-28,South_Zone,Monsoon,31.2,0,15446,Chennai,13.08,80.27,29.2,0.9,6,1,0.43,Tropical_Wet_Dry,99.0,0.0,49.5,13.0,5.9,0,0.27,0.062,49.0,0.404,77.3,0,107.18,49.2,38.7,0,4.5,0,15096
2023-06-29,South_Zone,Monsoon,26.9,0,16198,Chennai,13.08,80.27,29.2,0.9,6,1,0.43,Tropical_Wet_Dry,96.8,38.7,31.1,16.3,6.3,0,0.173,0.105,88.0,0.43,87.2,0,106.88,62.9,35.0,0,4.5,0,15805
2023-06-30,South_Zone,Monsoon,27.7,0,14413,Chennai,13.08,80.27,29.2,0.9,6,1,0.43,Tropical_Wet_Dry,88.3,2.9,32.6,16.2,6.5,0,0.38,0.065,57.0,0.426,81.9,0,106.11,55.6,27.9,0,4.5,0,13524
2023-07-01,South_Zone,Monsoon,30.3,0,15537,Chennai,13.08,80.27,29.2,0.9,6,1,0.43,Tropical_Wet_Dry,89.2,9.4,41.6,12.3,5.1,0,0.208,0.117,58.0,0.434,85.0,0,107.5,50.3,36.5,0,4.5,0,14666
2023-07-02,South_Zone,Monsoon,23.8,0,14790,Chennai,13.08,80.27,29.2,0.9,6,1,0.43,Tropical_Wet_Dry,99.0,56.4,23.8,13.9,5.9,0,0.431,0.105,74.0,0.424,82.7,0,109.06,54.2,43.2,0,4.5,0,14646
2023-07-03,South_Zone,Monsoon,25.8,0,14474,Chennai,13.08,80.27,29.2,0.9,6,1,0.43,Tropical_Wet_Dry,99.0,21.7,25.8,14.8,5.6,0,0.405,0.048,30.0,0.446,81.4,0,105.96,55.4,30.3,0,4.5,0,13849
2023-07-04,South_Zone,Monsoon,27.8,0,15132,Chennai,13.08,80.27,29.2,0.9,6,1,0.43,Tropical_Wet_Dry,93.0,22.7,33.6,15.3,4.2,0,0.324,0.023,66.0,0.44,73.6,0,108.46,58.2,32.9,0,4.5,0,15216
2023-07-05,South_Zone,Monsoon,21.4,0,13088,Chennai,13.08,80.27,29.2,0.9,6,1,0.43,Tropical_Wet_Dry,97.4,2.4,21.4,19.0,5.1,0,0.318,0.137,53.0,0.473,76.3,0,107.23,55.0,26.0,0,4.5,0,12819
2023-07-06,South_Zone,Monsoon,31.4,0,16855,Chennai,13.08,80.27,29.2,0.9,6,1,0.43,Tropical_Wet_Dry,95.0,10.8,48.6,13.9,5.6,0,0.399,0.031,78.0,0.444,82.0,0,106.78,63.8,33.4,0,4.5,0,16530
2023-07-07,South_Zone,Monsoon,25.0,0,14993,Chennai,13.08,80.27,29.2,0.9,6,1,0.43,Tropical_Wet_Dry,95.7,49.1,25.0,17.5,6.2,0,0.327,0.11,48.0,0.435,77.3,0,108.15,64.5,34.8,0,4.5,0,14302
2023-07-08,South_Zone,Monsoon,25.7,0,14129,Chennai,13.08,80.27,29.2,0.9,6,1,0.43,Tropical_Wet_Dry,88.1,29.0,25.7,10.5,5.0,0,0.26,0.082,63.0,0.428,79.6,0,109.09,58.2,43.9,0,4.5,0,13739
2023-07-09,South_Zone,Monsoon,27.0,0,14845,Chennai,13.08,80.27,29.2,0.9,6,1,0.43,Tropical_Wet_Dry,89.7,40.1,30.7,12.1,5.9,0,0.149,0.052,54.0,0.467,82.7,0,109.24,55.2,29.3,0,4.5,0,14502
2023-07-10,South_Zone,Monsoon,31.0,0,15962,Chennai,13.08,80.27,29.2,0.9,6,1,0.43,Tropical_Wet_Dry,92.6,19.2,45.7,7.6,5.7,0,0.396,0.106,67.0,0.431,80.4,0,107.99,57.7,38.8,0,4.5,0,15461
2023-07-11,South_Zone,Monsoon,27.6,0,15679,Chennai,13.08,80.27,29.2,0.9,6,1,0.43,Tropical_Wet_Dry,99.0,49.6,33.9,14.5,4.8,0,0.337,0.162,55.0,0.444,81.2,0,107.6,50.7,35.5,0,4.5,0,15245
2023-07-12,South_Zone,Monsoon,25.6,0,14336,Chennai,13.08,80.27,29.2,0.9,6,1,0.43,Tropical_Wet_Dry,99.0,2.4,25.6,15.9,5.2,0,0.576,0.118,65.0,0.477,84.2,0,108.03,60.2,45.2,0,4.5,0,14116
2023-07-13,South_Zone,Monsoon,31.0,0,16170,Chennai,13.08,80.27,29.2,0.9,6,1,0.43,Tropical_Wet_Dry,95.3,15.6,46.9,6.3,6.7,0,0.29,0.088,92.0,0.441,84.5,0,110.08,57.7,34.9,0,4.5,0,15513
2023-07-14,South_Zone,Monsoon,26.6,0,13439,Chennai,13.08,80.27,29.2,0.9,6,1,0.43,Tropical_Wet_Dry,95.5,33.6,26.6,14.6,5.5,0,0.33,0.177,55.0,0.449,79.8,0,107.28,51.1,33.7,0,4.5,0,12878
2023-07-15,South_Zone,Monsoon,28.9,0,13970,Chennai,13.08,80.27,29.2,0.9,6,1,0.43,Tropical_Wet_Dry,96.4,1.1,38.3,15.8,6.2,0,0.333,0.0,67.0,0.405,83.8,0,108.67,54.1,38.2,0,4.5,0,13389
2023-07-16,South_Zone,Monsoon,27.4,0,15783,Chennai,13.08,80.27,29.2,0.9,6,1,0.43,Tropical_Wet_Dry,90.2,98.0,31.9,15.6,6.1,1,0.365,0.013,101.0,0.457,77.1,0,106.91,58.1,36.4,0,4.5,0,15875
2023-07-17,South_Zone,Monsoon,29.8,0,13828,Chennai,13.08,80.27,29.2,0.9,6,1,0.43,Tropical_Wet_Dry,91.4,22.1,40.4,10.4,5.5,0,0.203,0.052,67.0,0.451,80.7,0,106.64,49.0,38.7,0,4.5,0,13195
2023-07-18,South_Zone,Monsoon,28.6,0,14895,Chennai,13.08,80.27,29.2,0.9,6,1,0.43,Tropical_Wet_Dry,88.7,0.8,35.4,16.3,4.9,0,0.292,0.165,20.0,0.468,81.7,0,109.21,53.1,36.8,0,4.5,0,14538
2023-07-19,South_Zone,Monsoon,24.2,0,14312,Chennai,13.08,80.27,29.2,0.9,6,1,0.43,Tropical_Wet_Dry,89.2,21.4,24.2,14.0,4.8,0,0.383,0.137,48.0,0.419,79.7,0,107.41,54.1,26.6,0,4.5,0,13468
2023-07-20,South_Zone,Monsoon,26.5,0,14242,Chennai,13.08,80.27,29.2,0.9,6,1,0.43,Tropical_Wet_Dry,95.8,3.0,26.5,15.8,6.4,0,0.267,0.0,38.0,0.427,79.3,0,107.6,59.9,36.6,0,4.5,0,13840
2023-07-21,South_Zone,Monsoon,28.4,0,14592,Chennai,13.08,80.27,29.2,0.9,6,1,0.43,Tropical_Wet_Dry,93.9,5.4,35.9,13.6,5.8,0,0.379,0.054,77.0,0.427,76.6,0,107.89,63.0,36.5,0,4.5,0,14196
2023-07-22,South_Zone,Monsoon,28.3,0,14597,Chennai,13.08,80.27,29.2,0.9,6,1,0.43,Tropical_Wet_Dry,96.5,0.0,36.0,15.1,4.6,0,0.31,0.001,58.0,0.393,79.9,0,106.42,57.1,30.3,0,4.5,0,14015
2023-07-23,South_Zone,Monsoon,26.4,0,15390,Chennai,13.08,80.27,29.2,0.9,6,1,0.43,Tropical_Wet_Dry,96.9,9.8,26.4,17.3,6.1,0,0.34,0.078,79.0,0.421,75.2,0,106.84,43.1,35.4,0,4.5,0,14629
2023-07-24,South_Zone,Monsoon,31.3,0,14454,Chennai,13.08,80.27,29.2,0.9,6,1,0.43,Tropical_Wet_Dry,92.4,9.7,47.0,13.4,4.7,0,0.415,0.134,71.0,0.474,79.6,0,106.6,51.2,24.8,0,4.5,0,13725
2023-07-25,South_Zone,Monsoon,30.2,0,16679,Chennai,13.08,80.27,29.2,0.9,6,1,0.43,Tropical_Wet_Dry,94.7,2.8,43.1,14.9,5.3,0,0.277,0.139,71.0,0.492,80.2,0,107.54,70.0,35.3,0,4.5,0,16593
2023-07-26,South_Zone,Monsoon,32.7,0,16584,Chennai,13.08,80.27,29.2,0.9,6,1,0.43,Tropical_Wet_Dry,90.2,12.8,52.2,17.7,5.9,0,0.155,0.096,38.0,0.412,82.2,0,107.55,56.6,37.4,0,4.5,0,15961
2023-07-27,South_Zone,Monsoon,24.8,0,14710,Chennai,13.08,80.27,29.2,0.9,6,1,0.43,Tropical_Wet_Dry,97.2,0.0,24.8,13.6,7.0,0,0.273,0.054,69.0,0.406,76.5,0,106.55,45.2,38.8,0,4.5,0,14268
2023-07-28,South_Zone,Monsoon,25.4,0,14073,Chennai,13.08,80.27,29.2,0.9,6,1,0.43,Tropical_Wet_Dry,91.1,0.0,25.4,10.6,6.0,0,0.217,0.074,85.0,0.459,81.0,0,109.15,66.2,37.5,0,4.5,0,13441
2023-07-29,South_Zone,Monsoon,29.1,0,14643,Chennai,13.08,80.27,29.2,0.9,6,1,0.43,Tropical_Wet_Dry,94.4,0.0,38.6,16.0,5.4,0,0.087,0.121,34.0,0.438,81.7,0,107.06,50.5,29.6,0,4.5,0,14041
2023-07-30,South_Zone,Monsoon,24.6,0,14512,Chennai,13.08,80.27,29.2,0.9,6,1,0.43,Tropical_Wet_Dry,98.6,4.3,24.6,18.3,5.5,0,0.289,0.221,54.0,0.492,79.9,0,107.16,58.2,26.7,0,4.5,0,14373
2023-07-31,South_Zone,Monsoon,33.6,0,17395,Chennai,13.08,80.27,29.2,0.9,6,1,0.43,Tropical_Wet_Dry,86.5,0.0,54.3,17.9,6.5,0,0.32,0.009,66.0,0.41,81.3,0,108.37,51.8,38.7,0,4.5,0,16769
2023-08-01,South_Zone,Monsoon,30.1,0,16313,Chennai,13.08,80.27,29.2,0.9,6,1,0.43,Tropical_Wet_Dry,92.2,12.2,41.8,16.1,6.6,0,0.402,0.175,62.0,0.481,80.8,0,106.12,64.3,36.0,0,4.5,0,15843
2023-08-02,South_Zone,Monsoon,29.9,0,15838,Chennai,13.08,80.27,29.2,0.9,6,1,0.43,Tropical_Wet_Dry,88.9,0.0,40.0,7.0,5.6,0,0.186,0.095,86.0,0.403,72.2,0,106.45,49.9,36.5,0,4.5,0,15364
2023-08-03,South_Zone,Monsoon,30.7,0,14579,Chennai,13.08,80.27,29.2,0.9,6,1,0.43,Tropical_Wet_Dry,88.9,40.7,43.1,12.1,5.7,0,0.309,0.129,73.0,0.469,77.2,0,107.22,53.5,42.4,0,4.5,0,14317
2023-08-04,South_Zone,Monsoon,28.6,0,15084,Chennai,13.08,80.27,29.2,0.9,6,1,0.43,Tropical_Wet_Dry,87.2,0.0,35.1,12.2,5.2,0,0.413,0.091,67.0,0.38,86.4,0,105.43,59.4,26.0,0,4.5,0,14768
2023-08-05,South_Zone,Monsoon,28.2,0,14690,Chennai,13.08,80.27,29.2,0.9,6,1,0.43,Tropical_Wet_Dry,99.0,9.3,36.2,14.1,6.1,0,0.243,0.164,75.0,0.489,82.0,0,106.64,53.4,43.0,0,4.5,0,14426
2023-08-06,South_Zone,Monsoon,29.6,0,14736,Chennai,13.08,80.27,29.2,0.9,6,1,0.43,Tropical_Wet_Dry,97.6,4.0,41.6,19.1,6.3,0,0.354,0.1,74.0,0.444,78.2,0,108.9,58.5,31.2,0,4.5,0,14378
2023-08-07,South_Zone,Monsoon,26.4,0,14076,Chennai,13.08,80.27,29.2,0.9,6,1,0.43,Tropical_Wet_Dry,96.8,0.0,26.4,10.8,4.4,0,0.46,0.041,61.0,0.443,81.1,0,108.65,59.8,38.1,0,4.5,0,13595
2023-08-08,South_Zone,Monsoon,30.6,0,15638,Chennai,13.08,80.27,29.2,0.9,6,1,0.43,Tropical_Wet_Dry,99.0,15.1,46.6,20.7,5.5,0,0.114,0.107,54.0,0.454,82.1,0,107.69,56.8,33.9,0,4.5,0,14918
2023-08-09,South_Zone,Monsoon,26.6,0,14355,Chennai,13.08,80.27,29.2,0.9,6,1,0.43,Tropical_Wet_Dry,93.1,0.0,26.6,12.9,4.9,0,0.327,0.148,78.0,0.406,84.6,0,107.95,51.7,32.3,0,4.5,0,13929
2023-08-10,South_Zone,Monsoon,28.0,0,16300,Chennai,13.08,80.27,29.2,0.9,6,1,0.43,Tropical_Wet_Dry,99.0,31.2,35.4,11.7,5.7,0,0.416,0.08,47.0,0.481,78.8,0,107.24,52.7,26.5,0,4.5,0,15358
2023-08-11,South_Zone,Monsoon,24.3,0,14613,Chennai,13.08,80.27,29.2,0.9,6,1,0.43,Tropical_Wet_Dry,94.3,11.2,24.3,16.5,4.7,0,0.265,0.0,59.0,0.43,78.2,0,106.28,54.0,30.6,0,4.5,0,14156
2023-08-12,South_Zone,Monsoon,29.4,0,14647,Chennai,13.08,80.27,29.2,0.9,6,1,0.43,Tropical_Wet_Dry,93.6,76.5,39.5,16.8,4.9,1,0.439,0.073,39.0,0.461,78.5,0,108.33,58.7,36.3,0,4.5,0,14622
2023-08-13,South_Zone,Monsoon,32.4,0,16531,Chennai,13.08,80.27,29.2,0.9,6,1,0.43,Tropical_Wet_Dry,88.6,7.6,50.0,15.9,6.5,0,0.363,0.086,73.0,0.418,78.3,0,105.72,58.5,35.8,0,4.5,0,15684
2023-08-14,South_Zone,Monsoon,26.5,0,13131,Chennai,13.08,80.27,29.2,0.9,6,1,0.43,Tropical_Wet_Dry,96.0,0.0,26.5,11.7,5.5,0,0.477,0.077,82.0,0.446,78.2,0,107.61,56.9,38.8,0,4.5,0,12543
2023-08-15,South_Zone,Monsoon,28.7,0,15136,Chennai,13.08,80.27,29.2,0.9,6,1,0.43,Tropical_Wet_Dry,97.0,24.9,37.7,15.5,5.6,0,0.358,0.05,43.0,0.393,80.6,0,106.1,58.2,30.5,0,4.5,0,14558
2023-08-16,South_Zone,Monsoon,24.9,0,13392,Chennai,13.08,80.27,29.2,0.9,6,1,0.43,Tropical_Wet_Dry,94.5,54.3,24.9,10.9,5.8,0,0.485,0.159,57.0,0.464,78.7,0,106.14,49.1,37.7,0,4.5,0,12815
2023-08-17,South_Zone,Monsoon,30.6,0,14086,Chennai,13.08,80.27,29.2,0.9,6,1,0.43,Tropical_Wet_Dry,99.0,18.3,46.6,11.6,6.4,0,0.33,0.0,51.0,0.392,79.8,0,107.1,57.0,34.3,0,4.5,0,13544
2023-08-18,South_Zone,Monsoon,28.9,0,15085,Chennai,13.08,80.27,29.2,0.9,6,1,0.43,Tropical_Wet_Dry,93.9,2.6,37.7,13.7,5.4,0,0.163,0.086,79.0,0.592,85.6,0,108.57,56.2,37.2,0,4.5,0,14740
2023-08-19,South_Zone,Monsoon,29.5,0,15137,Chennai,13.08,80.27,29.2,0.9,6,1,0.43,Tropical_Wet_Dry,93.7,0.0,39.9,11.5,5.5,0,0.237,0.086,86.0,0.46,77.1,0,107.95,58.2,36.6,0,4.5,0,14661
2023-08-20,South_Zone,Monsoon,28.9,0,14625,Chennai,13.08,80.27,29.2,0.9,6,1,0.43,Tropical_Wet_Dry,88.1,0.0,36.3,17.2,5.5,0,0.402,0.206,51.0,0.511,81.0,0,106.83,58.7,31.6,0,4.5,0,14185
2023-08-21,South_Zone,Monsoon,27.9,0,15354,Chennai,13.08,80.27,29.2,0.9,6,1,0.43,Tropical_Wet_Dry,95.4,29.1,34.4,12.3,6.3,0,0.4,0.079,20.0,0.432,76.6,0,106.54,51.4,35.3,0,4.5,0,15310
2023-08-22,South_Zone,Monsoon,28.5,0,15417,Chennai,13.08,80.27,29.2,0.9,6,1,0.43,Tropical_Wet_Dry,92.2,23.3,35.9,13.3,5.6,0,0.269,0.107,81.0,0.459,82.8,0,107.23,55.5,36.3,0,4.5,0,14583
2023-08-23,South_Zone,Monsoon,25.2,0,13831,Chennai,13.08,80.27,29.2,0.9,6,1,0.43,Tropical_Wet_Dry,91.8,61.1,25.2,11.4,5.3,1,0.48,0.088,61.0,0.469,83.4,0,107.79,61.5,37.9,0,4.5,0,14223
2023-08-24,South_Zone,Monsoon,26.3,0,14348,Chennai,13.08,80.27,29.2,0.9,6,1,0.43,Tropical_Wet_Dry,90.3,3.8,26.3,17.1,5.8,0,0.265,0.086,61.0,0.409,77.4,0,104.65,56.1,41.5,0,4.5,0,13820
2023-08-25,South_Zone,Monsoon,32.1,0,15735,Chennai,13.08,80.27,29.2,0.9,6,1,0.43,Tropical_Wet_Dry,99.0,0.0,54.1,12.0,7.0,0,0.346,0.186,77.0,0.446,77.9,0,106.26,55.1,30.8,0,4.5,0,15046
2023-08-26,South_Zone,Monsoon,24.6,0,14575,Chennai,13.08,80.27,29.2,0.9,6,1,0.43,Tropical_Wet_Dry,93.9,10.2,24.6,17.4,5.5,0,0.343,0.013,53.0,0.452,82.0,0,105.31,50.3,28.2,0,4.5,0,13997
2023-08-27,South_Zone,Monsoon,32.0,0,15001,Chennai,13.08,80.27,29.2,0.9,6,1,0.43,Tropical_Wet_Dry,83.5,15.4,45.9,17.2,5.7,0,0.167,0.04,49.0,0.423,79.2,0,106.13,57.6,40.4,0,4.5,0,14246
2023-08-28,South_Zone,Monsoon,33.9,0,16811,Chennai,13.08,80.27,29.2,0.9,6,1,0.43,Tropical_Wet_Dry,86.2,10.4,55.5,12.7,7.1,0,0.289,0.125,54.0,0.429,84.3,0,105.07,49.5,27.6,0,4.5,0,15841
2023-08-29,South_Zone,Monsoon,31.1,0,16949,Chennai,13.08,80.27,29.2,0.9,6,1,0.43,Tropical_Wet_Dry,91.1,31.5,45.5,14.1,6.6,0,0.538,0.095,69.0,0.425,76.4,0,104.5,54.1,39.2,0,4.5,0,16053
2023-08-30,South_Zone,Monsoon,30.9,0,15641,Chennai,13.08,80.27,29.2,0.9,6,1,0.43,Tropical_Wet_Dry,94.2,0.0,46.0,12.6,6.5,0,0.208,0.063,76.0,0.399,83.2,0,104.97,53.0,29.5,0,4.5,0,14908
2023-08-31,South_Zone,Monsoon,31.7,0,16116,Chennai,13.08,80.27,29.2,0.9,6,1,0.43,Tropical_Wet_Dry,93.8,41.0,49.4,15.6,5.5,0,0.363,0.076,89.0,0.38,86.7,0,105.72,56.9,30.9,0,4.5,0,15216
2023-09-01,South_Zone,Autumn,27.3,0,15777,Chennai,13.08,80.27,29.2,0.9,6,1,0.43,Tropical_Wet_Dry,73.0,0.0,29.7,5.4,6.3,0,0.185,0.435,127.0,0.478,81.2,0,106.84,53.3,59.6,0,4.5,0,15726
2023-09-02,South_Zone,Autumn,20.7,0,13817,Chennai,13.08,80.27,29.2,0.9,6,1,0.43,Tropical_Wet_Dry,70.4,0.8,20.7,4.7,5.2,0,0.207,0.409,117.0,0.524,78.1,0,105.43,53.9,52.7,0,4.5,0,13975
2023-09-03,South_Zone,Autumn,23.5,0,13974,Chennai,13.08,80.27,29.2,0.9,6,1,0.43,Tropical_Wet_Dry,73.6,0.0,23.5,6.1,7.0,0,0.159,0.337,136.0,0.524,77.7,0,105.36,51.5,55.1,0,4.5,0,14253
2023-09-04,South_Zone,Autumn,24.4,0,14164,Chennai,13.08,80.27,29.2,0.9,6,1,0.43,Tropical_Wet_Dry,67.0,0.0,24.4,1.3,6.5,0,0.394,0.394,103.0,0.594,79.5,0,106.6,54.6,51.6,0,4.5,0,14065
2023-09-05,South_Zone,Autumn,28.6,0,14049,Chennai,13.08,80.27,29.2,0.9,6,1,0.43,Tropical_Wet_Dry,65.7,0.0,31.2,5.8,5.6,0,0.213,0.377,146.0,0.513,82.0,0,106.48,56.5,63.3,0,4.5,0,14303
2023-09-06,South_Zone,Autumn,18.8,0,11161,Chennai,13.08,80.27,29.2,0.9,6,1,0.43,Tropical_Wet_Dry,70.1,0.0,18.8,7.9,6.9,0,0.427,0.408,124.0,0.484,75.5,0,107.88,54.8,59.9,0,4.5,0,11370
2023-09-07,South_Zone,Autumn,27.2,0,14183,Chennai,13.08,80.27,29.2,0.9,6,1,0.43,Tropical_Wet_Dry,63.7,0.7,28.6,6.4,6.4,0,0.247,0.361,116.0,0.509,79.1,0,107.1,54.6,60.1,0,4.5,0,14598
2023-09-08,South_Zone,Autumn,24.4,0,14007,Chennai,13.08,80.27,29.2,0.9,6,1,0.43,Tropical_Wet_Dry,76.7,0.0,24.4,8.9,6.3,0,0.313,0.308,103.0,0.518,80.4,0,105.13,55.7,59.7,0,4.5,0,14010
2023-09-09,South_Zone,Autumn,21.3,0,14016,Chennai,13.08,80.27,29.2,0.9,6,1,0.43,Tropical_Wet_Dry,76.7,0.0,21.3,4.9,5.4,0,0.341,0.42,131.0,0.556,84.7,0,105.47,59.2,59.9,0,4.5,0,14579
2023-09-10,South_Zone,Autumn,23.6,0,13714,Chennai,13.08,80.27,29.2,0.9,6,1,0.43,Tropical_Wet_Dry,76.7,0.0,23.6,4.6,6.7,0,0.138,0.413,115.0,0.551,85.6,0,106.87,58.7,57.6,0,4.5,0,14054
2023-09-11,South_Zone,Autumn,24.7,0,14751,Chennai,13.08,80.27,29.2,0.9,6,1,0.43,Tropical_Wet_Dry,71.4,0.0,24.7,2.6,6.8,0,0.32,0.465,118.0,0.553,79.6,0,105.23,49.9,64.8,0,4.5,0,14659
2023-09-12,South_Zone,Autumn,21.1,0,13979,Chennai,13.08,80.27,29.2,0.9,6,1,0.43,Tropical_Wet_Dry,77.2,0.0,21.1,4.8,6.3,0,0.335,0.301,90.0,0.498,76.7,0,105.78,58.4,51.2,0,4.5,0,13985
2023-09-13,South_Zone,Autumn,28.3,0,13946,Chennai,13.08,80.27,29.2,0.9,6,1,0.43,Tropical_Wet_Dry,60.2,1.3,29.9,11.9,6.4,0,0.414,0.376,112.0,0.536,80.4,0,104.38,60.2,52.8,0,4.5,0,14001
2023-09-14,South_Zone,Autumn,24.8,0,13964,Chennai,13.08,80.27,29.2,0.9,6,1,0.43,Tropical_Wet_Dry,75.4,0.0,24.8,6.8,8.1,0,0.204,0.366,110.0,0.476,80.5,0,104.78,57.7,66.8,0,4.5,0,14285
2023-09-15,South_Zone,Autumn,26.1,0,13551,Chennai,13.08,80.27,29.2,0.9,6,1,0.43,Tropical_Wet_Dry,71.2,0.0,26.1,4.2,5.8,0,0.218,0.356,128.0,0.449,83.6,0,107.33,46.3,61.3,0,4.5,0,13842
2023-09-16,South_Zone,Autumn,28.9,0,13935,Chennai,13.08,80.27,29.2,0.9,6,1,0.43,Tropical_Wet_Dry,71.8,0.0,32.8,3.0,6.3,0,0.366,0.288,115.0,0.555,78.7,0,106.23,56.6,49.9,0,4.5,0,13754
2023-09-17,South_Zone,Autumn,23.3,0,14164,Chennai,13.08,80.27,29.2,0.9,6,1,0.43,Tropical_Wet_Dry,73.9,1.3,23.3,1.2,6.8,0,0.441,0.316,72.0,0.498,77.0,0,105.43,60.7,61.6,0,4.5,0,14423
2023-09-18,South_Zone,Autumn,21.9,0,12810,Chennai,13.08,80.27,29.2,0.9,6,1,0.43,Tropical_Wet_Dry,67.9,0.4,21.9,3.5,5.7,0,0.241,0.396,113.0,0.535,80.0,0,105.56,53.4,52.1,0,4.5,0,12868
2023-09-19,South_Zone,Autumn,24.7,0,14228,Chennai,13.08,80.27,29.2,0.9,6,1,0.43,Tropical_Wet_Dry,63.7,0.0,24.7,8.3,5.8,0,0.176,0.35,94.0,0.423,79.0,0,107.76,67.7,66.5,0,4.5,0,14147
2023-09-20,South_Zone,Autumn,24.0,0,14691,Chennai,13.08,80.27,29.2,0.9,6,1,0.43,Tropical_Wet_Dry,68.0,0.0,24.0,4.7,7.1,0,0.268,0.33,101.0,0.549,78.9,0,105.38,46.4,64.6,0,4.5,0,15219
2023-09-21,South_Zone,Autumn,22.8,0,13959,Chennai,13.08,80.27,29.2,0.9,6,1,0.43,Tropical_Wet_Dry,75.1,0.0,22.8,3.1,6.8,0,0.199,0.466,138.0,0.571,77.4,0,106.5,56.2,70.5,0,4.5,0,14295
2023-09-22,South_Zone,Autumn,22.5,0,12940,Chennai,13.08,80.27,29.2,0.9,6,1,0.43,Tropical_Wet_Dry,76.0,0.0,22.5,3.5,6.7,0,0.34,0.522,90.0,0.504,76.2,0,106.89,58.6,58.5,0,4.5,0,13173
2023-09-23,South_Zone,Autumn,23.1,0,13387,Chennai,13.08,80.27,29.2,0.9,6,1,0.43,Tropical_Wet_Dry,65.3,1.6,23.1,7.9,6.5,0,0.192,0.377,125.0,0.505,81.8,0,107.46,56.7,53.9,0,4.5,0,13453
2023-09-24,South_Zone,Autumn,22.7,0,14595,Chennai,13.08,80.27,29.2,0.9,6,1,0.43,Tropical_Wet_Dry,67.5,0.0,22.7,5.8,6.0,0,0.397,0.29,111.0,0.5,80.8,0,105.16,55.7,57.3,0,4.5,0,14699
2023-09-25,South_Zone,Autumn,23.2,0,13279,Chennai,13.08,80.27,29.2,0.9,6,1,0.43,Tropical_Wet_Dry,68.5,0.0,23.2,4.1,6.3,0,0.321,0.404,107.0,0.483,77.6,0,104.61,50.7,57.4,0,4.5,0,13590
2023-09-26,South_Zone,Autumn,24.1,0,14104,Chennai,13.08,80.27,29.2,0.9,6,1,0.43,Tropical_Wet_Dry,69.8,0.0,24.1,5.1,6.4,0,0.4,0.255,102.0,0.498,82.5,0,104.9,52.7,61.9,0,4.5,0,14450
2023-09-27,South_Zone,Autumn,20.4,0,12871,Chennai,13.08,80.27,29.2,0.9,6,1,0.43,Tropical_Wet_Dry,66.9,0.0,20.4,12.6,6.8,0,0.058,0.299,126.0,0.526,74.5,0,106.74,58.0,50.8,0,4.5,0,13049
2023-09-28,South_Zone,Autumn,23.0,0,13608,Chennai,13.08,80.27,29.2,0.9,6,1,0.43,Tropical_Wet_Dry,65.1,0.0,23.0,9.7,6.7,0,0.124,0.405,128.0,0.531,78.8,0,107.99,47.7,60.0,0,4.5,0,13483
2023-09-29,South_Zone,Autumn,26.2,0,14653,Chennai,13.08,80.27,29.2,0.9,6,1,0.43,Tropical_Wet_Dry,66.2,0.0,26.2,10.4,6.0,0,0.429,0.297,89.0,0.447,80.6,0,106.77,59.3,54.9,0,4.5,0,14884
2023-09-30,South_Zone,Autumn,27.7,0,14911,Chennai,13.08,80.27,29.2,0.9,6,1,0.43,Tropical_Wet_Dry,69.8,10.0,30.1,1.0,7.1,0,0.228,0.362,141.0,0.479,83.3,0,105.34,54.7,57.4,0,4.5,0,15070
2023-10-01,South_Zone,Autumn,29.3,0,14963,Chennai,13.08,80.27,29.2,0.9,6,1,0.43,Tropical_Wet_Dry,62.5,0.0,32.0,5.5,5.7,0,0.153,0.291,99.0,0.489,78.3,0,107.19,58.1,66.9,0,4.5,0,15344
2023-10-02,South_Zone,Autumn,22.6,0,12791,Chennai,13.08,80.27,29.2,0.9,6,1,0.43,Tropical_Wet_Dry,71.9,4.0,22.6,4.1,6.2,0,0.28,0.383,127.0,0.508,83.4,0,105.53,58.6,65.0,0,4.5,0,12895
2023-10-03,South_Zone,Autumn,23.4,0,13363,Chennai,13.08,80.27,29.2,0.9,6,1,0.43,Tropical_Wet_Dry,77.3,0.0,23.4,7.6,5.7,0,0.324,0.447,99.0,0.525,78.0,0,105.17,70.0,63.6,0,4.5,0,13588
2023-10-04,South_Zone,Autumn,24.0,0,14120,Chennai,13.08,80.27,29.2,0.9,6,1,0.43,Tropical_Wet_Dry,65.1,0.0,24.0,9.2,5.9,0,0.284,0.343,112.0,0.498,82.5,0,105.67,60.9,63.2,0,4.5,0,14434
2023-10-05,South_Zone,Autumn,28.1,0,14779,Chennai,13.08,80.27,29.2,0.9,6,1,0.43,Tropical_Wet_Dry,68.1,0.0,30.6,7.0,7.8,0,0.347,0.379,97.0,0.461,85.0,0,105.42,50.4,58.7,0,4.5,0,15250
2023-10-06,South_Zone,Autumn,23.4,0,14588,Chennai,13.08,80.27,29.2,0.9,6,1,0.43,Tropical_Wet_Dry,77.1,4.5,23.4,3.4,5.5,0,0.333,0.331,110.0,0.527,77.0,0,105.31,63.8,59.8,0,4.5,0,14738
2023-10-07,South_Zone,Autumn,20.5,0,14592,Chennai,13.08,80.27,29.2,0.9,6,1,0.43,Tropical_Wet_Dry,71.6,0.0,20.5,4.0,5.8,0,0.328,0.335,116.0,0.523,80.5,0,107.23,45.0,52.1,0,4.5,0,14374
2023-10-08,South_Zone,Autumn,23.0,0,14132,Chennai,13.08,80.27,29.2,0.9,6,1,0.43,Tropical_Wet_Dry,69.3,0.0,23.0,7.9,6.7,0,0.435,0.33,99.0,0.518,81.6,0,105.5,53.4,53.8,0,4.5,0,14283
2023-10-09,South_Zone,Autumn,21.4,0,14261,Chennai,13.08,80.27,29.2,0.9,6,1,0.43,Tropical_Wet_Dry,79.0,0.0,21.4,8.2,6.0,0,0.299,0.427,126.0,0.54,76.3,0,104.43,55.5,60.6,0,4.5,0,14422
2023-10-10,South_Zone,Autumn,28.3,0,14671,Chennai,13.08,80.27,29.2,0.9,6,1,0.43,Tropical_Wet_Dry,67.5,0.0,30.9,6.4,6.8,0,0.296,0.295,128.0,0.485,81.3,0,106.61,54.3,54.4,0,4.5,0,14407
2023-10-11,South_Zone,Autumn,20.5,0,14940,Chennai,13.08,80.27,29.2,0.9,6,1,0.43,Tropical_Wet_Dry,79.2,0.0,20.5,6.4,7.1,0,0.38,0.36,169.0,0.492,78.3,0,105.08,56.2,63.4,0,4.5,0,15021
2023-10-12,South_Zone,Autumn,24.0,0,13902,Chennai,13.08,80.27,29.2,0.9,6,1,0.43,Tropical_Wet_Dry,73.7,0.0,24.0,6.2,6.8,0,0.355,0.405,137.0,0.491,77.5,0,105.11,54.4,59.8,0,4.5,0,14103
2023-10-13,South_Zone,Autumn,29.0,0,14921,Chennai,13.08,80.27,29.2,0.9,6,1,0.43,Tropical_Wet_Dry,66.9,0.4,32.2,6.8,6.4,0,0.21,0.435,141.0,0.575,78.7,0,106.75,60.8,58.5,0,4.5,0,15470
2023-10-14,South_Zone,Autumn,25.1,0,15276,Chennai,13.08,80.27,29.2,0.9,6,1,0.43,Tropical_Wet_Dry,73.3,0.0,25.1,8.1,6.4,0,0.291,0.406,88.0,0.521,78.5,0,105.33,53.2,57.0,0,4.5,0,15302
2023-10-15,South_Zone,Autumn,25.9,0,13427,Chennai,13.08,80.27,29.2,0.9,6,1,0.43,Tropical_Wet_Dry,72.1,0.0,25.9,7.9,6.9,0,0.344,0.376,85.0,0.464,82.4,0,105.61,54.8,62.3,0,4.5,0,13404
2023-10-16,South_Zone,Autumn,19.4,1,15909,Chennai,13.08,80.27,29.2,0.9,6,1,0.43,Tropical_Wet_Dry,79.5,0.0,19.4,6.1,6.6,0,0.241,0.346,115.0,0.506,80.0,0,106.11,62.5,75.4,0,4.5,0,16194
2023-10-17,South_Zone,Autumn,22.2,0,15110,Chennai,13.08,80.27,29.2,0.9,6,1,0.43,Tropical_Wet_Dry,69.9,0.0,22.2,5.9,6.4,0,0.246,0.436,152.0,0.466,86.9,0,105.79,59.2,55.6,0,4.5,0,15566
2023-10-18,South_Zone,Autumn,25.6,0,13416,Chennai,13.08,80.27,29.2,0.9,6,1,0.43,Tropical_Wet_Dry,70.8,0.0,25.6,5.7,6.7,0,0.161,0.328,165.0,0.509,78.4,0,105.66,54.6,57.4,0,4.5,0,13736
2023-10-19,South_Zone,Autumn,24.0,0,14137,Chennai,13.08,80.27,29.2,0.9,6,1,0.43,Tropical_Wet_Dry,71.3,1.6,24.0,3.7,6.7,0,0.012,0.329,108.0,0.507,81.4,0,103.75,56.4,59.1,0,4.5,0,14285
2023-10-20,South_Zone,Autumn,26.4,0,14713,Chennai,13.08,80.27,29.2,0.9,6,1,0.43,Tropical_Wet_Dry,73.7,0.0,26.4,3.6,6.5,0,0.263,0.461,109.0,0.519,79.5,0,105.94,62.9,61.6,0,4.5,0,15077
2023-10-21,South_Zone,Autumn,29.2,0,14998,Chennai,13.08,80.27,29.2,0.9,6,1,0.43,Tropical_Wet_Dry,63.4,0.0,31.9,7.6,6.3,0,0.313,0.402,130.0,0.492,76.2,0,107.73,50.6,61.5,0,4.5,0,15113
2023-10-22,South_Zone,Autumn,19.8,0,12927,Chennai,13.08,80.27,29.2,0.9,6,1,0.43,Tropical_Wet_Dry,79.2,0.0,19.8,3.9,6.7,0,0.19,0.404,116.0,0.538,84.8,0,106.76,51.4,59.5,0,4.5,0,13274
2023-10-23,South_Zone,Autumn,24.8,0,14073,Chennai,13.08,80.27,29.2,0.9,6,1,0.43,Tropical_Wet_Dry,73.5,0.0,24.8,8.4,6.7,0,0.438,0.416,117.0,0.522,80.4,0,105.77,53.0,63.5,0,4.5,0,14080
2023-10-24,South_Zone,Autumn,24.1,0,14532,Chennai,13.08,80.27,29.2,0.9,6,1,0.43,Tropical_Wet_Dry,65.0,0.0,24.1,5.8,5.2,0,0.195,0.374,131.0,0.455,77.7,0,106.63,56.5,59.3,0,4.5,0,14679
2023-10-25,South_Zone,Autumn,20.8,0,13293,Chennai,13.08,80.27,29.2,0.9,6,1,0.43,Tropical_Wet_Dry,79.6,7.1,20.8,8.5,5.8,0,0.391,0.294,169.0,0.53,81.2,0,106.8,59.6,53.0,0,4.5,0,12918
2023-10-26,South_Zone,Autumn,24.7,0,13542,Chennai,13.08,80.27,29.2,0.9,6,1,0.43,Tropical_Wet_Dry,82.4,2.5,24.7,7.9,6.2,0,0.342,0.395,143.0,0.491,83.1,0,105.34,52.1,66.7,0,4.5,0,13374
2023-10-27,South_Zone,Autumn,21.9,0,14031,Chennai,13.08,80.27,29.2,0.9,6,1,0.43,Tropical_Wet_Dry,77.9,0.0,21.9,8.5,6.2,0,0.518,0.379,154.0,0.475,77.5,0,107.46,52.2,64.9,0,4.5,0,13778
2023-10-28,South_Zone,Autumn,26.2,0,14412,Chennai,13.08,80.27,29.2,0.9,6,1,0.43,Tropical_Wet_Dry,77.4,0.0,26.2,4.6,7.3,0,0.354,0.328,87.0,0.543,80.2,0,106.38,50.3,53.1,0,4.5,0,14898
2023-10-29,South_Zone,Autumn,25.7,0,12321,Chennai,13.08,80.27,29.2,0.9,6,1,0.43,Tropical_Wet_Dry,71.0,0.0,25.7,7.2,8.5,0,0.155,0.315,139.0,0.531,83.1,0,105.92,51.6,60.9,0,4.5,0,12399
2023-10-30,South_Zone,Autumn,26.0,0,13184,Chennai,13.08,80.27,29.2,0.9,6,1,0.43,Tropical_Wet_Dry,62.1,0.0,26.0,8.2,5.1,0,0.405,0.377,103.0,0.502,80.5,0,107.84,53.5,66.5,0,4.5,0,13128
2023-10-31,South_Zone,Autumn,20.2,0,13641,Chennai,13.08,80.27,29.2,0.9,6,1,0.43,Tropical_Wet_Dry,64.7,0.0,20.2,1.3,6.4,0,0.47,0.299,150.0,0.457,81.7,0,104.2,46.0,58.5,0,4.5,0,14060
2023-11-01,South_Zone,Autumn,26.1,0,15404,Chennai,13.08,80.27,29.2,0.9,6,1,0.43,Tropical_Wet_Dry,71.6,0.0,26.1,11.1,6.6,0,0.123,0.371,144.0,0.485,79.2,0,105.11,52.8,63.9,0,4.5,0,15342
2023-11-02,South_Zone,Autumn,20.5,1,15988,Chennai,13.08,80.27,29.2,0.9,6,1,0.43,Tropical_Wet_Dry,70.7,0.0,20.5,12.8,6.2,0,0.364,0.364,131.0,0.498,75.3,0,106.94,51.6,77.6,0,4.5,0,16478
2023-11-03,South_Zone,Autumn,28.4,0,14543,Chennai,13.08,80.27,29.2,0.9,6,1,0.43,Tropical_Wet_Dry,64.4,0.0,30.6,8.8,7.0,0,0.386,0.373,107.0,0.55,79.2,0,106.99,55.1,61.3,0,4.5,0,14609
2023-11-04,South_Zone,Autumn,22.0,0,12899,Chennai,13.08,80.27,29.2,0.9,6,1,0.43,Tropical_Wet_Dry,72.5,0.0,22.0,8.4,6.4,0,0.279,0.404,111.0,0.56,78.3,0,107.98,63.0,70.7,0,4.5,0,13427
2023-11-05,South_Zone,Autumn,19.7,0,12530,Chennai,13.08,80.27,29.2,0.9,6,1,0.43,Tropical_Wet_Dry,77.3,0.0,19.7,7.8,6.0,0,0.058,0.417,113.0,0.529,79.7,0,104.1,48.3,63.2,0,4.5,0,12699
2023-11-06,South_Zone,Autumn,20.2,0,12048,Chennai,13.08,80.27,29.2,0.9,6,1,0.43,Tropical_Wet_Dry,66.6,0.0,20.2,5.0,6.3,0,0.27,0.337,134.0,0.524,78.4,0,107.24,60.0,60.5,0,4.5,0,12042
2023-11-07,South_Zone,Autumn,26.9,0,15134,Chennai,13.08,80.27,29.2,0.9,6,1,0.43,Tropical_Wet_Dry,67.6,0.0,28.5,5.7,6.9,0,0.242,0.432,127.0,0.522,80.5,0,105.15,61.7,59.2,0,4.5,0,15012
2023-11-08,South_Zone,Autumn,25.3,0,13918,Chennai,13.08,80.27,29.2,0.9,6,1,0.43,Tropical_Wet_Dry,78.4,0.0,25.3,8.9,6.8,0,0.453,0.367,146.0,0.486,79.0,0,106.84,59.6,59.8,0,4.5,0,13865
2023-11-09,South_Zone,Autumn,24.4,0,13719,Chennai,13.08,80.27,29.2,0.9,6,1,0.43,Tropical_Wet_Dry,66.0,0.0,24.4,3.1,6.6,0,0.291,0.485,149.0,0.496,82.4,0,106.37,56.9,57.2,0,4.5,0,13681
2023-11-10,South_Zone,Autumn,27.9,0,14463,Chennai,13.08,80.27,29.2,0.9,6,1,0.43,Tropical_Wet_Dry,73.6,0.0,30.9,2.8,6.3,0,0.259,0.345,105.0,0.516,81.8,0,107.31,61.2,54.4,0,4.5,0,14160
2023-11-11,South_Zone,Autumn,25.7,0,14330,Chennai,13.08,80.27,29.2,0.9,6,1,0.43,Tropical_Wet_Dry,68.2,0.9,25.7,4.8,8.2,0,0.241,0.283,129.0,0.518,77.2,0,106.25,58.0,55.5,0,4.5,0,14508
2023-11-12,South_Zone,Autumn,23.7,1,18675,Chennai,13.08,80.27,29.2,0.9,6,1,0.43,Tropical_Wet_Dry,74.5,0.8,23.7,8.0,6.7,0,0.333,0.43,128.0,0.512,83.8,0,107.52,60.5,71.3,0,4.5,0,19447
2023-11-13,South_Zone,Autumn,22.2,0,14017,Chennai,13.08,80.27,29.2,0.9,6,1,0.43,Tropical_Wet_Dry,78.2,5.9,22.2,3.4,6.8,0,0.306,0.406,118.0,0.557,77.8,0,105.7,55.8,64.0,0,4.5,0,14145
2023-11-14,South_Zone,Autumn,22.6,1,17767,Chennai,13.08,80.27,29.2,0.9,6,1,0.43,Tropical_Wet_Dry,76.1,0.0,22.6,5.3,6.1,0,0.221,0.452,137.0,0.521,76.6,0,106.47,51.3,73.6,0,4.5,0,17675
2023-11-15,South_Zone,Autumn,31.2,0,16738,Chennai,13.08,80.27,29.2,0.9,6,1,0.43,Tropical_Wet_Dry,71.8,0.0,38.7,5.7,6.9,0,0.326,0.399,129.0,0.522,83.2,0,106.77,60.4,60.8,0,4.5,0,17064
2023-11-16,South_Zone,Autumn,24.1,1,17309,Chennai,13.08,80.27,29.2,0.9,6,1,0.43,Tropical_Wet_Dry,65.8,0.0,24.1,3.0,6.6,0,0.244,0.52,110.0,0.543,78.2,0,108.28,66.8,82.6,0,4.5,0,18111
2023-11-17,South_Zone,Autumn,27.0,0,15169,Chennai,13.08,80.27,29.2,0.9,6,1,0.43,Tropical_Wet_Dry,75.4,0.0,29.3,1.0,5.5,0,0.041,0.369,117.0,0.549,80.3,0,107.46,54.6,68.4,0,4.5,0,15278
2023-11-18,South_Zone,Autumn,17.9,0,14165,Chennai,13.08,80.27,29.2,0.9,6,1,0.43,Tropical_Wet_Dry,71.0,0.0,17.9,2.9,5.7,0,0.367,0.443,114.0,0.546,76.1,0,106.86,55.8,55.4,0,4.5,0,14369
2023-11-19,South_Zone,Autumn,24.6,0,13767,Chennai,13.08,80.27,29.2,0.9,6,1,0.43,Tropical_Wet_Dry,72.5,0.0,24.6,6.8,6.0,0,0.357,0.348,107.0,0.505,78.9,0,107.32,56.4,63.5,0,4.5,0,13353
2023-11-20,South_Zone,Autumn,23.7,0,15204,Chennai,13.08,80.27,29.2,0.9,6,1,0.43,Tropical_Wet_Dry,73.1,0.0,23.7,7.5,6.1,0,0.32,0.41,118.0,0.525,79.7,0,107.79,50.2,54.1,0,4.5,0,15375
2023-11-21,South_Zone,Autumn,20.9,1,17094,Chennai,13.08,80.27,29.2,0.9,6,1,0.43,Tropical_Wet_Dry,75.9,0.0,20.9,7.5,5.7,0,0.256,0.421,97.0,0.49,78.8,0,107.1,52.4,73.3,0,4.5,0,17428
2023-11-22,South_Zone,Autumn,20.7,1,16973,Chennai,13.08,80.27,29.2,0.9,6,1,0.43,Tropical_Wet_Dry,75.3,2.1,20.7,7.8,6.3,0,0.293,0.43,129.0,0.46,78.5,0,105.73,56.5,65.1,0,4.5,0,17487
2023-11-23,South_Zone,Autumn,21.6,0,13434,Chennai,13.08,80.27,29.2,0.9,6,1,0.43,Tropical_Wet_Dry,68.8,0.0,21.6,4.1,7.2,0,0.382,0.427,145.0,0.511,80.1,0,107.41,55.6,57.0,0,4.5,0,13650
2023-11-24,South_Zone,Autumn,26.3,0,14076,Chennai,13.08,80.27,29.2,0.9,6,1,0.43,Tropical_Wet_Dry,63.5,0.0,26.3,3.5,6.6,0,0.237,0.186,121.0,0.461,83.0,0,106.78,55.8,63.1,0,4.5,0,14032
2023-11-25,South_Zone,Autumn,24.0,0,14333,Chennai,13.08,80.27,29.2,0.9,6,1,0.43,Tropical_Wet_Dry,76.0,7.2,24.0,7.1,5.7,0,0.386,0.376,137.0,0.53,77.2,0,106.49,55.7,57.7,0,4.5,0,14911
2023-11-26,South_Zone,Autumn,22.3,0,13890,Chennai,13.08,80.27,29.2,0.9,6,1,0.43,Tropical_Wet_Dry,73.5,0.0,22.3,5.4,5.7,0,0.153,0.345,123.0,0.501,72.4,0,106.08,55.0,54.6,0,4.5,0,13754
2023-11-27,South_Zone,Autumn,21.4,0,13427,Chennai,13.08,80.27,29.2,0.9,6,1,0.43,Tropical_Wet_Dry,78.9,0.0,21.4,8.7,6.1,0,0.317,0.357,102.0,0.495,83.7,0,107.47,52.9,56.6,0,4.5,0,13202
2023-11-28,South_Zone,Autumn,25.8,0,14142,Chennai,13.08,80.27,29.2,0.9,6,1,0.43,Tropical_Wet_Dry,70.3,0.0,25.8,7.1,5.7,0,0.303,0.363,156.0,0.422,78.0,0,107.44,57.7,55.3,0,4.5,0,14282
2023-11-29,South_Zone,Autumn,22.4,0,13834,Chennai,13.08,80.27,29.2,0.9,6,1,0.43,Tropical_Wet_Dry,65.5,0.0,22.4,9.9,6.6,0,0.4,0.439,76.0,0.546,78.3,0,106.0,56.7,62.1,0,4.5,0,14320
2023-11-30,South_Zone,Autumn,27.6,0,14416,Chennai,13.08,80.27,29.2,0.9,6,1,0.43,Tropical_Wet_Dry,74.3,0.0,30.4,4.6,7.4,0,0.208,0.392,120.0,0.524,78.4,0,105.88,51.8,66.0,0,4.5,0,14890
2023-12-01,South_Zone,Winter,11.2,0,11332,Chennai,13.08,80.27,29.2,0.9,6,1,0.43,Tropical_Wet_Dry,79.4,0.0,11.2,9.2,3.0,0,0.219,0.39,136.0,0.542,76.0,0,108.9,58.2,71.0,0,4.5,0,11601
2023-12-02,South_Zone,Winter,17.0,0,12561,Chennai,13.08,80.27,29.2,0.9,6,1,0.43,Tropical_Wet_Dry,79.5,0.0,17.0,12.1,3.6,0,0.161,0.332,178.0,0.504,78.8,0,107.9,53.7,77.1,0,4.5,0,12706
2023-12-03,South_Zone,Winter,12.0,0,11203,Chennai,13.08,80.27,29.2,0.9,6,1,0.43,Tropical_Wet_Dry,77.6,0.9,12.0,6.2,3.1,0,0.243,0.512,154.0,0.582,79.2,0,107.16,58.5,69.1,0,4.5,0,11384
2023-12-04,South_Zone,Winter,11.5,0,10660,Chennai,13.08,80.27,29.2,0.9,6,1,0.43,Tropical_Wet_Dry,89.3,0.0,11.5,7.5,2.9,0,0.326,0.381,196.0,0.499,81.3,0,107.71,55.9,71.5,0,4.5,0,10729
2023-12-05,South_Zone,Winter,18.1,0,13159,Chennai,13.08,80.27,29.2,0.9,6,1,0.43,Tropical_Wet_Dry,72.8,0.0,18.1,3.2,3.8,0,0.12,0.412,151.0,0.522,78.4,0,106.67,57.2,80.9,0,4.5,0,13257
2023-12-06,South_Zone,Winter,15.0,0,10981,Chennai,13.08,80.27,29.2,0.9,6,1,0.43,Tropical_Wet_Dry,77.3,0.0,15.0,8.7,3.1,0,0.256,0.548,136.0,0.564,72.7,0,106.99,56.5,71.1,0,4.5,0,11311
2023-12-07,South_Zone,Winter,16.9,0,12249,Chennai,13.08,80.27,29.2,0.9,6,1,0.43,Tropical_Wet_Dry,78.4,0.0,16.9,9.4,3.1,0,0.361,0.383,119.0,0.536,76.0,0,107.22,55.7,77.3,0,4.5,0,12913
2023-12-08,South_Zone,Winter,8.0,0,10635,Chennai,13.08,80.27,29.2,0.9,6,1,0.43,Tropical_Wet_Dry,77.7,0.0,8.0,4.5,2.2,0,0.29,0.403,170.0,0.533,83.3,0,108.19,57.6,68.4,0,4.5,0,10799
2023-12-09,South_Zone,Winter,14.9,0,12693,Chennai,13.08,80.27,29.2,0.9,6,1,0.43,Tropical_Wet_Dry,80.7,0.0,14.9,7.8,3.5,0,0.308,0.434,135.0,0.543,77.5,0,105.85,58.7,71.9,0,4.5,0,13050
2023-12-10,South_Zone,Winter,11.7,0,8387,Chennai,13.08,80.27,29.2,0.9,6,1,0.43,Tropical_Wet_Dry,89.0,0.0,11.7,6.8,4.0,0,0.149,0.324,142.0,0.509,81.6,0,106.27,56.0,67.7,0,4.5,0,8562
2023-12-11,South_Zone,Winter,15.8,0,12192,Chennai,13.08,80.27,29.2,0.9,6,1,0.43,Tropical_Wet_Dry,76.1,0.0,15.8,7.2,4.0,0,0.29,0.317,172.0,0.493,77.9,0,106.1,55.9,72.3,0,4.5,0,12291
2023-12-12,South_Zone,Winter,9.9,0,9699,Chennai,13.08,80.27,29.2,0.9,6,1,0.43,Tropical_Wet_Dry,84.0,0.0,9.9,8.4,4.1,0,0.303,0.391,169.0,0.545,82.4,0,108.21,54.9,73.2,0,4.5,0,9920
2023-12-13,South_Zone,Winter,23.3,0,13571,Chennai,13.08,80.27,29.2,0.9,6,1,0.43,Tropical_Wet_Dry,60.3,0.0,23.3,7.6,3.5,0,0.284,0.393,139.0,0.468,80.3,0,107.29,48.6,75.8,0,4.5,0,14106
2023-12-14,South_Zone,Winter,17.2,0,11777,Chennai,13.08,80.27,29.2,0.9,6,1,0.43,Tropical_Wet_Dry,77.5,0.0,17.2,5.6,4.1,0,0.315,0.428,142.0,0.508,75.6,0,106.51,55.7,69.1,0,4.5,0,12049
2023-12-15,South_Zone,Winter,8.7,0,10046,Chennai,13.08,80.27,29.2,0.9,6,1,0.43,Tropical_Wet_Dry,81.2,0.0,8.7,8.5,2.5,0,0.269,0.361,118.0,0.558,76.5,0,107.23,50.8,71.2,0,4.5,0,10472
2023-12-16,South_Zone,Winter,14.2,0,11230,Chennai,13.08,80.27,29.2,0.9,6,1,0.43,Tropical_Wet_Dry,75.4,0.0,14.2,9.3,3.9,0,0.254,0.446,113.0,0.511,75.5,0,106.86,53.5,77.9,0,4.5,0,11974
2023-12-17,South_Zone,Winter,14.7,0,11875,Chennai,13.08,80.27,29.2,0.9,6,1,0.43,Tropical_Wet_Dry,84.6,0.0,14.7,4.3,4.5,0,0.196,0.291,164.0,0.49,82.7,0,106.09,52.0,66.0,0,4.5,0,11798
2023-12-18,South_Zone,Winter,14.5,0,10626,Chennai,13.08,80.27,29.2,0.9,6,1,0.43,Tropical_Wet_Dry,77.7,0.0,14.5,6.0,3.8,0,0.397,0.416,166.0,0.566,76.2,0,108.82,53.7,59.6,0,4.5,0,10839
2023-12-19,South_Zone,Winter,16.5,0,10555,Chennai,13.08,80.27,29.2,0.9,6,1,0.43,Tropical_Wet_Dry,77.2,2.8,16.5,1.0,4.6,0,0.177,0.442,156.0,0.527,78.9,0,107.44,53.4,68.7,0,4.5,0,10787
2023-12-20,South_Zone,Winter,8.8,0,10803,Chennai,13.08,80.27,29.2,0.9,6,1,0.43,Tropical_Wet_Dry,80.8,0.0,8.8,7.8,2.8,0,0.316,0.44,153.0,0.505,79.8,0,108.91,58.5,75.1,0,4.5,0,11035
2023-12-21,South_Zone,Winter,16.5,0,12084,Chennai,13.08,80.27,29.2,0.9,6,1,0.43,Tropical_Wet_Dry,68.5,0.0,16.5,9.7,3.5,0,0.481,0.41,137.0,0.558,80.7,0,106.21,56.8,72.4,0,4.5,0,12336
2023-12-22,South_Zone,Winter,10.8,0,10137,Chennai,13.08,80.27,29.2,0.9,6,1,0.43,Tropical_Wet_Dry,75.9,0.0,10.8,5.2,2.7,0,0.41,0.38,176.0,0.506,78.6,0,108.2,56.7,67.2,0,4.5,0,10538
2023-12-23,South_Zone,Winter,14.2,0,10276,Chennai,13.08,80.27,29.2,0.9,6,1,0.43,Tropical_Wet_Dry,84.3,0.0,14.2,6.4,3.5,0,0.351,0.408,118.0,0.515,75.3,0,106.28,60.3,72.4,0,4.5,0,10520
2023-12-24,South_Zone,Winter,12.8,0,11717,Chennai,13.08,80.27,29.2,0.9,6,1,0.43,Tropical_Wet_Dry,69.8,0.0,12.8,5.3,3.6,0,0.325,0.494,142.0,0.484,76.4,0,110.2,69.3,70.2,0,4.5,0,12493
2023-12-25,South_Zone,Winter,19.3,0,12484,Chennai,13.08,80.27,29.2,0.9,6,1,0.43,Tropical_Wet_Dry,72.6,0.0,19.3,4.8,3.7,0,0.287,0.384,153.0,0.512,76.8,0,106.06,57.5,64.2,0,4.5,0,12575
2023-12-26,South_Zone,Winter,17.3,0,10786,Chennai,13.08,80.27,29.2,0.9,6,1,0.43,Tropical_Wet_Dry,75.6,0.0,17.3,6.7,3.3,0,0.21,0.479,150.0,0.56,72.1,0,109.62,60.5,70.3,0,4.5,0,11422
2023-12-27,South_Zone,Winter,17.0,0,11601,Chennai,13.08,80.27,29.2,0.9,6,1,0.43,Tropical_Wet_Dry,86.5,0.0,17.0,3.6,3.3,0,0.275,0.488,150.0,0.529,81.3,0,107.84,57.3,75.7,0,4.5,0,12311
2023-12-28,South_Zone,Winter,15.9,0,11782,Chennai,13.08,80.27,29.2,0.9,6,1,0.43,Tropical_Wet_Dry,82.3,0.0,15.9,5.3,3.8,0,0.357,0.316,141.0,0.461,81.5,0,107.71,58.7,70.6,0,4.5,0,11893
2023-12-29,South_Zone,Winter,19.0,0,12040,Chennai,13.08,80.27,29.2,0.9,6,1,0.43,Tropical_Wet_Dry,73.8,0.0,19.0,3.3,3.6,0,0.339,0.412,160.0,0.509,76.8,0,108.52,49.9,64.4,0,4.5,0,12347
2023-12-30,South_Zone,Winter,16.9,0,11997,Chennai,13.08,80.27,29.2,0.9,6,1,0.43,Tropical_Wet_Dry,84.4,0.0,16.9,7.8,2.9,0,0.379,0.361,128.0,0.492,83.9,0,107.03,45.0,80.6,0,4.5,0,12450
2023-12-31,South_Zone,Winter,14.5,0,11484,Chennai,13.08,80.27,29.2,0.9,6,1,0.43,Tropical_Wet_Dry,75.6,0.0,14.5,6.7,2.3,0,0.422,0.33,147.0,0.495,79.7,0,108.79,48.1,67.0,0,4.5,0,11553
2021-01-01,West_Zone,Winter,12.5,0,8104,Mumbai,19.08,72.88,17.1,0.83,14,1,0.6,Tropical_Monsoon,85.5,0.1,12.5,4.7,3.0,0,-0.016,0.468,158.0,0.561,84.5,0,100.89,50.9,73.9,0,6.0,0,8509
2021-01-02,West_Zone,Winter,14.8,0,8896,Mumbai,19.08,72.88,17.1,0.83,14,1,0.6,Tropical_Monsoon,72.3,0.0,14.8,6.1,2.7,0,0.019,0.448,144.0,0.622,84.3,0,100.08,58.5,76.2,0,6.0,0,9062
2021-01-03,West_Zone,Winter,15.3,0,9451,Mumbai,19.08,72.88,17.1,0.83,14,1,0.6,Tropical_Monsoon,84.2,0.0,15.3,5.3,3.0,0,-0.19,0.436,150.0,0.578,81.6,0,100.35,54.2,74.1,0,6.0,0,9601
2021-01-04,West_Zone,Winter,17.8,0,8602,Mumbai,19.08,72.88,17.1,0.83,14,1,0.6,Tropical_Monsoon,75.3,0.0,17.8,9.4,3.4,0,0.226,0.355,154.0,0.497,75.9,0,102.07,52.3,70.8,0,6.0,0,8614
2021-01-05,West_Zone,Winter,17.6,0,8452,Mumbai,19.08,72.88,17.1,0.83,14,1,0.6,Tropical_Monsoon,72.3,0.0,17.6,4.7,3.5,0,-0.041,0.433,118.0,0.57,82.6,0,100.82,55.6,62.9,0,6.0,0,8603
2021-01-06,West_Zone,Winter,16.8,0,9686,Mumbai,19.08,72.88,17.1,0.83,14,1,0.6,Tropical_Monsoon,76.8,1.0,16.8,7.9,3.2,0,0.065,0.341,120.0,0.544,83.6,0,99.42,54.2,77.9,0,6.0,0,9885
2021-01-07,West_Zone,Winter,9.3,0,7390,Mumbai,19.08,72.88,17.1,0.83,14,1,0.6,Tropical_Monsoon,83.8,0.0,9.3,3.9,4.5,0,-0.041,0.425,152.0,0.602,80.0,0,100.99,48.0,66.2,0,6.0,0,7471
2021-01-08,West_Zone,Winter,13.6,0,7791,Mumbai,19.08,72.88,17.1,0.83,14,1,0.6,Tropical_Monsoon,77.4,0.8,13.6,8.4,2.7,0,-0.044,0.38,139.0,0.55,82.5,0,99.74,54.8,76.9,0,6.0,0,7920
2021-01-09,West_Zone,Winter,19.1,0,9240,Mumbai,19.08,72.88,17.1,0.83,14,1,0.6,Tropical_Monsoon,79.3,0.2,19.1,9.1,4.4,0,-0.024,0.483,140.0,0.575,81.9,0,99.58,56.2,77.6,0,6.0,0,9340
2021-01-10,West_Zone,Winter,12.6,0,8205,Mumbai,19.08,72.88,17.1,0.83,14,1,0.6,Tropical_Monsoon,77.5,0.0,12.6,9.3,3.3,0,-0.125,0.398,160.0,0.615,79.1,0,100.86,61.7,65.9,0,6.0,0,8517
2021-01-11,West_Zone,Winter,17.1,0,9150,Mumbai,19.08,72.88,17.1,0.83,14,1,0.6,Tropical_Monsoon,80.8,0.0,17.1,10.4,3.2,0,-0.248,0.434,132.0,0.536,81.7,0,99.37,52.4,65.8,0,6.0,0,9342
2021-01-12,West_Zone,Winter,18.5,0,10049,Mumbai,19.08,72.88,17.1,0.83,14,1,0.6,Tropical_Monsoon,79.1,0.0,18.5,6.9,4.0,0,0.116,0.434,107.0,0.592,80.5,0,100.46,60.0,70.0,0,6.0,0,10220
2021-01-13,West_Zone,Winter,8.5,0,6692,Mumbai,19.08,72.88,17.1,0.83,14,1,0.6,Tropical_Monsoon,82.6,0.0,8.5,9.7,2.9,0,0.055,0.415,180.0,0.566,83.1,0,101.12,51.8,76.6,0,6.0,0,6835
2021-01-14,West_Zone,Winter,13.3,0,8712,Mumbai,19.08,72.88,17.1,0.83,14,1,0.6,Tropical_Monsoon,77.8,0.0,13.3,10.9,2.9,0,-0.092,0.426,172.0,0.551,80.2,0,102.39,63.3,69.0,0,6.0,0,8789
2021-01-15,West_Zone,Winter,7.1,0,8820,Mumbai,19.08,72.88,17.1,0.83,14,1,0.6,Tropical_Monsoon,84.5,0.0,7.1,2.6,4.2,0,0.045,0.438,172.0,0.55,79.9,0,101.15,51.1,72.5,0,6.0,0,8875
2021-01-16,West_Zone,Winter,16.6,0,9267,Mumbai,19.08,72.88,17.1,0.83,14,1,0.6,Tropical_Monsoon,80.8,1.3,16.6,4.2,2.3,0,0.082,0.366,130.0,0.592,77.1,0,99.07,55.2,69.5,0,6.0,0,9259
2021-01-17,West_Zone,Winter,18.5,0,11511,Mumbai,19.08,72.88,17.1,0.83,14,1,0.6,Tropical_Monsoon,87.2,0.0,18.5,1.5,3.5,0,-0.069,0.444,149.0,0.585,88.6,0,99.26,53.9,75.9,0,6.0,0,11634
2021-01-18,West_Zone,Winter,17.6,0,10162,Mumbai,19.08,72.88,17.1,0.83,14,1,0.6,Tropical_Monsoon,82.1,0.0,17.6,9.2,3.7,0,0.041,0.472,127.0,0.596,80.6,0,102.34,59.9,68.8,0,6.0,0,10587
2021-01-19,West_Zone,Winter,15.4,0,8734,Mumbai,19.08,72.88,17.1,0.83,14,1,0.6,Tropical_Monsoon,83.6,0.2,15.4,1.5,4.4,0,0.101,0.444,149.0,0.598,78.6,0,100.01,58.4,68.4,0,6.0,0,9062
2021-01-20,West_Zone,Winter,13.6,0,7732,Mumbai,19.08,72.88,17.1,0.83,14,1,0.6,Tropical_Monsoon,95.3,0.0,13.6,1.0,3.2,0,-0.144,0.399,144.0,0.57,83.8,0,99.16,48.5,66.8,0,6.0,0,7671
2021-01-21,West_Zone,Winter,12.9,0,7154,Mumbai,19.08,72.88,17.1,0.83,14,1,0.6,Tropical_Monsoon,82.8,0.0,12.9,2.7,5.0,0,0.053,0.43,131.0,0.536,82.6,0,99.7,51.5,66.7,0,6.0,0,7312
2021-01-22,West_Zone,Winter,14.8,0,7345,Mumbai,19.08,72.88,17.1,0.83,14,1,0.6,Tropical_Monsoon,81.5,0.0,14.8,1.0,3.9,0,0.036,0.398,159.0,0.512,83.6,0,101.53,62.1,77.3,0,6.0,0,7339
2021-01-23,West_Zone,Winter,15.6,0,8864,Mumbai,19.08,72.88,17.1,0.83,14,1,0.6,Tropical_Monsoon,82.2,0.0,15.6,6.8,2.1,0,0.188,0.413,145.0,0.609,84.0,0,100.88,53.7,70.2,0,6.0,0,9180
2021-01-24,West_Zone,Winter,15.4,0,8442,Mumbai,19.08,72.88,17.1,0.83,14,1,0.6,Tropical_Monsoon,73.7,0.0,15.4,2.7,2.6,0,0.056,0.349,181.0,0.553,85.3,0,101.45,56.8,67.2,0,6.0,0,8551
2021-01-25,West_Zone,Winter,24.2,0,12145,Mumbai,19.08,72.88,17.1,0.83,14,1,0.6,Tropical_Monsoon,71.3,0.0,24.2,1.0,4.1,0,-0.041,0.503,152.0,0.588,78.8,0,100.8,49.0,63.6,0,6.0,0,12308
2021-01-26,West_Zone,Winter,11.3,0,8002,Mumbai,19.08,72.88,17.1,0.83,14,1,0.6,Tropical_Monsoon,78.7,0.0,11.3,5.9,2.6,0,-0.03,0.536,104.0,0.648,82.4,0,99.76,51.9,70.6,0,6.0,0,8336
2021-01-27,West_Zone,Winter,13.2,0,7482,Mumbai,19.08,72.88,17.1,0.83,14,1,0.6,Tropical_Monsoon,83.3,0.0,13.2,6.1,3.7,0,0.202,0.378,117.0,0.523,77.3,0,99.11,49.8,67.9,0,6.0,0,7685
2021-01-28,West_Zone,Winter,11.0,0,8090,Mumbai,19.08,72.88,17.1,0.83,14,1,0.6,Tropical_Monsoon,80.5,1.1,11.0,1.0,3.0,0,-0.035,0.467,188.0,0.501,81.1,0,100.09,56.7,66.9,0,6.0,0,7943
2021-01-29,West_Zone,Winter,13.0,0,9013,Mumbai,19.08,72.88,17.1,0.83,14,1,0.6,Tropical_Monsoon,80.9,0.0,13.0,3.9,2.7,0,0.059,0.507,144.0,0.532,84.0,0,101.08,56.4,68.1,0,6.0,0,9340
2021-01-30,West_Zone,Winter,18.0,0,10594,Mumbai,19.08,72.88,17.1,0.83,14,1,0.6,Tropical_Monsoon,82.6,0.0,18.0,5.8,3.1,0,-0.024,0.363,154.0,0.535,79.3,0,99.8,57.8,72.6,0,6.0,0,10595
2021-01-31,West_Zone,Winter,12.4,0,8491,Mumbai,19.08,72.88,17.1,0.83,14,1,0.6,Tropical_Monsoon,84.9,0.0,12.4,4.9,3.9,0,0.108,0.29,150.0,0.536,88.7,0,102.0,49.5,66.2,0,6.0,0,8725
2021-02-01,West_Zone,Winter,16.9,0,8844,Mumbai,19.08,72.88,17.1,0.83,14,1,0.6,Tropical_Monsoon,77.1,0.0,16.9,5.0,2.4,0,0.113,0.511,175.0,0.629,82.1,0,100.05,55.2,70.5,0,6.0,0,9239
2021-02-02,West_Zone,Winter,12.7,0,9458,Mumbai,19.08,72.88,17.1,0.83,14,1,0.6,Tropical_Monsoon,77.0,0.0,12.7,9.5,4.0,0,-0.002,0.419,116.0,0.59,76.6,0,99.42,52.8,76.4,0,6.0,0,9528
2021-02-03,West_Zone,Winter,15.7,0,9429,Mumbai,19.08,72.88,17.1,0.83,14,1,0.6,Tropical_Monsoon,84.3,1.4,15.7,12.4,4.2,0,-0.041,0.389,174.0,0.48,84.1,0,101.11,43.7,69.2,0,6.0,0,9406
2021-02-04,West_Zone,Winter,12.5,0,7158,Mumbai,19.08,72.88,17.1,0.83,14,1,0.6,Tropical_Monsoon,84.4,0.0,12.5,5.1,3.2,0,-0.043,0.423,173.0,0.65,88.7,0,101.89,55.6,66.7,0,6.0,0,7413
2021-02-05,West_Zone,Winter,13.3,0,8223,Mumbai,19.08,72.88,17.1,0.83,14,1,0.6,Tropical_Monsoon,72.0,0.0,13.3,2.0,2.6,0,-0.173,0.398,150.0,0.547,75.3,0,102.65,59.2,77.3,0,6.0,0,8539
2021-02-06,West_Zone,Winter,11.8,0,7943,Mumbai,19.08,72.88,17.1,0.83,14,1,0.6,Tropical_Monsoon,79.4,0.0,11.8,5.3,3.7,0,0.01,0.598,157.0,0.646,84.1,0,99.58,59.1,71.6,0,6.0,0,8311
2021-02-07,West_Zone,Winter,9.9,0,6587,Mumbai,19.08,72.88,17.1,0.83,14,1,0.6,Tropical_Monsoon,82.9,0.0,9.9,6.6,3.0,0,0.008,0.388,143.0,0.573,79.0,0,102.64,53.9,71.1,0,6.0,0,6767
2021-02-08,West_Zone,Winter,17.0,0,9736,Mumbai,19.08,72.88,17.1,0.83,14,1,0.6,Tropical_Monsoon,81.7,0.0,17.0,5.8,2.7,0,-0.082,0.44,120.0,0.57,81.8,0,101.43,56.9,74.6,0,6.0,0,9886
2021-02-09,West_Zone,Winter,13.8,0,7641,Mumbai,19.08,72.88,17.1,0.83,14,1,0.6,Tropical_Monsoon,84.3,0.0,13.8,7.8,4.6,0,-0.183,0.498,160.0,0.577,78.1,0,100.65,55.4,71.6,0,6.0,0,7843
2021-02-10,West_Zone,Winter,11.9,0,7680,Mumbai,19.08,72.88,17.1,0.83,14,1,0.6,Tropical_Monsoon,82.3,0.0,11.9,12.6,2.8,0,0.021,0.497,154.0,0.551,84.6,0,101.98,50.8,72.3,0,6.0,0,7866
2021-02-11,West_Zone,Winter,16.9,0,9975,Mumbai,19.08,72.88,17.1,0.83,14,1,0.6,Tropical_Monsoon,80.8,0.0,16.9,1.0,2.7,0,0.033,0.486,155.0,0.543,81.0,0,102.68,50.5,64.1,0,6.0,0,9928
2021-02-12,West_Zone,Winter,13.5,0,7454,Mumbai,19.08,72.88,17.1,0.83,14,1,0.6,Tropical_Monsoon,80.2,9.4,13.5,4.5,3.6,0,0.039,0.394,159.0,0.554,85.5,0,99.67,52.7,67.8,0,6.0,0,7584
2021-02-13,West_Zone,Winter,15.8,0,8292,Mumbai,19.08,72.88,17.1,0.83,14,1,0.6,Tropical_Monsoon,75.2,0.0,15.8,10.6,3.5,0,-0.099,0.411,139.0,0.521,78.9,0,100.94,52.4,81.3,0,6.0,0,8428
2021-02-14,West_Zone,Winter,13.4,0,9421,Mumbai,19.08,72.88,17.1,0.83,14,1,0.6,Tropical_Monsoon,78.7,0.0,13.4,4.4,4.3,0,0.04,0.29,177.0,0.582,81.4,0,100.85,53.7,66.8,0,6.0,0,9715
2021-02-15,West_Zone,Winter,17.5,0,9496,Mumbai,19.08,72.88,17.1,0.83,14,1,0.6,Tropical_Monsoon,77.6,0.0,17.5,8.4,3.4,0,-0.018,0.416,150.0,0.567,75.1,0,102.05,52.1,72.3,0,6.0,0,9880
2021-02-16,West_Zone,Winter,11.2,0,7965,Mumbai,19.08,72.88,17.1,0.83,14,1,0.6,Tropical_Monsoon,81.1,0.0,11.2,7.9,3.1,0,0.086,0.422,160.0,0.628,89.8,0,102.91,55.0,80.7,0,6.0,0,8294
2021-02-17,West_Zone,Winter,18.2,0,9246,Mumbai,19.08,72.88,17.1,0.83,14,1,0.6,Tropical_Monsoon,67.7,0.2,18.2,9.7,3.9,0,-0.097,0.465,145.0,0.563,87.8,0,101.54,49.4,75.4,0,6.0,0,9650
2021-02-18,West_Zone,Winter,19.1,0,10797,Mumbai,19.08,72.88,17.1,0.83,14,1,0.6,Tropical_Monsoon,74.6,0.0,19.1,11.7,3.8,0,0.115,0.528,169.0,0.574,88.5,0,101.2,59.6,73.5,0,6.0,0,11222
2021-02-19,West_Zone,Winter,20.0,0,10241,Mumbai,19.08,72.88,17.1,0.83,14,1,0.6,Tropical_Monsoon,76.3,0.0,20.0,7.0,3.9,0,0.151,0.463,152.0,0.593,86.6,0,101.96,46.5,68.0,0,6.0,0,10493
2021-02-20,West_Zone,Winter,16.8,0,10321,Mumbai,19.08,72.88,17.1,0.83,14,1,0.6,Tropical_Monsoon,76.5,0.0,16.8,1.0,3.8,0,0.012,0.484,148.0,0.573,80.2,0,101.3,53.2,68.9,0,6.0,0,10339
2021-02-21,West_Zone,Winter,16.3,0,8684,Mumbai,19.08,72.88,17.1,0.83,14,1,0.6,Tropical_Monsoon,77.0,0.0,16.3,3.9,3.7,0,0.04,0.419,172.0,0.594,81.9,0,99.39,51.9,70.5,0,6.0,0,8840
2021-02-22,West_Zone,Winter,13.7,0,8604,Mumbai,19.08,72.88,17.1,0.83,14,1,0.6,Tropical_Monsoon,82.2,0.0,13.7,12.6,3.2,0,0.078,0.497,119.0,0.627,82.9,0,102.1,53.3,73.7,0,6.0,0,8869
2021-02-23,West_Zone,Winter,11.1,0,7667,Mumbai,19.08,72.88,17.1,0.83,14,1,0.6,Tropical_Monsoon,75.9,0.8,11.1,1.8,3.8,0,-0.103,0.421,145.0,0.598,83.1,0,102.59,50.7,78.4,0,6.0,0,7902
2021-02-24,West_Zone,Winter,18.3,0,7819,Mumbai,19.08,72.88,17.1,0.83,14,1,0.6,Tropical_Monsoon,68.9,1.1,18.3,7.5,3.4,0,-0.049,0.488,139.0,0.623,78.7,0,102.7,48.0,72.6,0,6.0,0,8065
2021-02-25,West_Zone,Winter,19.6,0,10798,Mumbai,19.08,72.88,17.1,0.83,14,1,0.6,Tropical_Monsoon,74.5,0.0,19.6,1.0,4.2,0,0.018,0.468,157.0,0.602,78.6,0,100.49,54.2,69.1,0,6.0,0,11250
2021-02-26,West_Zone,Winter,13.6,0,8839,Mumbai,19.08,72.88,17.1,0.83,14,1,0.6,Tropical_Monsoon,83.7,2.7,13.6,1.9,4.3,0,0.203,0.444,156.0,0.555,78.0,0,102.27,53.1,71.5,0,6.0,0,9202
2021-02-27,West_Zone,Winter,15.0,0,9736,Mumbai,19.08,72.88,17.1,0.83,14,1,0.6,Tropical_Monsoon,87.4,0.2,15.0,8.7,3.1,0,-0.12,0.328,150.0,0.576,80.7,0,103.21,55.8,74.6,0,6.0,0,9875
2021-02-28,West_Zone,Winter,17.9,0,8366,Mumbai,19.08,72.88,17.1,0.83,14,1,0.6,Tropical_Monsoon,81.2,0.0,17.9,6.1,5.1,0,0.164,0.486,137.0,0.602,81.0,0,104.23,48.1,73.7,0,6.0,0,8491
2021-03-01,West_Zone,Summer,37.3,0,14172,Mumbai,19.08,72.88,17.1,0.83,14,1,0.6,Tropical_Monsoon,34.3,0.0,39.7,4.9,9.2,0,-0.019,0.643,95.0,0.602,80.6,0,102.2,60.7,43.8,0,6.0,1,14212
2021-03-02,West_Zone,Summer,43.8,0,16914,Mumbai,19.08,72.88,17.1,0.83,14,1,0.6,Tropical_Monsoon,36.6,0.0,56.2,3.6,9.5,0,-0.003,0.662,101.0,0.611,82.8,0,102.72,53.8,39.4,0,6.0,0,17522
2021-03-03,West_Zone,Summer,32.0,0,11942,Mumbai,19.08,72.88,17.1,0.83,14,1,0.6,Tropical_Monsoon,46.1,0.0,33.5,1.0,9.7,0,0.122,0.639,92.0,0.617,77.9,0,100.76,41.1,50.4,0,6.0,0,12384
2021-03-04,West_Zone,Summer,37.0,0,13873,Mumbai,19.08,72.88,17.1,0.83,14,1,0.6,Tropical_Monsoon,42.7,0.0,42.3,8.1,9.9,0,0.202,0.649,115.0,0.656,79.4,0,100.64,54.0,43.7,0,6.0,1,13936
2021-03-05,West_Zone,Summer,38.2,0,15315,Mumbai,19.08,72.88,17.1,0.83,14,1,0.6,Tropical_Monsoon,43.8,4.8,45.7,5.2,9.7,0,0.042,0.698,106.0,0.638,79.7,0,102.77,52.2,46.2,0,6.0,0,15400
2021-03-06,West_Zone,Summer,39.2,0,14967,Mumbai,19.08,72.88,17.1,0.83,14,1,0.6,Tropical_Monsoon,35.9,0.0,44.2,1.4,10.2,0,0.116,0.592,95.0,0.608,84.5,0,99.76,48.4,41.6,0,6.0,1,14979
2021-03-07,West_Zone,Summer,34.8,0,14100,Mumbai,19.08,72.88,17.1,0.83,14,1,0.6,Tropical_Monsoon,43.4,0.0,37.9,6.1,9.6,0,-0.092,0.648,53.0,0.617,82.6,0,101.97,58.7,41.5,0,6.0,0,14733
2021-03-08,West_Zone,Summer,37.1,0,14170,Mumbai,19.08,72.88,17.1,0.83,14,1,0.6,Tropical_Monsoon,43.8,0.0,43.1,7.7,10.8,0,-0.053,0.573,91.0,0.593,83.0,0,103.26,58.0,47.5,0,6.0,1,14501
2021-03-09,West_Zone,Summer,32.4,0,12905,Mumbai,19.08,72.88,17.1,0.83,14,1,0.6,Tropical_Monsoon,48.7,0.0,34.8,5.4,9.3,0,-0.135,0.655,106.0,0.589,79.2,0,102.55,55.4,38.7,0,6.0,1,13028
2021-03-10,West_Zone,Summer,39.1,0,14232,Mumbai,19.08,72.88,17.1,0.83,14,1,0.6,Tropical_Monsoon,36.5,0.0,44.3,6.3,9.2,0,-0.052,0.635,90.0,0.643,82.1,0,102.56,54.3,39.2,0,6.0,1,14473
2021-03-11,West_Zone,Summer,41.1,0,15213,Mumbai,19.08,72.88,17.1,0.83,14,1,0.6,Tropical_Monsoon,37.6,3.7,49.6,6.1,9.5,0,0.057,0.582,100.0,0.575,79.7,0,101.82,55.7,52.5,0,6.0,1,15038
2021-03-12,West_Zone,Summer,26.7,0,10916,Mumbai,19.08,72.88,17.1,0.83,14,1,0.6,Tropical_Monsoon,34.5,0.7,26.4,3.9,9.4,0,0.021,0.626,91.0,0.619,79.8,0,101.47,47.3,49.1,0,6.0,0,11106
2021-03-13,West_Zone,Summer,40.5,0,15221,Mumbai,19.08,72.88,17.1,0.83,14,1,0.6,Tropical_Monsoon,36.6,0.0,47.5,6.2,10.1,0,0.173,0.586,99.0,0.594,83.1,0,104.05,55.4,47.1,0,6.0,1,15795
2021-03-14,West_Zone,Summer,43.2,0,16025,Mumbai,19.08,72.88,17.1,0.83,14,1,0.6,Tropical_Monsoon,35.5,0.0,53.7,8.2,10.0,0,0.205,0.597,120.0,0.632,80.1,0,103.14,59.2,39.6,0,6.0,0,16192
2021-03-15,West_Zone,Summer,36.1,0,13919,Mumbai,19.08,72.88,17.1,0.83,14,1,0.6,Tropical_Monsoon,37.2,0.0,38.4,9.1,9.0,0,-0.014,0.641,109.0,0.61,81.7,0,102.76,58.3,46.1,0,6.0,1,14162
2021-03-16,West_Zone,Summer,42.4,0,16384,Mumbai,19.08,72.88,17.1,0.83,14,1,0.6,Tropical_Monsoon,39.4,0.9,54.4,8.4,10.5,0,-0.068,0.636,72.0,0.589,81.2,0,101.95,49.6,44.6,0,6.0,1,16727
2021-03-17,West_Zone,Summer,35.8,0,15856,Mumbai,19.08,72.88,17.1,0.83,14,1,0.6,Tropical_Monsoon,42.2,0.4,39.5,4.0,10.7,0,0.116,0.505,65.0,0.616,78.5,0,101.35,54.3,42.8,0,6.0,1,15727
2021-03-18,West_Zone,Summer,32.3,0,12901,Mumbai,19.08,72.88,17.1,0.83,14,1,0.6,Tropical_Monsoon,33.3,0.0,31.6,7.9,9.4,0,0.126,0.642,103.0,0.596,80.3,0,103.02,49.7,44.6,0,6.0,0,13208
2021-03-19,West_Zone,Summer,34.5,0,14088,Mumbai,19.08,72.88,17.1,0.83,14,1,0.6,Tropical_Monsoon,44.4,0.0,37.6,7.4,10.6,0,0.044,0.602,116.0,0.615,80.3,0,101.64,54.3,37.8,0,6.0,1,14065
2021-03-20,West_Zone,Summer,36.3,0,15488,Mumbai,19.08,72.88,17.1,0.83,14,1,0.6,Tropical_Monsoon,37.6,0.1,38.9,3.9,10.1,0,0.071,0.595,65.0,0.647,80.9,0,102.03,50.8,34.7,0,6.0,1,15563
2021-03-21,West_Zone,Summer,38.2,0,13879,Mumbai,19.08,72.88,17.1,0.83,14,1,0.6,Tropical_Monsoon,43.5,0.0,45.6,4.6,11.0,0,0.055,0.552,91.0,0.576,76.6,0,102.58,50.6,46.5,0,6.0,0,13963
2021-03-22,West_Zone,Summer,34.3,0,12489,Mumbai,19.08,72.88,17.1,0.83,14,1,0.6,Tropical_Monsoon,37.0,0.0,35.2,8.0,9.7,0,-0.099,0.617,138.0,0.611,79.8,0,102.18,55.3,45.8,0,6.0,1,12651
2021-03-23,West_Zone,Summer,37.9,0,13463,Mumbai,19.08,72.88,17.1,0.83,14,1,0.6,Tropical_Monsoon,41.4,2.0,43.8,10.1,9.7,0,-0.122,0.589,90.0,0.594,84.7,0,103.52,51.5,46.3,0,6.0,0,13719
2021-03-24,West_Zone,Summer,33.8,0,14420,Mumbai,19.08,72.88,17.1,0.83,14,1,0.6,Tropical_Monsoon,42.3,0.0,35.7,1.0,9.9,0,-0.005,0.696,140.0,0.638,83.3,0,100.66,50.1,48.8,0,6.0,1,14791
2021-03-25,West_Zone,Summer,41.4,0,15935,Mumbai,19.08,72.88,17.1,0.83,14,1,0.6,Tropical_Monsoon,40.7,0.0,52.5,10.9,9.6,0,-0.02,0.515,80.0,0.587,80.8,0,102.05,55.2,47.6,0,6.0,0,16066
2021-03-26,West_Zone,Summer,32.8,0,13212,Mumbai,19.08,72.88,17.1,0.83,14,1,0.6,Tropical_Monsoon,44.9,0.0,34.6,9.5,9.6,0,0.028,0.562,83.0,0.628,78.5,0,104.13,48.7,52.4,0,6.0,0,13578
2021-03-27,West_Zone,Summer,26.6,0,13278,Mumbai,19.08,72.88,17.1,0.83,14,1,0.6,Tropical_Monsoon,46.8,0.0,26.6,6.6,9.9,0,-0.013,0.558,82.0,0.581,82.3,0,102.89,52.9,50.9,0,6.0,1,13317
2021-03-28,West_Zone,Summer,33.1,0,13427,Mumbai,19.08,72.88,17.1,0.83,14,1,0.6,Tropical_Monsoon,36.5,0.0,33.2,5.3,9.9,0,-0.17,0.636,72.0,0.657,84.9,0,101.8,47.6,45.3,0,6.0,0,13310
2021-03-29,West_Zone,Summer,34.3,0,12284,Mumbai,19.08,72.88,17.1,0.83,14,1,0.6,Tropical_Monsoon,36.0,0.0,35.0,7.2,9.4,0,-0.211,0.69,65.0,0.681,86.6,0,102.8,48.7,45.8,0,6.0,1,12683
2021-03-30,West_Zone,Summer,27.7,0,12761,Mumbai,19.08,72.88,17.1,0.83,14,1,0.6,Tropical_Monsoon,44.5,0.0,27.7,4.1,9.3,0,0.074,0.65,91.0,0.63,80.4,0,101.95,58.5,46.1,0,6.0,0,12919
2021-03-31,West_Zone,Summer,40.2,0,15049,Mumbai,19.08,72.88,17.1,0.83,14,1,0.6,Tropical_Monsoon,39.8,0.0,48.7,5.5,10.2,0,-0.066,0.554,98.0,0.575,78.8,0,103.47,52.7,37.3,0,6.0,1,15237
2021-04-01,West_Zone,Summer,37.0,0,14107,Mumbai,19.08,72.88,17.1,0.83,14,1,0.6,Tropical_Monsoon,38.8,0.0,40.7,1.6,10.0,0,-0.023,0.594,82.0,0.607,83.4,0,102.82,51.3,49.6,0,6.0,1,14283
2021-04-02,West_Zone,Summer,35.9,0,14703,Mumbai,19.08,72.88,17.1,0.83,14,1,0.6,Tropical_Monsoon,45.6,0.0,41.0,1.0,10.0,0,-0.056,0.571,86.0,0.599,83.1,0,101.13,56.9,47.9,0,6.0,0,14493
2021-04-03,West_Zone,Summer,33.1,0,13304,Mumbai,19.08,72.88,17.1,0.83,14,1,0.6,Tropical_Monsoon,42.7,0.0,34.6,13.0,9.6,0,-0.091,0.65,121.0,0.676,82.0,0,102.24,60.4,36.7,0,6.0,1,13561
2021-04-04,West_Zone,Summer,34.0,0,12202,Mumbai,19.08,72.88,17.1,0.83,14,1,0.6,Tropical_Monsoon,38.8,1.9,35.1,6.2,9.0,0,-0.094,0.593,112.0,0.605,80.1,0,102.42,55.0,52.7,0,6.0,0,12674
2021-04-05,West_Zone,Summer,38.7,0,16312,Mumbai,19.08,72.88,17.1,0.83,14,1,0.6,Tropical_Monsoon,39.4,0.0,44.8,6.6,9.3,0,0.102,0.535,90.0,0.635,78.1,0,102.46,58.1,42.9,0,6.0,0,16630
2021-04-06,West_Zone,Summer,31.5,0,13646,Mumbai,19.08,72.88,17.1,0.83,14,1,0.6,Tropical_Monsoon,46.2,0.0,32.7,5.9,9.6,0,-0.024,0.655,103.0,0.627,84.0,0,102.31,51.7,44.4,0,6.0,1,13649
2021-04-07,West_Zone,Summer,31.6,0,13014,Mumbai,19.08,72.88,17.1,0.83,14,1,0.6,Tropical_Monsoon,46.7,0.0,32.9,3.5,9.8,0,0.063,0.696,66.0,0.635,84.7,0,102.55,54.2,44.3,0,6.0,1,13224
2021-04-08,West_Zone,Summer,41.0,0,14841,Mumbai,19.08,72.88,17.1,0.83,14,1,0.6,Tropical_Monsoon,48.8,0.0,57.2,5.1,10.2,0,0.077,0.609,100.0,0.602,80.9,0,102.41,54.0,44.1,0,6.0,0,14968
2021-04-09,West_Zone,Summer,34.9,0,12294,Mumbai,19.08,72.88,17.1,0.83,14,1,0.6,Tropical_Monsoon,39.7,0.0,36.9,6.3,9.1,0,0.032,0.627,94.0,0.609,87.1,0,101.26,54.8,57.0,0,6.0,0,12589
2021-04-10,West_Zone,Summer,32.3,0,11560,Mumbai,19.08,72.88,17.1,0.83,14,1,0.6,Tropical_Monsoon,44.3,0.0,33.6,5.4,9.3,0,0.08,0.53,88.0,0.619,82.7,0,101.52,57.5,43.7,0,6.0,1,11593
2021-04-11,West_Zone,Summer,36.7,0,14844,Mumbai,19.08,72.88,17.1,0.83,14,1,0.6,Tropical_Monsoon,44.1,0.4,42.3,3.7,8.9,0,0.001,0.496,96.0,0.562,81.5,0,101.72,47.8,43.4,0,6.0,1,14495
2021-04-12,West_Zone,Summer,34.1,0,13757,Mumbai,19.08,72.88,17.1,0.83,14,1,0.6,Tropical_Monsoon,43.4,0.0,36.5,7.4,8.6,0,0.136,0.509,93.0,0.616,78.5,0,102.06,50.3,45.1,0,6.0,0,13894
2021-04-13,West_Zone,Summer,33.7,0,14016,Mumbai,19.08,72.88,17.1,0.83,14,1,0.6,Tropical_Monsoon,41.3,0.0,35.2,6.6,9.5,0,0.082,0.617,71.0,0.657,76.9,0,101.71,51.7,40.8,0,6.0,1,14596
2021-04-14,West_Zone,Summer,35.5,0,12290,Mumbai,19.08,72.88,17.1,0.83,14,1,0.6,Tropical_Monsoon,35.0,0.0,36.7,7.2,10.3,0,0.096,0.602,125.0,0.593,80.5,0,103.05,50.3,46.5,0,6.0,0,12383
2021-04-15,West_Zone,Summer,38.8,0,14378,Mumbai,19.08,72.88,17.1,0.83,14,1,0.6,Tropical_Monsoon,38.2,2.3,44.4,8.1,9.7,0,-0.094,0.653,112.0,0.659,83.1,0,100.98,54.3,40.9,0,6.0,1,14404
2021-04-16,West_Zone,Summer,29.9,0,12128,Mumbai,19.08,72.88,17.1,0.83,14,1,0.6,Tropical_Monsoon,40.7,0.0,29.7,5.5,10.4,0,0.026,0.608,88.0,0.643,89.0,0,100.2,53.9,47.5,0,6.0,0,12640
2021-04-17,West_Zone,Summer,27.4,0,10848,Mumbai,19.08,72.88,17.1,0.83,14,1,0.6,Tropical_Monsoon,38.9,0.0,27.1,5.5,9.0,0,-0.184,0.679,63.0,0.656,82.2,0,103.89,54.8,39.8,0,6.0,0,11446
2021-04-18,West_Zone,Summer,35.6,0,14074,Mumbai,19.08,72.88,17.1,0.83,14,1,0.6,Tropical_Monsoon,38.7,0.0,37.9,10.4,9.5,0,0.14,0.672,51.0,0.609,83.8,0,101.1,51.8,42.1,0,6.0,1,14227
2021-04-19,West_Zone,Summer,36.2,0,14059,Mumbai,19.08,72.88,17.1,0.83,14,1,0.6,Tropical_Monsoon,37.0,0.4,38.5,3.2,9.0,0,-0.062,0.601,131.0,0.607,79.5,0,103.01,59.6,40.0,0,6.0,0,14304
2021-04-20,West_Zone,Summer,32.2,0,13013,Mumbai,19.08,72.88,17.1,0.83,14,1,0.6,Tropical_Monsoon,47.6,0.0,34.2,1.0,9.2,0,-0.048,0.56,92.0,0.596,82.6,0,102.51,54.9,42.3,0,6.0,0,13202
2021-04-21,West_Zone,Summer,33.3,0,12012,Mumbai,19.08,72.88,17.1,0.83,14,1,0.6,Tropical_Monsoon,47.0,0.0,36.0,7.7,8.7,0,-0.137,0.505,109.0,0.649,82.2,0,101.1,52.8,36.1,0,6.0,0,12257
2021-04-22,West_Zone,Summer,31.9,0,13689,Mumbai,19.08,72.88,17.1,0.83,14,1,0.6,Tropical_Monsoon,40.3,0.0,32.2,4.1,8.4,0,-0.004,0.706,78.0,0.636,79.2,0,101.74,54.0,32.8,0,6.0,1,13672
2021-04-23,West_Zone,Summer,41.4,0,15859,Mumbai,19.08,72.88,17.1,0.83,14,1,0.6,Tropical_Monsoon,37.9,0.0,50.6,2.8,9.1,0,-0.027,0.563,89.0,0.595,86.0,0,101.58,56.6,43.4,0,6.0,1,16021
2021-04-24,West_Zone,Summer,41.2,0,15362,Mumbai,19.08,72.88,17.1,0.83,14,1,0.6,Tropical_Monsoon,30.0,0.0,45.5,8.7,9.9,0,0.182,0.53,90.0,0.558,81.6,0,102.2,54.7,37.3,0,6.0,1,15115
2021-04-25,West_Zone,Summer,42.0,0,17135,Mumbai,19.08,72.88,17.1,0.83,14,1,0.6,Tropical_Monsoon,36.3,0.0,51.1,5.6,9.4,0,0.086,0.628,99.0,0.588,85.3,0,101.07,50.0,53.7,0,6.0,0,17592
2021-04-26,West_Zone,Summer,28.1,0,12193,Mumbai,19.08,72.88,17.1,0.83,14,1,0.6,Tropical_Monsoon,49.1,0.0,28.5,2.2,8.9,0,-0.051,0.531,97.0,0.572,82.0,0,101.64,60.7,43.2,0,6.0,0,12544
2021-04-27,West_Zone,Summer,35.3,0,13497,Mumbai,19.08,72.88,17.1,0.83,14,1,0.6,Tropical_Monsoon,46.9,0.0,40.2,11.8,9.8,0,-0.167,0.628,78.0,0.628,81.0,0,101.77,55.6,48.5,0,6.0,1,13877
2021-04-28,West_Zone,Summer,37.0,0,14274,Mumbai,19.08,72.88,17.1,0.83,14,1,0.6,Tropical_Monsoon,38.2,0.0,40.5,1.2,8.7,0,-0.228,0.6,78.0,0.567,79.7,0,102.89,49.5,46.5,0,6.0,1,14290
2021-04-29,West_Zone,Summer,32.1,0,12993,Mumbai,19.08,72.88,17.1,0.83,14,1,0.6,Tropical_Monsoon,50.0,0.0,34.5,5.7,9.4,0,-0.103,0.675,94.0,0.609,80.9,0,101.37,46.3,39.7,0,6.0,0,13395
2021-04-30,West_Zone,Summer,39.8,0,15100,Mumbai,19.08,72.88,17.1,0.83,14,1,0.6,Tropical_Monsoon,32.5,0.0,43.9,1.0,10.2,0,-0.133,0.67,63.0,0.572,86.4,0,100.78,56.1,42.9,0,6.0,1,15152
2021-05-01,West_Zone,Summer,37.5,0,14155,Mumbai,19.08,72.88,17.1,0.83,14,1,0.6,Tropical_Monsoon,35.3,0.0,40.4,6.8,10.2,0,0.035,0.686,80.0,0.674,79.3,0,101.2,58.7,48.7,0,6.0,0,14703
2021-05-02,West_Zone,Summer,36.8,0,13234,Mumbai,19.08,72.88,17.1,0.83,14,1,0.6,Tropical_Monsoon,45.5,0.0,43.1,4.1,9.9,0,-0.014,0.632,92.0,0.621,84.0,0,102.09,55.6,48.4,0,6.0,1,13379
2021-05-03,West_Zone,Summer,33.0,0,13168,Mumbai,19.08,72.88,17.1,0.83,14,1,0.6,Tropical_Monsoon,52.6,4.2,37.0,8.5,9.4,0,0.002,0.568,102.0,0.611,81.1,0,99.94,55.4,49.3,0,6.0,1,13102
2021-05-04,West_Zone,Summer,29.9,0,11809,Mumbai,19.08,72.88,17.1,0.83,14,1,0.6,Tropical_Monsoon,48.5,0.0,30.7,5.9,8.9,0,-0.095,0.558,122.0,0.567,83.8,0,102.89,56.7,41.7,0,6.0,1,11764
2021-05-05,West_Zone,Summer,36.3,0,14166,Mumbai,19.08,72.88,17.1,0.83,14,1,0.6,Tropical_Monsoon,42.0,0.0,40.5,10.1,9.5,0,0.015,0.588,86.0,0.642,82.6,0,101.69,53.7,47.9,0,6.0,1,13886
2021-05-06,West_Zone,Summer,38.2,0,14075,Mumbai,19.08,72.88,17.1,0.83,14,1,0.6,Tropical_Monsoon,30.1,4.0,39.8,4.7,10.7,0,-0.142,0.74,96.0,0.69,78.0,0,102.09,47.1,42.0,0,6.0,1,14296
2021-05-07,West_Zone,Summer,35.2,0,13270,Mumbai,19.08,72.88,17.1,0.83,14,1,0.6,Tropical_Monsoon,32.8,0.0,35.6,1.2,9.7,0,-0.009,0.605,61.0,0.613,82.5,0,101.85,50.9,50.1,0,6.0,1,13987
2021-05-08,West_Zone,Summer,37.8,0,15408,Mumbai,19.08,72.88,17.1,0.83,14,1,0.6,Tropical_Monsoon,42.0,0.0,43.9,6.7,9.6,0,0.083,0.63,101.0,0.603,88.5,0,100.95,56.6,49.9,0,6.0,1,15052
2021-05-09,West_Zone,Summer,36.9,0,15082,Mumbai,19.08,72.88,17.1,0.83,14,1,0.6,Tropical_Monsoon,40.1,0.0,41.0,5.2,9.9,0,-0.037,0.711,79.0,0.654,82.9,0,100.51,55.5,38.1,0,6.0,0,15031
2021-05-10,West_Zone,Summer,35.1,0,14426,Mumbai,19.08,72.88,17.1,0.83,14,1,0.6,Tropical_Monsoon,37.4,0.0,36.6,1.0,9.5,0,0.044,0.635,89.0,0.641,84.8,0,100.87,52.6,46.4,0,6.0,0,15127
2021-05-11,West_Zone,Summer,35.3,0,13005,Mumbai,19.08,72.88,17.1,0.83,14,1,0.6,Tropical_Monsoon,43.1,0.0,38.8,2.8,9.7,0,-0.198,0.575,104.0,0.63,82.9,0,100.04,50.8,39.5,0,6.0,1,12947
2021-05-12,West_Zone,Summer,36.0,0,13200,Mumbai,19.08,72.88,17.1,0.83,14,1,0.6,Tropical_Monsoon,43.0,0.0,40.2,3.8,9.4,0,-0.206,0.664,104.0,0.646,84.4,0,101.88,54.4,49.1,0,6.0,1,13488
2021-05-13,West_Zone,Summer,44.4,0,15821,Mumbai,19.08,72.88,17.1,0.83,14,1,0.6,Tropical_Monsoon,42.1,0.0,62.8,10.7,9.7,1,0.033,0.594,69.0,0.637,79.8,0,101.34,52.2,39.4,0,6.0,1,16840
2021-05-14,West_Zone,Summer,37.6,0,14385,Mumbai,19.08,72.88,17.1,0.83,14,1,0.6,Tropical_Monsoon,42.1,0.0,43.5,8.1,10.2,0,0.105,0.637,109.0,0.598,81.6,0,99.95,52.7,46.6,0,6.0,1,14248
2021-05-15,West_Zone,Summer,30.1,0,10997,Mumbai,19.08,72.88,17.1,0.83,14,1,0.6,Tropical_Monsoon,52.1,0.0,31.5,5.0,8.1,0,-0.024,0.651,94.0,0.65,84.6,0,100.84,53.9,48.7,0,6.0,0,11458
2021-05-16,West_Zone,Summer,38.0,0,15738,Mumbai,19.08,72.88,17.1,0.83,14,1,0.6,Tropical_Monsoon,41.2,0.0,44.0,7.4,9.9,0,0.215,0.59,118.0,0.594,80.9,0,102.09,50.7,45.3,0,6.0,0,15938
2021-05-17,West_Zone,Summer,32.1,0,11689,Mumbai,19.08,72.88,17.1,0.83,14,1,0.6,Tropical_Monsoon,44.2,0.1,33.2,1.0,9.1,0,-0.144,0.631,121.0,0.542,85.2,0,102.7,57.3,49.3,0,6.0,0,11750
2021-05-18,West_Zone,Summer,33.7,0,12675,Mumbai,19.08,72.88,17.1,0.83,14,1,0.6,Tropical_Monsoon,49.1,0.0,37.5,4.3,8.3,0,-0.068,0.716,124.0,0.625,79.0,0,100.1,52.4,46.5,0,6.0,1,13160
2021-05-19,West_Zone,Summer,32.4,0,13587,Mumbai,19.08,72.88,17.1,0.83,14,1,0.6,Tropical_Monsoon,39.7,0.0,32.8,7.2,8.8,0,0.014,0.582,69.0,0.589,82.2,0,103.52,56.4,52.8,0,6.0,1,13605
2021-05-20,West_Zone,Summer,34.8,0,13035,Mumbai,19.08,72.88,17.1,0.83,14,1,0.6,Tropical_Monsoon,57.2,0.0,43.2,6.5,9.5,0,0.046,0.699,102.0,0.642,81.2,0,100.38,53.4,39.5,0,6.0,1,13297
2021-05-21,West_Zone,Summer,37.4,0,14871,Mumbai,19.08,72.88,17.1,0.83,14,1,0.6,Tropical_Monsoon,43.4,0.0,43.6,4.4,9.7,0,-0.058,0.585,67.0,0.631,89.9,0,99.61,59.0,43.1,0,6.0,1,14836
2021-05-22,West_Zone,Summer,33.7,0,13523,Mumbai,19.08,72.88,17.1,0.83,14,1,0.6,Tropical_Monsoon,45.7,0.0,36.4,5.9,9.9,0,-0.106,0.728,118.0,0.648,80.8,0,103.04,56.4,35.4,0,6.0,1,13569
2021-05-23,West_Zone,Summer,37.1,0,14611,Mumbai,19.08,72.88,17.1,0.83,14,1,0.6,Tropical_Monsoon,44.4,0.0,43.3,7.0,10.1,0,0.062,0.569,121.0,0.663,83.3,0,100.22,54.7,43.5,0,6.0,1,15309
2021-05-24,West_Zone,Summer,35.2,0,14936,Mumbai,19.08,72.88,17.1,0.83,14,1,0.6,Tropical_Monsoon,52.3,0.0,42.1,6.0,8.6,0,0.013,0.596,113.0,0.593,76.0,0,102.75,55.6,39.1,0,6.0,1,15124
2021-05-25,West_Zone,Summer,37.3,0,13972,Mumbai,19.08,72.88,17.1,0.83,14,1,0.6,Tropical_Monsoon,45.6,0.5,44.4,8.6,9.8,0,-0.034,0.71,87.0,0.578,78.5,0,100.54,61.6,38.1,0,6.0,1,14334
2021-05-26,West_Zone,Summer,33.2,0,12858,Mumbai,19.08,72.88,17.1,0.83,14,1,0.6,Tropical_Monsoon,36.1,0.0,33.3,7.0,9.8,0,0.05,0.713,105.0,0.647,82.9,0,100.88,53.2,37.2,0,6.0,0,13010
2021-05-27,West_Zone,Summer,37.5,0,13883,Mumbai,19.08,72.88,17.1,0.83,14,1,0.6,Tropical_Monsoon,48.5,0.0,46.4,7.5,9.8,0,-0.014,0.669,85.0,0.611,81.2,0,99.84,53.6,42.6,0,6.0,1,13883
2021-05-28,West_Zone,Summer,33.3,0,14171,Mumbai,19.08,72.88,17.1,0.83,14,1,0.6,Tropical_Monsoon,42.3,0.0,34.8,11.1,9.7,0,-0.014,0.555,95.0,0.566,81.3,0,102.4,54.4,46.3,0,6.0,0,13648
2021-05-29,West_Zone,Summer,35.8,0,14900,Mumbai,19.08,72.88,17.1,0.83,14,1,0.6,Tropical_Monsoon,43.1,0.0,39.8,8.5,8.4,0,-0.018,0.625,93.0,0.607,81.0,0,102.23,46.0,47.4,0,6.0,0,15128
2021-05-30,West_Zone,Summer,38.2,0,13606,Mumbai,19.08,72.88,17.1,0.83,14,1,0.6,Tropical_Monsoon,34.7,2.6,41.6,11.2,9.1,0,-0.082,0.62,59.0,0.591,81.4,0,100.4,53.5,50.0,0,6.0,0,13496
2021-05-31,West_Zone,Summer,34.6,0,14439,Mumbai,19.08,72.88,17.1,0.83,14,1,0.6,Tropical_Monsoon,45.9,0.0,38.3,4.0,10.3,0,-0.092,0.569,80.0,0.582,76.9,0,100.96,57.4,49.7,0,6.0,0,14657
2021-06-01,West_Zone,Monsoon,24.3,0,11419,Mumbai,19.08,72.88,17.1,0.83,14,1,0.6,Tropical_Monsoon,92.2,0.0,24.3,9.2,5.3,0,-0.053,0.122,101.0,0.536,81.7,0,101.66,55.7,28.4,0,6.0,0,10813
2021-06-02,West_Zone,Monsoon,27.9,0,10566,Mumbai,19.08,72.88,17.1,0.83,14,1,0.6,Tropical_Monsoon,93.8,4.9,34.1,13.6,7.0,0,0.003,0.033,58.0,0.472,81.3,0,100.5,59.2,30.3,0,6.0,0,10139
2021-06-03,West_Zone,Monsoon,28.4,0,11419,Mumbai,19.08,72.88,17.1,0.83,14,1,0.6,Tropical_Monsoon,91.5,2.8,35.4,13.3,4.9,0,-0.187,0.003,63.0,0.453,85.2,0,102.31,57.1,35.0,0,6.0,0,11244
2021-06-04,West_Zone,Monsoon,24.5,0,11131,Mumbai,19.08,72.88,17.1,0.83,14,1,0.6,Tropical_Monsoon,99.0,40.7,24.5,18.4,6.4,0,0.094,0.0,60.0,0.508,84.5,0,100.81,55.3,35.0,0,6.0,0,11129
2021-06-05,West_Zone,Monsoon,22.2,0,10012,Mumbai,19.08,72.88,17.1,0.83,14,1,0.6,Tropical_Monsoon,99.0,0.0,22.2,10.6,5.0,0,0.002,0.183,53.0,0.497,73.5,0,100.36,56.7,40.9,0,6.0,0,9785
2021-06-06,West_Zone,Monsoon,35.7,0,14433,Mumbai,19.08,72.88,17.1,0.83,14,1,0.6,Tropical_Monsoon,88.8,114.5,66.5,13.8,6.6,1,-0.107,0.049,61.0,0.435,79.8,0,99.27,54.2,32.6,0,6.0,0,14388
2021-06-07,West_Zone,Monsoon,25.4,0,12462,Mumbai,19.08,72.88,17.1,0.83,14,1,0.6,Tropical_Monsoon,95.1,0.0,25.4,15.2,5.3,0,0.162,0.051,53.0,0.433,87.4,0,99.52,51.7,37.8,0,6.0,0,11761
2021-06-08,West_Zone,Monsoon,25.0,0,10813,Mumbai,19.08,72.88,17.1,0.83,14,1,0.6,Tropical_Monsoon,93.1,62.3,25.0,14.3,5.6,1,0.004,0.018,20.0,0.462,84.7,0,101.38,53.0,33.3,0,6.0,0,10709
2021-06-09,West_Zone,Monsoon,24.6,0,11343,Mumbai,19.08,72.88,17.1,0.83,14,1,0.6,Tropical_Monsoon,99.0,8.8,24.6,13.5,5.8,0,-0.134,0.162,74.0,0.451,83.5,0,100.99,43.9,35.8,0,6.0,0,10772
2021-06-10,West_Zone,Monsoon,32.1,0,12227,Mumbai,19.08,72.88,17.1,0.83,14,1,0.6,Tropical_Monsoon,89.1,36.3,48.9,15.1,5.5,0,0.157,0.0,89.0,0.425,80.5,0,101.54,60.0,35.9,0,6.0,0,11891
2021-06-11,West_Zone,Monsoon,21.8,0,11327,Mumbai,19.08,72.88,17.1,0.83,14,1,0.6,Tropical_Monsoon,94.8,3.0,21.8,17.2,5.8,0,0.135,0.008,39.0,0.451,84.2,0,100.13,52.3,33.9,0,6.0,0,10711
2021-06-12,West_Zone,Monsoon,32.7,0,11569,Mumbai,19.08,72.88,17.1,0.83,14,1,0.6,Tropical_Monsoon,95.3,0.0,55.1,18.6,5.7,0,-0.091,0.061,53.0,0.509,77.5,0,99.02,48.4,29.1,0,6.0,0,11414
2021-06-13,West_Zone,Monsoon,29.4,0,12526,Mumbai,19.08,72.88,17.1,0.83,14,1,0.6,Tropical_Monsoon,89.7,28.2,38.4,14.1,5.8,0,-0.032,0.079,87.0,0.519,80.3,0,100.13,51.6,35.4,0,6.0,0,11912
2021-06-14,West_Zone,Monsoon,25.6,0,10293,Mumbai,19.08,72.88,17.1,0.83,14,1,0.6,Tropical_Monsoon,94.5,0.0,25.6,11.6,3.9,0,-0.046,0.12,46.0,0.51,83.0,0,102.63,61.1,37.2,0,6.0,0,9972
2021-06-15,West_Zone,Monsoon,31.0,0,12887,Mumbai,19.08,72.88,17.1,0.83,14,1,0.6,Tropical_Monsoon,83.5,3.9,42.1,18.6,5.6,0,-0.189,0.039,67.0,0.47,83.8,0,99.6,53.1,34.5,0,6.0,0,12072
2021-06-16,West_Zone,Monsoon,28.8,0,11693,Mumbai,19.08,72.88,17.1,0.83,14,1,0.6,Tropical_Monsoon,96.2,11.1,37.9,10.8,6.4,0,0.032,0.173,138.0,0.486,82.6,0,100.49,54.2,20.2,0,6.0,0,11253
2021-06-17,West_Zone,Monsoon,25.6,0,9434,Mumbai,19.08,72.88,17.1,0.83,14,1,0.6,Tropical_Monsoon,99.0,0.0,25.6,19.4,5.9,0,0.085,0.04,71.0,0.482,83.2,0,98.08,60.6,33.1,0,6.0,0,8964
2021-06-18,West_Zone,Monsoon,27.3,0,12980,Mumbai,19.08,72.88,17.1,0.83,14,1,0.6,Tropical_Monsoon,97.2,33.9,32.6,18.0,6.1,0,0.066,0.019,61.0,0.518,82.5,0,99.94,56.3,37.4,0,6.0,0,12481
2021-06-19,West_Zone,Monsoon,25.3,0,10114,Mumbai,19.08,72.88,17.1,0.83,14,1,0.6,Tropical_Monsoon,99.0,30.5,25.3,18.5,5.5,0,0.003,0.014,76.0,0.468,81.1,0,100.01,51.9,29.1,0,6.0,0,9560
2021-06-20,West_Zone,Monsoon,29.3,0,12822,Mumbai,19.08,72.88,17.1,0.83,14,1,0.6,Tropical_Monsoon,88.2,22.9,37.6,16.1,6.7,0,0.094,0.034,74.0,0.455,86.0,0,100.73,46.5,39.3,0,6.0,0,12389
2021-06-21,West_Zone,Monsoon,26.2,0,11281,Mumbai,19.08,72.88,17.1,0.83,14,1,0.6,Tropical_Monsoon,95.5,48.7,26.2,7.7,5.7,0,-0.114,0.01,48.0,0.458,87.6,0,100.04,55.6,30.9,0,6.0,0,10821
2021-06-22,West_Zone,Monsoon,28.8,0,12073,Mumbai,19.08,72.88,17.1,0.83,14,1,0.6,Tropical_Monsoon,88.0,0.0,35.9,10.9,5.3,0,0.182,0.125,29.0,0.483,81.8,0,98.81,49.8,32.4,0,6.0,0,11719
2021-06-23,West_Zone,Monsoon,31.0,0,14699,Mumbai,19.08,72.88,17.1,0.83,14,1,0.6,Tropical_Monsoon,90.3,31.9,44.8,14.9,6.3,0,-0.077,0.02,71.0,0.481,78.5,0,99.63,55.5,35.0,0,6.0,0,13847
2021-06-24,West_Zone,Monsoon,22.9,0,11701,Mumbai,19.08,72.88,17.1,0.83,14,1,0.6,Tropical_Monsoon,99.0,3.9,22.9,12.0,5.9,0,-0.066,0.072,73.0,0.455,81.3,0,100.05,52.8,29.4,0,6.0,0,11191
2021-06-25,West_Zone,Monsoon,28.3,0,13189,Mumbai,19.08,72.88,17.1,0.83,14,1,0.6,Tropical_Monsoon,93.5,52.4,35.4,13.1,6.0,0,-0.058,0.018,55.0,0.477,82.3,0,99.23,54.3,38.6,0,6.0,0,12530
2021-06-26,West_Zone,Monsoon,30.2,0,12592,Mumbai,19.08,72.88,17.1,0.83,14,1,0.6,Tropical_Monsoon,84.8,46.4,39.8,15.8,5.5,0,-0.065,0.01,90.0,0.48,75.4,0,99.34,56.3,40.3,0,6.0,0,12310
2021-06-27,West_Zone,Monsoon,30.3,0,12254,Mumbai,19.08,72.88,17.1,0.83,14,1,0.6,Tropical_Monsoon,85.2,0.0,40.3,13.5,5.9,0,-0.019,0.146,86.0,0.507,86.0,0,101.16,46.5,28.5,0,6.0,0,11845
2021-06-28,West_Zone,Monsoon,25.7,0,12067,Mumbai,19.08,72.88,17.1,0.83,14,1,0.6,Tropical_Monsoon,87.7,0.0,25.7,10.3,6.4,0,-0.023,0.176,74.0,0.471,80.1,0,99.5,53.3,33.1,0,6.0,0,11659
2021-06-29,West_Zone,Monsoon,25.5,0,11880,Mumbai,19.08,72.88,17.1,0.83,14,1,0.6,Tropical_Monsoon,97.2,18.5,25.5,16.7,5.8,0,0.013,0.156,55.0,0.495,79.5,0,100.53,53.1,43.5,0,6.0,0,11512
2021-06-30,West_Zone,Monsoon,28.1,0,10159,Mumbai,19.08,72.88,17.1,0.83,14,1,0.6,Tropical_Monsoon,99.0,82.5,35.8,15.5,4.8,1,-0.082,0.0,22.0,0.444,81.0,0,99.87,54.1,39.5,0,6.0,0,10051
2021-07-01,West_Zone,Monsoon,26.3,0,11837,Mumbai,19.08,72.88,17.1,0.83,14,1,0.6,Tropical_Monsoon,99.0,21.7,26.3,13.3,5.2,0,0.017,0.0,57.0,0.458,80.6,0,98.79,54.5,25.9,0,6.0,0,11180
2021-07-02,West_Zone,Monsoon,26.8,0,9658,Mumbai,19.08,72.88,17.1,0.83,14,1,0.6,Tropical_Monsoon,84.4,0.0,29.7,16.1,5.2,0,-0.109,0.199,27.0,0.49,82.2,0,99.65,53.5,39.8,0,6.0,0,9549
2021-07-03,West_Zone,Monsoon,32.0,0,13126,Mumbai,19.08,72.88,17.1,0.83,14,1,0.6,Tropical_Monsoon,97.9,29.8,53.0,14.3,5.4,0,0.073,0.065,20.0,0.514,84.4,0,100.24,50.5,16.9,0,6.0,0,12309
2021-07-04,West_Zone,Monsoon,29.3,0,11954,Mumbai,19.08,72.88,17.1,0.83,14,1,0.6,Tropical_Monsoon,97.1,98.2,40.2,18.0,4.4,1,0.072,0.0,72.0,0.466,85.8,0,101.65,49.1,37.1,0,6.0,0,12252
2021-07-05,West_Zone,Monsoon,29.6,0,13866,Mumbai,19.08,72.88,17.1,0.83,14,1,0.6,Tropical_Monsoon,84.5,9.2,37.7,14.5,6.9,0,-0.001,0.145,81.0,0.448,84.4,0,99.11,46.3,29.7,0,6.0,0,13343
2021-07-06,West_Zone,Monsoon,25.8,0,12782,Mumbai,19.08,72.88,17.1,0.83,14,1,0.6,Tropical_Monsoon,93.0,0.0,25.8,18.0,5.0,0,-0.065,0.084,25.0,0.441,79.2,0,99.76,53.4,36.3,0,6.0,0,11846
2021-07-07,West_Zone,Monsoon,29.2,0,11603,Mumbai,19.08,72.88,17.1,0.83,14,1,0.6,Tropical_Monsoon,98.0,10.2,40.0,8.4,5.2,0,0.031,0.114,55.0,0.525,81.7,0,100.72,55.4,35.2,0,6.0,0,11076
2021-07-08,West_Zone,Monsoon,34.6,0,13972,Mumbai,19.08,72.88,17.1,0.83,14,1,0.6,Tropical_Monsoon,92.0,17.8,63.0,15.4,4.8,0,-0.089,0.0,60.0,0.455,82.3,0,101.04,52.0,34.7,0,6.0,0,13775
2021-07-09,West_Zone,Monsoon,30.0,0,12291,Mumbai,19.08,72.88,17.1,0.83,14,1,0.6,Tropical_Monsoon,85.5,0.0,39.3,12.8,6.3,0,0.003,0.06,55.0,0.463,82.9,0,99.09,56.0,36.9,0,6.0,0,11735
2021-07-10,West_Zone,Monsoon,25.6,0,11537,Mumbai,19.08,72.88,17.1,0.83,14,1,0.6,Tropical_Monsoon,97.7,0.0,25.6,11.4,5.5,0,-0.015,0.137,35.0,0.528,83.5,0,99.55,52.4,31.5,0,6.0,0,10982
2021-07-11,West_Zone,Monsoon,32.7,0,12938,Mumbai,19.08,72.88,17.1,0.83,14,1,0.6,Tropical_Monsoon,79.7,19.7,46.8,17.5,5.7,0,0.263,0.042,84.0,0.466,82.2,0,100.79,53.0,31.0,0,6.0,0,12177
2021-07-12,West_Zone,Monsoon,27.9,0,13144,Mumbai,19.08,72.88,17.1,0.83,14,1,0.6,Tropical_Monsoon,92.1,0.0,33.8,16.7,5.5,0,-0.123,0.154,36.0,0.463,81.7,0,100.15,47.3,38.7,0,6.0,0,12657
2021-07-13,West_Zone,Monsoon,27.1,0,12182,Mumbai,19.08,72.88,17.1,0.83,14,1,0.6,Tropical_Monsoon,99.0,56.2,32.1,8.0,6.0,0,-0.267,0.001,25.0,0.426,84.7,0,100.64,51.5,34.0,0,6.0,0,11717
2021-07-14,West_Zone,Monsoon,30.6,0,12500,Mumbai,19.08,72.88,17.1,0.83,14,1,0.6,Tropical_Monsoon,91.7,64.4,43.7,16.1,5.5,1,-0.064,0.073,35.0,0.497,81.6,0,100.74,57.0,31.2,0,6.0,0,12525
2021-07-15,West_Zone,Monsoon,28.9,0,12761,Mumbai,19.08,72.88,17.1,0.83,14,1,0.6,Tropical_Monsoon,90.2,10.8,36.8,15.8,4.5,0,-0.172,0.179,69.0,0.566,84.9,0,100.09,58.6,33.1,0,6.0,0,12283
2021-07-16,West_Zone,Monsoon,26.8,0,12351,Mumbai,19.08,72.88,17.1,0.83,14,1,0.6,Tropical_Monsoon,98.4,29.9,31.0,11.8,4.8,0,-0.073,0.011,55.0,0.488,84.4,0,99.65,52.1,32.7,0,6.0,0,11383
2021-07-17,West_Zone,Monsoon,26.4,0,11049,Mumbai,19.08,72.88,17.1,0.83,14,1,0.6,Tropical_Monsoon,99.0,68.3,26.4,11.5,4.8,1,-0.13,0.096,46.0,0.473,86.4,0,98.8,56.0,32.3,0,6.0,0,10937
2021-07-18,West_Zone,Monsoon,23.4,0,10451,Mumbai,19.08,72.88,17.1,0.83,14,1,0.6,Tropical_Monsoon,99.0,5.7,23.4,9.2,5.6,0,-0.09,0.115,69.0,0.482,82.7,0,99.2,58.3,36.2,0,6.0,0,9943
2021-07-19,West_Zone,Monsoon,25.6,0,11067,Mumbai,19.08,72.88,17.1,0.83,14,1,0.6,Tropical_Monsoon,99.0,22.2,25.6,13.0,6.1,0,-0.106,0.085,66.0,0.483,86.3,0,99.23,48.9,29.6,0,6.0,0,10618
2021-07-20,West_Zone,Monsoon,29.8,0,11078,Mumbai,19.08,72.88,17.1,0.83,14,1,0.6,Tropical_Monsoon,97.5,6.4,42.4,13.5,6.6,0,0.096,0.065,20.0,0.416,81.1,0,100.57,54.5,41.6,0,6.0,0,10667
2021-07-21,West_Zone,Monsoon,22.1,0,9919,Mumbai,19.08,72.88,17.1,0.83,14,1,0.6,Tropical_Monsoon,99.0,67.6,22.1,16.4,4.4,1,-0.005,0.027,69.0,0.467,83.0,0,99.52,53.6,35.1,0,6.0,0,10153
2021-07-22,West_Zone,Monsoon,29.4,0,12577,Mumbai,19.08,72.88,17.1,0.83,14,1,0.6,Tropical_Monsoon,93.7,35.5,39.6,14.8,6.1,0,0.108,0.092,81.0,0.501,84.3,0,99.49,57.1,24.8,0,6.0,0,11783
2021-07-23,West_Zone,Monsoon,25.7,0,12361,Mumbai,19.08,72.88,17.1,0.83,14,1,0.6,Tropical_Monsoon,95.0,34.9,25.7,10.8,5.2,0,0.004,0.074,58.0,0.532,79.0,0,98.28,49.0,35.4,0,6.0,0,11926
2021-07-24,West_Zone,Monsoon,26.0,0,11876,Mumbai,19.08,72.88,17.1,0.83,14,1,0.6,Tropical_Monsoon,93.2,7.4,26.0,14.7,7.3,0,0.093,0.0,56.0,0.493,80.8,0,100.45,54.4,29.3,0,6.0,0,11339
2021-07-25,West_Zone,Monsoon,26.9,0,11032,Mumbai,19.08,72.88,17.1,0.83,14,1,0.6,Tropical_Monsoon,87.8,75.0,30.2,13.2,6.4,1,-0.03,0.146,94.0,0.554,80.0,0,98.45,51.3,33.9,0,6.0,0,11053
2021-07-26,West_Zone,Monsoon,26.2,0,12133,Mumbai,19.08,72.88,17.1,0.83,14,1,0.6,Tropical_Monsoon,89.5,13.6,26.2,11.2,6.6,0,0.159,0.025,47.0,0.517,81.8,0,98.9,54.3,33.2,0,6.0,0,11776
2021-07-27,West_Zone,Monsoon,29.1,0,13045,Mumbai,19.08,72.88,17.1,0.83,14,1,0.6,Tropical_Monsoon,91.1,8.5,37.7,9.2,6.2,0,0.047,0.0,57.0,0.502,80.4,0,100.46,58.1,37.4,0,6.0,0,12841
2021-07-28,West_Zone,Monsoon,29.1,0,10981,Mumbai,19.08,72.88,17.1,0.83,14,1,0.6,Tropical_Monsoon,93.7,59.1,38.4,15.9,5.9,0,-0.078,0.044,66.0,0.472,82.3,0,100.01,58.9,37.3,0,6.0,0,10526
2021-07-29,West_Zone,Monsoon,34.3,0,13885,Mumbai,19.08,72.88,17.1,0.83,14,1,0.6,Tropical_Monsoon,96.6,12.0,64.8,15.3,5.7,0,0.062,0.026,61.0,0.477,81.8,0,98.24,57.2,35.1,0,6.0,0,13144
2021-07-30,West_Zone,Monsoon,29.5,0,12084,Mumbai,19.08,72.88,17.1,0.83,14,1,0.6,Tropical_Monsoon,92.1,0.0,39.5,15.7,5.4,0,0.003,0.065,55.0,0.426,81.2,0,97.98,48.2,43.5,0,6.0,0,11811
2021-07-31,West_Zone,Monsoon,31.3,0,11960,Mumbai,19.08,72.88,17.1,0.83,14,1,0.6,Tropical_Monsoon,96.2,46.3,48.7,11.8,5.3,0,-0.02,0.005,62.0,0.465,82.5,0,98.82,50.6,30.4,0,6.0,0,11413
2021-08-01,West_Zone,Monsoon,29.8,0,10793,Mumbai,19.08,72.88,17.1,0.83,14,1,0.6,Tropical_Monsoon,97.5,3.3,42.4,14.5,6.1,0,0.01,0.107,88.0,0.504,80.0,0,98.42,56.4,40.8,0,6.0,0,10236
2021-08-02,West_Zone,Monsoon,30.0,0,11644,Mumbai,19.08,72.88,17.1,0.83,14,1,0.6,Tropical_Monsoon,90.8,35.9,41.0,9.9,6.7,0,0.075,0.163,75.0,0.492,79.4,0,97.5,54.4,41.0,0,6.0,0,11224
2021-08-03,West_Zone,Monsoon,28.8,0,13293,Mumbai,19.08,72.88,17.1,0.83,14,1,0.6,Tropical_Monsoon,95.7,0.0,37.8,11.0,5.5,0,-0.212,0.086,59.0,0.435,78.4,0,98.19,51.2,35.7,0,6.0,0,12593
2021-08-04,West_Zone,Monsoon,30.5,0,13596,Mumbai,19.08,72.88,17.1,0.83,14,1,0.6,Tropical_Monsoon,90.5,42.7,42.8,14.1,5.3,0,-0.035,0.0,44.0,0.507,76.6,0,96.16,47.8,36.3,0,6.0,0,12797
2021-08-05,West_Zone,Monsoon,31.4,0,12421,Mumbai,19.08,72.88,17.1,0.83,14,1,0.6,Tropical_Monsoon,97.8,32.0,49.9,14.8,4.9,0,0.068,0.025,47.0,0.478,80.0,0,99.78,37.3,38.8,0,6.0,0,11764
2021-08-06,West_Zone,Monsoon,29.8,0,11068,Mumbai,19.08,72.88,17.1,0.83,14,1,0.6,Tropical_Monsoon,95.3,24.9,41.7,9.1,5.9,0,0.025,0.093,77.0,0.535,83.6,0,99.69,46.5,32.4,0,6.0,0,10563
2021-08-07,West_Zone,Monsoon,25.9,0,12598,Mumbai,19.08,72.88,17.1,0.83,14,1,0.6,Tropical_Monsoon,88.5,12.0,25.9,10.8,6.3,0,-0.113,0.0,31.0,0.482,81.4,0,100.23,51.9,31.5,0,6.0,0,12147
2021-08-08,West_Zone,Monsoon,26.8,0,10216,Mumbai,19.08,72.88,17.1,0.83,14,1,0.6,Tropical_Monsoon,94.7,0.0,30.6,12.9,6.4,0,-0.237,0.006,103.0,0.503,82.0,0,99.15,51.5,31.7,0,6.0,0,9703
2021-08-09,West_Zone,Monsoon,34.0,0,13960,Mumbai,19.08,72.88,17.1,0.83,14,1,0.6,Tropical_Monsoon,97.8,31.7,63.9,16.9,6.8,0,0.17,0.0,59.0,0.495,80.8,0,98.32,54.0,35.5,0,6.0,0,13341
2021-08-10,West_Zone,Monsoon,30.3,0,11788,Mumbai,19.08,72.88,17.1,0.83,14,1,0.6,Tropical_Monsoon,90.9,92.4,42.2,11.6,6.0,1,-0.019,0.087,35.0,0.461,87.8,0,99.77,55.3,31.7,0,6.0,0,11989
2021-08-11,West_Zone,Monsoon,28.9,0,12419,Mumbai,19.08,72.88,17.1,0.83,14,1,0.6,Tropical_Monsoon,94.9,38.3,38.0,14.4,5.7,0,0.151,0.21,63.0,0.497,82.5,0,98.01,61.2,30.4,0,6.0,0,11900
2021-08-12,West_Zone,Monsoon,25.5,0,11248,Mumbai,19.08,72.88,17.1,0.83,14,1,0.6,Tropical_Monsoon,97.4,6.8,25.5,14.7,6.3,0,0.079,0.004,46.0,0.448,80.3,0,97.36,48.9,28.8,0,6.0,0,10413
2021-08-13,West_Zone,Monsoon,23.5,0,10597,Mumbai,19.08,72.88,17.1,0.83,14,1,0.6,Tropical_Monsoon,90.7,54.1,23.5,13.3,4.8,0,-0.079,0.129,52.0,0.463,78.8,0,98.52,44.6,29.1,0,6.0,0,10249
2021-08-14,West_Zone,Monsoon,30.9,0,12132,Mumbai,19.08,72.88,17.1,0.83,14,1,0.6,Tropical_Monsoon,94.0,6.2,45.9,14.8,5.5,0,-0.25,0.046,33.0,0.524,87.1,0,99.05,48.9,30.8,0,6.0,0,11555
2021-08-15,West_Zone,Monsoon,33.7,0,12281,Mumbai,19.08,72.88,17.1,0.83,14,1,0.6,Tropical_Monsoon,82.8,3.9,52.6,10.0,7.0,0,-0.046,0.001,56.0,0.462,77.8,0,97.8,58.8,30.9,0,6.0,0,11934
2021-08-16,West_Zone,Monsoon,27.2,0,11279,Mumbai,19.08,72.88,17.1,0.83,14,1,0.6,Tropical_Monsoon,90.6,0.0,31.4,12.0,5.0,0,-0.004,0.174,22.0,0.517,79.6,0,97.54,52.1,34.5,0,6.0,0,11052
2021-08-17,West_Zone,Monsoon,27.5,0,12962,Mumbai,19.08,72.88,17.1,0.83,14,1,0.6,Tropical_Monsoon,98.9,18.7,33.5,18.3,5.6,0,0.045,0.21,49.0,0.473,79.6,0,98.15,56.3,30.1,0,6.0,0,12539
2021-08-18,West_Zone,Monsoon,25.0,0,10900,Mumbai,19.08,72.88,17.1,0.83,14,1,0.6,Tropical_Monsoon,96.8,19.6,25.0,18.5,5.9,0,-0.111,0.105,45.0,0.511,81.9,0,98.95,50.3,36.5,0,6.0,0,10545
2021-08-19,West_Zone,Monsoon,30.0,0,12565,Mumbai,19.08,72.88,17.1,0.83,14,1,0.6,Tropical_Monsoon,90.5,8.2,40.9,16.5,5.8,0,0.018,0.102,51.0,0.473,83.1,0,98.37,50.3,43.8,0,6.0,0,12322
2021-08-20,West_Zone,Monsoon,28.5,0,11359,Mumbai,19.08,72.88,17.1,0.83,14,1,0.6,Tropical_Monsoon,95.1,0.0,36.5,17.3,6.4,0,0.018,0.084,46.0,0.519,82.2,0,101.13,46.6,40.2,0,6.0,0,11058
2021-08-21,West_Zone,Monsoon,27.8,0,12851,Mumbai,19.08,72.88,17.1,0.83,14,1,0.6,Tropical_Monsoon,93.0,0.0,33.6,8.5,6.6,0,0.099,0.071,61.0,0.457,80.9,0,98.34,51.0,28.7,0,6.0,0,11798
2021-08-22,West_Zone,Monsoon,23.2,0,10235,Mumbai,19.08,72.88,17.1,0.83,14,1,0.6,Tropical_Monsoon,96.1,39.1,23.2,11.2,5.7,0,-0.031,0.1,76.0,0.525,77.8,0,99.2,52.7,32.5,0,6.0,0,9838
2021-08-23,West_Zone,Monsoon,22.6,0,11067,Mumbai,19.08,72.88,17.1,0.83,14,1,0.6,Tropical_Monsoon,99.0,13.9,22.6,13.1,6.2,0,0.044,0.121,66.0,0.518,87.6,0,96.98,55.3,27.6,0,6.0,0,10672
2021-08-24,West_Zone,Monsoon,31.7,0,12772,Mumbai,19.08,72.88,17.1,0.83,14,1,0.6,Tropical_Monsoon,87.3,4.9,46.4,21.2,5.3,0,0.029,0.18,83.0,0.491,82.8,0,98.99,54.8,35.0,0,6.0,0,12141
2021-08-25,West_Zone,Monsoon,25.0,0,10464,Mumbai,19.08,72.88,17.1,0.83,14,1,0.6,Tropical_Monsoon,95.2,22.4,25.0,13.1,5.4,0,0.088,0.049,51.0,0.515,83.7,0,97.92,60.1,35.3,0,6.0,0,10424
2021-08-26,West_Zone,Monsoon,27.1,0,11536,Mumbai,19.08,72.88,17.1,0.83,14,1,0.6,Tropical_Monsoon,92.2,0.0,31.3,16.2,7.0,0,-0.082,0.088,66.0,0.516,80.0,0,98.36,51.7,34.9,0,6.0,0,11069
2021-08-27,West_Zone,Monsoon,30.7,0,12148,Mumbai,19.08,72.88,17.1,0.83,14,1,0.6,Tropical_Monsoon,83.7,0.0,41.1,15.1,7.0,0,-0.307,0.075,67.0,0.493,81.1,0,100.03,54.0,28.8,0,6.0,0,11710
2021-08-28,West_Zone,Monsoon,29.3,0,12081,Mumbai,19.08,72.88,17.1,0.83,14,1,0.6,Tropical_Monsoon,87.8,21.5,37.5,15.1,4.9,0,-0.024,0.141,81.0,0.465,85.5,0,97.96,52.1,30.8,0,6.0,0,11741
2021-08-29,West_Zone,Monsoon,25.8,0,11177,Mumbai,19.08,72.88,17.1,0.83,14,1,0.6,Tropical_Monsoon,99.0,0.0,25.8,13.9,5.5,0,-0.023,0.224,47.0,0.54,75.4,0,97.0,49.0,38.8,0,6.0,0,10979
2021-08-30,West_Zone,Monsoon,29.0,0,12984,Mumbai,19.08,72.88,17.1,0.83,14,1,0.6,Tropical_Monsoon,94.5,63.7,38.2,10.4,5.8,1,-0.116,0.144,74.0,0.498,84.3,0,97.14,53.5,36.0,0,6.0,0,13093
2021-08-31,West_Zone,Monsoon,27.2,0,10847,Mumbai,19.08,72.88,17.1,0.83,14,1,0.6,Tropical_Monsoon,87.1,0.0,31.0,5.9,5.9,0,-0.151,0.128,45.0,0.493,81.3,0,98.45,51.3,29.7,0,6.0,0,10447
2021-09-01,West_Zone,Autumn,27.0,0,11031,Mumbai,19.08,72.88,17.1,0.83,14,1,0.6,Tropical_Monsoon,62.1,0.0,28.2,9.8,7.4,0,-0.057,0.434,110.0,0.571,83.2,0,98.38,59.0,53.6,0,6.0,0,11037
2021-09-02,West_Zone,Autumn,24.8,0,11175,Mumbai,19.08,72.88,17.1,0.83,14,1,0.6,Tropical_Monsoon,70.6,0.0,24.8,4.2,7.6,0,-0.011,0.456,114.0,0.573,87.0,0,98.32,49.2,59.6,0,6.0,0,11267
2021-09-03,West_Zone,Autumn,23.5,0,10491,Mumbai,19.08,72.88,17.1,0.83,14,1,0.6,Tropical_Monsoon,79.7,0.0,23.5,1.0,6.4,0,0.01,0.525,128.0,0.565,80.6,0,96.94,50.4,59.4,0,6.0,0,10420
2021-09-04,West_Zone,Autumn,25.9,0,8599,Mumbai,19.08,72.88,17.1,0.83,14,1,0.6,Tropical_Monsoon,69.5,0.0,25.9,7.3,7.2,0,-0.229,0.279,100.0,0.484,73.9,0,100.23,48.1,53.6,0,6.0,0,8450
2021-09-05,West_Zone,Autumn,27.4,0,11122,Mumbai,19.08,72.88,17.1,0.83,14,1,0.6,Tropical_Monsoon,76.1,0.0,30.2,7.3,7.0,0,-0.175,0.416,103.0,0.512,78.7,0,99.66,54.2,58.5,0,6.0,0,10934
2021-09-06,West_Zone,Autumn,25.2,0,11589,Mumbai,19.08,72.88,17.1,0.83,14,1,0.6,Tropical_Monsoon,72.6,0.0,25.2,8.3,6.5,0,0.113,0.225,108.0,0.525,82.0,0,98.31,47.0,57.6,0,6.0,0,11455
2021-09-07,West_Zone,Autumn,27.8,0,12114,Mumbai,19.08,72.88,17.1,0.83,14,1,0.6,Tropical_Monsoon,71.7,0.0,30.5,9.3,5.6,0,-0.019,0.437,121.0,0.497,86.9,0,96.64,51.6,57.1,0,6.0,0,11979
2021-09-08,West_Zone,Autumn,21.5,0,9094,Mumbai,19.08,72.88,17.1,0.83,14,1,0.6,Tropical_Monsoon,66.4,1.6,21.5,3.2,6.9,0,-0.0,0.413,103.0,0.585,80.8,0,99.74,48.2,57.9,0,6.0,0,9248
2021-09-09,West_Zone,Autumn,23.0,0,9171,Mumbai,19.08,72.88,17.1,0.83,14,1,0.6,Tropical_Monsoon,76.9,0.0,23.0,3.4,6.8,0,-0.133,0.347,125.0,0.562,86.6,0,99.28,48.8,61.4,0,6.0,0,9007
2021-09-10,West_Zone,Autumn,22.1,0,10294,Mumbai,19.08,72.88,17.1,0.83,14,1,0.6,Tropical_Monsoon,71.1,0.0,22.1,5.0,6.6,0,-0.0,0.22,114.0,0.506,75.0,0,98.23,49.2,60.4,0,6.0,0,10029
2021-09-11,West_Zone,Autumn,21.9,0,10515,Mumbai,19.08,72.88,17.1,0.83,14,1,0.6,Tropical_Monsoon,77.2,0.0,21.9,8.5,5.8,0,-0.038,0.379,132.0,0.586,80.5,0,99.31,55.6,66.3,0,6.0,0,10510
2021-09-12,West_Zone,Autumn,23.3,0,10560,Mumbai,19.08,72.88,17.1,0.83,14,1,0.6,Tropical_Monsoon,67.9,0.0,23.3,1.0,7.6,0,-0.062,0.393,121.0,0.55,85.1,0,97.61,51.7,61.0,0,6.0,0,10591
2021-09-13,West_Zone,Autumn,16.7,0,8146,Mumbai,19.08,72.88,17.1,0.83,14,1,0.6,Tropical_Monsoon,76.9,0.0,16.7,6.4,6.2,0,-0.146,0.376,152.0,0.567,84.8,0,97.13,51.4,64.0,0,6.0,0,8164
2021-09-14,West_Zone,Autumn,25.9,0,12125,Mumbai,19.08,72.88,17.1,0.83,14,1,0.6,Tropical_Monsoon,72.2,0.0,25.9,8.8,5.9,0,-0.087,0.343,122.0,0.487,76.1,0,98.24,54.5,53.4,0,6.0,0,12172
2021-09-15,West_Zone,Autumn,18.5,0,8969,Mumbai,19.08,72.88,17.1,0.83,14,1,0.6,Tropical_Monsoon,74.1,0.0,18.5,8.7,5.4,0,0.197,0.326,98.0,0.474,79.5,0,96.52,49.0,60.8,0,6.0,0,8870
2021-09-16,West_Zone,Autumn,27.2,0,11229,Mumbai,19.08,72.88,17.1,0.83,14,1,0.6,Tropical_Monsoon,71.7,0.0,29.4,8.1,7.0,0,-0.035,0.377,116.0,0.547,81.6,0,96.95,43.9,58.1,0,6.0,0,11213
2021-09-17,West_Zone,Autumn,23.7,0,12069,Mumbai,19.08,72.88,17.1,0.83,14,1,0.6,Tropical_Monsoon,70.4,0.0,23.7,9.2,6.9,0,0.079,0.332,120.0,0.556,80.0,0,98.6,48.0,63.6,0,6.0,0,11923
2021-09-18,West_Zone,Autumn,22.9,0,10325,Mumbai,19.08,72.88,17.1,0.83,14,1,0.6,Tropical_Monsoon,69.0,0.0,22.9,1.0,6.1,0,-0.02,0.429,104.0,0.596,85.5,0,98.29,51.2,61.3,0,6.0,0,10405
2021-09-19,West_Zone,Autumn,23.5,0,12364,Mumbai,19.08,72.88,17.1,0.83,14,1,0.6,Tropical_Monsoon,79.9,0.0,23.5,10.8,6.7,0,-0.031,0.375,147.0,0.548,82.0,0,96.66,51.5,67.9,0,6.0,0,12188
2021-09-20,West_Zone,Autumn,25.3,0,11349,Mumbai,19.08,72.88,17.1,0.83,14,1,0.6,Tropical_Monsoon,76.1,0.0,25.3,7.0,6.9,0,-0.064,0.277,114.0,0.537,77.7,0,97.63,54.3,55.3,0,6.0,0,11321
2021-09-21,West_Zone,Autumn,22.4,0,11037,Mumbai,19.08,72.88,17.1,0.83,14,1,0.6,Tropical_Monsoon,68.8,0.0,22.4,10.0,6.5,0,0.135,0.391,108.0,0.581,83.4,0,96.69,51.1,56.4,0,6.0,0,11194
2021-09-22,West_Zone,Autumn,26.0,0,10636,Mumbai,19.08,72.88,17.1,0.83,14,1,0.6,Tropical_Monsoon,73.2,0.0,26.0,2.5,6.1,0,0.037,0.405,123.0,0.557,83.5,0,97.53,56.1,61.7,0,6.0,0,10449
2021-09-23,West_Zone,Autumn,26.1,0,11394,Mumbai,19.08,72.88,17.1,0.83,14,1,0.6,Tropical_Monsoon,66.6,0.0,26.1,1.0,7.1,0,-0.079,0.477,104.0,0.597,78.6,0,97.42,53.4,59.4,0,6.0,0,11542
2021-09-24,West_Zone,Autumn,24.1,0,10311,Mumbai,19.08,72.88,17.1,0.83,14,1,0.6,Tropical_Monsoon,65.6,0.0,24.1,11.4,7.0,0,-0.039,0.436,137.0,0.535,79.3,0,99.01,47.0,55.3,0,6.0,0,10311
2021-09-25,West_Zone,Autumn,22.8,0,9875,Mumbai,19.08,72.88,17.1,0.83,14,1,0.6,Tropical_Monsoon,77.5,1.9,22.8,3.2,6.7,0,0.108,0.326,134.0,0.492,79.9,0,97.85,42.0,61.9,0,6.0,0,9986
2021-09-26,West_Zone,Autumn,20.8,0,10493,Mumbai,19.08,72.88,17.1,0.83,14,1,0.6,Tropical_Monsoon,65.0,0.0,20.8,5.1,5.8,0,-0.284,0.466,122.0,0.56,86.1,0,97.76,48.1,57.5,0,6.0,0,10400
2021-09-27,West_Zone,Autumn,22.9,0,9693,Mumbai,19.08,72.88,17.1,0.83,14,1,0.6,Tropical_Monsoon,76.9,0.0,22.9,7.6,5.6,0,0.031,0.297,131.0,0.557,81.7,0,97.61,52.6,62.3,0,6.0,0,9575
2021-09-28,West_Zone,Autumn,30.5,0,11733,Mumbai,19.08,72.88,17.1,0.83,14,1,0.6,Tropical_Monsoon,66.4,0.0,35.4,8.3,6.8,0,0.054,0.382,111.0,0.534,75.4,0,96.28,53.0,51.5,0,6.0,0,11674
2021-09-29,West_Zone,Autumn,27.3,0,10637,Mumbai,19.08,72.88,17.1,0.83,14,1,0.6,Tropical_Monsoon,68.6,5.7,29.2,9.2,7.2,0,-0.075,0.425,93.0,0.586,78.4,0,97.9,51.7,58.5,0,6.0,0,10642
2021-09-30,West_Zone,Autumn,25.4,0,11141,Mumbai,19.08,72.88,17.1,0.83,14,1,0.6,Tropical_Monsoon,72.8,0.0,25.4,6.7,7.1,0,0.015,0.468,114.0,0.546,84.1,0,98.48,52.9,60.8,0,6.0,0,11161
2021-10-01,West_Zone,Autumn,22.1,1,14185,Mumbai,19.08,72.88,17.1,0.83,14,1,0.6,Tropical_Monsoon,75.6,0.0,22.1,2.8,6.7,0,0.05,0.493,111.0,0.566,80.8,0,98.23,57.6,72.8,0,6.0,0,14392
2021-10-02,West_Zone,Autumn,18.3,0,9829,Mumbai,19.08,72.88,17.1,0.83,14,1,0.6,Tropical_Monsoon,70.9,3.0,18.3,8.1,5.9,0,-0.123,0.456,83.0,0.581,78.3,0,98.69,52.5,63.5,0,6.0,0,10048
2021-10-03,West_Zone,Autumn,24.9,1,13726,Mumbai,19.08,72.88,17.1,0.83,14,1,0.6,Tropical_Monsoon,74.6,0.0,24.9,8.2,6.0,0,0.084,0.372,101.0,0.533,80.9,0,98.74,53.9,70.8,0,6.0,0,14091
2021-10-04,West_Zone,Autumn,21.4,0,10366,Mumbai,19.08,72.88,17.1,0.83,14,1,0.6,Tropical_Monsoon,73.7,0.0,21.4,1.0,6.3,0,0.03,0.415,98.0,0.549,84.9,0,100.2,59.5,62.2,0,6.0,0,10449
2021-10-05,West_Zone,Autumn,26.7,0,11355,Mumbai,19.08,72.88,17.1,0.83,14,1,0.6,Tropical_Monsoon,63.7,0.0,27.9,10.3,6.6,0,-0.015,0.393,101.0,0.48,88.5,0,96.88,44.5,59.7,0,6.0,0,11226
2021-10-06,West_Zone,Autumn,22.4,0,10186,Mumbai,19.08,72.88,17.1,0.83,14,1,0.6,Tropical_Monsoon,71.7,2.6,22.4,1.0,7.0,0,0.01,0.337,144.0,0.569,81.8,0,98.24,59.1,63.7,0,6.0,0,10341
2021-10-07,West_Zone,Autumn,26.6,0,11042,Mumbai,19.08,72.88,17.1,0.83,14,1,0.6,Tropical_Monsoon,76.9,0.5,26.6,9.1,6.3,0,0.071,0.373,129.0,0.55,83.5,0,98.36,42.1,52.3,0,6.0,0,11034
2021-10-08,West_Zone,Autumn,22.9,1,12632,Mumbai,19.08,72.88,17.1,0.83,14,1,0.6,Tropical_Monsoon,80.6,0.0,22.9,4.1,6.2,0,0.232,0.488,137.0,0.554,81.7,0,97.7,48.8,59.0,0,6.0,0,12762
2021-10-09,West_Zone,Autumn,21.1,0,9948,Mumbai,19.08,72.88,17.1,0.83,14,1,0.6,Tropical_Monsoon,76.9,0.0,21.1,8.1,7.5,0,0.061,0.419,129.0,0.62,82.7,0,97.39,49.7,66.3,0,6.0,0,10290
2021-10-10,West_Zone,Autumn,26.8,1,15121,Mumbai,19.08,72.88,17.1,0.83,14,1,0.6,Tropical_Monsoon,64.0,0.0,28.1,7.5,7.5,0,0.081,0.504,139.0,0.562,79.2,0,98.52,45.9,69.2,0,6.0,0,15166
2021-10-11,West_Zone,Autumn,23.5,1,12446,Mumbai,19.08,72.88,17.1,0.83,14,1,0.6,Tropical_Monsoon,74.4,0.0,23.5,5.9,5.9,0,0.019,0.315,120.0,0.523,86.3,0,98.43,51.7,63.5,0,6.0,0,12378
2021-10-12,West_Zone,Autumn,21.7,0,9002,Mumbai,19.08,72.88,17.1,0.83,14,1,0.6,Tropical_Monsoon,77.2,0.0,21.7,7.4,7.2,0,0.19,0.357,147.0,0.52,80.6,0,96.98,51.6,59.2,0,6.0,0,8826
2021-10-13,West_Zone,Autumn,20.1,0,10649,Mumbai,19.08,72.88,17.1,0.83,14,1,0.6,Tropical_Monsoon,77.6,0.0,20.1,5.7,5.6,0,-0.147,0.405,98.0,0.594,78.7,0,96.25,54.5,57.4,0,6.0,0,10608
2021-10-14,West_Zone,Autumn,26.1,1,14525,Mumbai,19.08,72.88,17.1,0.83,14,1,0.6,Tropical_Monsoon,74.3,0.0,26.1,8.1,6.3,0,-0.174,0.425,119.0,0.609,79.7,0,97.56,54.9,73.8,0,6.0,0,14566
2021-10-15,West_Zone,Autumn,16.2,1,12126,Mumbai,19.08,72.88,17.1,0.83,14,1,0.6,Tropical_Monsoon,78.1,0.0,16.2,12.6,5.9,0,0.015,0.373,102.0,0.593,84.0,0,97.39,52.7,74.5,0,6.0,0,12269
2021-10-16,West_Zone,Autumn,22.2,0,10041,Mumbai,19.08,72.88,17.1,0.83,14,1,0.6,Tropical_Monsoon,72.3,0.0,22.2,2.0,6.3,0,0.066,0.428,142.0,0.607,79.9,0,98.67,56.9,57.9,0,6.0,0,10210
2021-10-17,West_Zone,Autumn,22.8,1,13287,Mumbai,19.08,72.88,17.1,0.83,14,1,0.6,Tropical_Monsoon,69.3,0.0,22.8,1.0,6.8,0,-0.257,0.428,128.0,0.549,86.6,0,97.15,54.4,76.6,0,6.0,0,12978
2021-10-18,West_Zone,Autumn,20.0,1,14902,Mumbai,19.08,72.88,17.1,0.83,14,1,0.6,Tropical_Monsoon,64.5,0.0,20.0,4.8,6.3,0,-0.0,0.297,141.0,0.584,83.9,0,97.91,50.9,65.9,0,6.0,0,14915
2021-10-19,West_Zone,Autumn,30.0,0,13411,Mumbai,19.08,72.88,17.1,0.83,14,1,0.6,Tropical_Monsoon,69.7,0.0,35.0,4.5,7.1,0,-0.018,0.425,95.0,0.56,84.6,0,96.39,52.0,48.2,0,6.0,0,13316
2021-10-20,West_Zone,Autumn,29.1,0,11391,Mumbai,19.08,72.88,17.1,0.83,14,1,0.6,Tropical_Monsoon,69.5,0.0,32.8,4.9,6.5,0,0.074,0.444,109.0,0.525,80.7,0,96.56,49.1,60.7,0,6.0,0,11360
2021-10-21,West_Zone,Autumn,19.8,0,10810,Mumbai,19.08,72.88,17.1,0.83,14,1,0.6,Tropical_Monsoon,76.9,0.0,19.8,3.2,6.5,0,0.043,0.398,88.0,0.547,80.1,0,97.35,47.0,58.7,0,6.0,0,10548
2021-10-22,West_Zone,Autumn,20.9,1,13559,Mumbai,19.08,72.88,17.1,0.83,14,1,0.6,Tropical_Monsoon,66.8,6.3,20.9,8.6,6.3,0,-0.181,0.27,127.0,0.537,82.1,0,97.88,53.9,62.5,0,6.0,0,13696
2021-10-23,West_Zone,Autumn,18.1,0,9300,Mumbai,19.08,72.88,17.1,0.83,14,1,0.6,Tropical_Monsoon,78.4,0.0,18.1,1.9,5.3,0,-0.108,0.363,112.0,0.531,78.4,0,97.33,45.9,63.0,0,6.0,0,9434
2021-10-24,West_Zone,Autumn,18.1,0,9507,Mumbai,19.08,72.88,17.1,0.83,14,1,0.6,Tropical_Monsoon,85.4,0.0,18.1,7.4,6.4,0,-0.081,0.406,134.0,0.566,83.4,0,98.3,51.6,51.5,0,6.0,0,9664
2021-10-25,West_Zone,Autumn,25.2,0,11953,Mumbai,19.08,72.88,17.1,0.83,14,1,0.6,Tropical_Monsoon,71.3,0.0,25.2,7.9,6.6,0,0.074,0.328,121.0,0.558,84.8,0,96.47,42.4,59.4,0,6.0,0,11820
2021-10-26,West_Zone,Autumn,28.5,0,12441,Mumbai,19.08,72.88,17.1,0.83,14,1,0.6,Tropical_Monsoon,68.6,1.5,31.4,6.9,6.2,0,0.037,0.435,82.0,0.581,79.9,0,97.97,52.5,63.8,0,6.0,0,12626
2021-10-27,West_Zone,Autumn,25.2,0,11075,Mumbai,19.08,72.88,17.1,0.83,14,1,0.6,Tropical_Monsoon,72.4,0.0,25.2,7.5,6.3,0,-0.062,0.424,90.0,0.586,84.1,0,98.0,49.3,61.3,0,6.0,0,11066
2021-10-28,West_Zone,Autumn,23.5,0,12182,Mumbai,19.08,72.88,17.1,0.83,14,1,0.6,Tropical_Monsoon,82.1,0.0,23.5,8.8,6.2,0,0.014,0.388,121.0,0.552,82.8,0,96.77,54.0,61.0,0,6.0,0,12008
2021-10-29,West_Zone,Autumn,25.9,0,9760,Mumbai,19.08,72.88,17.1,0.83,14,1,0.6,Tropical_Monsoon,65.3,0.0,25.9,6.2,6.4,0,-0.106,0.381,128.0,0.533,85.3,0,98.46,51.5,57.6,0,6.0,0,9586
2021-10-30,West_Zone,Autumn,24.2,0,11091,Mumbai,19.08,72.88,17.1,0.83,14,1,0.6,Tropical_Monsoon,72.5,1.2,24.2,5.0,7.5,0,0.205,0.392,80.0,0.514,86.9,0,96.08,50.9,60.8,0,6.0,0,11084
2021-10-31,West_Zone,Autumn,25.6,0,11303,Mumbai,19.08,72.88,17.1,0.83,14,1,0.6,Tropical_Monsoon,66.6,0.0,25.6,7.5,7.8,0,0.057,0.38,118.0,0.552,84.3,0,97.58,52.2,62.5,0,6.0,0,11488
2021-11-01,West_Zone,Autumn,21.9,0,10158,Mumbai,19.08,72.88,17.1,0.83,14,1,0.6,Tropical_Monsoon,70.1,0.0,21.9,7.8,4.7,0,0.079,0.303,102.0,0.52,81.8,0,99.07,50.2,56.8,0,6.0,0,10282
2021-11-02,West_Zone,Autumn,28.2,0,11088,Mumbai,19.08,72.88,17.1,0.83,14,1,0.6,Tropical_Monsoon,68.8,0.0,30.9,8.7,7.0,0,0.138,0.354,100.0,0.545,85.6,0,96.08,49.2,54.3,0,6.0,0,10998
2021-11-03,West_Zone,Autumn,25.3,0,10302,Mumbai,19.08,72.88,17.1,0.83,14,1,0.6,Tropical_Monsoon,77.6,1.3,25.3,1.0,7.1,0,0.102,0.384,108.0,0.494,82.1,0,98.99,50.3,63.9,0,6.0,0,10200
2021-11-04,West_Zone,Autumn,27.6,0,10109,Mumbai,19.08,72.88,17.1,0.83,14,1,0.6,Tropical_Monsoon,78.4,0.0,30.9,5.4,6.5,0,0.003,0.465,122.0,0.531,81.2,0,97.17,51.4,69.3,0,6.0,0,10207
2021-11-05,West_Zone,Autumn,26.1,0,11953,Mumbai,19.08,72.88,17.1,0.83,14,1,0.6,Tropical_Monsoon,72.6,0.0,26.1,2.8,7.1,0,-0.018,0.422,107.0,0.581,80.2,0,97.77,49.9,67.5,0,6.0,0,12298
2021-11-06,West_Zone,Autumn,26.2,0,11601,Mumbai,19.08,72.88,17.1,0.83,14,1,0.6,Tropical_Monsoon,68.4,0.0,26.2,7.7,7.6,0,0.129,0.468,84.0,0.528,82.3,0,99.78,54.7,46.9,0,6.0,0,11849
2021-11-07,West_Zone,Autumn,22.5,0,11310,Mumbai,19.08,72.88,17.1,0.83,14,1,0.6,Tropical_Monsoon,85.0,0.0,22.5,8.2,5.6,0,0.003,0.296,122.0,0.528,85.0,0,97.77,45.0,66.3,0,6.0,0,11500
2021-11-08,West_Zone,Autumn,20.3,0,10002,Mumbai,19.08,72.88,17.1,0.83,14,1,0.6,Tropical_Monsoon,71.7,2.7,20.3,5.2,6.3,0,-0.075,0.359,114.0,0.525,78.9,0,100.03,47.0,56.8,0,6.0,0,10148
2021-11-09,West_Zone,Autumn,23.3,1,14216,Mumbai,19.08,72.88,17.1,0.83,14,1,0.6,Tropical_Monsoon,69.2,1.6,23.3,3.8,7.6,0,0.197,0.504,103.0,0.559,78.3,0,98.13,59.8,81.0,0,6.0,0,14910
2021-11-10,West_Zone,Autumn,29.4,1,16536,Mumbai,19.08,72.88,17.1,0.83,14,1,0.6,Tropical_Monsoon,59.5,0.0,31.6,7.8,6.0,0,-0.094,0.335,114.0,0.546,78.3,0,98.38,50.6,66.8,0,6.0,0,16637
2021-11-11,West_Zone,Autumn,27.6,0,10681,Mumbai,19.08,72.88,17.1,0.83,14,1,0.6,Tropical_Monsoon,76.4,0.0,30.7,5.6,6.6,0,-0.173,0.334,114.0,0.544,85.1,0,99.33,48.7,54.4,0,6.0,0,10686
2021-11-12,West_Zone,Autumn,25.3,0,10997,Mumbai,19.08,72.88,17.1,0.83,14,1,0.6,Tropical_Monsoon,75.7,0.9,25.3,10.3,6.2,0,0.099,0.364,121.0,0.567,83.2,0,99.05,52.5,59.7,0,6.0,0,11223
2021-11-13,West_Zone,Autumn,20.3,0,8868,Mumbai,19.08,72.88,17.1,0.83,14,1,0.6,Tropical_Monsoon,85.9,0.0,20.3,11.3,6.9,0,-0.073,0.501,116.0,0.552,86.4,0,98.68,55.5,58.0,0,6.0,0,9018
2021-11-14,West_Zone,Autumn,22.0,0,9873,Mumbai,19.08,72.88,17.1,0.83,14,1,0.6,Tropical_Monsoon,65.9,0.0,22.0,9.0,7.1,0,0.044,0.34,123.0,0.518,80.4,0,98.09,54.8,58.2,0,6.0,0,9948
2021-11-15,West_Zone,Autumn,21.4,0,9868,Mumbai,19.08,72.88,17.1,0.83,14,1,0.6,Tropical_Monsoon,80.5,0.0,21.4,6.7,6.4,0,0.182,0.413,119.0,0.597,78.3,0,97.03,48.8,64.7,0,6.0,0,9896
2021-11-16,West_Zone,Autumn,22.9,0,11145,Mumbai,19.08,72.88,17.1,0.83,14,1,0.6,Tropical_Monsoon,72.6,0.0,22.9,11.5,6.4,0,-0.137,0.404,135.0,0.554,86.7,0,97.1,49.8,66.2,0,6.0,0,11466
2021-11-17,West_Zone,Autumn,27.9,0,11369,Mumbai,19.08,72.88,17.1,0.83,14,1,0.6,Tropical_Monsoon,73.3,0.0,30.9,6.7,5.6,0,-0.004,0.264,149.0,0.537,79.8,0,99.94,51.6,55.3,0,6.0,0,11203
2021-11-18,West_Zone,Autumn,25.4,0,12386,Mumbai,19.08,72.88,17.1,0.83,14,1,0.6,Tropical_Monsoon,62.5,0.0,25.4,4.6,7.4,0,0.148,0.379,120.0,0.54,84.0,0,100.35,54.4,68.2,0,6.0,0,12732
2021-11-19,West_Zone,Autumn,20.8,0,9925,Mumbai,19.08,72.88,17.1,0.83,14,1,0.6,Tropical_Monsoon,80.9,0.0,20.8,4.0,6.1,0,0.068,0.347,109.0,0.56,78.0,0,98.81,52.7,53.8,0,6.0,0,9889
2021-11-20,West_Zone,Autumn,25.9,0,10183,Mumbai,19.08,72.88,17.1,0.83,14,1,0.6,Tropical_Monsoon,74.4,0.0,25.9,3.9,6.5,0,-0.018,0.421,94.0,0.491,82.5,0,96.93,48.1,57.0,0,6.0,0,10037
2021-11-21,West_Zone,Autumn,27.7,0,11759,Mumbai,19.08,72.88,17.1,0.83,14,1,0.6,Tropical_Monsoon,69.2,0.0,30.0,6.0,7.2,0,0.239,0.484,132.0,0.616,81.5,0,97.96,50.1,72.7,0,6.0,0,11711
2021-11-22,West_Zone,Autumn,29.1,0,10422,Mumbai,19.08,72.88,17.1,0.83,14,1,0.6,Tropical_Monsoon,71.8,0.0,33.3,7.4,6.8,0,-0.01,0.359,104.0,0.536,77.7,0,97.93,51.1,61.8,0,6.0,0,10394
2021-11-23,West_Zone,Autumn,22.5,0,11693,Mumbai,19.08,72.88,17.1,0.83,14,1,0.6,Tropical_Monsoon,68.7,1.9,22.5,1.8,7.0,0,0.04,0.359,162.0,0.512,87.7,0,98.23,58.2,56.7,0,6.0,0,11407
2021-11-24,West_Zone,Autumn,28.4,0,11496,Mumbai,19.08,72.88,17.1,0.83,14,1,0.6,Tropical_Monsoon,66.1,0.0,30.9,4.7,7.0,0,0.165,0.531,170.0,0.561,79.3,0,97.93,51.5,61.3,0,6.0,0,11491
2021-11-25,West_Zone,Autumn,23.8,1,13291,Mumbai,19.08,72.88,17.1,0.83,14,1,0.6,Tropical_Monsoon,69.4,0.0,23.8,6.6,6.6,0,0.098,0.337,116.0,0.536,79.2,0,99.36,66.0,75.5,0,6.0,0,13557
2021-11-26,West_Zone,Autumn,26.3,0,11617,Mumbai,19.08,72.88,17.1,0.83,14,1,0.6,Tropical_Monsoon,61.0,0.0,26.3,7.9,6.8,0,0.132,0.299,90.0,0.531,80.0,0,99.11,51.6,61.7,0,6.0,0,11331
2021-11-27,West_Zone,Autumn,20.9,0,10194,Mumbai,19.08,72.88,17.1,0.83,14,1,0.6,Tropical_Monsoon,77.8,0.0,20.9,5.9,5.6,0,-0.09,0.463,132.0,0.58,75.5,0,100.48,46.5,66.4,0,6.0,0,10587
2021-11-28,West_Zone,Autumn,25.2,1,14596,Mumbai,19.08,72.88,17.1,0.83,14,1,0.6,Tropical_Monsoon,76.8,0.4,25.2,6.7,6.4,0,0.123,0.377,158.0,0.518,81.0,0,98.53,53.8,67.7,0,6.0,0,15225
2021-11-29,West_Zone,Autumn,24.1,0,11575,Mumbai,19.08,72.88,17.1,0.83,14,1,0.6,Tropical_Monsoon,68.0,0.0,24.1,2.3,7.1,0,0.017,0.397,96.0,0.585,80.0,0,99.15,56.8,56.7,0,6.0,0,11566
2021-11-30,West_Zone,Autumn,22.7,0,10934,Mumbai,19.08,72.88,17.1,0.83,14,1,0.6,Tropical_Monsoon,74.1,0.0,22.7,3.3,5.8,0,-0.075,0.514,154.0,0.573,85.0,0,99.72,54.8,55.5,0,6.0,0,11266
2021-12-01,West_Zone,Winter,15.0,0,8321,Mumbai,19.08,72.88,17.1,0.83,14,1,0.6,Tropical_Monsoon,77.7,0.0,15.0,5.8,3.1,0,0.022,0.336,117.0,0.527,82.9,0,100.03,53.8,67.8,0,6.0,0,8196
2021-12-02,West_Zone,Winter,14.0,0,8192,Mumbai,19.08,72.88,17.1,0.83,14,1,0.6,Tropical_Monsoon,81.2,0.0,14.0,7.5,2.9,0,0.019,0.408,124.0,0.555,78.2,0,97.81,50.6,72.2,0,6.0,0,8356
2021-12-03,West_Zone,Winter,12.1,0,6449,Mumbai,19.08,72.88,17.1,0.83,14,1,0.6,Tropical_Monsoon,77.6,0.0,12.1,6.7,3.4,0,0.187,0.346,156.0,0.566,80.0,0,99.48,51.7,66.7,0,6.0,0,6546
2021-12-04,West_Zone,Winter,13.0,0,8403,Mumbai,19.08,72.88,17.1,0.83,14,1,0.6,Tropical_Monsoon,75.8,0.0,13.0,3.5,4.2,0,0.038,0.44,168.0,0.569,88.5,0,99.25,43.4,73.5,0,6.0,0,8974
2021-12-05,West_Zone,Winter,11.0,0,7751,Mumbai,19.08,72.88,17.1,0.83,14,1,0.6,Tropical_Monsoon,86.7,0.0,11.0,5.3,3.6,0,-0.078,0.387,149.0,0.54,79.3,0,99.44,56.2,75.2,0,6.0,0,7829
2021-12-06,West_Zone,Winter,20.7,0,10993,Mumbai,19.08,72.88,17.1,0.83,14,1,0.6,Tropical_Monsoon,75.3,0.0,20.7,10.5,2.5,0,-0.101,0.35,158.0,0.538,84.5,0,99.23,51.2,65.9,0,6.0,0,11130
2021-12-07,West_Zone,Winter,19.9,0,10295,Mumbai,19.08,72.88,17.1,0.83,14,1,0.6,Tropical_Monsoon,86.2,0.0,19.9,7.6,4.1,0,-0.005,0.464,170.0,0.613,80.0,0,100.91,57.9,68.8,0,6.0,0,10538
2021-12-08,West_Zone,Winter,18.5,0,9046,Mumbai,19.08,72.88,17.1,0.83,14,1,0.6,Tropical_Monsoon,77.1,0.0,18.5,5.5,3.4,0,-0.135,0.421,172.0,0.597,79.0,0,98.34,50.2,69.4,0,6.0,0,9161
2021-12-09,West_Zone,Winter,13.1,0,6075,Mumbai,19.08,72.88,17.1,0.83,14,1,0.6,Tropical_Monsoon,75.5,0.0,13.1,2.9,3.7,0,-0.072,0.345,139.0,0.557,80.4,0,98.31,52.1,70.9,0,6.0,0,6123
2021-12-10,West_Zone,Winter,18.6,0,10871,Mumbai,19.08,72.88,17.1,0.83,14,1,0.6,Tropical_Monsoon,83.0,0.0,18.6,3.9,3.6,0,-0.024,0.349,134.0,0.552,86.4,0,98.47,57.4,71.2,0,6.0,0,10951
2021-12-11,West_Zone,Winter,13.3,0,8131,Mumbai,19.08,72.88,17.1,0.83,14,1,0.6,Tropical_Monsoon,83.2,0.0,13.3,6.0,2.9,0,-0.042,0.432,169.0,0.637,77.6,0,99.03,58.0,76.5,0,6.0,0,8301
2021-12-12,West_Zone,Winter,12.7,0,8490,Mumbai,19.08,72.88,17.1,0.83,14,1,0.6,Tropical_Monsoon,84.0,0.0,12.7,6.8,3.3,0,0.073,0.32,158.0,0.554,84.0,0,99.65,56.2,76.9,0,6.0,0,8652
2021-12-13,West_Zone,Winter,18.4,0,8199,Mumbai,19.08,72.88,17.1,0.83,14,1,0.6,Tropical_Monsoon,82.9,0.0,18.4,7.7,3.4,0,-0.074,0.434,161.0,0.574,85.7,0,98.93,45.1,68.0,0,6.0,0,8220
2021-12-14,West_Zone,Winter,16.2,0,8835,Mumbai,19.08,72.88,17.1,0.83,14,1,0.6,Tropical_Monsoon,75.0,0.0,16.2,7.2,3.7,0,-0.247,0.5,138.0,0.579,80.3,0,100.43,48.1,75.5,0,6.0,0,9038
2021-12-15,West_Zone,Winter,15.3,0,9202,Mumbai,19.08,72.88,17.1,0.83,14,1,0.6,Tropical_Monsoon,78.2,0.0,15.3,4.9,3.0,0,-0.169,0.46,161.0,0.586,85.0,0,99.45,55.6,78.9,0,6.0,0,9740
2021-12-16,West_Zone,Winter,14.4,0,8525,Mumbai,19.08,72.88,17.1,0.83,14,1,0.6,Tropical_Monsoon,78.5,0.0,14.4,4.5,2.8,0,-0.002,0.383,130.0,0.464,84.5,0,99.39,50.0,78.0,0,6.0,0,8582
2021-12-17,West_Zone,Winter,14.4,0,9365,Mumbai,19.08,72.88,17.1,0.83,14,1,0.6,Tropical_Monsoon,72.9,0.0,14.4,12.1,3.9,0,-0.059,0.436,154.0,0.6,79.6,0,98.19,52.6,73.0,0,6.0,0,9701
2021-12-18,West_Zone,Winter,16.3,0,9240,Mumbai,19.08,72.88,17.1,0.83,14,1,0.6,Tropical_Monsoon,76.9,0.0,16.3,4.3,4.2,0,-0.124,0.345,152.0,0.508,79.2,0,101.38,54.4,71.7,0,6.0,0,9317
2021-12-19,West_Zone,Winter,11.2,0,7493,Mumbai,19.08,72.88,17.1,0.83,14,1,0.6,Tropical_Monsoon,88.0,1.8,11.2,2.1,3.7,0,0.196,0.428,152.0,0.545,81.5,0,99.54,53.8,65.0,0,6.0,0,7661
2021-12-20,West_Zone,Winter,17.7,0,9454,Mumbai,19.08,72.88,17.1,0.83,14,1,0.6,Tropical_Monsoon,78.6,0.0,17.7,1.1,3.2,0,0.083,0.4,164.0,0.518,82.3,0,101.26,49.3,69.9,0,6.0,0,9546
2021-12-21,West_Zone,Winter,17.0,0,10657,Mumbai,19.08,72.88,17.1,0.83,14,1,0.6,Tropical_Monsoon,71.1,0.0,17.0,4.9,3.2,0,-0.006,0.358,132.0,0.527,80.9,0,99.04,56.7,64.5,0,6.0,0,10277
2021-12-22,West_Zone,Winter,18.1,0,9603,Mumbai,19.08,72.88,17.1,0.83,14,1,0.6,Tropical_Monsoon,69.4,2.9,18.1,8.8,3.2,0,0.023,0.457,162.0,0.564,83.7,0,100.52,51.1,77.7,0,6.0,0,9854
2021-12-23,West_Zone,Winter,13.5,0,6323,Mumbai,19.08,72.88,17.1,0.83,14,1,0.6,Tropical_Monsoon,88.2,0.0,13.5,4.3,4.0,0,-0.027,0.301,150.0,0.562,79.7,0,99.16,55.0,70.7,0,6.0,0,6285
2021-12-24,West_Zone,Winter,14.5,0,8362,Mumbai,19.08,72.88,17.1,0.83,14,1,0.6,Tropical_Monsoon,78.8,0.0,14.5,10.4,3.0,0,-0.125,0.349,136.0,0.586,79.3,0,101.58,52.8,71.6,0,6.0,0,8486
2021-12-25,West_Zone,Winter,16.2,0,8919,Mumbai,19.08,72.88,17.1,0.83,14,1,0.6,Tropical_Monsoon,75.0,0.0,16.2,6.0,4.1,0,0.103,0.356,126.0,0.607,82.0,0,100.91,61.0,68.9,0,6.0,0,9184
2021-12-26,West_Zone,Winter,14.0,0,7086,Mumbai,19.08,72.88,17.1,0.83,14,1,0.6,Tropical_Monsoon,78.2,0.0,14.0,9.3,3.8,0,0.085,0.39,184.0,0.561,82.7,0,100.68,59.1,64.9,0,6.0,0,7367
2021-12-27,West_Zone,Winter,12.2,0,8426,Mumbai,19.08,72.88,17.1,0.83,14,1,0.6,Tropical_Monsoon,73.3,3.6,12.2,3.7,4.1,0,-0.198,0.498,149.0,0.578,85.9,0,99.14,61.2,75.6,0,6.0,0,8471
2021-12-28,West_Zone,Winter,20.1,0,9958,Mumbai,19.08,72.88,17.1,0.83,14,1,0.6,Tropical_Monsoon,83.1,1.0,20.1,3.8,4.4,0,0.023,0.465,144.0,0.6,83.4,0,101.8,60.3,74.5,0,6.0,0,10229
2021-12-29,West_Zone,Winter,16.0,0,9757,Mumbai,19.08,72.88,17.1,0.83,14,1,0.6,Tropical_Monsoon,76.4,0.0,16.0,6.3,3.9,0,0.034,0.426,129.0,0.541,84.1,0,101.97,53.3,76.7,0,6.0,0,9987
2021-12-30,West_Zone,Winter,12.6,0,8435,Mumbai,19.08,72.88,17.1,0.83,14,1,0.6,Tropical_Monsoon,87.3,0.0,12.6,7.4,2.5,0,-0.032,0.423,170.0,0.537,81.0,0,99.59,50.7,63.2,0,6.0,0,8510
2021-12-31,West_Zone,Winter,12.8,0,8886,Mumbai,19.08,72.88,17.1,0.83,14,1,0.6,Tropical_Monsoon,80.6,0.0,12.8,5.5,3.8,0,0.21,0.419,168.0,0.554,81.0,0,100.16,48.5,78.6,0,6.0,0,9100
2022-01-01,West_Zone,Winter,15.5,0,9102,Mumbai,19.08,72.88,17.1,0.83,14,1,0.6,Tropical_Monsoon,85.8,0.0,15.5,6.9,3.6,0,0.349,0.502,165.0,0.584,80.1,0,104.96,56.0,71.4,0,6.25,0,9487
2022-01-02,West_Zone,Winter,12.7,0,8728,Mumbai,19.08,72.88,17.1,0.83,14,1,0.6,Tropical_Monsoon,81.7,1.0,12.7,7.8,3.2,0,0.112,0.311,149.0,0.476,82.5,0,102.1,53.9,75.9,0,6.25,0,8740
2022-01-03,West_Zone,Winter,21.3,0,9507,Mumbai,19.08,72.88,17.1,0.83,14,1,0.6,Tropical_Monsoon,79.5,0.0,21.3,1.7,4.6,0,0.128,0.466,164.0,0.609,82.4,0,105.25,54.9,58.8,0,6.25,0,9712
2022-01-04,West_Zone,Winter,14.0,0,8680,Mumbai,19.08,72.88,17.1,0.83,14,1,0.6,Tropical_Monsoon,83.2,0.0,14.0,5.0,3.4,0,0.116,0.39,135.0,0.565,82.3,0,105.16,51.7,74.1,0,6.25,0,8966
2022-01-05,West_Zone,Winter,17.4,0,8892,Mumbai,19.08,72.88,17.1,0.83,14,1,0.6,Tropical_Monsoon,80.7,0.0,17.4,4.4,3.3,0,0.089,0.45,154.0,0.596,81.4,0,103.61,55.9,71.6,0,6.25,0,9062
2022-01-06,West_Zone,Winter,6.5,0,7712,Mumbai,19.08,72.88,17.1,0.83,14,1,0.6,Tropical_Monsoon,85.8,0.0,6.5,4.6,3.7,0,0.058,0.45,149.0,0.525,81.9,0,102.01,52.3,70.9,0,6.25,0,7783
2022-01-07,West_Zone,Winter,17.3,0,7926,Mumbai,19.08,72.88,17.1,0.83,14,1,0.6,Tropical_Monsoon,76.5,4.3,17.3,7.2,3.4,0,0.201,0.464,155.0,0.556,87.0,0,104.57,52.9,71.5,0,6.25,0,8134
2022-01-08,West_Zone,Winter,13.2,0,9548,Mumbai,19.08,72.88,17.1,0.83,14,1,0.6,Tropical_Monsoon,89.7,0.0,13.2,4.5,3.1,0,0.346,0.515,117.0,0.567,82.8,0,103.14,54.9,69.0,0,6.25,0,9724
2022-01-09,West_Zone,Winter,19.3,0,10586,Mumbai,19.08,72.88,17.1,0.83,14,1,0.6,Tropical_Monsoon,71.9,0.0,19.3,1.0,3.0,0,0.305,0.338,184.0,0.538,83.8,0,102.72,53.8,64.9,0,6.25,0,10528
2022-01-10,West_Zone,Winter,14.5,0,8684,Mumbai,19.08,72.88,17.1,0.83,14,1,0.6,Tropical_Monsoon,79.3,0.0,14.5,5.3,3.0,0,0.229,0.48,179.0,0.579,83.4,0,104.71,49.2,65.7,0,6.25,0,8769
2022-01-11,West_Zone,Winter,14.6,0,9554,Mumbai,19.08,72.88,17.1,0.83,14,1,0.6,Tropical_Monsoon,79.3,0.0,14.6,2.8,3.0,0,-0.091,0.416,129.0,0.59,81.5,0,105.69,52.1,72.1,0,6.25,0,9841
2022-01-12,West_Zone,Winter,12.4,0,7448,Mumbai,19.08,72.88,17.1,0.83,14,1,0.6,Tropical_Monsoon,82.6,0.1,12.4,7.5,3.7,0,-0.036,0.392,160.0,0.561,83.6,0,104.19,56.8,78.6,0,6.25,0,7819
2022-01-13,West_Zone,Winter,18.0,0,9472,Mumbai,19.08,72.88,17.1,0.83,14,1,0.6,Tropical_Monsoon,75.1,0.0,18.0,8.4,3.0,0,0.256,0.542,123.0,0.573,82.1,0,105.63,55.1,77.5,0,6.25,0,9916
2022-01-14,West_Zone,Winter,19.1,0,9246,Mumbai,19.08,72.88,17.1,0.83,14,1,0.6,Tropical_Monsoon,78.1,0.0,19.1,1.0,2.6,0,0.312,0.462,152.0,0.641,78.2,0,105.14,47.3,73.2,0,6.25,0,9477
2022-01-15,West_Zone,Winter,14.8,0,7970,Mumbai,19.08,72.88,17.1,0.83,14,1,0.6,Tropical_Monsoon,78.3,0.0,14.8,3.7,3.7,0,0.205,0.395,110.0,0.551,80.3,0,103.14,57.1,69.6,0,6.25,0,8308
2022-01-16,West_Zone,Winter,15.0,0,7572,Mumbai,19.08,72.88,17.1,0.83,14,1,0.6,Tropical_Monsoon,71.1,0.5,15.0,7.1,3.1,0,0.119,0.477,145.0,0.552,88.0,0,103.99,54.4,82.3,0,6.25,0,7781
2022-01-17,West_Zone,Winter,13.5,0,7235,Mumbai,19.08,72.88,17.1,0.83,14,1,0.6,Tropical_Monsoon,79.9,1.6,13.5,1.8,3.4,0,0.285,0.417,141.0,0.508,85.5,0,105.66,51.0,75.4,0,6.25,0,7580
2022-01-18,West_Zone,Winter,17.1,0,9843,Mumbai,19.08,72.88,17.1,0.83,14,1,0.6,Tropical_Monsoon,72.2,0.0,17.1,8.3,4.4,0,0.225,0.394,171.0,0.561,81.1,0,104.05,51.9,75.0,0,6.25,0,10084
2022-01-19,West_Zone,Winter,9.8,0,8519,Mumbai,19.08,72.88,17.1,0.83,14,1,0.6,Tropical_Monsoon,73.4,0.0,9.8,9.1,3.3,0,0.264,0.384,180.0,0.577,84.0,0,105.46,55.8,65.3,0,6.25,0,8735
2022-01-20,West_Zone,Winter,22.5,0,10659,Mumbai,19.08,72.88,17.1,0.83,14,1,0.6,Tropical_Monsoon,75.2,0.0,22.5,5.5,4.8,0,-0.036,0.438,180.0,0.535,82.7,0,104.26,45.9,73.3,0,6.25,0,10856
2022-01-21,West_Zone,Winter,13.1,0,10528,Mumbai,19.08,72.88,17.1,0.83,14,1,0.6,Tropical_Monsoon,82.6,0.9,13.1,3.7,3.4,0,0.184,0.383,171.0,0.574,87.2,0,105.43,56.9,65.8,0,6.25,0,10704
2022-01-22,West_Zone,Winter,11.0,0,7776,Mumbai,19.08,72.88,17.1,0.83,14,1,0.6,Tropical_Monsoon,84.0,0.0,11.0,1.0,3.9,0,0.327,0.429,151.0,0.57,81.6,0,105.17,59.0,82.4,0,6.25,0,8228
2022-01-23,West_Zone,Winter,15.5,0,9960,Mumbai,19.08,72.88,17.1,0.83,14,1,0.6,Tropical_Monsoon,81.5,0.0,15.5,8.4,3.2,0,0.203,0.473,157.0,0.525,82.7,0,104.52,58.4,67.8,0,6.25,0,10142
2022-01-24,West_Zone,Winter,16.1,0,8620,Mumbai,19.08,72.88,17.1,0.83,14,1,0.6,Tropical_Monsoon,68.7,0.0,16.1,12.0,3.6,0,0.245,0.427,157.0,0.586,79.6,0,105.5,59.8,69.0,0,6.25,0,8988
2022-01-25,West_Zone,Winter,12.1,0,7763,Mumbai,19.08,72.88,17.1,0.83,14,1,0.6,Tropical_Monsoon,73.9,0.0,12.1,11.4,2.8,0,0.154,0.539,129.0,0.587,81.6,0,102.67,50.9,68.8,0,6.25,0,8006
2022-01-26,West_Zone,Winter,12.0,0,8033,Mumbai,19.08,72.88,17.1,0.83,14,1,0.6,Tropical_Monsoon,90.7,0.0,12.0,5.4,2.9,0,0.161,0.421,171.0,0.531,73.8,0,103.78,58.6,70.1,0,6.25,0,8174
2022-01-27,West_Zone,Winter,13.3,0,7131,Mumbai,19.08,72.88,17.1,0.83,14,1,0.6,Tropical_Monsoon,74.8,0.0,13.3,2.7,3.3,0,0.29,0.501,162.0,0.614,82.8,0,104.43,55.9,75.4,0,6.25,0,7483
2022-01-28,West_Zone,Winter,18.8,0,9293,Mumbai,19.08,72.88,17.1,0.83,14,1,0.6,Tropical_Monsoon,79.8,0.0,18.8,8.5,2.9,0,0.083,0.479,163.0,0.608,85.0,0,106.1,52.1,72.0,0,6.25,0,9623
2022-01-29,West_Zone,Winter,11.2,0,7664,Mumbai,19.08,72.88,17.1,0.83,14,1,0.6,Tropical_Monsoon,77.8,6.1,11.2,5.6,3.4,0,0.073,0.512,109.0,0.554,87.1,0,103.51,56.3,72.2,0,6.25,0,7793
2022-01-30,West_Zone,Winter,15.2,0,7404,Mumbai,19.08,72.88,17.1,0.83,14,1,0.6,Tropical_Monsoon,79.3,0.0,15.2,7.4,3.3,0,0.102,0.538,158.0,0.603,83.4,0,104.95,56.7,75.6,0,6.25,0,7624
2022-01-31,West_Zone,Winter,16.0,0,8161,Mumbai,19.08,72.88,17.1,0.83,14,1,0.6,Tropical_Monsoon,75.2,0.5,16.0,6.9,3.7,0,0.152,0.314,168.0,0.545,80.9,0,105.33,61.3,64.4,0,6.25,0,8333
2022-02-01,West_Zone,Winter,20.1,0,10452,Mumbai,19.08,72.88,17.1,0.83,14,1,0.6,Tropical_Monsoon,78.7,0.0,20.1,6.3,3.0,0,-0.011,0.436,150.0,0.567,79.5,0,105.29,59.9,75.7,1,6.25,0,10944
2022-02-02,West_Zone,Winter,13.8,0,7853,Mumbai,19.08,72.88,17.1,0.83,14,1,0.6,Tropical_Monsoon,80.4,2.8,13.8,9.1,3.9,0,0.223,0.413,141.0,0.548,80.6,0,104.98,52.2,72.7,1,6.25,0,8498
2022-02-03,West_Zone,Winter,14.7,0,9161,Mumbai,19.08,72.88,17.1,0.83,14,1,0.6,Tropical_Monsoon,76.9,0.0,14.7,9.2,4.5,0,0.134,0.427,125.0,0.562,77.2,0,104.48,56.2,68.5,1,6.25,0,9630
2022-02-04,West_Zone,Winter,14.9,0,8557,Mumbai,19.08,72.88,17.1,0.83,14,1,0.6,Tropical_Monsoon,73.8,14.0,14.9,4.4,4.4,0,0.235,0.396,124.0,0.587,81.2,0,104.89,56.3,72.7,1,6.25,0,9264
2022-02-05,West_Zone,Winter,15.2,0,8310,Mumbai,19.08,72.88,17.1,0.83,14,1,0.6,Tropical_Monsoon,80.2,0.0,15.2,3.2,4.7,0,-0.062,0.387,153.0,0.569,78.3,0,106.14,56.5,72.6,1,6.25,0,9145
2022-02-06,West_Zone,Winter,14.0,0,6823,Mumbai,19.08,72.88,17.1,0.83,14,1,0.6,Tropical_Monsoon,73.5,0.0,14.0,1.0,3.5,0,0.236,0.354,146.0,0.491,80.2,0,104.5,53.6,58.9,1,6.25,0,7087
2022-02-07,West_Zone,Winter,17.9,0,9719,Mumbai,19.08,72.88,17.1,0.83,14,1,0.6,Tropical_Monsoon,79.4,0.0,17.9,5.0,3.4,0,0.284,0.426,146.0,0.502,81.4,0,103.06,61.2,78.9,1,6.25,0,10511
2022-02-08,West_Zone,Winter,12.7,0,9688,Mumbai,19.08,72.88,17.1,0.83,14,1,0.6,Tropical_Monsoon,93.5,0.0,12.7,2.7,3.7,0,0.194,0.476,178.0,0.523,83.0,0,105.71,52.8,78.0,1,6.25,0,10665
2022-02-09,West_Zone,Winter,15.3,0,7986,Mumbai,19.08,72.88,17.1,0.83,14,1,0.6,Tropical_Monsoon,85.6,0.0,15.3,7.3,3.4,0,0.153,0.39,127.0,0.517,77.0,0,106.77,62.4,65.5,1,6.25,0,8450
2022-02-10,West_Zone,Winter,17.6,0,9710,Mumbai,19.08,72.88,17.1,0.83,14,1,0.6,Tropical_Monsoon,81.0,0.0,17.6,5.0,2.6,0,0.237,0.4,144.0,0.537,81.0,0,104.25,49.0,68.2,1,6.25,0,10277
2022-02-11,West_Zone,Winter,16.2,0,8705,Mumbai,19.08,72.88,17.1,0.83,14,1,0.6,Tropical_Monsoon,77.9,0.0,16.2,5.3,4.1,0,0.277,0.378,180.0,0.541,84.1,0,106.68,54.1,78.8,1,6.25,0,9461
2022-02-12,West_Zone,Winter,16.4,0,8878,Mumbai,19.08,72.88,17.1,0.83,14,1,0.6,Tropical_Monsoon,68.5,0.0,16.4,8.4,3.4,0,0.202,0.36,144.0,0.548,86.2,0,105.87,58.4,75.3,1,6.25,0,9734
2022-02-13,West_Zone,Winter,16.7,0,7643,Mumbai,19.08,72.88,17.1,0.83,14,1,0.6,Tropical_Monsoon,71.4,0.0,16.7,7.2,2.7,0,0.21,0.406,151.0,0.56,81.8,0,104.22,50.5,73.9,1,6.25,0,8513
2022-02-14,West_Zone,Winter,13.7,0,9802,Mumbai,19.08,72.88,17.1,0.83,14,1,0.6,Tropical_Monsoon,86.2,0.0,13.7,5.6,3.1,0,0.316,0.441,147.0,0.569,88.6,0,104.7,51.9,74.2,1,6.25,0,10482
2022-02-15,West_Zone,Winter,12.7,0,7691,Mumbai,19.08,72.88,17.1,0.83,14,1,0.6,Tropical_Monsoon,76.4,0.0,12.7,11.1,3.3,0,0.226,0.495,163.0,0.618,84.1,0,104.68,57.0,73.9,1,6.25,0,8472
2022-02-16,West_Zone,Winter,13.7,0,7442,Mumbai,19.08,72.88,17.1,0.83,14,1,0.6,Tropical_Monsoon,76.3,0.0,13.7,8.2,3.4,0,0.07,0.348,113.0,0.497,82.2,0,105.62,48.3,66.7,1,6.25,0,7841
2022-02-17,West_Zone,Winter,8.4,0,6909,Mumbai,19.08,72.88,17.1,0.83,14,1,0.6,Tropical_Monsoon,82.1,0.0,8.4,4.8,3.2,0,0.277,0.418,146.0,0.575,85.7,0,105.29,59.5,69.2,1,6.25,0,7317
2022-02-18,West_Zone,Winter,15.4,0,8809,Mumbai,19.08,72.88,17.1,0.83,14,1,0.6,Tropical_Monsoon,73.4,0.0,15.4,4.9,4.3,0,0.138,0.491,151.0,0.593,80.5,0,106.6,61.6,77.0,1,6.25,0,9596
2022-02-19,West_Zone,Winter,14.6,0,8675,Mumbai,19.08,72.88,17.1,0.83,14,1,0.6,Tropical_Monsoon,73.1,0.0,14.6,8.4,2.7,0,0.153,0.349,132.0,0.509,78.9,0,106.37,61.6,75.3,1,6.25,0,9262
2022-02-20,West_Zone,Winter,18.1,0,9364,Mumbai,19.08,72.88,17.1,0.83,14,1,0.6,Tropical_Monsoon,76.9,0.0,18.1,6.6,3.6,0,0.161,0.496,156.0,0.6,84.8,0,103.99,55.9,73.4,1,6.25,0,10193
2022-02-21,West_Zone,Winter,13.3,0,8094,Mumbai,19.08,72.88,17.1,0.83,14,1,0.6,Tropical_Monsoon,75.6,0.0,13.3,2.6,2.9,0,0.247,0.394,164.0,0.57,83.6,0,104.14,52.9,68.8,1,6.25,0,8739
2022-02-22,West_Zone,Winter,16.7,0,10314,Mumbai,19.08,72.88,17.1,0.83,14,1,0.6,Tropical_Monsoon,74.3,0.9,16.7,8.7,4.3,0,0.325,0.463,158.0,0.574,85.1,0,106.2,54.0,76.9,1,6.25,0,11263
2022-02-23,West_Zone,Winter,13.1,0,8358,Mumbai,19.08,72.88,17.1,0.83,14,1,0.6,Tropical_Monsoon,76.2,0.0,13.1,9.8,3.1,0,0.152,0.407,182.0,0.489,85.1,0,105.09,56.2,67.2,1,6.25,0,9052
2022-02-24,West_Zone,Winter,16.0,0,8209,Mumbai,19.08,72.88,17.1,0.83,14,1,0.6,Tropical_Monsoon,81.0,0.0,16.0,9.5,3.3,0,0.323,0.448,142.0,0.601,88.0,0,105.45,55.7,79.4,1,6.25,0,9213
2022-02-25,West_Zone,Winter,15.1,0,7592,Mumbai,19.08,72.88,17.1,0.83,14,1,0.6,Tropical_Monsoon,77.8,0.0,15.1,10.6,4.1,0,0.166,0.517,159.0,0.596,77.6,0,106.19,54.0,68.4,1,6.25,0,8256
2022-02-26,West_Zone,Winter,9.7,0,7716,Mumbai,19.08,72.88,17.1,0.83,14,1,0.6,Tropical_Monsoon,81.3,0.0,9.7,12.2,4.0,0,0.29,0.413,159.0,0.575,80.9,0,106.52,61.9,67.6,1,6.25,0,8254
2022-02-27,West_Zone,Winter,13.8,0,8623,Mumbai,19.08,72.88,17.1,0.83,14,1,0.6,Tropical_Monsoon,82.7,0.0,13.8,11.2,4.3,0,0.17,0.48,146.0,0.478,81.1,0,104.45,53.8,72.2,1,6.25,0,9200
2022-02-28,West_Zone,Winter,14.9,0,7955,Mumbai,19.08,72.88,17.1,0.83,14,1,0.6,Tropical_Monsoon,78.3,0.0,14.9,7.0,2.5,0,0.101,0.436,170.0,0.553,85.5,0,103.48,60.1,73.1,1,6.25,0,8531
2022-03-01,West_Zone,Summer,34.8,0,12718,Mumbai,19.08,72.88,17.1,0.83,14,1,0.6,Tropical_Monsoon,41.7,0.0,37.4,5.4,9.8,0,0.342,0.573,100.0,0.56,83.1,0,105.6,55.6,45.5,1,6.25,0,13433
2022-03-02,West_Zone,Summer,31.4,0,13118,Mumbai,19.08,72.88,17.1,0.83,14,1,0.6,Tropical_Monsoon,47.5,1.6,32.8,1.0,9.5,0,0.091,0.611,73.0,0.652,85.5,0,104.88,55.1,38.4,1,6.25,0,13752
2022-03-03,West_Zone,Summer,37.3,0,14055,Mumbai,19.08,72.88,17.1,0.83,14,1,0.6,Tropical_Monsoon,45.0,0.0,44.1,6.0,9.6,0,0.085,0.608,109.0,0.579,82.8,0,105.82,57.4,47.1,1,6.25,0,14763
2022-03-04,West_Zone,Summer,38.9,0,14175,Mumbai,19.08,72.88,17.1,0.83,14,1,0.6,Tropical_Monsoon,39.9,0.0,45.5,7.6,9.7,0,0.024,0.535,86.0,0.638,81.9,0,105.68,57.3,49.9,1,6.25,1,15424
2022-03-05,West_Zone,Summer,35.1,0,14192,Mumbai,19.08,72.88,17.1,0.83,14,1,0.6,Tropical_Monsoon,43.3,1.3,38.5,6.1,10.3,0,0.277,0.648,89.0,0.651,84.0,0,104.81,54.3,44.6,1,6.25,0,15499
2022-03-06,West_Zone,Summer,32.7,1,16514,Mumbai,19.08,72.88,17.1,0.83,14,1,0.6,Tropical_Monsoon,40.5,0.0,33.4,1.0,10.0,0,0.3,0.659,91.0,0.631,82.8,0,107.89,58.4,49.3,1,6.25,0,18041
2022-03-07,West_Zone,Summer,35.4,0,13602,Mumbai,19.08,72.88,17.1,0.83,14,1,0.6,Tropical_Monsoon,38.5,0.0,37.5,5.1,10.1,0,0.187,0.669,108.0,0.661,83.2,0,105.83,58.1,43.9,1,6.25,0,14686
2022-03-08,West_Zone,Summer,28.8,0,14458,Mumbai,19.08,72.88,17.1,0.83,14,1,0.6,Tropical_Monsoon,50.6,4.3,29.5,7.9,9.3,0,0.052,0.706,114.0,0.608,84.0,0,105.25,61.7,39.3,1,6.25,0,15414
2022-03-09,West_Zone,Summer,37.8,0,13778,Mumbai,19.08,72.88,17.1,0.83,14,1,0.6,Tropical_Monsoon,43.5,0.0,44.6,2.9,11.0,0,0.149,0.677,92.0,0.606,83.3,0,105.94,55.7,35.3,1,6.25,0,14437
2022-03-10,West_Zone,Summer,29.4,0,12630,Mumbai,19.08,72.88,17.1,0.83,14,1,0.6,Tropical_Monsoon,48.6,0.0,30.0,6.5,9.0,0,0.12,0.584,91.0,0.634,84.9,0,106.38,52.4,42.3,1,6.25,0,13435
2022-03-11,West_Zone,Summer,35.1,0,14337,Mumbai,19.08,72.88,17.1,0.83,14,1,0.6,Tropical_Monsoon,44.3,0.0,38.8,7.3,8.5,0,0.047,0.597,58.0,0.581,82.2,0,105.24,52.4,53.1,1,6.25,1,15254
2022-03-12,West_Zone,Summer,38.4,0,13579,Mumbai,19.08,72.88,17.1,0.83,14,1,0.6,Tropical_Monsoon,41.2,0.0,44.9,9.4,9.5,0,0.101,0.67,82.0,0.588,82.5,0,108.2,65.8,44.6,1,6.25,0,14338
2022-03-13,West_Zone,Summer,34.4,0,14084,Mumbai,19.08,72.88,17.1,0.83,14,1,0.6,Tropical_Monsoon,46.8,0.0,38.2,11.1,9.5,0,0.201,0.643,78.0,0.611,79.0,0,104.37,47.2,43.6,1,6.25,1,15161
2022-03-14,West_Zone,Summer,46.3,0,14653,Mumbai,19.08,72.88,17.1,0.83,14,1,0.6,Tropical_Monsoon,40.9,0.0,68.2,4.9,10.8,1,0.089,0.619,101.0,0.588,84.9,0,104.45,50.0,48.6,1,6.25,0,16325
2022-03-15,West_Zone,Summer,28.5,0,10119,Mumbai,19.08,72.88,17.1,0.83,14,1,0.6,Tropical_Monsoon,51.5,0.0,29.2,6.6,8.9,0,0.179,0.568,93.0,0.658,87.1,0,104.31,54.8,48.1,1,6.25,1,10914
2022-03-16,West_Zone,Summer,34.3,0,13932,Mumbai,19.08,72.88,17.1,0.83,14,1,0.6,Tropical_Monsoon,42.9,0.0,36.8,6.6,9.8,0,-0.028,0.588,79.0,0.63,76.6,0,105.93,52.9,37.7,0,6.25,0,13873
2022-03-17,West_Zone,Summer,47.4,0,16641,Mumbai,19.08,72.88,17.1,0.83,14,1,0.6,Tropical_Monsoon,42.5,0.0,74.1,7.9,9.2,1,0.318,0.655,98.0,0.606,83.9,0,106.4,58.8,54.3,0,6.25,0,18225
2022-03-18,West_Zone,Summer,36.5,0,14685,Mumbai,19.08,72.88,17.1,0.83,14,1,0.6,Tropical_Monsoon,43.2,0.0,41.4,7.6,10.2,0,0.111,0.503,94.0,0.556,81.6,0,105.61,58.2,46.0,0,6.25,1,14937
2022-03-19,West_Zone,Summer,39.7,0,15036,Mumbai,19.08,72.88,17.1,0.83,14,1,0.6,Tropical_Monsoon,43.3,0.0,49.5,10.3,9.8,0,0.237,0.48,49.0,0.59,81.4,0,106.42,53.4,49.5,0,6.25,1,15180
2022-03-20,West_Zone,Summer,34.5,0,11754,Mumbai,19.08,72.88,17.1,0.83,14,1,0.6,Tropical_Monsoon,44.7,0.0,37.7,1.0,9.3,0,0.169,0.662,115.0,0.661,83.9,0,106.41,61.6,42.0,0,6.25,0,12367
2022-03-21,West_Zone,Summer,39.4,0,16006,Mumbai,19.08,72.88,17.1,0.83,14,1,0.6,Tropical_Monsoon,41.6,1.8,47.6,7.3,11.0,0,0.19,0.588,113.0,0.616,81.9,0,105.6,50.8,35.2,0,6.25,1,16212
2022-03-22,West_Zone,Summer,31.2,0,13012,Mumbai,19.08,72.88,17.1,0.83,14,1,0.6,Tropical_Monsoon,41.6,0.0,31.4,7.5,10.0,0,0.037,0.648,91.0,0.593,83.2,0,106.4,52.6,44.4,0,6.25,1,13348
2022-03-23,West_Zone,Summer,25.3,0,11862,Mumbai,19.08,72.88,17.1,0.83,14,1,0.6,Tropical_Monsoon,52.3,0.0,25.3,5.3,8.4,0,0.074,0.715,101.0,0.596,80.9,0,105.78,61.6,39.5,0,6.25,0,11853
2022-03-24,West_Zone,Summer,34.4,0,12934,Mumbai,19.08,72.88,17.1,0.83,14,1,0.6,Tropical_Monsoon,57.6,0.0,42.3,1.0,9.4,0,0.076,0.559,89.0,0.588,86.5,0,105.57,50.0,50.9,0,6.25,0,13061
2022-03-25,West_Zone,Summer,35.1,0,13998,Mumbai,19.08,72.88,17.1,0.83,14,1,0.6,Tropical_Monsoon,41.1,1.6,37.7,5.8,11.1,0,0.153,0.52,66.0,0.599,81.3,0,105.49,56.6,37.9,0,6.25,1,14001
2022-03-26,West_Zone,Summer,32.4,1,16376,Mumbai,19.08,72.88,17.1,0.83,14,1,0.6,Tropical_Monsoon,44.9,0.0,33.9,3.9,10.6,0,0.283,0.603,134.0,0.597,79.7,0,106.22,61.8,57.1,0,6.25,0,17093
2022-03-27,West_Zone,Summer,32.6,0,11813,Mumbai,19.08,72.88,17.1,0.83,14,1,0.6,Tropical_Monsoon,42.2,1.1,33.6,11.0,9.9,0,0.193,0.579,108.0,0.635,83.0,0,107.21,45.5,48.0,0,6.25,0,12330
2022-03-28,West_Zone,Summer,27.9,0,12218,Mumbai,19.08,72.88,17.1,0.83,14,1,0.6,Tropical_Monsoon,44.8,0.0,27.9,7.1,8.0,0,0.06,0.618,112.0,0.63,79.5,0,104.79,53.6,47.1,0,6.25,1,12431
2022-03-29,West_Zone,Summer,30.6,0,13303,Mumbai,19.08,72.88,17.1,0.83,14,1,0.6,Tropical_Monsoon,53.4,0.0,32.6,3.6,10.1,0,0.159,0.652,90.0,0.63,82.7,0,105.52,59.0,42.5,0,6.25,1,13678
2022-03-30,West_Zone,Summer,37.7,0,15839,Mumbai,19.08,72.88,17.1,0.83,14,1,0.6,Tropical_Monsoon,38.0,0.0,41.9,1.0,9.3,0,0.142,0.64,115.0,0.635,86.9,0,106.16,54.4,36.1,0,6.25,0,16382
2022-03-31,West_Zone,Summer,30.1,0,12049,Mumbai,19.08,72.88,17.1,0.83,14,1,0.6,Tropical_Monsoon,43.6,0.0,30.3,7.8,10.0,0,0.115,0.623,70.0,0.574,81.9,0,107.76,56.3,37.5,0,6.25,1,12183
2022-04-01,West_Zone,Summer,29.2,0,13786,Mumbai,19.08,72.88,17.1,0.83,14,1,0.6,Tropical_Monsoon,38.5,0.0,28.7,8.1,8.8,0,0.148,0.683,91.0,0.616,77.9,0,106.43,56.3,41.2,0,6.25,0,13835
2022-04-02,West_Zone,Summer,28.5,0,11849,Mumbai,19.08,72.88,17.1,0.83,14,1,0.6,Tropical_Monsoon,43.1,0.0,28.4,5.4,9.5,0,0.226,0.66,108.0,0.594,80.8,0,105.19,56.3,37.9,0,6.25,1,12184
2022-04-03,West_Zone,Summer,34.8,0,14737,Mumbai,19.08,72.88,17.1,0.83,14,1,0.6,Tropical_Monsoon,34.6,0.0,35.4,7.8,9.1,0,0.078,0.609,84.0,0.624,84.4,0,105.08,51.8,44.6,0,6.25,0,15176
2022-04-04,West_Zone,Summer,27.5,0,12213,Mumbai,19.08,72.88,17.1,0.83,14,1,0.6,Tropical_Monsoon,50.7,0.0,28.0,5.0,8.9,0,0.115,0.658,111.0,0.594,82.3,0,106.98,58.9,41.2,0,6.25,0,12545
2022-04-05,West_Zone,Summer,31.4,0,13361,Mumbai,19.08,72.88,17.1,0.83,14,1,0.6,Tropical_Monsoon,59.2,0.6,35.5,9.2,9.7,0,0.248,0.527,100.0,0.594,84.1,0,105.68,56.3,38.5,0,6.25,0,13698
2022-04-06,West_Zone,Summer,31.4,0,14101,Mumbai,19.08,72.88,17.1,0.83,14,1,0.6,Tropical_Monsoon,43.3,0.0,32.0,9.0,8.5,0,0.197,0.684,99.0,0.626,80.1,0,104.76,50.3,37.9,0,6.25,0,14637
2022-04-07,West_Zone,Summer,31.4,0,10879,Mumbai,19.08,72.88,17.1,0.83,14,1,0.6,Tropical_Monsoon,36.8,0.0,31.0,1.1,10.7,0,0.278,0.621,82.0,0.633,80.8,0,107.0,53.9,37.0,0,6.25,0,11220
2022-04-08,West_Zone,Summer,31.8,0,12752,Mumbai,19.08,72.88,17.1,0.83,14,1,0.6,Tropical_Monsoon,49.4,0.0,33.9,1.8,8.7,0,0.294,0.548,102.0,0.561,83.9,0,106.29,49.9,44.7,0,6.25,0,12702
2022-04-09,West_Zone,Summer,39.3,0,13825,Mumbai,19.08,72.88,17.1,0.83,14,1,0.6,Tropical_Monsoon,36.8,0.0,44.8,12.1,9.1,0,0.014,0.595,130.0,0.622,86.8,0,104.79,55.8,41.3,0,6.25,0,13769
2022-04-10,West_Zone,Summer,30.0,0,13279,Mumbai,19.08,72.88,17.1,0.83,14,1,0.6,Tropical_Monsoon,52.5,0.0,31.5,8.8,9.6,0,0.179,0.682,98.0,0.598,80.8,0,104.64,56.8,45.1,0,6.25,0,13673
2022-04-11,West_Zone,Summer,29.5,0,12231,Mumbai,19.08,72.88,17.1,0.83,14,1,0.6,Tropical_Monsoon,44.9,0.0,29.7,2.2,10.0,0,0.099,0.574,105.0,0.575,82.1,0,103.8,55.4,44.6,0,6.25,1,12406
2022-04-12,West_Zone,Summer,34.4,0,13765,Mumbai,19.08,72.88,17.1,0.83,14,1,0.6,Tropical_Monsoon,40.2,0.0,36.2,1.3,9.3,0,0.03,0.645,108.0,0.617,85.3,0,105.34,57.3,44.0,0,6.25,0,14132
2022-04-13,West_Zone,Summer,32.0,0,12258,Mumbai,19.08,72.88,17.1,0.83,14,1,0.6,Tropical_Monsoon,43.9,0.0,33.0,6.6,8.7,0,0.071,0.673,74.0,0.664,82.4,0,106.26,56.0,48.2,0,6.25,0,13032
2022-04-14,West_Zone,Summer,36.3,0,13368,Mumbai,19.08,72.88,17.1,0.83,14,1,0.6,Tropical_Monsoon,46.0,0.0,42.1,2.6,9.0,0,0.12,0.621,93.0,0.59,83.9,0,106.91,58.8,37.6,0,6.25,0,13782
2022-04-15,West_Zone,Summer,29.6,0,13372,Mumbai,19.08,72.88,17.1,0.83,14,1,0.6,Tropical_Monsoon,45.1,0.0,29.8,5.0,8.6,0,0.121,0.568,92.0,0.549,79.8,0,106.37,55.0,48.3,0,6.25,1,13558
2022-04-16,West_Zone,Summer,37.0,0,15652,Mumbai,19.08,72.88,17.1,0.83,14,1,0.6,Tropical_Monsoon,39.3,1.8,40.9,5.9,9.8,0,0.089,0.616,57.0,0.586,82.0,0,104.63,57.7,47.0,0,6.25,0,15795
2022-04-17,West_Zone,Summer,38.1,0,13519,Mumbai,19.08,72.88,17.1,0.83,14,1,0.6,Tropical_Monsoon,40.1,0.0,43.7,5.7,9.6,0,0.149,0.535,109.0,0.582,80.1,0,105.64,50.1,44.0,0,6.25,0,13842
2022-04-18,West_Zone,Summer,35.4,0,13033,Mumbai,19.08,72.88,17.1,0.83,14,1,0.6,Tropical_Monsoon,36.4,1.6,36.9,9.4,9.8,0,0.395,0.591,78.0,0.664,76.9,0,107.35,50.4,41.0,0,6.25,0,13485
2022-04-19,West_Zone,Summer,28.4,0,11740,Mumbai,19.08,72.88,17.1,0.83,14,1,0.6,Tropical_Monsoon,48.9,0.0,28.8,11.5,9.4,0,-0.023,0.554,107.0,0.61,79.3,0,105.4,55.5,45.2,0,6.25,0,11927
2022-04-20,West_Zone,Summer,38.9,0,14951,Mumbai,19.08,72.88,17.1,0.83,14,1,0.6,Tropical_Monsoon,31.7,0.0,41.7,4.6,10.2,0,0.264,0.617,81.0,0.592,83.3,0,106.67,58.4,47.2,0,6.25,0,14688
2022-04-21,West_Zone,Summer,29.4,0,11973,Mumbai,19.08,72.88,17.1,0.83,14,1,0.6,Tropical_Monsoon,44.1,0.0,29.5,2.6,9.0,0,0.148,0.544,132.0,0.592,83.7,0,106.53,54.5,38.0,0,6.25,1,11946
2022-04-22,West_Zone,Summer,34.4,0,12255,Mumbai,19.08,72.88,17.1,0.83,14,1,0.6,Tropical_Monsoon,47.2,0.0,38.3,7.2,9.0,0,0.106,0.625,90.0,0.663,84.3,0,106.63,58.2,48.0,0,6.25,0,12835
2022-04-23,West_Zone,Summer,37.9,0,14280,Mumbai,19.08,72.88,17.1,0.83,14,1,0.6,Tropical_Monsoon,42.8,0.0,44.5,10.9,9.7,0,-0.052,0.688,130.0,0.625,83.5,0,106.29,56.8,53.7,0,6.25,0,14530
2022-04-24,West_Zone,Summer,29.4,0,11201,Mumbai,19.08,72.88,17.1,0.83,14,1,0.6,Tropical_Monsoon,49.3,0.0,30.1,4.8,9.2,0,0.226,0.692,92.0,0.626,81.3,0,106.61,47.4,44.7,0,6.25,0,11649
2022-04-25,West_Zone,Summer,39.4,0,14546,Mumbai,19.08,72.88,17.1,0.83,14,1,0.6,Tropical_Monsoon,40.0,0.0,46.8,8.6,9.9,0,0.006,0.545,94.0,0.584,76.5,0,104.35,64.0,51.5,0,6.25,1,14922
2022-04-26,West_Zone,Summer,39.8,0,16198,Mumbai,19.08,72.88,17.1,0.83,14,1,0.6,Tropical_Monsoon,46.0,0.0,51.4,3.5,9.3,0,0.233,0.58,123.0,0.626,78.6,0,107.34,50.9,47.4,0,6.25,1,16397
2022-04-27,West_Zone,Summer,39.1,0,14345,Mumbai,19.08,72.88,17.1,0.83,14,1,0.6,Tropical_Monsoon,45.2,0.0,48.9,6.1,10.1,0,0.324,0.671,78.0,0.612,85.3,0,104.0,50.8,46.3,0,6.25,0,14907
2022-04-28,West_Zone,Summer,25.0,0,11502,Mumbai,19.08,72.88,17.1,0.83,14,1,0.6,Tropical_Monsoon,51.2,0.0,25.0,2.5,8.3,0,0.022,0.662,96.0,0.652,79.5,0,106.1,60.0,41.5,0,6.25,0,11820
2022-04-29,West_Zone,Summer,43.4,0,15813,Mumbai,19.08,72.88,17.1,0.83,14,1,0.6,Tropical_Monsoon,42.6,1.7,60.0,6.0,9.7,0,0.267,0.583,105.0,0.638,81.8,0,105.73,55.4,43.3,0,6.25,1,16146
2022-04-30,West_Zone,Summer,27.0,0,11220,Mumbai,19.08,72.88,17.1,0.83,14,1,0.6,Tropical_Monsoon,51.6,0.0,27.5,5.7,9.8,0,0.153,0.591,102.0,0.626,82.2,0,105.13,52.0,40.1,0,6.25,1,11234
2022-05-01,West_Zone,Summer,34.3,0,12687,Mumbai,19.08,72.88,17.1,0.83,14,1,0.6,Tropical_Monsoon,41.2,0.8,36.3,7.8,8.8,0,-0.059,0.625,96.0,0.61,77.8,0,101.77,51.8,49.7,0,6.25,1,13214
2022-05-02,West_Zone,Summer,24.7,0,11107,Mumbai,19.08,72.88,17.1,0.83,14,1,0.6,Tropical_Monsoon,42.5,0.0,24.7,11.3,9.6,0,0.03,0.51,93.0,0.546,83.0,0,103.28,50.8,41.3,0,6.25,1,10936
2022-05-03,West_Zone,Summer,31.9,0,14383,Mumbai,19.08,72.88,17.1,0.83,14,1,0.6,Tropical_Monsoon,47.0,0.0,33.5,4.8,8.5,0,0.168,0.652,110.0,0.616,86.6,0,103.51,51.2,53.8,0,6.25,1,14548
2022-05-04,West_Zone,Summer,35.4,0,14226,Mumbai,19.08,72.88,17.1,0.83,14,1,0.6,Tropical_Monsoon,45.5,0.0,39.9,1.0,8.6,0,0.19,0.685,98.0,0.611,81.9,0,102.59,57.2,47.2,0,6.25,0,14607
2022-05-05,West_Zone,Summer,34.5,0,13705,Mumbai,19.08,72.88,17.1,0.83,14,1,0.6,Tropical_Monsoon,48.8,0.0,39.1,5.4,8.6,0,-0.008,0.597,112.0,0.586,81.2,0,102.38,52.0,47.0,0,6.25,1,13717
2022-05-06,West_Zone,Summer,28.4,0,11265,Mumbai,19.08,72.88,17.1,0.83,14,1,0.6,Tropical_Monsoon,42.3,0.0,28.2,6.9,9.2,0,0.153,0.535,102.0,0.587,78.5,0,103.93,50.3,38.4,0,6.25,1,11702
2022-05-07,West_Zone,Summer,39.4,0,15006,Mumbai,19.08,72.88,17.1,0.83,14,1,0.6,Tropical_Monsoon,35.8,4.2,44.6,6.6,10.2,0,0.232,0.705,107.0,0.651,81.2,0,102.21,50.8,48.3,0,6.25,0,15242
2022-05-08,West_Zone,Summer,33.4,0,13740,Mumbai,19.08,72.88,17.1,0.83,14,1,0.6,Tropical_Monsoon,46.3,0.0,36.0,5.5,10.2,0,0.25,0.633,115.0,0.6,83.6,0,102.57,53.4,43.9,0,6.25,0,14146
2022-05-09,West_Zone,Summer,37.0,0,15848,Mumbai,19.08,72.88,17.1,0.83,14,1,0.6,Tropical_Monsoon,41.4,0.0,41.8,10.5,10.3,0,0.109,0.663,89.0,0.585,82.0,0,102.39,51.0,42.2,0,6.25,0,16494
2022-05-10,West_Zone,Summer,35.7,0,13063,Mumbai,19.08,72.88,17.1,0.83,14,1,0.6,Tropical_Monsoon,33.2,0.0,36.5,6.4,10.1,0,0.194,0.541,115.0,0.566,80.7,0,105.04,53.8,41.7,0,6.25,1,13332
2022-05-11,West_Zone,Summer,34.5,0,14120,Mumbai,19.08,72.88,17.1,0.83,14,1,0.6,Tropical_Monsoon,45.2,0.0,37.9,5.7,9.0,0,0.257,0.541,92.0,0.646,85.0,0,101.71,55.1,38.8,0,6.25,1,14126
2022-05-12,West_Zone,Summer,39.0,0,13453,Mumbai,19.08,72.88,17.1,0.83,14,1,0.6,Tropical_Monsoon,31.3,0.0,41.8,3.7,9.2,0,0.235,0.645,70.0,0.638,81.2,0,103.36,52.4,45.0,0,6.25,0,13858
2022-05-13,West_Zone,Summer,36.0,0,13285,Mumbai,19.08,72.88,17.1,0.83,14,1,0.6,Tropical_Monsoon,37.7,0.0,38.4,1.0,10.0,0,0.239,0.682,89.0,0.602,80.7,0,100.81,49.9,44.2,0,6.25,0,13801
2022-05-14,West_Zone,Summer,32.7,0,13860,Mumbai,19.08,72.88,17.1,0.83,14,1,0.6,Tropical_Monsoon,51.1,3.3,36.0,7.0,10.2,0,0.161,0.552,82.0,0.637,82.4,0,101.52,50.8,38.4,0,6.25,1,13696
2022-05-15,West_Zone,Summer,38.0,0,13953,Mumbai,19.08,72.88,17.1,0.83,14,1,0.6,Tropical_Monsoon,50.3,0.0,48.8,6.7,9.0,0,0.141,0.614,102.0,0.606,85.9,0,102.15,59.4,47.6,0,6.25,0,14458
2022-05-16,West_Zone,Summer,34.4,0,13163,Mumbai,19.08,72.88,17.1,0.83,14,1,0.6,Tropical_Monsoon,37.3,0.0,35.4,2.8,10.2,0,0.177,0.525,90.0,0.66,81.5,0,102.3,62.6,55.6,0,6.25,1,13622
2022-05-17,West_Zone,Summer,46.6,0,16864,Mumbai,19.08,72.88,17.1,0.83,14,1,0.6,Tropical_Monsoon,34.4,0.0,62.4,5.9,8.9,1,0.074,0.578,97.0,0.612,79.3,0,102.14,54.0,37.9,0,6.25,0,18391
2022-05-18,West_Zone,Summer,31.6,0,13968,Mumbai,19.08,72.88,17.1,0.83,14,1,0.6,Tropical_Monsoon,45.3,0.0,32.7,5.6,9.6,0,0.261,0.605,113.0,0.628,83.6,0,102.29,56.8,44.4,0,6.25,0,14326
2022-05-19,West_Zone,Summer,40.4,0,16540,Mumbai,19.08,72.88,17.1,0.83,14,1,0.6,Tropical_Monsoon,48.7,0.0,55.1,4.1,9.7,0,-0.003,0.649,122.0,0.647,81.0,0,101.67,49.9,53.3,0,6.25,1,17082
2022-05-20,West_Zone,Summer,43.4,0,16404,Mumbai,19.08,72.88,17.1,0.83,14,1,0.6,Tropical_Monsoon,35.5,0.0,54.2,3.6,9.8,0,0.1,0.494,100.0,0.628,83.7,0,103.62,52.1,41.1,0,6.25,1,16766
2022-05-21,West_Zone,Summer,33.6,0,13238,Mumbai,19.08,72.88,17.1,0.83,14,1,0.6,Tropical_Monsoon,41.5,0.0,35.1,7.2,9.4,0,0.146,0.699,115.0,0.622,75.9,0,101.31,55.3,47.2,0,6.25,0,13314
2022-05-22,West_Zone,Summer,33.8,0,13134,Mumbai,19.08,72.88,17.1,0.83,14,1,0.6,Tropical_Monsoon,51.5,0.0,38.4,5.3,8.9,0,0.197,0.61,92.0,0.654,82.1,0,103.03,44.8,47.0,0,6.25,1,13308
2022-05-23,West_Zone,Summer,40.0,0,14990,Mumbai,19.08,72.88,17.1,0.83,14,1,0.6,Tropical_Monsoon,38.1,0.0,47.2,4.2,10.0,0,0.216,0.698,67.0,0.616,81.3,0,102.94,57.3,48.3,0,6.25,0,15418
2022-05-24,West_Zone,Summer,38.9,0,15262,Mumbai,19.08,72.88,17.1,0.83,14,1,0.6,Tropical_Monsoon,44.3,0.0,47.8,3.4,9.7,0,0.299,0.662,74.0,0.615,79.1,0,101.28,51.3,54.2,0,6.25,1,15557
2022-05-25,West_Zone,Summer,30.6,0,11277,Mumbai,19.08,72.88,17.1,0.83,14,1,0.6,Tropical_Monsoon,38.3,0.0,30.2,5.6,9.8,0,0.158,0.671,91.0,0.628,78.4,0,101.84,49.4,36.1,0,6.25,0,11347
2022-05-26,West_Zone,Summer,30.1,0,12171,Mumbai,19.08,72.88,17.1,0.83,14,1,0.6,Tropical_Monsoon,45.1,0.0,30.5,8.8,10.2,0,0.078,0.741,109.0,0.673,81.2,0,102.17,55.4,46.0,0,6.25,1,12968
2022-05-27,West_Zone,Summer,35.5,0,13365,Mumbai,19.08,72.88,17.1,0.83,14,1,0.6,Tropical_Monsoon,34.4,0.0,36.5,6.6,9.6,0,0.135,0.573,92.0,0.593,78.8,0,103.82,60.3,42.5,0,6.25,0,13913
2022-05-28,West_Zone,Summer,37.8,0,14030,Mumbai,19.08,72.88,17.1,0.83,14,1,0.6,Tropical_Monsoon,36.0,0.0,41.3,5.3,9.1,0,0.118,0.628,116.0,0.667,73.1,0,101.75,52.4,44.8,0,6.25,0,13828
2022-05-29,West_Zone,Summer,36.0,0,14101,Mumbai,19.08,72.88,17.1,0.83,14,1,0.6,Tropical_Monsoon,46.6,0.2,41.7,6.9,8.9,0,0.202,0.561,128.0,0.64,78.5,0,105.71,56.5,45.2,0,6.25,1,14445
2022-05-30,West_Zone,Summer,41.9,0,14704,Mumbai,19.08,72.88,17.1,0.83,14,1,0.6,Tropical_Monsoon,38.6,0.0,52.4,10.1,10.9,0,0.043,0.614,79.0,0.615,78.3,0,102.83,55.9,43.5,0,6.25,1,14703
2022-05-31,West_Zone,Summer,43.8,0,15482,Mumbai,19.08,72.88,17.1,0.83,14,1,0.6,Tropical_Monsoon,36.1,0.0,55.8,7.5,10.9,0,0.132,0.663,133.0,0.597,82.1,0,102.38,54.9,39.6,0,6.25,1,15986
2022-06-01,West_Zone,Monsoon,24.0,0,10821,Mumbai,19.08,72.88,17.1,0.83,14,1,0.6,Tropical_Monsoon,91.9,0.0,24.0,14.8,6.0,0,0.312,0.148,31.0,0.527,78.4,0,102.89,50.2,28.9,0,6.25,0,10513
2022-06-02,West_Zone,Monsoon,37.7,0,15146,Mumbai,19.08,72.88,17.1,0.83,14,1,0.6,Tropical_Monsoon,86.3,11.6,75.6,15.9,6.2,0,0.168,0.057,93.0,0.411,82.0,0,100.25,54.0,44.6,0,6.25,0,14827
2022-06-03,West_Zone,Monsoon,29.8,0,13088,Mumbai,19.08,72.88,17.1,0.83,14,1,0.6,Tropical_Monsoon,93.6,1.5,41.1,13.5,6.2,0,0.045,0.008,59.0,0.484,79.1,0,103.11,55.0,27.1,0,6.25,0,12325
2022-06-04,West_Zone,Monsoon,25.7,0,11683,Mumbai,19.08,72.88,17.1,0.83,14,1,0.6,Tropical_Monsoon,99.0,20.9,25.7,14.6,6.3,0,0.116,0.084,56.0,0.456,84.3,0,100.59,42.3,40.1,0,6.25,0,11076
2022-06-05,West_Zone,Monsoon,28.0,0,13449,Mumbai,19.08,72.88,17.1,0.83,14,1,0.6,Tropical_Monsoon,80.1,0.6,32.1,12.5,5.3,0,-0.073,0.029,60.0,0.505,83.1,0,102.75,57.5,28.8,0,6.25,0,12848
2022-06-06,West_Zone,Monsoon,27.7,0,11615,Mumbai,19.08,72.88,17.1,0.83,14,1,0.6,Tropical_Monsoon,89.2,66.0,32.7,9.3,5.7,1,0.144,0.045,46.0,0.43,81.1,0,101.26,47.5,34.5,0,6.25,0,11519
2022-06-07,West_Zone,Monsoon,24.5,0,11238,Mumbai,19.08,72.88,17.1,0.83,14,1,0.6,Tropical_Monsoon,96.1,16.3,24.5,15.0,4.8,0,0.315,0.12,87.0,0.47,82.4,0,101.02,53.9,43.8,0,6.25,0,10874
2022-06-08,West_Zone,Monsoon,28.9,0,11258,Mumbai,19.08,72.88,17.1,0.83,14,1,0.6,Tropical_Monsoon,92.2,5.3,37.3,15.0,5.6,0,0.031,0.109,48.0,0.5,83.7,0,103.56,60.5,38.0,0,6.25,0,11126
2022-06-09,West_Zone,Monsoon,29.4,0,12526,Mumbai,19.08,72.88,17.1,0.83,14,1,0.6,Tropical_Monsoon,94.4,0.0,39.8,13.1,6.6,0,0.004,0.13,50.0,0.511,82.2,0,101.66,52.7,26.8,0,6.25,0,12134
2022-06-10,West_Zone,Monsoon,31.0,0,13729,Mumbai,19.08,72.88,17.1,0.83,14,1,0.6,Tropical_Monsoon,92.7,22.7,45.8,17.1,6.4,0,0.085,0.06,35.0,0.456,82.4,0,100.19,48.9,32.3,0,6.25,0,13035
2022-06-11,West_Zone,Monsoon,28.3,0,11241,Mumbai,19.08,72.88,17.1,0.83,14,1,0.6,Tropical_Monsoon,91.5,10.9,35.0,11.8,5.7,0,0.242,0.141,47.0,0.485,75.7,0,102.67,56.3,33.9,0,6.25,0,10875
2022-06-12,West_Zone,Monsoon,25.5,0,12786,Mumbai,19.08,72.88,17.1,0.83,14,1,0.6,Tropical_Monsoon,92.1,18.9,25.5,8.7,3.9,0,0.32,0.081,47.0,0.509,80.4,0,100.44,58.8,39.2,0,6.25,0,12068
2022-06-13,West_Zone,Monsoon,28.5,0,13521,Mumbai,19.08,72.88,17.1,0.83,14,1,0.6,Tropical_Monsoon,91.7,0.0,35.7,11.9,5.3,0,0.195,0.063,46.0,0.506,79.7,0,102.99,49.8,34.2,0,6.25,0,12668
2022-06-14,West_Zone,Monsoon,29.5,0,12976,Mumbai,19.08,72.88,17.1,0.83,14,1,0.6,Tropical_Monsoon,98.0,0.0,41.3,9.4,5.8,0,0.021,0.014,57.0,0.453,85.2,0,101.58,44.2,33.2,0,6.25,0,12596
2022-06-15,West_Zone,Monsoon,30.8,0,11725,Mumbai,19.08,72.88,17.1,0.83,14,1,0.6,Tropical_Monsoon,87.9,9.0,43.0,15.0,5.7,0,0.148,0.0,40.0,0.442,80.8,0,100.29,57.8,42.6,0,6.25,0,11089
2022-06-16,West_Zone,Monsoon,28.9,0,11240,Mumbai,19.08,72.88,17.1,0.83,14,1,0.6,Tropical_Monsoon,92.3,0.2,37.3,11.7,5.7,0,0.329,0.0,89.0,0.419,80.0,0,102.35,57.4,41.9,0,6.25,0,10982
2022-06-17,West_Zone,Monsoon,27.1,0,12298,Mumbai,19.08,72.88,17.1,0.83,14,1,0.6,Tropical_Monsoon,94.7,12.1,31.6,17.0,5.8,0,0.119,0.093,57.0,0.491,83.7,0,102.02,55.3,37.5,0,6.25,0,11830
2022-06-18,West_Zone,Monsoon,24.9,0,11678,Mumbai,19.08,72.88,17.1,0.83,14,1,0.6,Tropical_Monsoon,99.0,0.0,24.9,16.9,5.2,0,0.164,0.026,67.0,0.491,77.4,0,99.34,45.5,30.9,0,6.25,0,11156
2022-06-19,West_Zone,Monsoon,23.5,0,11790,Mumbai,19.08,72.88,17.1,0.83,14,1,0.6,Tropical_Monsoon,94.4,52.1,23.5,11.2,5.4,0,0.174,0.0,76.0,0.465,81.7,0,101.36,55.9,20.7,0,6.25,0,11268
2022-06-20,West_Zone,Monsoon,26.0,0,10679,Mumbai,19.08,72.88,17.1,0.83,14,1,0.6,Tropical_Monsoon,99.0,5.4,26.0,11.6,5.5,0,-0.005,0.055,96.0,0.446,76.1,0,101.69,57.8,27.6,0,6.25,0,10298
2022-06-21,West_Zone,Monsoon,23.7,0,10459,Mumbai,19.08,72.88,17.1,0.83,14,1,0.6,Tropical_Monsoon,99.0,10.7,23.7,15.6,5.0,0,0.25,0.097,76.0,0.538,79.8,0,101.6,62.3,26.3,0,6.25,0,9991
2022-06-22,West_Zone,Monsoon,22.3,0,10130,Mumbai,19.08,72.88,17.1,0.83,14,1,0.6,Tropical_Monsoon,96.3,23.4,22.3,16.9,6.5,0,0.235,0.105,56.0,0.423,80.6,0,101.14,52.3,33.7,0,6.25,0,9684
2022-06-23,West_Zone,Monsoon,31.3,0,12673,Mumbai,19.08,72.88,17.1,0.83,14,1,0.6,Tropical_Monsoon,90.2,34.8,46.0,8.0,5.5,0,-0.049,0.078,41.0,0.506,86.4,0,102.04,54.5,38.7,0,6.25,0,12267
2022-06-24,West_Zone,Monsoon,24.5,0,11297,Mumbai,19.08,72.88,17.1,0.83,14,1,0.6,Tropical_Monsoon,93.7,69.9,24.5,14.8,4.1,1,0.017,0.076,66.0,0.486,81.6,0,101.83,45.1,43.9,0,6.25,0,11565
2022-06-25,West_Zone,Monsoon,28.4,0,13668,Mumbai,19.08,72.88,17.1,0.83,14,1,0.6,Tropical_Monsoon,91.7,0.0,35.4,7.4,6.7,0,0.053,0.048,79.0,0.486,79.3,0,101.25,57.4,40.4,0,6.25,0,13218
2022-06-26,West_Zone,Monsoon,30.4,0,12837,Mumbai,19.08,72.88,17.1,0.83,14,1,0.6,Tropical_Monsoon,96.0,63.2,44.5,12.4,5.3,1,0.225,0.118,63.0,0.466,81.6,0,100.95,57.2,30.5,0,6.25,0,12771
2022-06-27,West_Zone,Monsoon,30.7,0,12571,Mumbai,19.08,72.88,17.1,0.83,14,1,0.6,Tropical_Monsoon,92.7,0.0,44.5,17.3,6.3,0,0.075,0.069,61.0,0.473,86.3,0,101.3,55.1,35.3,0,6.25,0,12097
2022-06-28,West_Zone,Monsoon,27.8,0,13270,Mumbai,19.08,72.88,17.1,0.83,14,1,0.6,Tropical_Monsoon,94.5,7.1,33.9,23.0,5.2,0,0.19,0.075,64.0,0.488,75.8,0,100.52,58.0,36.0,0,6.25,0,12481
2022-06-29,West_Zone,Monsoon,23.1,0,11547,Mumbai,19.08,72.88,17.1,0.83,14,1,0.6,Tropical_Monsoon,90.5,5.9,23.1,13.3,5.7,0,0.132,0.142,26.0,0.493,84.3,0,100.06,49.9,26.2,0,6.25,0,11060
2022-06-30,West_Zone,Monsoon,27.7,0,11683,Mumbai,19.08,72.88,17.1,0.83,14,1,0.6,Tropical_Monsoon,88.5,29.1,32.6,10.3,5.6,0,0.157,0.128,63.0,0.438,83.1,0,99.93,52.1,29.6,0,6.25,0,11155
2022-07-01,West_Zone,Monsoon,26.3,0,11708,Mumbai,19.08,72.88,17.1,0.83,14,1,0.6,Tropical_Monsoon,99.0,18.4,26.3,12.5,6.2,0,0.2,0.069,73.0,0.529,81.7,1,100.92,52.7,31.8,0,6.25,0,10001
2022-07-02,West_Zone,Monsoon,27.9,0,11635,Mumbai,19.08,72.88,17.1,0.83,14,1,0.6,Tropical_Monsoon,92.4,29.0,33.8,14.2,5.5,0,0.177,0.06,59.0,0.495,81.1,1,100.13,57.4,44.6,0,6.25,0,10090
2022-07-03,West_Zone,Monsoon,25.9,0,9948,Mumbai,19.08,72.88,17.1,0.83,14,1,0.6,Tropical_Monsoon,90.6,12.6,25.9,12.0,5.2,0,0.148,0.06,80.0,0.476,86.3,1,100.79,57.8,35.9,0,6.25,0,8526
2022-07-04,West_Zone,Monsoon,25.8,0,11047,Mumbai,19.08,72.88,17.1,0.83,14,1,0.6,Tropical_Monsoon,99.0,20.5,25.8,11.2,5.7,0,0.183,0.0,81.0,0.463,84.2,1,102.24,55.2,27.4,0,6.25,0,9377
2022-07-05,West_Zone,Monsoon,28.5,0,13683,Mumbai,19.08,72.88,17.1,0.83,14,1,0.6,Tropical_Monsoon,94.3,16.4,36.3,12.7,5.4,0,0.172,0.146,51.0,0.547,78.9,1,100.67,54.3,31.9,0,6.25,0,12076
2022-07-06,West_Zone,Monsoon,26.2,0,10719,Mumbai,19.08,72.88,17.1,0.83,14,1,0.6,Tropical_Monsoon,97.2,0.0,26.2,15.2,4.4,0,0.129,0.039,68.0,0.447,82.1,1,100.98,55.6,36.2,0,6.25,0,9283
2022-07-07,West_Zone,Monsoon,25.9,0,11586,Mumbai,19.08,72.88,17.1,0.83,14,1,0.6,Tropical_Monsoon,93.8,5.6,25.9,13.5,5.2,0,0.107,0.131,61.0,0.464,85.7,1,100.58,51.9,32.7,0,6.25,0,10151
2022-07-08,West_Zone,Monsoon,29.8,0,13024,Mumbai,19.08,72.88,17.1,0.83,14,1,0.6,Tropical_Monsoon,90.5,22.3,40.1,11.4,7.5,0,0.338,0.082,23.0,0.506,83.6,1,102.08,59.3,32.2,0,6.25,0,11645
2022-07-09,West_Zone,Monsoon,30.5,0,13396,Mumbai,19.08,72.88,17.1,0.83,14,1,0.6,Tropical_Monsoon,90.9,68.7,43.0,12.0,4.7,1,0.106,0.164,57.0,0.515,82.8,1,102.4,52.2,37.7,0,6.25,0,12534
2022-07-10,West_Zone,Monsoon,27.2,0,13433,Mumbai,19.08,72.88,17.1,0.83,14,1,0.6,Tropical_Monsoon,86.8,65.2,30.9,12.8,5.8,1,0.287,0.112,41.0,0.458,78.1,1,100.24,54.8,41.0,0,6.25,0,11953
2022-07-11,West_Zone,Monsoon,26.9,0,11821,Mumbai,19.08,72.88,17.1,0.83,14,1,0.6,Tropical_Monsoon,93.4,0.0,30.8,11.0,5.4,0,0.081,0.135,62.0,0.526,88.9,1,101.4,51.2,40.1,0,6.25,0,10261
2022-07-12,West_Zone,Monsoon,31.9,0,13425,Mumbai,19.08,72.88,17.1,0.83,14,1,0.6,Tropical_Monsoon,92.3,99.1,49.7,11.9,6.9,1,0.231,0.044,72.0,0.48,84.2,1,102.73,57.9,32.5,0,6.25,0,12416
2022-07-13,West_Zone,Monsoon,21.3,0,10323,Mumbai,19.08,72.88,17.1,0.83,14,1,0.6,Tropical_Monsoon,99.0,0.0,21.3,15.9,4.6,0,0.328,0.003,56.0,0.434,87.4,1,99.45,52.4,33.2,0,6.25,0,8751
2022-07-14,West_Zone,Monsoon,30.6,0,11571,Mumbai,19.08,72.88,17.1,0.83,14,1,0.6,Tropical_Monsoon,92.1,0.0,43.8,13.3,5.8,0,0.116,0.089,44.0,0.497,82.9,1,101.55,61.9,32.5,0,6.25,0,9951
2022-07-15,West_Zone,Monsoon,30.3,0,12875,Mumbai,19.08,72.88,17.1,0.83,14,1,0.6,Tropical_Monsoon,80.1,29.8,38.6,8.7,6.2,0,0.083,0.0,64.0,0.47,81.9,1,98.8,52.0,39.3,0,6.25,0,11124
2022-07-16,West_Zone,Monsoon,31.6,0,12334,Mumbai,19.08,72.88,17.1,0.83,14,1,0.6,Tropical_Monsoon,90.6,98.5,47.5,17.1,5.7,1,0.107,0.052,104.0,0.47,80.1,1,100.54,57.0,32.1,0,6.25,0,11086
2022-07-17,West_Zone,Monsoon,31.0,0,12874,Mumbai,19.08,72.88,17.1,0.83,14,1,0.6,Tropical_Monsoon,99.0,43.9,48.5,15.3,5.3,0,0.148,0.009,21.0,0.474,84.9,1,100.33,50.6,24.4,0,6.25,0,11252
2022-07-18,West_Zone,Monsoon,33.3,0,15553,Mumbai,19.08,72.88,17.1,0.83,14,1,0.6,Tropical_Monsoon,94.4,0.0,57.7,9.9,5.9,0,0.182,0.03,64.0,0.486,86.5,1,98.73,51.3,36.4,0,6.25,0,13356
2022-07-19,West_Zone,Monsoon,32.6,0,13538,Mumbai,19.08,72.88,17.1,0.83,14,1,0.6,Tropical_Monsoon,86.4,0.8,49.8,12.9,5.7,0,0.146,0.116,50.0,0.516,85.1,1,101.5,53.4,36.6,0,6.25,0,12236
2022-07-20,West_Zone,Monsoon,35.0,0,14223,Mumbai,19.08,72.88,17.1,0.83,14,1,0.6,Tropical_Monsoon,92.0,48.5,65.2,11.6,5.8,0,0.108,0.112,52.0,0.491,88.8,1,100.52,54.6,32.0,0,6.25,0,12198
2022-07-21,West_Zone,Monsoon,25.3,0,11287,Mumbai,19.08,72.88,17.1,0.83,14,1,0.6,Tropical_Monsoon,91.1,29.5,25.3,16.0,6.1,0,0.345,0.07,58.0,0.469,82.4,1,99.41,49.8,43.3,0,6.25,0,9688
2022-07-22,West_Zone,Monsoon,30.3,0,13232,Mumbai,19.08,72.88,17.1,0.83,14,1,0.6,Tropical_Monsoon,85.1,0.0,40.2,12.9,6.0,0,0.13,0.099,54.0,0.492,80.1,1,100.64,51.0,31.3,0,6.25,0,11289
2022-07-23,West_Zone,Monsoon,24.6,0,10281,Mumbai,19.08,72.88,17.1,0.83,14,1,0.6,Tropical_Monsoon,93.5,83.4,24.6,13.8,5.8,1,0.088,0.048,71.0,0.508,82.8,1,101.18,53.8,41.1,0,6.25,0,9287
2022-07-24,West_Zone,Monsoon,27.0,0,12171,Mumbai,19.08,72.88,17.1,0.83,14,1,0.6,Tropical_Monsoon,94.3,24.4,31.2,13.4,5.8,0,0.233,0.226,56.0,0.535,84.4,1,98.48,54.0,27.3,0,6.25,0,10698
2022-07-25,West_Zone,Monsoon,30.0,0,12609,Mumbai,19.08,72.88,17.1,0.83,14,1,0.6,Tropical_Monsoon,82.6,23.3,38.4,9.6,6.3,0,0.235,0.098,21.0,0.475,81.2,1,97.06,51.7,35.4,0,6.25,0,10630
2022-07-26,West_Zone,Monsoon,25.5,0,12763,Mumbai,19.08,72.88,17.1,0.83,14,1,0.6,Tropical_Monsoon,89.0,0.0,25.5,18.2,6.3,0,0.291,0.045,83.0,0.473,81.9,1,100.14,52.3,30.0,0,6.25,0,10781
2022-07-27,West_Zone,Monsoon,24.8,0,12237,Mumbai,19.08,72.88,17.1,0.83,14,1,0.6,Tropical_Monsoon,95.2,0.0,24.8,16.0,5.3,0,0.343,0.133,80.0,0.543,82.6,1,99.38,47.4,33.6,0,6.25,0,10742
2022-07-28,West_Zone,Monsoon,30.2,0,13578,Mumbai,19.08,72.88,17.1,0.83,14,1,0.6,Tropical_Monsoon,89.8,20.3,41.4,11.8,6.3,0,0.185,0.154,49.0,0.521,83.5,1,101.46,55.6,37.8,0,6.25,0,11502
2022-07-29,West_Zone,Monsoon,26.7,0,11552,Mumbai,19.08,72.88,17.1,0.83,14,1,0.6,Tropical_Monsoon,96.0,16.0,30.4,14.6,4.8,0,0.121,0.034,61.0,0.473,82.4,1,99.72,56.3,31.2,0,6.25,0,9685
2022-07-30,West_Zone,Monsoon,28.2,0,11660,Mumbai,19.08,72.88,17.1,0.83,14,1,0.6,Tropical_Monsoon,87.0,61.6,33.8,16.9,4.3,1,-0.04,0.0,82.0,0.494,82.6,1,100.37,57.0,30.5,0,6.25,0,10497
2022-07-31,West_Zone,Monsoon,28.7,0,13432,Mumbai,19.08,72.88,17.1,0.83,14,1,0.6,Tropical_Monsoon,96.4,73.2,37.5,14.2,6.8,1,0.056,0.007,79.0,0.445,83.9,1,99.84,53.5,32.9,0,6.25,0,12123
2022-08-01,West_Zone,Monsoon,24.1,0,10501,Mumbai,19.08,72.88,17.1,0.83,14,1,0.6,Tropical_Monsoon,89.6,38.6,24.1,18.7,5.3,0,0.171,0.04,84.0,0.48,84.3,1,98.45,50.0,52.8,0,6.25,0,9108
2022-08-02,West_Zone,Monsoon,25.7,0,11350,Mumbai,19.08,72.88,17.1,0.83,14,1,0.6,Tropical_Monsoon,99.0,6.4,25.7,22.8,5.7,0,0.032,0.077,67.0,0.536,80.5,1,100.0,51.7,35.0,0,6.25,0,9929
2022-08-03,West_Zone,Monsoon,27.6,0,12516,Mumbai,19.08,72.88,17.1,0.83,14,1,0.6,Tropical_Monsoon,84.9,0.0,31.8,13.6,4.9,0,-0.009,0.0,74.0,0.48,76.5,1,98.61,53.1,34.7,0,6.25,0,10591
2022-08-04,West_Zone,Monsoon,28.1,0,12267,Mumbai,19.08,72.88,17.1,0.83,14,1,0.6,Tropical_Monsoon,87.7,48.3,33.6,12.3,4.9,0,0.157,0.055,85.0,0.522,78.9,1,98.53,52.3,36.2,0,6.25,0,10858
2022-08-05,West_Zone,Monsoon,29.2,0,12495,Mumbai,19.08,72.88,17.1,0.83,14,1,0.6,Tropical_Monsoon,94.6,27.8,39.0,11.0,5.3,0,0.228,0.068,54.0,0.474,83.4,1,98.78,49.1,25.4,0,6.25,0,10816
2022-08-06,West_Zone,Monsoon,30.1,0,12429,Mumbai,19.08,72.88,17.1,0.83,14,1,0.6,Tropical_Monsoon,99.0,35.2,44.3,7.4,6.1,0,0.125,0.099,68.0,0.47,79.8,1,98.67,45.7,38.6,0,6.25,0,10611
2022-08-07,West_Zone,Monsoon,32.9,0,15268,Mumbai,19.08,72.88,17.1,0.83,14,1,0.6,Tropical_Monsoon,91.8,2.3,54.1,17.7,5.6,0,0.24,0.117,21.0,0.524,82.8,1,99.61,50.6,37.6,0,6.25,0,13266
2022-08-08,West_Zone,Monsoon,30.1,0,12712,Mumbai,19.08,72.88,17.1,0.83,14,1,0.6,Tropical_Monsoon,94.8,16.0,42.7,12.9,5.6,0,0.212,0.104,32.0,0.431,81.8,1,99.4,51.7,25.1,0,6.25,0,10512
2022-08-09,West_Zone,Monsoon,29.9,0,11587,Mumbai,19.08,72.88,17.1,0.83,14,1,0.6,Tropical_Monsoon,92.1,66.4,41.0,16.6,5.3,1,0.265,0.188,69.0,0.512,82.2,1,100.05,54.3,46.0,0,6.25,0,10861
2022-08-10,West_Zone,Monsoon,28.5,0,11550,Mumbai,19.08,72.88,17.1,0.83,14,1,0.6,Tropical_Monsoon,87.8,1.9,34.9,17.2,6.4,0,0.367,0.146,72.0,0.527,83.5,1,98.17,50.6,34.0,0,6.25,0,9842
2022-08-11,West_Zone,Monsoon,29.5,0,11801,Mumbai,19.08,72.88,17.1,0.83,14,1,0.6,Tropical_Monsoon,89.8,48.6,38.8,10.8,6.2,0,0.411,0.093,53.0,0.5,85.6,1,99.46,51.8,28.4,0,6.25,0,10078
2022-08-12,West_Zone,Monsoon,27.0,0,10243,Mumbai,19.08,72.88,17.1,0.83,14,1,0.6,Tropical_Monsoon,87.7,0.0,30.5,11.2,5.3,0,0.223,0.022,49.0,0.402,82.0,1,99.21,53.1,35.6,0,6.25,0,8686
2022-08-13,West_Zone,Monsoon,24.5,0,11403,Mumbai,19.08,72.88,17.1,0.83,14,1,0.6,Tropical_Monsoon,88.9,0.0,24.5,19.2,5.9,0,0.104,0.039,54.0,0.429,78.9,1,99.87,59.2,29.5,0,6.25,0,9516
2022-08-14,West_Zone,Monsoon,25.4,0,12199,Mumbai,19.08,72.88,17.1,0.83,14,1,0.6,Tropical_Monsoon,96.8,14.4,25.4,13.8,5.4,0,0.156,0.0,63.0,0.457,82.9,1,99.89,52.3,25.9,0,6.25,0,10245
2022-08-15,West_Zone,Monsoon,25.1,0,11647,Mumbai,19.08,72.88,17.1,0.83,14,1,0.6,Tropical_Monsoon,89.3,27.8,25.1,12.0,5.3,0,0.307,0.089,20.0,0.496,84.1,1,99.77,46.7,32.6,0,6.25,0,10115
2022-08-16,West_Zone,Monsoon,25.7,0,11736,Mumbai,19.08,72.88,17.1,0.83,14,1,0.6,Tropical_Monsoon,96.2,24.4,25.7,10.9,5.5,0,0.061,0.1,68.0,0.5,75.2,1,98.6,49.7,32.9,0,6.25,0,10056
2022-08-17,West_Zone,Monsoon,23.4,0,10486,Mumbai,19.08,72.88,17.1,0.83,14,1,0.6,Tropical_Monsoon,89.5,0.0,23.4,13.6,5.8,0,0.295,0.134,61.0,0.493,79.8,1,99.59,60.1,26.1,0,6.25,0,9146
2022-08-18,West_Zone,Monsoon,25.5,0,12071,Mumbai,19.08,72.88,17.1,0.83,14,1,0.6,Tropical_Monsoon,96.2,0.0,25.5,18.5,5.0,0,0.133,0.096,64.0,0.506,82.1,1,99.03,58.3,30.1,0,6.25,0,10525
2022-08-19,West_Zone,Monsoon,29.4,0,11360,Mumbai,19.08,72.88,17.1,0.83,14,1,0.6,Tropical_Monsoon,89.9,25.8,38.5,16.1,6.0,0,0.173,0.143,58.0,0.509,80.6,1,100.83,57.1,28.8,0,6.25,0,9719
2022-08-20,West_Zone,Monsoon,27.4,0,11229,Mumbai,19.08,72.88,17.1,0.83,14,1,0.6,Tropical_Monsoon,99.0,38.6,33.2,14.5,7.1,0,0.069,0.144,35.0,0.492,82.4,1,99.6,55.6,32.2,0,6.25,0,9654
2022-08-21,West_Zone,Monsoon,30.9,0,13729,Mumbai,19.08,72.88,17.1,0.83,14,1,0.6,Tropical_Monsoon,93.1,35.7,45.5,18.8,5.9,0,0.018,0.018,40.0,0.481,80.1,1,99.55,55.7,37.2,0,6.25,0,11744
2022-08-22,West_Zone,Monsoon,23.7,0,11580,Mumbai,19.08,72.88,17.1,0.83,14,1,0.6,Tropical_Monsoon,99.0,13.6,23.7,18.2,5.5,0,0.122,0.049,87.0,0.453,84.8,1,98.17,51.3,34.7,0,6.25,0,9858
2022-08-23,West_Zone,Monsoon,25.5,0,11180,Mumbai,19.08,72.88,17.1,0.83,14,1,0.6,Tropical_Monsoon,90.9,42.1,25.5,15.0,5.5,0,0.28,0.079,48.0,0.499,82.2,1,98.84,56.0,33.8,0,6.25,0,9863
2022-08-24,West_Zone,Monsoon,28.1,0,13477,Mumbai,19.08,72.88,17.1,0.83,14,1,0.6,Tropical_Monsoon,93.4,5.4,34.7,22.3,5.9,0,0.08,0.038,75.0,0.444,76.6,1,99.67,56.5,24.9,0,6.25,0,11490
2022-08-25,West_Zone,Monsoon,25.0,0,11914,Mumbai,19.08,72.88,17.1,0.83,14,1,0.6,Tropical_Monsoon,90.1,8.8,25.0,13.3,4.5,0,0.311,0.065,41.0,0.491,84.2,1,99.31,56.1,33.9,0,6.25,0,10016
2022-08-26,West_Zone,Monsoon,24.5,0,10128,Mumbai,19.08,72.88,17.1,0.83,14,1,0.6,Tropical_Monsoon,93.2,48.5,24.5,17.3,6.5,0,0.093,0.098,60.0,0.498,84.4,1,99.28,50.3,28.6,0,6.25,0,8634
2022-08-27,West_Zone,Monsoon,28.1,0,12038,Mumbai,19.08,72.88,17.1,0.83,14,1,0.6,Tropical_Monsoon,91.8,41.3,34.4,12.8,6.2,0,0.043,0.073,52.0,0.469,81.9,1,97.59,50.7,25.4,0,6.25,0,10187
2022-08-28,West_Zone,Monsoon,19.5,0,10803,Mumbai,19.08,72.88,17.1,0.83,14,1,0.6,Tropical_Monsoon,94.7,15.1,19.5,16.7,4.8,0,0.175,0.08,55.0,0.499,76.5,1,98.51,49.8,38.4,0,6.25,0,9414
2022-08-29,West_Zone,Monsoon,21.6,0,10278,Mumbai,19.08,72.88,17.1,0.83,14,1,0.6,Tropical_Monsoon,91.0,0.0,21.6,13.3,5.3,0,0.218,0.023,54.0,0.512,84.7,1,99.03,56.6,27.3,0,6.25,0,9048
2022-08-30,West_Zone,Monsoon,32.0,0,14763,Mumbai,19.08,72.88,17.1,0.83,14,1,0.6,Tropical_Monsoon,83.7,10.2,46.0,15.4,5.5,0,0.169,0.11,86.0,0.457,78.9,1,100.49,54.4,34.5,0,6.25,0,12891
2022-08-31,West_Zone,Monsoon,26.9,0,10581,Mumbai,19.08,72.88,17.1,0.83,14,1,0.6,Tropical_Monsoon,82.2,36.9,29.7,21.2,5.8,0,0.165,0.106,95.0,0.515,80.9,1,97.38,53.5,31.6,0,6.25,0,9114
2022-09-01,West_Zone,Autumn,27.9,0,12660,Mumbai,19.08,72.88,17.1,0.83,14,1,0.6,Tropical_Monsoon,64.0,0.0,29.7,8.9,6.7,0,0.31,0.334,124.0,0.576,80.3,1,98.21,54.6,55.2,0,6.25,0,11238
2022-09-02,West_Zone,Autumn,22.5,0,10140,Mumbai,19.08,72.88,17.1,0.83,14,1,0.6,Tropical_Monsoon,75.6,0.6,22.5,7.4,6.5,0,0.159,0.302,113.0,0.529,77.7,1,97.34,46.3,66.1,0,6.25,0,9310
2022-09-03,West_Zone,Autumn,21.8,0,10186,Mumbai,19.08,72.88,17.1,0.83,14,1,0.6,Tropical_Monsoon,64.9,0.0,21.8,3.7,5.7,0,0.103,0.454,96.0,0.598,82.0,1,99.55,56.3,57.0,0,6.25,0,9240
2022-09-04,West_Zone,Autumn,24.9,0,10784,Mumbai,19.08,72.88,17.1,0.83,14,1,0.6,Tropical_Monsoon,64.2,0.0,24.9,6.6,6.2,0,0.037,0.485,95.0,0.574,82.6,1,100.39,51.0,57.3,0,6.25,0,9621
2022-09-05,West_Zone,Autumn,22.7,0,11183,Mumbai,19.08,72.88,17.1,0.83,14,1,0.6,Tropical_Monsoon,81.3,0.0,22.7,3.0,7.1,0,0.277,0.394,146.0,0.596,82.3,1,99.55,51.0,56.3,0,6.25,0,10199
2022-09-06,West_Zone,Autumn,19.6,0,9587,Mumbai,19.08,72.88,17.1,0.83,14,1,0.6,Tropical_Monsoon,71.1,0.0,19.6,8.7,5.9,0,0.107,0.358,94.0,0.467,81.4,1,99.76,49.6,60.9,0,6.25,0,8420
2022-09-07,West_Zone,Autumn,19.0,0,9829,Mumbai,19.08,72.88,17.1,0.83,14,1,0.6,Tropical_Monsoon,76.2,0.0,19.0,8.6,4.6,0,0.117,0.443,112.0,0.614,79.8,1,98.13,52.6,59.2,0,6.25,0,9052
2022-09-08,West_Zone,Autumn,18.2,0,10257,Mumbai,19.08,72.88,17.1,0.83,14,1,0.6,Tropical_Monsoon,78.3,0.0,18.2,5.5,6.1,0,0.255,0.408,123.0,0.529,86.4,1,99.52,52.5,56.5,0,6.25,0,9185
2022-09-09,West_Zone,Autumn,20.1,0,8595,Mumbai,19.08,72.88,17.1,0.83,14,1,0.6,Tropical_Monsoon,77.3,0.0,20.1,11.0,7.7,0,0.355,0.367,73.0,0.554,82.6,1,98.37,46.8,55.4,0,6.25,0,7691
2022-09-10,West_Zone,Autumn,22.9,0,12096,Mumbai,19.08,72.88,17.1,0.83,14,1,0.6,Tropical_Monsoon,64.6,0.0,22.9,10.6,6.9,0,0.175,0.438,97.0,0.545,79.2,1,99.19,45.5,59.8,0,6.25,0,10508
2022-09-11,West_Zone,Autumn,26.1,0,9995,Mumbai,19.08,72.88,17.1,0.83,14,1,0.6,Tropical_Monsoon,69.2,0.0,26.1,6.4,6.2,0,0.136,0.331,96.0,0.588,83.3,1,99.62,52.0,56.7,0,6.25,0,9174
2022-09-12,West_Zone,Autumn,20.0,0,9676,Mumbai,19.08,72.88,17.1,0.83,14,1,0.6,Tropical_Monsoon,65.9,1.2,20.0,7.7,6.2,0,0.149,0.339,108.0,0.538,83.1,1,98.81,55.8,68.6,0,6.25,0,8609
2022-09-13,West_Zone,Autumn,30.7,0,11927,Mumbai,19.08,72.88,17.1,0.83,14,1,0.6,Tropical_Monsoon,79.8,0.0,39.8,4.2,7.2,0,0.104,0.402,125.0,0.544,83.8,1,99.91,55.8,57.4,0,6.25,0,10657
2022-09-14,West_Zone,Autumn,21.2,0,11523,Mumbai,19.08,72.88,17.1,0.83,14,1,0.6,Tropical_Monsoon,65.3,1.4,21.2,5.2,5.3,0,0.114,0.387,138.0,0.59,81.9,1,98.92,56.6,61.7,0,6.25,0,10506
2022-09-15,West_Zone,Autumn,24.6,0,11988,Mumbai,19.08,72.88,17.1,0.83,14,1,0.6,Tropical_Monsoon,66.0,0.0,24.6,2.8,6.0,0,0.115,0.418,108.0,0.586,80.1,1,99.35,51.9,59.5,0,6.25,0,10878
2022-09-16,West_Zone,Autumn,21.8,0,10373,Mumbai,19.08,72.88,17.1,0.83,14,1,0.6,Tropical_Monsoon,67.7,0.0,21.8,4.6,6.6,0,0.241,0.452,112.0,0.563,77.9,1,100.96,52.0,58.6,0,6.25,0,9768
2022-09-17,West_Zone,Autumn,27.9,0,11870,Mumbai,19.08,72.88,17.1,0.83,14,1,0.6,Tropical_Monsoon,61.8,1.9,29.5,5.7,7.6,0,0.141,0.287,118.0,0.502,80.4,1,99.55,52.4,64.5,0,6.25,0,10373
2022-09-18,West_Zone,Autumn,27.4,0,12152,Mumbai,19.08,72.88,17.1,0.83,14,1,0.6,Tropical_Monsoon,76.3,0.0,30.2,1.0,6.4,0,0.286,0.382,106.0,0.522,77.0,1,98.3,55.5,62.9,0,6.25,0,10893
2022-09-19,West_Zone,Autumn,20.9,0,10207,Mumbai,19.08,72.88,17.1,0.83,14,1,0.6,Tropical_Monsoon,85.6,0.0,20.9,7.7,7.2,0,0.138,0.494,128.0,0.622,82.9,1,98.56,58.9,62.8,0,6.25,0,9488
2022-09-20,West_Zone,Autumn,26.9,0,12271,Mumbai,19.08,72.88,17.1,0.83,14,1,0.6,Tropical_Monsoon,67.5,0.0,28.5,9.1,6.1,0,0.113,0.344,128.0,0.559,77.2,1,99.91,51.1,62.7,0,6.25,0,11038
2022-09-21,West_Zone,Autumn,23.9,0,9456,Mumbai,19.08,72.88,17.1,0.83,14,1,0.6,Tropical_Monsoon,65.1,2.2,23.9,6.0,4.4,0,0.278,0.337,71.0,0.549,80.9,1,100.07,52.0,51.9,0,6.25,0,8477
2022-09-22,West_Zone,Autumn,18.6,0,8386,Mumbai,19.08,72.88,17.1,0.83,14,1,0.6,Tropical_Monsoon,63.7,0.0,18.6,1.0,6.6,0,0.152,0.246,132.0,0.536,84.2,1,98.99,52.7,62.2,0,6.25,0,7806
2022-09-23,West_Zone,Autumn,22.5,0,10315,Mumbai,19.08,72.88,17.1,0.83,14,1,0.6,Tropical_Monsoon,71.3,1.2,22.5,5.2,6.7,0,0.137,0.386,122.0,0.498,81.3,1,97.49,50.9,58.8,0,6.25,0,9243
2022-09-24,West_Zone,Autumn,19.6,0,10711,Mumbai,19.08,72.88,17.1,0.83,14,1,0.6,Tropical_Monsoon,72.7,0.0,19.6,1.8,6.7,0,0.153,0.415,125.0,0.554,81.8,1,98.06,49.9,57.4,0,6.25,0,9870
2022-09-25,West_Zone,Autumn,20.2,0,8955,Mumbai,19.08,72.88,17.1,0.83,14,1,0.6,Tropical_Monsoon,70.6,0.0,20.2,4.2,6.7,0,0.297,0.415,141.0,0.555,83.3,1,99.19,52.2,77.3,0,6.25,0,8305
2022-09-26,West_Zone,Autumn,24.3,0,11845,Mumbai,19.08,72.88,17.1,0.83,14,1,0.6,Tropical_Monsoon,72.5,0.0,24.3,10.4,6.6,0,0.181,0.318,88.0,0.569,83.5,1,99.59,49.7,52.6,0,6.25,0,10749
2022-09-27,West_Zone,Autumn,30.2,0,13007,Mumbai,19.08,72.88,17.1,0.83,14,1,0.6,Tropical_Monsoon,69.9,0.0,35.5,1.0,6.6,0,0.275,0.379,97.0,0.511,85.1,1,100.01,55.9,59.5,0,6.25,0,11673
2022-09-28,West_Zone,Autumn,28.7,0,11215,Mumbai,19.08,72.88,17.1,0.83,14,1,0.6,Tropical_Monsoon,70.4,6.0,32.1,3.6,6.6,0,0.127,0.393,119.0,0.59,83.7,1,96.97,57.7,59.1,0,6.25,0,9901
2022-09-29,West_Zone,Autumn,30.5,0,11130,Mumbai,19.08,72.88,17.1,0.83,14,1,0.6,Tropical_Monsoon,66.1,2.6,35.3,8.5,6.5,0,0.259,0.383,78.0,0.61,83.1,1,99.87,51.8,59.6,0,6.25,0,10304
2022-09-30,West_Zone,Autumn,22.5,0,11070,Mumbai,19.08,72.88,17.1,0.83,14,1,0.6,Tropical_Monsoon,67.0,0.0,22.5,3.9,6.1,0,0.174,0.314,116.0,0.487,76.1,1,100.43,59.8,54.9,0,6.25,0,9949
2022-10-01,West_Zone,Autumn,19.2,0,9054,Mumbai,19.08,72.88,17.1,0.83,14,1,0.6,Tropical_Monsoon,77.8,0.0,19.2,3.7,5.1,0,0.238,0.385,135.0,0.557,82.7,1,96.61,51.2,61.1,0,6.25,0,8231
2022-10-02,West_Zone,Autumn,24.0,0,10051,Mumbai,19.08,72.88,17.1,0.83,14,1,0.6,Tropical_Monsoon,71.7,1.8,24.0,12.1,5.7,0,0.247,0.331,127.0,0.558,87.0,1,102.0,51.0,54.4,0,6.25,0,9042
2022-10-03,West_Zone,Autumn,22.6,0,8345,Mumbai,19.08,72.88,17.1,0.83,14,1,0.6,Tropical_Monsoon,76.9,0.0,22.6,7.1,6.3,0,0.056,0.268,121.0,0.553,83.9,1,102.76,56.8,61.4,0,6.25,0,7468
2022-10-04,West_Zone,Autumn,23.7,0,12438,Mumbai,19.08,72.88,17.1,0.83,14,1,0.6,Tropical_Monsoon,75.7,0.0,23.7,8.8,5.1,0,0.157,0.421,116.0,0.5,84.9,1,100.59,49.5,60.8,0,6.25,0,11453
2022-10-05,West_Zone,Autumn,24.6,0,11916,Mumbai,19.08,72.88,17.1,0.83,14,1,0.6,Tropical_Monsoon,64.1,8.3,24.6,7.5,5.3,0,0.246,0.388,112.0,0.567,80.0,1,101.51,56.1,58.8,0,6.25,0,10875
2022-10-06,West_Zone,Autumn,26.5,0,11116,Mumbai,19.08,72.88,17.1,0.83,14,1,0.6,Tropical_Monsoon,62.9,0.0,26.5,6.5,6.4,0,0.262,0.416,111.0,0.557,81.8,1,102.57,55.0,59.6,0,6.25,0,9845
2022-10-07,West_Zone,Autumn,22.6,0,11685,Mumbai,19.08,72.88,17.1,0.83,14,1,0.6,Tropical_Monsoon,68.7,0.0,22.6,9.8,6.3,0,0.275,0.348,124.0,0.539,83.7,1,101.49,52.0,67.9,0,6.25,0,10619
2022-10-08,West_Zone,Autumn,23.3,0,11609,Mumbai,19.08,72.88,17.1,0.83,14,1,0.6,Tropical_Monsoon,66.7,0.0,23.3,11.7,6.2,0,0.16,0.418,92.0,0.627,83.3,1,101.65,51.6,62.9,0,6.25,0,10626
2022-10-09,West_Zone,Autumn,26.4,0,10698,Mumbai,19.08,72.88,17.1,0.83,14,1,0.6,Tropical_Monsoon,73.9,0.0,26.4,1.0,5.1,0,0.304,0.441,146.0,0.564,84.4,1,102.24,50.4,60.9,0,6.25,0,9385
2022-10-10,West_Zone,Autumn,23.4,0,10086,Mumbai,19.08,72.88,17.1,0.83,14,1,0.6,Tropical_Monsoon,73.7,0.0,23.4,5.9,7.4,0,0.084,0.485,107.0,0.595,78.6,1,100.86,57.5,62.1,0,6.25,0,9155
2022-10-11,West_Zone,Autumn,21.4,0,10810,Mumbai,19.08,72.88,17.1,0.83,14,1,0.6,Tropical_Monsoon,78.7,0.0,21.4,5.9,5.5,0,0.001,0.429,130.0,0.564,79.6,1,100.96,52.5,60.2,0,6.25,0,10224
2022-10-12,West_Zone,Autumn,22.2,0,10944,Mumbai,19.08,72.88,17.1,0.83,14,1,0.6,Tropical_Monsoon,74.7,0.0,22.2,4.7,5.9,0,0.122,0.403,121.0,0.568,78.1,1,102.51,55.2,62.8,0,6.25,0,9642
2022-10-13,West_Zone,Autumn,25.5,0,12504,Mumbai,19.08,72.88,17.1,0.83,14,1,0.6,Tropical_Monsoon,71.7,0.0,25.5,8.9,5.8,0,0.27,0.297,99.0,0.551,82.8,1,102.99,54.2,57.0,0,6.25,0,11086
2022-10-14,West_Zone,Autumn,22.3,0,10286,Mumbai,19.08,72.88,17.1,0.83,14,1,0.6,Tropical_Monsoon,78.6,0.0,22.3,6.8,7.1,0,0.041,0.374,143.0,0.58,81.4,1,102.45,53.1,71.1,0,6.25,0,9108
2022-10-15,West_Zone,Autumn,18.6,0,10521,Mumbai,19.08,72.88,17.1,0.83,14,1,0.6,Tropical_Monsoon,77.2,3.3,18.6,11.8,6.4,0,0.003,0.295,139.0,0.51,81.4,1,103.42,55.7,60.9,0,6.25,0,9255
2022-10-16,West_Zone,Autumn,28.2,1,14466,Mumbai,19.08,72.88,17.1,0.83,14,1,0.6,Tropical_Monsoon,69.4,0.0,31.0,9.3,6.4,0,-0.022,0.331,92.0,0.547,80.0,1,102.49,56.0,86.1,0,6.25,0,12996
2022-10-17,West_Zone,Autumn,22.8,0,9831,Mumbai,19.08,72.88,17.1,0.83,14,1,0.6,Tropical_Monsoon,79.7,0.0,22.8,10.1,6.1,0,0.224,0.497,119.0,0.59,79.5,1,103.92,55.1,71.1,0,6.25,0,8970
2022-10-18,West_Zone,Autumn,28.2,1,16180,Mumbai,19.08,72.88,17.1,0.83,14,1,0.6,Tropical_Monsoon,69.7,0.0,31.0,2.4,6.8,0,0.005,0.319,124.0,0.49,82.0,1,102.15,53.1,69.5,0,6.25,0,15014
2022-10-19,West_Zone,Autumn,24.5,0,10601,Mumbai,19.08,72.88,17.1,0.83,14,1,0.6,Tropical_Monsoon,69.8,0.0,24.5,3.6,5.7,0,0.205,0.239,83.0,0.491,85.3,1,102.35,49.6,61.2,0,6.25,0,9614
2022-10-20,West_Zone,Autumn,24.2,0,11830,Mumbai,19.08,72.88,17.1,0.83,14,1,0.6,Tropical_Monsoon,67.3,0.0,24.2,3.8,6.7,0,0.117,0.429,82.0,0.594,86.7,1,102.51,51.6,61.8,0,6.25,0,10805
2022-10-21,West_Zone,Autumn,23.2,0,11002,Mumbai,19.08,72.88,17.1,0.83,14,1,0.6,Tropical_Monsoon,75.6,0.0,23.2,10.0,6.1,0,0.073,0.34,105.0,0.531,86.7,1,101.49,52.4,64.7,0,6.25,0,10217
2022-10-22,West_Zone,Autumn,22.9,0,11321,Mumbai,19.08,72.88,17.1,0.83,14,1,0.6,Tropical_Monsoon,78.4,0.0,22.9,3.1,6.7,0,0.05,0.426,96.0,0.645,80.6,1,101.36,53.6,60.7,0,6.25,0,10340
2022-10-23,West_Zone,Autumn,31.2,0,12180,Mumbai,19.08,72.88,17.1,0.83,14,1,0.6,Tropical_Monsoon,67.0,0.0,37.2,3.2,7.1,0,0.171,0.31,101.0,0.566,78.5,1,101.24,46.5,66.0,0,6.25,0,10908
2022-10-24,West_Zone,Autumn,26.7,1,15035,Mumbai,19.08,72.88,17.1,0.83,14,1,0.6,Tropical_Monsoon,76.5,0.0,28.8,2.6,6.2,0,0.075,0.354,96.0,0.562,84.7,1,101.6,56.1,63.2,0,6.25,0,13579
2022-10-25,West_Zone,Autumn,20.9,1,14057,Mumbai,19.08,72.88,17.1,0.83,14,1,0.6,Tropical_Monsoon,63.6,0.0,20.9,14.3,5.1,0,0.15,0.452,118.0,0.618,85.8,1,104.24,56.0,69.0,0,6.25,0,12741
2022-10-26,West_Zone,Autumn,20.4,1,13638,Mumbai,19.08,72.88,17.1,0.83,14,1,0.6,Tropical_Monsoon,73.5,0.0,20.4,5.6,6.1,0,0.19,0.301,104.0,0.558,83.3,1,104.01,52.3,71.0,0,6.25,0,12121
2022-10-27,West_Zone,Autumn,26.4,0,12328,Mumbai,19.08,72.88,17.1,0.83,14,1,0.6,Tropical_Monsoon,70.0,0.0,26.4,7.6,5.7,0,0.211,0.37,140.0,0.558,81.9,1,101.87,50.1,56.7,0,6.25,0,11270
2022-10-28,West_Zone,Autumn,22.2,0,10061,Mumbai,19.08,72.88,17.1,0.83,14,1,0.6,Tropical_Monsoon,69.0,0.0,22.2,2.6,6.4,0,0.243,0.397,123.0,0.517,80.1,1,101.8,51.0,51.3,0,6.25,0,9083
2022-10-29,West_Zone,Autumn,23.0,0,9596,Mumbai,19.08,72.88,17.1,0.83,14,1,0.6,Tropical_Monsoon,84.1,0.0,23.0,8.9,6.2,0,0.166,0.337,134.0,0.564,83.8,1,100.09,47.7,64.4,0,6.25,0,8537
2022-10-30,West_Zone,Autumn,23.3,0,11992,Mumbai,19.08,72.88,17.1,0.83,14,1,0.6,Tropical_Monsoon,71.7,0.0,23.3,1.0,6.1,0,0.045,0.395,90.0,0.601,83.7,1,101.25,52.1,54.5,0,6.25,0,10974
2022-10-31,West_Zone,Autumn,25.4,0,12128,Mumbai,19.08,72.88,17.1,0.83,14,1,0.6,Tropical_Monsoon,68.7,0.0,25.4,3.1,5.7,0,0.197,0.381,109.0,0.537,82.8,1,101.46,52.9,56.6,0,6.25,0,11034
2022-11-01,West_Zone,Autumn,21.2,0,9395,Mumbai,19.08,72.88,17.1,0.83,14,1,0.6,Tropical_Monsoon,73.4,0.8,21.2,3.8,7.0,0,0.216,0.412,122.0,0.508,78.7,1,101.84,57.4,63.8,0,6.25,0,8445
2022-11-02,West_Zone,Autumn,21.4,0,9803,Mumbai,19.08,72.88,17.1,0.83,14,1,0.6,Tropical_Monsoon,63.1,0.0,21.4,6.7,6.0,0,0.132,0.491,128.0,0.551,79.0,1,101.73,55.6,66.1,0,6.25,0,8867
2022-11-03,West_Zone,Autumn,26.9,0,12621,Mumbai,19.08,72.88,17.1,0.83,14,1,0.6,Tropical_Monsoon,66.1,0.0,28.4,3.6,8.0,0,0.121,0.541,108.0,0.648,81.7,1,102.53,59.0,57.2,0,6.25,0,11821
2022-11-04,West_Zone,Autumn,24.4,0,11716,Mumbai,19.08,72.88,17.1,0.83,14,1,0.6,Tropical_Monsoon,76.3,0.0,24.4,10.6,6.5,0,0.398,0.408,111.0,0.564,85.1,1,103.11,54.7,54.8,0,6.25,0,10713
2022-11-05,West_Zone,Autumn,21.6,0,11077,Mumbai,19.08,72.88,17.1,0.83,14,1,0.6,Tropical_Monsoon,69.9,0.0,21.6,7.5,6.5,0,0.021,0.373,113.0,0.597,84.7,1,101.63,50.0,55.9,0,6.25,0,10328
2022-11-06,West_Zone,Autumn,30.2,0,11926,Mumbai,19.08,72.88,17.1,0.83,14,1,0.6,Tropical_Monsoon,63.7,0.0,34.0,3.9,6.8,0,0.199,0.406,115.0,0.562,80.8,1,103.81,61.5,65.6,0,6.25,0,11004
2022-11-07,West_Zone,Autumn,27.3,0,12399,Mumbai,19.08,72.88,17.1,0.83,14,1,0.6,Tropical_Monsoon,76.2,0.0,30.0,9.0,6.8,0,0.255,0.366,159.0,0.537,76.5,1,102.74,52.8,65.9,0,6.25,0,10989
2022-11-08,West_Zone,Autumn,21.5,1,15650,Mumbai,19.08,72.88,17.1,0.83,14,1,0.6,Tropical_Monsoon,79.8,0.0,21.5,4.8,7.0,0,0.116,0.285,126.0,0.595,86.0,1,103.31,48.1,73.7,0,6.25,0,14048
2022-11-09,West_Zone,Autumn,27.7,0,11918,Mumbai,19.08,72.88,17.1,0.83,14,1,0.6,Tropical_Monsoon,72.0,0.0,30.3,4.2,7.3,0,0.133,0.377,121.0,0.543,85.7,1,102.0,54.7,61.2,0,6.25,0,10779
2022-11-10,West_Zone,Autumn,19.7,0,9552,Mumbai,19.08,72.88,17.1,0.83,14,1,0.6,Tropical_Monsoon,71.9,0.0,19.7,8.7,5.2,0,0.11,0.445,97.0,0.564,82.4,1,103.01,47.8,53.4,0,6.25,0,8789
2022-11-11,West_Zone,Autumn,22.4,0,11107,Mumbai,19.08,72.88,17.1,0.83,14,1,0.6,Tropical_Monsoon,71.4,0.0,22.4,1.0,6.9,0,0.15,0.292,98.0,0.547,80.7,1,102.94,53.8,62.3,0,6.25,0,10103
2022-11-12,West_Zone,Autumn,22.4,0,11495,Mumbai,19.08,72.88,17.1,0.83,14,1,0.6,Tropical_Monsoon,68.5,0.0,22.4,8.2,6.7,0,0.24,0.321,116.0,0.532,81.1,1,103.97,52.7,63.9,0,6.25,0,10338
2022-11-13,West_Zone,Autumn,22.7,0,10436,Mumbai,19.08,72.88,17.1,0.83,14,1,0.6,Tropical_Monsoon,67.4,0.0,22.7,3.9,6.4,0,0.13,0.345,140.0,0.57,84.8,1,103.18,56.4,60.8,0,6.25,0,9256
2022-11-14,West_Zone,Autumn,23.2,1,13897,Mumbai,19.08,72.88,17.1,0.83,14,1,0.6,Tropical_Monsoon,66.9,1.7,23.2,3.9,7.4,0,0.461,0.402,116.0,0.574,83.6,1,103.41,58.2,73.0,0,6.25,0,13104
2022-11-15,West_Zone,Autumn,24.4,1,14568,Mumbai,19.08,72.88,17.1,0.83,14,1,0.6,Tropical_Monsoon,68.3,0.0,24.4,11.9,7.5,0,0.105,0.523,117.0,0.605,80.7,1,102.05,52.5,66.8,0,6.25,0,13782
2022-11-16,West_Zone,Autumn,22.7,0,12122,Mumbai,19.08,72.88,17.1,0.83,14,1,0.6,Tropical_Monsoon,67.2,1.9,22.7,4.4,6.9,0,0.288,0.331,107.0,0.524,88.6,1,103.8,52.9,65.8,0,6.25,0,10781
2022-11-17,West_Zone,Autumn,23.6,1,14260,Mumbai,19.08,72.88,17.1,0.83,14,1,0.6,Tropical_Monsoon,64.0,0.0,23.6,8.9,6.1,0,0.204,0.385,89.0,0.506,77.4,1,101.35,56.6,65.2,0,6.25,0,13045
2022-11-18,West_Zone,Autumn,26.9,0,12229,Mumbai,19.08,72.88,17.1,0.83,14,1,0.6,Tropical_Monsoon,71.0,0.0,28.8,6.8,5.9,0,0.161,0.38,128.0,0.53,80.2,1,102.08,50.8,59.9,0,6.25,0,11114
2022-11-19,West_Zone,Autumn,20.5,0,9546,Mumbai,19.08,72.88,17.1,0.83,14,1,0.6,Tropical_Monsoon,74.9,0.0,20.5,7.1,6.7,0,0.297,0.362,115.0,0.528,80.3,1,102.96,54.4,62.3,0,6.25,0,8748
2022-11-20,West_Zone,Autumn,30.3,0,13225,Mumbai,19.08,72.88,17.1,0.83,14,1,0.6,Tropical_Monsoon,76.3,0.0,37.5,5.2,7.6,0,-0.01,0.377,128.0,0.563,82.3,1,101.55,55.8,65.7,0,6.25,0,12338
2022-11-21,West_Zone,Autumn,17.8,0,9253,Mumbai,19.08,72.88,17.1,0.83,14,1,0.6,Tropical_Monsoon,72.0,0.0,17.8,5.1,4.9,0,0.193,0.352,123.0,0.524,85.4,1,101.81,50.6,65.3,0,6.25,0,8569
2022-11-22,West_Zone,Autumn,18.8,0,11221,Mumbai,19.08,72.88,17.1,0.83,14,1,0.6,Tropical_Monsoon,76.2,0.0,18.8,10.6,6.8,0,0.078,0.545,103.0,0.552,84.5,1,101.83,52.5,65.7,0,6.25,0,10408
2022-11-23,West_Zone,Autumn,26.7,0,12573,Mumbai,19.08,72.88,17.1,0.83,14,1,0.6,Tropical_Monsoon,71.5,2.7,28.5,8.8,6.4,0,0.106,0.425,124.0,0.532,82.4,1,103.16,54.7,58.5,0,6.25,0,11380
2022-11-24,West_Zone,Autumn,25.9,0,10328,Mumbai,19.08,72.88,17.1,0.83,14,1,0.6,Tropical_Monsoon,69.2,0.0,25.9,4.5,5.5,0,0.102,0.353,97.0,0.56,78.0,1,102.65,59.4,71.6,0,6.25,0,9421
2022-11-25,West_Zone,Autumn,23.3,0,8974,Mumbai,19.08,72.88,17.1,0.83,14,1,0.6,Tropical_Monsoon,75.7,0.0,23.3,2.9,6.7,0,0.054,0.451,124.0,0.593,84.9,1,103.8,49.7,65.4,0,6.25,0,8251
2022-11-26,West_Zone,Autumn,22.9,0,10356,Mumbai,19.08,72.88,17.1,0.83,14,1,0.6,Tropical_Monsoon,76.1,1.3,22.9,4.2,6.9,0,-0.015,0.395,119.0,0.544,78.6,1,104.75,54.3,58.2,0,6.25,0,9811
2022-11-27,West_Zone,Autumn,27.4,1,16358,Mumbai,19.08,72.88,17.1,0.83,14,1,0.6,Tropical_Monsoon,71.2,0.0,29.7,8.9,6.4,0,0.189,0.383,148.0,0.544,80.8,1,103.17,59.7,70.6,0,6.25,0,14997
2022-11-28,West_Zone,Autumn,30.3,1,14965,Mumbai,19.08,72.88,17.1,0.83,14,1,0.6,Tropical_Monsoon,66.5,0.0,34.9,9.5,6.1,0,0.143,0.369,104.0,0.571,81.8,1,102.41,57.8,75.8,0,6.25,0,13945
2022-11-29,West_Zone,Autumn,26.7,0,11737,Mumbai,19.08,72.88,17.1,0.83,14,1,0.6,Tropical_Monsoon,68.2,0.0,28.2,7.7,7.6,0,0.12,0.365,96.0,0.556,79.6,1,103.32,53.2,57.7,0,6.25,0,10717
2022-11-30,West_Zone,Autumn,23.2,0,9738,Mumbai,19.08,72.88,17.1,0.83,14,1,0.6,Tropical_Monsoon,65.2,0.0,23.2,1.1,6.0,0,0.226,0.307,113.0,0.572,79.5,1,102.09,53.6,53.6,0,6.25,0,8647
2022-12-01,West_Zone,Winter,13.5,0,8262,Mumbai,19.08,72.88,17.1,0.83,14,1,0.6,Tropical_Monsoon,75.9,0.0,13.5,8.3,4.1,0,0.195,0.32,161.0,0.535,84.7,1,102.95,56.0,72.4,0,6.25,0,7595
2022-12-02,West_Zone,Winter,16.3,0,10093,Mumbai,19.08,72.88,17.1,0.83,14,1,0.6,Tropical_Monsoon,75.1,0.0,16.3,9.9,2.7,0,0.123,0.442,100.0,0.546,86.4,1,105.5,57.1,60.6,0,6.25,0,9150
2022-12-03,West_Zone,Winter,14.9,0,7593,Mumbai,19.08,72.88,17.1,0.83,14,1,0.6,Tropical_Monsoon,73.4,0.0,14.9,6.5,3.7,0,0.455,0.408,166.0,0.595,81.8,1,102.87,59.7,73.8,0,6.25,0,6924
2022-12-04,West_Zone,Winter,17.5,0,9985,Mumbai,19.08,72.88,17.1,0.83,14,1,0.6,Tropical_Monsoon,79.7,0.0,17.5,11.9,3.9,0,0.252,0.473,146.0,0.569,76.7,1,103.41,58.9,75.2,0,6.25,0,9344
2022-12-05,West_Zone,Winter,9.2,0,7290,Mumbai,19.08,72.88,17.1,0.83,14,1,0.6,Tropical_Monsoon,88.5,0.0,9.2,2.0,3.7,0,0.394,0.367,129.0,0.528,82.8,1,102.97,48.7,70.7,0,6.25,0,6532
2022-12-06,West_Zone,Winter,10.2,0,7025,Mumbai,19.08,72.88,17.1,0.83,14,1,0.6,Tropical_Monsoon,77.3,0.0,10.2,8.1,4.2,0,0.109,0.354,143.0,0.575,79.9,1,102.76,47.7,77.7,0,6.25,0,6566
2022-12-07,West_Zone,Winter,12.3,0,8720,Mumbai,19.08,72.88,17.1,0.83,14,1,0.6,Tropical_Monsoon,82.0,0.0,12.3,2.9,2.9,0,0.175,0.467,137.0,0.62,83.1,1,103.68,52.3,76.3,0,6.25,0,8215
2022-12-08,West_Zone,Winter,15.4,0,7809,Mumbai,19.08,72.88,17.1,0.83,14,1,0.6,Tropical_Monsoon,73.6,0.0,15.4,9.2,3.8,0,0.026,0.402,128.0,0.566,82.9,1,101.96,46.4,66.9,0,6.25,0,7283
2022-12-09,West_Zone,Winter,17.6,0,8263,Mumbai,19.08,72.88,17.1,0.83,14,1,0.6,Tropical_Monsoon,75.9,0.0,17.6,7.8,2.8,0,0.117,0.471,115.0,0.548,76.4,1,103.09,59.5,72.2,0,6.25,0,7678
2022-12-10,West_Zone,Winter,16.0,0,8346,Mumbai,19.08,72.88,17.1,0.83,14,1,0.6,Tropical_Monsoon,74.9,0.0,16.0,11.4,2.7,0,0.092,0.422,163.0,0.612,80.8,1,101.94,47.8,69.4,0,6.25,0,7595
2022-12-11,West_Zone,Winter,13.9,0,8879,Mumbai,19.08,72.88,17.1,0.83,14,1,0.6,Tropical_Monsoon,82.7,0.0,13.9,7.5,3.1,0,0.45,0.533,140.0,0.605,83.8,1,104.87,53.8,70.4,0,6.25,0,8426
2022-12-12,West_Zone,Winter,16.6,0,10210,Mumbai,19.08,72.88,17.1,0.83,14,1,0.6,Tropical_Monsoon,74.6,0.0,16.6,4.8,3.8,0,0.081,0.465,143.0,0.583,81.7,1,104.34,51.3,77.7,0,6.25,0,9680
2022-12-13,West_Zone,Winter,14.8,0,8933,Mumbai,19.08,72.88,17.1,0.83,14,1,0.6,Tropical_Monsoon,84.2,0.0,14.8,4.5,4.5,0,0.127,0.445,165.0,0.559,78.7,1,102.62,47.7,75.1,0,6.25,0,8363
2022-12-14,West_Zone,Winter,13.7,0,8567,Mumbai,19.08,72.88,17.1,0.83,14,1,0.6,Tropical_Monsoon,78.6,0.0,13.7,5.2,4.6,0,0.005,0.468,151.0,0.611,84.0,1,101.57,58.4,68.4,0,6.25,0,8006
2022-12-15,West_Zone,Winter,16.3,0,9000,Mumbai,19.08,72.88,17.1,0.83,14,1,0.6,Tropical_Monsoon,75.0,0.0,16.3,4.5,3.4,0,0.203,0.404,122.0,0.528,77.0,1,103.95,52.3,73.1,0,6.25,0,8083
2022-12-16,West_Zone,Winter,9.6,0,7662,Mumbai,19.08,72.88,17.1,0.83,14,1,0.6,Tropical_Monsoon,76.0,0.0,9.6,10.0,3.4,0,0.06,0.321,162.0,0.504,82.7,1,103.45,62.0,68.2,0,6.25,0,7039
2022-12-17,West_Zone,Winter,16.1,0,8479,Mumbai,19.08,72.88,17.1,0.83,14,1,0.6,Tropical_Monsoon,79.6,0.0,16.1,9.8,4.1,0,0.242,0.442,177.0,0.627,80.4,1,105.77,60.9,69.6,0,6.25,0,7750
2022-12-18,West_Zone,Winter,11.1,0,8967,Mumbai,19.08,72.88,17.1,0.83,14,1,0.6,Tropical_Monsoon,85.8,0.0,11.1,1.5,3.8,0,-0.029,0.536,159.0,0.568,83.3,1,104.96,55.0,79.7,0,6.25,0,8319
2022-12-19,West_Zone,Winter,16.5,0,8935,Mumbai,19.08,72.88,17.1,0.83,14,1,0.6,Tropical_Monsoon,79.5,0.0,16.5,6.1,3.5,0,0.138,0.283,134.0,0.56,81.3,1,104.22,46.3,84.7,0,6.25,0,8153
2022-12-20,West_Zone,Winter,11.6,0,7239,Mumbai,19.08,72.88,17.1,0.83,14,1,0.6,Tropical_Monsoon,92.2,0.0,11.6,6.2,3.4,0,-0.035,0.448,123.0,0.613,83.5,1,103.1,52.9,80.9,0,6.25,0,6608
2022-12-21,West_Zone,Winter,18.9,0,9837,Mumbai,19.08,72.88,17.1,0.83,14,1,0.6,Tropical_Monsoon,83.8,0.0,18.9,3.7,3.6,0,0.101,0.328,134.0,0.548,86.1,1,103.4,63.5,73.4,0,6.25,0,9034
2022-12-22,West_Zone,Winter,13.3,0,8744,Mumbai,19.08,72.88,17.1,0.83,14,1,0.6,Tropical_Monsoon,78.5,0.0,13.3,7.3,3.3,0,0.121,0.419,152.0,0.538,84.1,1,103.99,56.3,72.9,0,6.25,0,8044
2022-12-23,West_Zone,Winter,12.6,0,9339,Mumbai,19.08,72.88,17.1,0.83,14,1,0.6,Tropical_Monsoon,78.8,0.0,12.6,10.4,3.2,0,0.09,0.425,176.0,0.585,84.0,1,104.08,54.0,77.1,0,6.25,0,8849
2022-12-24,West_Zone,Winter,19.1,0,9391,Mumbai,19.08,72.88,17.1,0.83,14,1,0.6,Tropical_Monsoon,78.9,0.5,19.1,8.7,3.6,0,0.1,0.465,136.0,0.618,83.7,1,103.05,51.8,72.5,0,6.25,0,8892
2022-12-25,West_Zone,Winter,13.1,0,6183,Mumbai,19.08,72.88,17.1,0.83,14,1,0.6,Tropical_Monsoon,75.9,1.0,13.1,10.0,3.2,0,0.247,0.433,138.0,0.579,76.8,1,102.43,57.5,64.9,0,6.25,0,5689
2022-12-26,West_Zone,Winter,10.6,0,6567,Mumbai,19.08,72.88,17.1,0.83,14,1,0.6,Tropical_Monsoon,87.5,0.0,10.6,3.8,2.6,0,0.367,0.502,168.0,0.563,82.2,1,105.76,56.8,81.1,0,6.25,0,6220
2022-12-27,West_Zone,Winter,15.4,0,8590,Mumbai,19.08,72.88,17.1,0.83,14,1,0.6,Tropical_Monsoon,80.6,0.0,15.4,6.1,4.0,0,0.184,0.49,142.0,0.592,82.8,1,103.9,55.7,66.1,0,6.25,0,7934
2022-12-28,West_Zone,Winter,11.0,0,7516,Mumbai,19.08,72.88,17.1,0.83,14,1,0.6,Tropical_Monsoon,82.7,0.0,11.0,3.7,3.6,0,0.064,0.408,181.0,0.52,83.7,1,104.32,59.3,78.0,0,6.25,0,6917
2022-12-29,West_Zone,Winter,16.5,0,9551,Mumbai,19.08,72.88,17.1,0.83,14,1,0.6,Tropical_Monsoon,81.5,0.0,16.5,6.7,4.7,0,0.156,0.486,147.0,0.552,81.7,1,103.07,58.6,75.8,0,6.25,0,8865
2022-12-30,West_Zone,Winter,9.3,0,7222,Mumbai,19.08,72.88,17.1,0.83,14,1,0.6,Tropical_Monsoon,91.0,0.0,9.3,7.0,3.4,0,0.115,0.401,171.0,0.552,84.1,1,105.33,56.9,81.3,0,6.25,0,6693
2022-12-31,West_Zone,Winter,10.8,0,8433,Mumbai,19.08,72.88,17.1,0.83,14,1,0.6,Tropical_Monsoon,82.4,0.0,10.8,8.9,3.0,0,0.239,0.391,157.0,0.56,79.1,1,105.04,48.7,76.3,0,6.25,0,7826
2023-01-01,West_Zone,Winter,17.4,0,8619,Mumbai,19.08,72.88,17.1,0.83,14,1,0.6,Tropical_Monsoon,77.0,0.0,17.4,9.9,3.2,0,0.329,0.348,163.0,0.511,88.0,1,108.09,52.3,69.1,0,6.5,0,7976
2023-01-02,West_Zone,Winter,12.7,0,7806,Mumbai,19.08,72.88,17.1,0.83,14,1,0.6,Tropical_Monsoon,87.9,0.0,12.7,8.1,3.4,0,0.142,0.499,147.0,0.592,83.7,1,108.28,53.8,77.4,0,6.5,0,7203
2023-01-03,West_Zone,Winter,8.2,0,7329,Mumbai,19.08,72.88,17.1,0.83,14,1,0.6,Tropical_Monsoon,87.9,0.0,8.2,3.4,3.5,0,0.41,0.402,148.0,0.576,79.2,1,108.39,56.2,70.2,0,6.5,0,6757
2023-01-04,West_Zone,Winter,14.2,0,9321,Mumbai,19.08,72.88,17.1,0.83,14,1,0.6,Tropical_Monsoon,77.9,0.0,14.2,1.9,3.3,0,0.397,0.275,158.0,0.522,86.1,1,108.24,62.3,67.1,0,6.5,0,8602
2023-01-05,West_Zone,Winter,11.7,0,7430,Mumbai,19.08,72.88,17.1,0.83,14,1,0.6,Tropical_Monsoon,81.0,0.0,11.7,7.6,2.5,0,0.45,0.453,164.0,0.509,78.7,1,108.73,64.7,62.8,0,6.5,0,6766
2023-01-06,West_Zone,Winter,10.5,0,6816,Mumbai,19.08,72.88,17.1,0.83,14,1,0.6,Tropical_Monsoon,82.7,1.2,10.5,10.5,2.8,0,0.248,0.394,159.0,0.562,82.0,1,108.58,58.0,71.4,0,6.5,0,6267
2023-01-07,West_Zone,Winter,11.5,0,8660,Mumbai,19.08,72.88,17.1,0.83,14,1,0.6,Tropical_Monsoon,82.9,0.0,11.5,5.9,3.3,0,0.33,0.402,118.0,0.615,82.3,1,108.06,58.4,63.6,0,6.5,0,8147
2023-01-08,West_Zone,Winter,12.9,0,8325,Mumbai,19.08,72.88,17.1,0.83,14,1,0.6,Tropical_Monsoon,73.5,0.0,12.9,1.4,3.8,0,0.182,0.406,155.0,0.575,80.8,1,107.11,49.8,79.2,0,6.5,0,7678
2023-01-09,West_Zone,Winter,13.9,0,7448,Mumbai,19.08,72.88,17.1,0.83,14,1,0.6,Tropical_Monsoon,71.9,0.0,13.9,12.3,2.6,0,0.295,0.4,138.0,0.56,81.6,1,108.28,54.6,64.1,0,6.5,0,6906
2023-01-10,West_Zone,Winter,14.5,0,9103,Mumbai,19.08,72.88,17.1,0.83,14,1,0.6,Tropical_Monsoon,74.9,0.0,14.5,7.5,3.6,0,0.34,0.584,140.0,0.595,82.2,1,109.09,54.4,70.1,0,6.5,0,8584
2023-01-11,West_Zone,Winter,11.4,0,8491,Mumbai,19.08,72.88,17.1,0.83,14,1,0.6,Tropical_Monsoon,76.3,0.0,11.4,6.5,3.5,0,0.236,0.52,158.0,0.607,78.8,1,109.05,54.1,70.3,0,6.5,0,8077
2023-01-12,West_Zone,Winter,12.5,0,7726,Mumbai,19.08,72.88,17.1,0.83,14,1,0.6,Tropical_Monsoon,77.3,0.0,12.5,2.5,3.1,0,0.334,0.462,181.0,0.582,82.8,1,109.72,59.2,72.9,0,6.5,0,7221
2023-01-13,West_Zone,Winter,16.6,0,8617,Mumbai,19.08,72.88,17.1,0.83,14,1,0.6,Tropical_Monsoon,81.2,0.0,16.6,6.0,3.2,0,0.317,0.434,146.0,0.59,82.0,1,109.86,55.1,67.7,0,6.5,0,7929
2023-01-14,West_Zone,Winter,15.1,0,8526,Mumbai,19.08,72.88,17.1,0.83,14,1,0.6,Tropical_Monsoon,78.1,0.0,15.1,8.1,3.1,0,0.255,0.488,186.0,0.549,87.8,1,109.18,49.1,77.7,0,6.5,0,7903
2023-01-15,West_Zone,Winter,15.4,0,6942,Mumbai,19.08,72.88,17.1,0.83,14,1,0.6,Tropical_Monsoon,79.7,0.0,15.4,7.5,3.6,0,0.44,0.435,130.0,0.572,86.5,1,108.7,59.9,72.8,0,6.5,0,6626
2023-01-16,West_Zone,Winter,9.5,0,7870,Mumbai,19.08,72.88,17.1,0.83,14,1,0.6,Tropical_Monsoon,76.2,0.0,9.5,4.0,3.9,0,0.277,0.469,172.0,0.563,79.8,1,108.89,61.4,71.9,0,6.5,0,7275
2023-01-17,West_Zone,Winter,18.1,0,8799,Mumbai,19.08,72.88,17.1,0.83,14,1,0.6,Tropical_Monsoon,74.8,0.0,18.1,5.8,4.4,0,0.313,0.453,158.0,0.584,81.6,1,108.0,57.4,68.7,0,6.5,0,8108
2023-01-18,West_Zone,Winter,14.3,0,8802,Mumbai,19.08,72.88,17.1,0.83,14,1,0.6,Tropical_Monsoon,82.4,0.0,14.3,4.2,2.8,0,0.153,0.428,154.0,0.509,79.9,1,109.41,56.1,74.7,0,6.5,0,8098
2023-01-19,West_Zone,Winter,17.1,0,7647,Mumbai,19.08,72.88,17.1,0.83,14,1,0.6,Tropical_Monsoon,80.7,0.0,17.1,11.0,3.5,0,0.352,0.476,175.0,0.567,81.2,1,109.97,53.4,79.0,0,6.5,0,7155
2023-01-20,West_Zone,Winter,12.3,0,7819,Mumbai,19.08,72.88,17.1,0.83,14,1,0.6,Tropical_Monsoon,77.0,0.0,12.3,8.7,2.0,0,0.252,0.395,139.0,0.575,84.6,1,109.72,53.5,85.5,0,6.5,0,7307
2023-01-21,West_Zone,Winter,17.1,0,11276,Mumbai,19.08,72.88,17.1,0.83,14,1,0.6,Tropical_Monsoon,78.5,0.0,17.1,4.4,3.7,0,0.396,0.424,173.0,0.587,81.7,1,109.26,61.0,67.3,0,6.5,0,10567
2023-01-22,West_Zone,Winter,14.3,0,7453,Mumbai,19.08,72.88,17.1,0.83,14,1,0.6,Tropical_Monsoon,90.4,0.0,14.3,2.5,3.8,0,0.169,0.361,146.0,0.549,80.5,1,108.5,53.4,71.3,0,6.5,0,6892
2023-01-23,West_Zone,Winter,16.2,0,10108,Mumbai,19.08,72.88,17.1,0.83,14,1,0.6,Tropical_Monsoon,78.2,0.0,16.2,6.8,4.5,0,0.343,0.368,138.0,0.487,83.8,1,108.42,64.4,62.5,0,6.5,0,9122
2023-01-24,West_Zone,Winter,15.3,0,8105,Mumbai,19.08,72.88,17.1,0.83,14,1,0.6,Tropical_Monsoon,75.4,2.2,15.3,4.5,2.4,0,0.082,0.268,126.0,0.546,76.2,1,108.64,60.3,75.4,0,6.5,0,7546
2023-01-25,West_Zone,Winter,17.9,0,9999,Mumbai,19.08,72.88,17.1,0.83,14,1,0.6,Tropical_Monsoon,76.4,0.0,17.9,4.7,3.0,0,0.362,0.447,179.0,0.619,80.8,1,108.1,57.6,65.2,0,6.5,0,9347
2023-01-26,West_Zone,Winter,11.9,0,8285,Mumbai,19.08,72.88,17.1,0.83,14,1,0.6,Tropical_Monsoon,81.3,0.0,11.9,2.6,3.4,0,0.283,0.464,171.0,0.551,86.1,1,109.14,67.5,73.4,0,6.5,0,7873
2023-01-27,West_Zone,Winter,18.0,0,10443,Mumbai,19.08,72.88,17.1,0.83,14,1,0.6,Tropical_Monsoon,76.4,0.0,18.0,3.0,2.7,0,0.34,0.485,141.0,0.568,86.3,1,106.1,60.5,78.2,0,6.5,0,9801
2023-01-28,West_Zone,Winter,14.8,0,8413,Mumbai,19.08,72.88,17.1,0.83,14,1,0.6,Tropical_Monsoon,79.0,0.0,14.8,6.5,3.6,0,0.24,0.354,160.0,0.573,85.9,1,108.39,54.6,69.9,0,6.5,0,7763
2023-01-29,West_Zone,Winter,18.7,0,8702,Mumbai,19.08,72.88,17.1,0.83,14,1,0.6,Tropical_Monsoon,69.6,0.0,18.7,5.2,4.1,0,0.205,0.446,152.0,0.596,78.3,1,109.03,52.5,67.3,0,6.5,0,8078
2023-01-30,West_Zone,Winter,16.3,0,7982,Mumbai,19.08,72.88,17.1,0.83,14,1,0.6,Tropical_Monsoon,73.4,0.0,16.3,13.5,2.8,0,0.257,0.42,144.0,0.598,78.3,1,111.49,55.9,78.6,0,6.5,0,7532
2023-01-31,West_Zone,Winter,18.2,0,9342,Mumbai,19.08,72.88,17.1,0.83,14,1,0.6,Tropical_Monsoon,76.3,0.0,18.2,7.8,3.7,0,0.319,0.464,167.0,0.606,80.5,1,109.02,56.2,75.6,0,6.5,0,8823
2023-02-01,West_Zone,Winter,18.8,0,10094,Mumbai,19.08,72.88,17.1,0.83,14,1,0.6,Tropical_Monsoon,75.9,0.0,18.8,2.5,3.0,0,0.358,0.381,139.0,0.509,82.0,1,109.09,53.6,66.4,0,6.5,0,9259
2023-02-02,West_Zone,Winter,11.3,0,8972,Mumbai,19.08,72.88,17.1,0.83,14,1,0.6,Tropical_Monsoon,78.4,0.0,11.3,1.4,4.1,0,0.33,0.4,111.0,0.546,79.8,1,108.24,51.8,72.7,0,6.5,0,8252
2023-02-03,West_Zone,Winter,19.7,0,10619,Mumbai,19.08,72.88,17.1,0.83,14,1,0.6,Tropical_Monsoon,75.3,1.6,19.7,7.2,3.9,0,0.206,0.327,155.0,0.561,77.0,1,110.82,58.3,67.7,0,6.5,0,9898
2023-02-04,West_Zone,Winter,12.7,0,7933,Mumbai,19.08,72.88,17.1,0.83,14,1,0.6,Tropical_Monsoon,80.7,0.0,12.7,4.8,3.0,0,0.484,0.377,151.0,0.552,84.8,1,108.32,59.9,77.3,0,6.5,0,7415
2023-02-05,West_Zone,Winter,15.4,0,8296,Mumbai,19.08,72.88,17.1,0.83,14,1,0.6,Tropical_Monsoon,83.2,0.0,15.4,10.0,2.8,0,0.333,0.42,139.0,0.576,84.3,1,111.19,64.9,72.6,0,6.5,0,7753
2023-02-06,West_Zone,Winter,20.1,0,10134,Mumbai,19.08,72.88,17.1,0.83,14,1,0.6,Tropical_Monsoon,75.4,0.0,20.1,6.8,4.0,0,0.238,0.43,134.0,0.564,80.2,1,108.45,56.7,79.6,0,6.5,0,9569
2023-02-07,West_Zone,Winter,6.9,0,6993,Mumbai,19.08,72.88,17.1,0.83,14,1,0.6,Tropical_Monsoon,85.9,0.0,6.9,1.0,3.9,0,0.342,0.319,122.0,0.527,84.1,1,110.16,59.5,67.3,0,6.5,0,6412
2023-02-08,West_Zone,Winter,14.0,0,8428,Mumbai,19.08,72.88,17.1,0.83,14,1,0.6,Tropical_Monsoon,76.9,4.1,14.0,2.9,3.0,0,0.326,0.389,143.0,0.55,84.8,1,109.19,49.3,73.1,0,6.5,0,7817
2023-02-09,West_Zone,Winter,13.9,0,9119,Mumbai,19.08,72.88,17.1,0.83,14,1,0.6,Tropical_Monsoon,82.5,0.0,13.9,4.0,3.2,0,0.282,0.43,134.0,0.534,74.9,1,108.71,59.9,71.9,0,6.5,0,8527
2023-02-10,West_Zone,Winter,18.4,0,9816,Mumbai,19.08,72.88,17.1,0.83,14,1,0.6,Tropical_Monsoon,78.8,0.0,18.4,7.3,3.2,0,0.271,0.504,167.0,0.564,83.9,1,110.31,53.1,73.3,0,6.5,0,9308
2023-02-11,West_Zone,Winter,14.0,0,8462,Mumbai,19.08,72.88,17.1,0.83,14,1,0.6,Tropical_Monsoon,83.9,0.0,14.0,2.8,4.4,0,0.398,0.369,159.0,0.55,81.8,1,110.65,58.5,69.2,0,6.5,0,7907
2023-02-12,West_Zone,Winter,15.1,0,8122,Mumbai,19.08,72.88,17.1,0.83,14,1,0.6,Tropical_Monsoon,82.5,0.0,15.1,6.5,2.4,0,0.473,0.449,141.0,0.571,74.5,1,109.16,56.5,60.7,0,6.5,0,7418
2023-02-13,West_Zone,Winter,16.7,0,9552,Mumbai,19.08,72.88,17.1,0.83,14,1,0.6,Tropical_Monsoon,80.9,0.0,16.7,2.0,4.4,0,0.096,0.386,159.0,0.574,85.1,1,109.35,55.8,75.4,0,6.5,0,8950
2023-02-14,West_Zone,Winter,19.6,0,10909,Mumbai,19.08,72.88,17.1,0.83,14,1,0.6,Tropical_Monsoon,75.7,0.0,19.6,6.0,3.5,0,0.423,0.393,148.0,0.55,82.2,1,108.99,50.7,72.3,0,6.5,0,10116
2023-02-15,West_Zone,Winter,12.9,0,8891,Mumbai,19.08,72.88,17.1,0.83,14,1,0.6,Tropical_Monsoon,81.5,0.0,12.9,7.1,3.4,0,0.302,0.367,145.0,0.602,77.2,1,109.65,53.8,67.8,0,6.5,0,8305
2023-02-16,West_Zone,Winter,12.1,0,8593,Mumbai,19.08,72.88,17.1,0.83,14,1,0.6,Tropical_Monsoon,86.1,0.0,12.1,10.4,3.2,0,0.324,0.357,149.0,0.586,83.2,1,108.35,52.5,69.5,0,6.5,0,8172
2023-02-17,West_Zone,Winter,13.5,0,7543,Mumbai,19.08,72.88,17.1,0.83,14,1,0.6,Tropical_Monsoon,76.6,0.0,13.5,6.7,3.6,0,0.435,0.392,182.0,0.543,82.5,1,106.78,53.3,66.2,0,6.5,0,6905
2023-02-18,West_Zone,Winter,15.8,0,6820,Mumbai,19.08,72.88,17.1,0.83,14,1,0.6,Tropical_Monsoon,75.4,0.0,15.8,3.5,3.1,0,0.035,0.483,162.0,0.587,83.6,1,107.62,60.8,62.7,0,6.5,0,6323
2023-02-19,West_Zone,Winter,9.7,0,7294,Mumbai,19.08,72.88,17.1,0.83,14,1,0.6,Tropical_Monsoon,83.1,0.0,9.7,10.5,3.9,0,0.381,0.375,145.0,0.59,76.2,1,109.3,55.3,77.2,0,6.5,0,6756
2023-02-20,West_Zone,Winter,15.2,0,8516,Mumbai,19.08,72.88,17.1,0.83,14,1,0.6,Tropical_Monsoon,81.0,0.0,15.2,5.5,4.2,0,0.428,0.365,166.0,0.532,81.1,1,108.47,53.7,74.9,0,6.5,0,7849
2023-02-21,West_Zone,Winter,10.3,0,6911,Mumbai,19.08,72.88,17.1,0.83,14,1,0.6,Tropical_Monsoon,77.7,0.0,10.3,8.3,2.7,0,0.231,0.433,165.0,0.546,79.1,1,109.44,59.4,65.2,0,6.5,0,6320
2023-02-22,West_Zone,Winter,16.2,0,9508,Mumbai,19.08,72.88,17.1,0.83,14,1,0.6,Tropical_Monsoon,77.9,0.0,16.2,4.2,4.0,0,0.161,0.42,155.0,0.604,81.5,1,109.07,57.9,84.6,0,6.5,0,8825
2023-02-23,West_Zone,Winter,15.0,0,9663,Mumbai,19.08,72.88,17.1,0.83,14,1,0.6,Tropical_Monsoon,78.5,0.0,15.0,6.3,3.3,0,0.464,0.416,144.0,0.585,76.9,1,108.9,64.7,66.4,0,6.5,0,8698
2023-02-24,West_Zone,Winter,16.2,0,8450,Mumbai,19.08,72.88,17.1,0.83,14,1,0.6,Tropical_Monsoon,67.2,0.0,16.2,3.6,3.6,0,0.124,0.435,143.0,0.601,78.6,1,108.97,60.6,75.6,0,6.5,0,7836
2023-02-25,West_Zone,Winter,14.2,0,7417,Mumbai,19.08,72.88,17.1,0.83,14,1,0.6,Tropical_Monsoon,78.4,0.0,14.2,7.0,4.4,0,0.342,0.359,131.0,0.559,86.6,1,110.61,49.3,72.0,0,6.5,0,6817
2023-02-26,West_Zone,Winter,14.7,0,9558,Mumbai,19.08,72.88,17.1,0.83,14,1,0.6,Tropical_Monsoon,78.4,0.0,14.7,8.4,3.1,0,0.402,0.366,153.0,0.544,85.5,1,109.9,60.2,65.7,0,6.5,0,8795
2023-02-27,West_Zone,Winter,17.1,0,10385,Mumbai,19.08,72.88,17.1,0.83,14,1,0.6,Tropical_Monsoon,76.9,0.0,17.1,4.5,4.2,0,0.34,0.479,139.0,0.539,84.9,1,111.25,60.2,73.7,0,6.5,0,9625
2023-02-28,West_Zone,Winter,14.1,0,9599,Mumbai,19.08,72.88,17.1,0.83,14,1,0.6,Tropical_Monsoon,86.6,0.0,14.1,4.3,3.7,0,0.356,0.411,142.0,0.567,86.4,1,109.8,63.6,71.1,0,6.5,0,9063
2023-03-01,West_Zone,Summer,34.2,0,14733,Mumbai,19.08,72.88,17.1,0.83,14,1,0.6,Tropical_Monsoon,37.4,0.0,35.1,7.1,9.3,0,0.273,0.656,106.0,0.661,76.4,1,107.81,55.3,41.8,0,6.5,0,13737
2023-03-02,West_Zone,Summer,23.0,0,9888,Mumbai,19.08,72.88,17.1,0.83,14,1,0.6,Tropical_Monsoon,46.1,0.0,23.0,3.5,9.1,0,0.346,0.693,125.0,0.671,81.8,1,108.69,60.9,51.6,0,6.5,0,9408
2023-03-03,West_Zone,Summer,35.9,0,14999,Mumbai,19.08,72.88,17.1,0.83,14,1,0.6,Tropical_Monsoon,29.4,1.0,35.9,1.4,9.7,0,0.229,0.671,102.0,0.66,82.7,1,109.87,55.5,48.1,0,6.5,0,14270
2023-03-04,West_Zone,Summer,37.0,0,14225,Mumbai,19.08,72.88,17.1,0.83,14,1,0.6,Tropical_Monsoon,39.4,0.0,41.0,7.1,8.9,0,0.242,0.538,93.0,0.618,80.8,1,110.01,58.2,48.6,0,6.5,0,13449
2023-03-05,West_Zone,Summer,43.6,0,15517,Mumbai,19.08,72.88,17.1,0.83,14,1,0.6,Tropical_Monsoon,35.9,0.0,55.1,5.7,9.6,0,0.304,0.613,95.0,0.68,76.4,1,109.2,52.5,43.9,0,6.5,0,14681
2023-03-06,West_Zone,Summer,29.5,0,12545,Mumbai,19.08,72.88,17.1,0.83,14,1,0.6,Tropical_Monsoon,43.8,0.0,29.5,5.6,8.6,0,0.146,0.682,115.0,0.584,84.7,1,109.0,51.1,46.8,0,6.5,0,11483
2023-03-07,West_Zone,Summer,36.0,0,12569,Mumbai,19.08,72.88,17.1,0.83,14,1,0.6,Tropical_Monsoon,47.9,0.0,42.2,7.6,9.4,0,0.358,0.651,102.0,0.63,83.9,1,109.21,60.2,44.9,0,6.5,1,11838
2023-03-08,West_Zone,Summer,36.5,0,13797,Mumbai,19.08,72.88,17.1,0.83,14,1,0.6,Tropical_Monsoon,46.4,3.2,42.8,8.0,10.4,0,0.052,0.631,98.0,0.59,80.1,1,109.68,56.9,47.5,0,6.5,0,12851
2023-03-09,West_Zone,Summer,33.9,0,12245,Mumbai,19.08,72.88,17.1,0.83,14,1,0.6,Tropical_Monsoon,44.0,0.0,36.3,5.5,9.8,0,0.336,0.522,100.0,0.637,84.5,1,109.79,51.8,40.1,0,6.5,0,11502
2023-03-10,West_Zone,Summer,33.8,0,14677,Mumbai,19.08,72.88,17.1,0.83,14,1,0.6,Tropical_Monsoon,41.9,0.0,35.6,2.6,8.6,0,0.346,0.583,69.0,0.589,82.4,1,108.76,59.8,33.1,0,6.5,1,13395
2023-03-11,West_Zone,Summer,31.5,0,13085,Mumbai,19.08,72.88,17.1,0.83,14,1,0.6,Tropical_Monsoon,50.2,0.0,33.5,4.1,9.2,0,0.221,0.624,102.0,0.646,83.9,1,110.11,46.1,51.8,0,6.5,0,12465
2023-03-12,West_Zone,Summer,26.9,0,10721,Mumbai,19.08,72.88,17.1,0.83,14,1,0.6,Tropical_Monsoon,47.8,0.0,27.2,7.8,9.2,0,0.177,0.534,79.0,0.58,79.3,1,110.12,53.8,44.9,0,6.5,0,9870
2023-03-13,West_Zone,Summer,27.6,0,12972,Mumbai,19.08,72.88,17.1,0.83,14,1,0.6,Tropical_Monsoon,43.3,0.0,27.5,6.4,9.6,0,0.259,0.668,102.0,0.64,82.7,1,109.78,50.3,47.9,0,6.5,1,12153
2023-03-14,West_Zone,Summer,36.6,0,12989,Mumbai,19.08,72.88,17.1,0.83,14,1,0.6,Tropical_Monsoon,33.5,0.0,38.1,4.4,9.2,0,0.364,0.613,82.0,0.61,82.7,1,109.21,61.5,41.6,0,6.5,0,12110
2023-03-15,West_Zone,Summer,29.8,0,12507,Mumbai,19.08,72.88,17.1,0.83,14,1,0.6,Tropical_Monsoon,43.9,0.0,29.9,3.6,8.5,0,0.335,0.501,106.0,0.585,81.3,1,110.58,55.5,43.9,0,6.5,0,11425
2023-03-16,West_Zone,Summer,33.2,0,13823,Mumbai,19.08,72.88,17.1,0.83,14,1,0.6,Tropical_Monsoon,47.9,0.0,36.1,7.9,9.4,0,0.189,0.586,92.0,0.617,74.0,1,111.25,57.8,52.6,0,6.5,1,13009
2023-03-17,West_Zone,Summer,31.8,0,13090,Mumbai,19.08,72.88,17.1,0.83,14,1,0.6,Tropical_Monsoon,56.3,0.0,35.6,5.3,9.7,0,0.311,0.603,74.0,0.638,82.5,1,109.48,58.0,46.8,0,6.5,0,11895
2023-03-18,West_Zone,Summer,38.7,0,15217,Mumbai,19.08,72.88,17.1,0.83,14,1,0.6,Tropical_Monsoon,41.1,0.0,45.6,8.3,9.8,0,0.326,0.612,90.0,0.61,82.7,1,109.31,60.0,56.0,0,6.5,1,14314
2023-03-19,West_Zone,Summer,30.1,0,14281,Mumbai,19.08,72.88,17.1,0.83,14,1,0.6,Tropical_Monsoon,42.1,0.0,30.1,8.6,8.7,0,0.322,0.705,135.0,0.663,79.2,1,110.41,59.9,49.5,0,6.5,1,13190
2023-03-20,West_Zone,Summer,35.0,0,14229,Mumbai,19.08,72.88,17.1,0.83,14,1,0.6,Tropical_Monsoon,37.1,0.0,36.4,5.1,10.6,0,0.201,0.655,54.0,0.655,83.7,1,108.79,59.7,41.7,0,6.5,1,13341
2023-03-21,West_Zone,Summer,39.4,0,16731,Mumbai,19.08,72.88,17.1,0.83,14,1,0.6,Tropical_Monsoon,43.1,0.0,48.5,8.8,9.7,0,0.316,0.538,98.0,0.582,82.7,1,108.69,55.4,47.2,0,6.5,0,14662
2023-03-22,West_Zone,Summer,35.2,0,12513,Mumbai,19.08,72.88,17.1,0.83,14,1,0.6,Tropical_Monsoon,34.1,0.9,35.9,6.4,9.6,0,0.392,0.531,77.0,0.649,83.2,1,109.32,60.1,53.4,0,6.5,0,11342
2023-03-23,West_Zone,Summer,36.5,0,14084,Mumbai,19.08,72.88,17.1,0.83,14,1,0.6,Tropical_Monsoon,44.9,0.0,42.1,6.8,9.2,0,0.354,0.604,120.0,0.633,80.9,1,110.28,54.5,46.1,0,6.5,0,13108
2023-03-24,West_Zone,Summer,30.6,0,12545,Mumbai,19.08,72.88,17.1,0.83,14,1,0.6,Tropical_Monsoon,49.7,0.0,31.9,1.0,9.9,0,0.341,0.628,110.0,0.604,76.9,1,109.1,55.0,48.2,0,6.5,1,11655
2023-03-25,West_Zone,Summer,36.5,0,15287,Mumbai,19.08,72.88,17.1,0.83,14,1,0.6,Tropical_Monsoon,44.3,0.0,41.9,3.1,9.9,0,0.464,0.68,98.0,0.648,76.9,1,109.97,50.8,52.1,0,6.5,1,14314
2023-03-26,West_Zone,Summer,35.9,0,13074,Mumbai,19.08,72.88,17.1,0.83,14,1,0.6,Tropical_Monsoon,41.4,0.0,39.4,3.2,9.7,0,0.317,0.724,112.0,0.672,84.1,1,107.98,62.9,33.3,0,6.5,1,12265
2023-03-27,West_Zone,Summer,33.4,0,12746,Mumbai,19.08,72.88,17.1,0.83,14,1,0.6,Tropical_Monsoon,46.8,0.0,36.2,5.0,8.7,0,0.216,0.727,99.0,0.659,78.7,1,110.61,53.3,48.5,0,6.5,1,12173
2023-03-28,West_Zone,Summer,33.9,0,13202,Mumbai,19.08,72.88,17.1,0.83,14,1,0.6,Tropical_Monsoon,44.5,0.0,36.5,6.3,10.1,0,0.216,0.593,95.0,0.614,79.6,1,111.44,63.2,51.7,0,6.5,0,12786
2023-03-29,West_Zone,Summer,33.4,0,13319,Mumbai,19.08,72.88,17.1,0.83,14,1,0.6,Tropical_Monsoon,40.1,0.0,34.4,6.5,9.9,0,0.318,0.676,84.0,0.525,84.5,1,109.09,58.8,41.2,0,6.5,0,12219
2023-03-30,West_Zone,Summer,28.7,0,11697,Mumbai,19.08,72.88,17.1,0.83,14,1,0.6,Tropical_Monsoon,56.0,0.0,30.0,6.9,9.8,0,0.156,0.646,89.0,0.592,75.6,1,110.44,58.0,50.2,0,6.5,0,11059
2023-03-31,West_Zone,Summer,31.1,0,14210,Mumbai,19.08,72.88,17.1,0.83,14,1,0.6,Tropical_Monsoon,43.6,0.0,31.6,3.9,9.3,0,0.269,0.555,87.0,0.619,77.2,1,109.79,58.4,45.0,0,6.5,1,12970
2023-04-01,West_Zone,Summer,37.5,0,15821,Mumbai,19.08,72.88,17.1,0.83,14,1,0.6,Tropical_Monsoon,45.4,0.0,44.8,8.1,9.6,0,0.346,0.507,95.0,0.557,84.4,1,110.11,52.8,36.5,0,6.5,1,14264
2023-04-02,West_Zone,Summer,37.6,0,15276,Mumbai,19.08,72.88,17.1,0.83,14,1,0.6,Tropical_Monsoon,29.3,0.7,38.6,11.4,9.5,0,0.417,0.629,61.0,0.633,82.3,1,109.75,63.3,49.0,0,6.5,0,14074
2023-04-03,West_Zone,Summer,36.4,0,13548,Mumbai,19.08,72.88,17.1,0.83,14,1,0.6,Tropical_Monsoon,48.5,0.0,43.5,4.9,10.9,0,0.146,0.53,114.0,0.619,76.0,1,109.7,55.4,45.0,0,6.5,0,12481
2023-04-04,West_Zone,Summer,37.6,0,14333,Mumbai,19.08,72.88,17.1,0.83,14,1,0.6,Tropical_Monsoon,48.8,2.0,46.8,4.0,9.3,0,0.31,0.569,130.0,0.599,80.7,1,109.16,60.7,44.6,0,6.5,1,13254
2023-04-05,West_Zone,Summer,36.5,0,13370,Mumbai,19.08,72.88,17.1,0.83,14,1,0.6,Tropical_Monsoon,42.2,0.0,41.0,3.9,8.9,0,0.293,0.579,87.0,0.552,82.5,1,108.9,54.4,48.2,0,6.5,0,12484
2023-04-06,West_Zone,Summer,36.9,0,14120,Mumbai,19.08,72.88,17.1,0.83,14,1,0.6,Tropical_Monsoon,44.7,0.1,43.0,6.3,9.4,0,0.304,0.633,116.0,0.596,78.7,1,111.09,51.7,40.3,0,6.5,0,13119
2023-04-07,West_Zone,Summer,35.9,0,13913,Mumbai,19.08,72.88,17.1,0.83,14,1,0.6,Tropical_Monsoon,45.3,0.0,40.9,4.4,9.2,0,0.314,0.697,93.0,0.655,77.7,1,108.31,64.3,48.9,0,6.5,0,13296
2023-04-08,West_Zone,Summer,33.9,0,13860,Mumbai,19.08,72.88,17.1,0.83,14,1,0.6,Tropical_Monsoon,40.4,0.0,35.4,1.0,10.2,0,0.297,0.621,84.0,0.653,76.9,1,109.97,54.6,40.4,0,6.5,0,13129
2023-04-09,West_Zone,Summer,33.4,0,12072,Mumbai,19.08,72.88,17.1,0.83,14,1,0.6,Tropical_Monsoon,46.7,0.0,36.1,1.6,8.6,0,0.439,0.588,88.0,0.545,84.5,1,109.92,58.8,52.6,0,6.5,1,11158
2023-04-10,West_Zone,Summer,27.5,0,12023,Mumbai,19.08,72.88,17.1,0.83,14,1,0.6,Tropical_Monsoon,43.5,0.0,27.5,9.1,8.8,0,0.424,0.496,97.0,0.586,85.1,1,109.93,44.9,50.7,0,6.5,0,11066
2023-04-11,West_Zone,Summer,33.2,0,11919,Mumbai,19.08,72.88,17.1,0.83,14,1,0.6,Tropical_Monsoon,41.0,0.0,34.3,9.8,9.5,0,0.514,0.648,82.0,0.578,84.3,1,110.64,57.0,52.7,0,6.5,0,10852
2023-04-12,West_Zone,Summer,35.4,0,13781,Mumbai,19.08,72.88,17.1,0.83,14,1,0.6,Tropical_Monsoon,48.4,0.0,41.0,10.8,10.3,0,0.299,0.622,106.0,0.618,85.7,1,109.6,59.3,47.3,0,6.5,0,12702
2023-04-13,West_Zone,Summer,33.0,0,13447,Mumbai,19.08,72.88,17.1,0.83,14,1,0.6,Tropical_Monsoon,49.1,0.0,36.0,6.7,9.8,0,0.259,0.587,86.0,0.602,85.8,1,110.61,57.8,42.9,0,6.5,1,12270
2023-04-14,West_Zone,Summer,40.3,0,16092,Mumbai,19.08,72.88,17.1,0.83,14,1,0.6,Tropical_Monsoon,36.3,0.0,46.9,3.0,10.7,0,0.203,0.69,76.0,0.703,77.5,1,111.94,57.4,41.4,0,6.5,1,14972
2023-04-15,West_Zone,Summer,35.6,0,13825,Mumbai,19.08,72.88,17.1,0.83,14,1,0.6,Tropical_Monsoon,39.0,0.0,38.0,4.7,9.7,0,0.248,0.549,95.0,0.581,85.0,1,109.79,56.1,41.1,0,6.5,0,12595
2023-04-16,West_Zone,Summer,35.6,0,14154,Mumbai,19.08,72.88,17.1,0.83,14,1,0.6,Tropical_Monsoon,39.4,0.0,38.2,1.5,9.4,0,0.371,0.579,83.0,0.636,82.3,1,107.9,59.6,44.1,0,6.5,1,13184
2023-04-17,West_Zone,Summer,33.9,0,13621,Mumbai,19.08,72.88,17.1,0.83,14,1,0.6,Tropical_Monsoon,47.3,0.0,37.3,1.4,10.0,0,0.387,0.605,89.0,0.642,87.7,1,109.78,51.7,41.6,0,6.5,0,12681
2023-04-18,West_Zone,Summer,28.7,0,12241,Mumbai,19.08,72.88,17.1,0.83,14,1,0.6,Tropical_Monsoon,41.8,0.0,28.5,6.8,8.4,0,0.368,0.586,94.0,0.601,92.2,1,109.68,55.9,46.6,0,6.5,0,11491
2023-04-19,West_Zone,Summer,36.9,0,13834,Mumbai,19.08,72.88,17.1,0.83,14,1,0.6,Tropical_Monsoon,43.6,0.0,42.5,7.6,8.6,0,0.234,0.653,71.0,0.627,81.4,1,110.31,62.9,41.0,0,6.5,1,12915
2023-04-20,West_Zone,Summer,34.6,0,12765,Mumbai,19.08,72.88,17.1,0.83,14,1,0.6,Tropical_Monsoon,47.0,0.0,38.7,11.9,10.1,0,0.234,0.648,121.0,0.622,81.1,1,107.9,50.2,41.9,0,6.5,1,11700
2023-04-21,West_Zone,Summer,30.0,0,12668,Mumbai,19.08,72.88,17.1,0.83,14,1,0.6,Tropical_Monsoon,45.6,0.0,30.4,5.8,9.4,0,0.496,0.683,110.0,0.608,80.8,1,110.21,56.7,43.1,0,6.5,0,11905
2023-04-22,West_Zone,Summer,32.1,0,11598,Mumbai,19.08,72.88,17.1,0.83,14,1,0.6,Tropical_Monsoon,49.8,0.0,34.5,1.9,9.9,0,0.217,0.65,84.0,0.598,82.2,1,109.45,52.4,41.1,0,6.5,0,10494
2023-04-23,West_Zone,Summer,30.6,0,11865,Mumbai,19.08,72.88,17.1,0.83,14,1,0.6,Tropical_Monsoon,44.1,0.0,31.0,5.6,8.8,0,0.442,0.613,95.0,0.601,82.7,1,110.66,58.5,43.3,0,6.5,0,11141
2023-04-24,West_Zone,Summer,38.1,0,14667,Mumbai,19.08,72.88,17.1,0.83,14,1,0.6,Tropical_Monsoon,40.1,0.0,43.7,5.2,10.4,0,0.34,0.6,106.0,0.576,89.9,1,109.33,56.9,47.9,0,6.5,0,13390
2023-04-25,West_Zone,Summer,31.5,0,12408,Mumbai,19.08,72.88,17.1,0.83,14,1,0.6,Tropical_Monsoon,40.2,0.0,31.6,4.5,9.7,0,0.227,0.647,99.0,0.607,82.4,1,110.7,53.5,40.6,0,6.5,0,11094
2023-04-26,West_Zone,Summer,40.2,0,15810,Mumbai,19.08,72.88,17.1,0.83,14,1,0.6,Tropical_Monsoon,45.0,0.0,51.9,7.0,9.7,0,0.182,0.609,129.0,0.606,80.7,1,108.31,56.4,39.0,0,6.5,1,14653
2023-04-27,West_Zone,Summer,30.5,0,13562,Mumbai,19.08,72.88,17.1,0.83,14,1,0.6,Tropical_Monsoon,41.9,0.0,30.5,2.4,9.4,0,0.231,0.623,91.0,0.621,82.0,1,109.82,57.2,44.1,0,6.5,1,12521
2023-04-28,West_Zone,Summer,34.7,0,14309,Mumbai,19.08,72.88,17.1,0.83,14,1,0.6,Tropical_Monsoon,44.9,0.0,38.2,6.4,9.7,0,0.342,0.651,116.0,0.636,79.5,1,108.82,54.1,39.3,0,6.5,0,13481
2023-04-29,West_Zone,Summer,34.3,0,14535,Mumbai,19.08,72.88,17.1,0.83,14,1,0.6,Tropical_Monsoon,43.1,0.0,36.8,8.0,9.0,0,0.209,0.628,71.0,0.611,77.0,1,109.29,55.0,51.7,0,6.5,1,13738
2023-04-30,West_Zone,Summer,30.4,0,12386,Mumbai,19.08,72.88,17.1,0.83,14,1,0.6,Tropical_Monsoon,40.5,0.0,30.2,10.3,9.0,0,0.455,0.639,74.0,0.597,81.6,1,112.48,55.4,41.5,0,6.5,1,11319
2023-05-01,West_Zone,Summer,39.9,0,13052,Mumbai,19.08,72.88,17.1,0.83,14,1,0.6,Tropical_Monsoon,37.0,0.0,46.4,6.9,9.9,0,0.279,0.573,125.0,0.616,89.0,1,108.79,47.4,45.2,1,6.5,1,12948
2023-05-02,West_Zone,Summer,34.8,0,13389,Mumbai,19.08,72.88,17.1,0.83,14,1,0.6,Tropical_Monsoon,50.0,0.0,40.2,9.1,9.2,0,0.37,0.701,87.0,0.659,84.7,1,109.35,60.4,47.3,1,6.5,0,12811
2023-05-03,West_Zone,Summer,37.7,0,15290,Mumbai,19.08,72.88,17.1,0.83,14,1,0.6,Tropical_Monsoon,42.4,0.0,43.8,4.7,8.8,0,0.362,0.554,74.0,0.584,80.6,1,108.56,61.2,38.7,1,6.5,0,14777
2023-05-04,West_Zone,Summer,37.9,0,14673,Mumbai,19.08,72.88,17.1,0.83,14,1,0.6,Tropical_Monsoon,36.2,0.0,41.6,5.1,9.8,0,0.462,0.646,94.0,0.592,83.1,1,109.38,49.8,40.8,1,6.5,0,14518
2023-05-05,West_Zone,Summer,35.2,0,13516,Mumbai,19.08,72.88,17.1,0.83,14,1,0.6,Tropical_Monsoon,44.4,0.0,39.0,10.0,10.0,0,0.256,0.591,118.0,0.594,89.5,1,109.52,61.6,41.8,1,6.5,0,12868
2023-05-06,West_Zone,Summer,35.8,0,15127,Mumbai,19.08,72.88,17.1,0.83,14,1,0.6,Tropical_Monsoon,41.8,0.0,39.4,1.9,10.2,0,0.311,0.685,81.0,0.626,82.6,1,108.92,58.2,48.9,1,6.5,1,15303
2023-05-07,West_Zone,Summer,31.7,0,12597,Mumbai,19.08,72.88,17.1,0.83,14,1,0.6,Tropical_Monsoon,62.3,0.0,37.0,4.8,9.7,0,0.16,0.673,94.0,0.663,79.3,1,111.21,53.1,54.2,1,6.5,1,12523
2023-05-08,West_Zone,Summer,34.7,0,14475,Mumbai,19.08,72.88,17.1,0.83,14,1,0.6,Tropical_Monsoon,44.6,0.0,38.1,9.4,10.0,0,0.31,0.62,62.0,0.636,82.2,1,110.77,56.5,54.3,1,6.5,1,14336
2023-05-09,West_Zone,Summer,35.9,0,14760,Mumbai,19.08,72.88,17.1,0.83,14,1,0.6,Tropical_Monsoon,40.6,0.0,39.1,5.4,10.1,0,0.414,0.713,87.0,0.638,83.9,1,108.65,53.6,51.4,1,6.5,0,14797
2023-05-10,West_Zone,Summer,39.1,0,15257,Mumbai,19.08,72.88,17.1,0.83,14,1,0.6,Tropical_Monsoon,47.6,0.0,50.4,5.1,9.8,0,0.322,0.609,113.0,0.669,83.2,1,110.39,60.8,38.8,1,6.5,0,14974
2023-05-11,West_Zone,Summer,30.7,0,14014,Mumbai,19.08,72.88,17.1,0.83,14,1,0.6,Tropical_Monsoon,36.4,0.0,30.1,5.2,8.0,0,0.531,0.673,81.0,0.627,86.4,1,109.07,53.0,40.6,1,6.5,1,13374
2023-05-12,West_Zone,Summer,40.6,0,15213,Mumbai,19.08,72.88,17.1,0.83,14,1,0.6,Tropical_Monsoon,40.1,0.0,49.9,6.4,10.5,0,0.352,0.576,72.0,0.646,82.3,1,108.3,64.8,51.9,1,6.5,1,14161
2023-05-13,West_Zone,Summer,29.5,0,11119,Mumbai,19.08,72.88,17.1,0.83,14,1,0.6,Tropical_Monsoon,56.3,0.0,31.3,9.3,8.7,0,0.246,0.644,81.0,0.658,75.0,1,108.79,61.2,52.6,1,6.5,0,10788
2023-05-14,West_Zone,Summer,36.0,0,13442,Mumbai,19.08,72.88,17.1,0.83,14,1,0.6,Tropical_Monsoon,41.8,1.2,39.8,8.8,8.9,0,0.346,0.564,84.0,0.636,83.4,1,108.23,51.4,49.0,1,6.5,1,12915
2023-05-15,West_Zone,Summer,28.1,0,10769,Mumbai,19.08,72.88,17.1,0.83,14,1,0.6,Tropical_Monsoon,38.5,0.0,27.6,6.0,8.5,0,0.154,0.621,109.0,0.625,83.2,1,110.4,63.7,49.0,1,6.5,0,10393
2023-05-16,West_Zone,Summer,33.1,0,13435,Mumbai,19.08,72.88,17.1,0.83,14,1,0.6,Tropical_Monsoon,42.2,3.3,34.4,9.3,10.9,0,0.22,0.617,102.0,0.618,83.0,1,108.56,59.3,42.9,1,6.5,0,12915
2023-05-17,West_Zone,Summer,40.6,0,15543,Mumbai,19.08,72.88,17.1,0.83,14,1,0.6,Tropical_Monsoon,46.9,0.0,54.5,7.0,10.0,0,0.178,0.673,105.0,0.628,79.5,1,110.7,56.7,53.6,1,6.5,0,14677
2023-05-18,West_Zone,Summer,33.5,0,13672,Mumbai,19.08,72.88,17.1,0.83,14,1,0.6,Tropical_Monsoon,45.8,0.0,36.1,8.6,8.8,0,0.302,0.58,96.0,0.631,88.0,1,109.53,59.5,41.3,1,6.5,1,13025
2023-05-19,West_Zone,Summer,36.2,0,14632,Mumbai,19.08,72.88,17.1,0.83,14,1,0.6,Tropical_Monsoon,38.1,0.6,38.9,2.9,9.1,0,0.294,0.804,84.0,0.637,78.7,1,108.96,60.3,36.9,1,6.5,0,14446
2023-05-20,West_Zone,Summer,34.8,0,14539,Mumbai,19.08,72.88,17.1,0.83,14,1,0.6,Tropical_Monsoon,39.7,0.0,36.8,11.2,9.5,0,0.421,0.537,81.0,0.586,79.1,1,108.83,53.5,49.0,1,6.5,0,14284
2023-05-21,West_Zone,Summer,38.3,0,14640,Mumbai,19.08,72.88,17.1,0.83,14,1,0.6,Tropical_Monsoon,38.2,0.0,43.3,6.7,10.0,0,0.29,0.634,103.0,0.669,81.3,1,111.06,60.8,42.1,1,6.5,0,14196
2023-05-22,West_Zone,Summer,34.5,0,14366,Mumbai,19.08,72.88,17.1,0.83,14,1,0.6,Tropical_Monsoon,45.1,0.0,37.8,1.0,9.6,0,0.2,0.637,124.0,0.638,86.0,1,109.29,55.0,38.5,1,6.5,0,14102
2023-05-23,West_Zone,Summer,32.1,0,11831,Mumbai,19.08,72.88,17.1,0.83,14,1,0.6,Tropical_Monsoon,51.4,1.0,34.9,11.0,8.8,0,0.456,0.652,78.0,0.652,86.1,1,108.75,59.8,49.4,1,6.5,1,11165
2023-05-24,West_Zone,Summer,29.0,0,11600,Mumbai,19.08,72.88,17.1,0.83,14,1,0.6,Tropical_Monsoon,51.9,0.0,29.9,6.0,9.4,0,0.006,0.589,77.0,0.571,83.9,1,110.08,56.5,35.9,1,6.5,1,11184
2023-05-25,West_Zone,Summer,37.6,0,14071,Mumbai,19.08,72.88,17.1,0.83,14,1,0.6,Tropical_Monsoon,43.7,0.0,44.2,4.8,9.3,0,0.304,0.635,75.0,0.606,84.7,1,109.79,52.9,47.3,1,6.5,0,13968
2023-05-26,West_Zone,Summer,35.8,0,13558,Mumbai,19.08,72.88,17.1,0.83,14,1,0.6,Tropical_Monsoon,35.9,0.0,37.4,4.2,10.2,0,0.322,0.586,110.0,0.617,78.1,1,108.19,58.8,42.8,1,6.5,1,13226
2023-05-27,West_Zone,Summer,33.1,0,12442,Mumbai,19.08,72.88,17.1,0.83,14,1,0.6,Tropical_Monsoon,37.5,0.0,33.4,7.3,9.4,0,0.299,0.732,94.0,0.642,76.9,1,109.15,55.1,53.0,1,6.5,0,12297
2023-05-28,West_Zone,Summer,34.6,0,13517,Mumbai,19.08,72.88,17.1,0.83,14,1,0.6,Tropical_Monsoon,45.9,0.0,38.3,3.3,9.0,0,0.35,0.582,105.0,0.569,80.9,1,107.31,56.5,47.3,1,6.5,1,12538
2023-05-29,West_Zone,Summer,36.7,0,14392,Mumbai,19.08,72.88,17.1,0.83,14,1,0.6,Tropical_Monsoon,35.3,0.0,38.9,4.3,10.0,0,0.311,0.611,86.0,0.636,84.7,1,109.06,58.3,50.4,1,6.5,0,14487
2023-05-30,West_Zone,Summer,34.2,0,12347,Mumbai,19.08,72.88,17.1,0.83,14,1,0.6,Tropical_Monsoon,42.4,0.2,36.4,4.3,9.7,0,0.35,0.58,106.0,0.637,84.7,1,109.38,62.6,39.6,1,6.5,0,12315
2023-05-31,West_Zone,Summer,39.3,0,14752,Mumbai,19.08,72.88,17.1,0.83,14,1,0.6,Tropical_Monsoon,41.9,1.5,47.6,5.1,9.4,0,0.24,0.572,90.0,0.594,79.4,1,109.48,55.0,36.5,1,6.5,0,14333
2023-06-01,West_Zone,Monsoon,28.2,0,13340,Mumbai,19.08,72.88,17.1,0.83,14,1,0.6,Tropical_Monsoon,87.4,0.3,33.9,12.5,6.1,0,0.154,0.0,32.0,0.484,79.1,1,108.0,52.8,32.2,0,6.5,0,11812
2023-06-02,West_Zone,Monsoon,30.7,0,13038,Mumbai,19.08,72.88,17.1,0.83,14,1,0.6,Tropical_Monsoon,86.5,36.0,42.1,16.6,6.2,0,0.295,0.12,77.0,0.551,85.5,1,108.23,62.9,37.1,0,6.5,0,11544
2023-06-03,West_Zone,Monsoon,28.0,0,11988,Mumbai,19.08,72.88,17.1,0.83,14,1,0.6,Tropical_Monsoon,92.7,47.2,34.2,14.8,6.4,0,0.197,0.04,59.0,0.516,82.6,1,109.19,56.7,34.4,0,6.5,0,10630
2023-06-04,West_Zone,Monsoon,28.7,0,12505,Mumbai,19.08,72.88,17.1,0.83,14,1,0.6,Tropical_Monsoon,95.3,21.3,37.3,15.2,6.1,0,0.227,0.032,54.0,0.461,75.8,1,110.16,54.9,39.8,0,6.5,0,11087
2023-06-05,West_Zone,Monsoon,33.1,0,15262,Mumbai,19.08,72.88,17.1,0.83,14,1,0.6,Tropical_Monsoon,95.4,18.0,57.3,15.8,5.8,0,0.416,0.022,65.0,0.432,78.6,1,108.97,58.0,36.7,0,6.5,0,13239
2023-06-06,West_Zone,Monsoon,28.9,0,10495,Mumbai,19.08,72.88,17.1,0.83,14,1,0.6,Tropical_Monsoon,95.7,8.4,38.2,13.7,4.7,0,0.456,0.098,34.0,0.491,83.5,1,108.29,54.9,28.8,0,6.5,0,9039
2023-06-07,West_Zone,Monsoon,25.1,0,12735,Mumbai,19.08,72.88,17.1,0.83,14,1,0.6,Tropical_Monsoon,95.3,59.8,25.1,10.9,5.6,0,0.414,0.081,68.0,0.551,78.4,1,109.79,55.8,36.3,0,6.5,0,11415
2023-06-08,West_Zone,Monsoon,30.2,0,12879,Mumbai,19.08,72.88,17.1,0.83,14,1,0.6,Tropical_Monsoon,88.1,1.6,40.9,19.4,6.0,0,0.396,0.082,49.0,0.521,79.0,1,108.92,66.9,34.9,0,6.5,0,11646
2023-06-09,West_Zone,Monsoon,27.5,0,10923,Mumbai,19.08,72.88,17.1,0.83,14,1,0.6,Tropical_Monsoon,88.1,11.4,31.9,16.8,5.7,0,0.306,0.034,57.0,0.468,79.2,1,108.93,52.6,40.4,0,6.5,0,9738
2023-06-10,West_Zone,Monsoon,33.0,0,12599,Mumbai,19.08,72.88,17.1,0.83,14,1,0.6,Tropical_Monsoon,87.6,7.1,52.2,18.8,4.1,0,0.402,0.106,81.0,0.533,84.6,1,109.52,51.1,29.4,0,6.5,0,11130
2023-06-11,West_Zone,Monsoon,30.2,0,11506,Mumbai,19.08,72.88,17.1,0.83,14,1,0.6,Tropical_Monsoon,93.9,6.7,42.9,17.1,6.2,0,0.336,0.04,72.0,0.505,82.0,1,108.59,61.3,30.7,0,6.5,0,10075
2023-06-12,West_Zone,Monsoon,27.4,0,12632,Mumbai,19.08,72.88,17.1,0.83,14,1,0.6,Tropical_Monsoon,95.2,0.0,32.6,12.6,5.1,0,0.495,0.084,57.0,0.424,87.0,1,107.73,54.6,36.0,0,6.5,0,11025
2023-06-13,West_Zone,Monsoon,27.3,0,11517,Mumbai,19.08,72.88,17.1,0.83,14,1,0.6,Tropical_Monsoon,83.1,0.0,30.8,7.0,6.0,0,0.208,0.072,58.0,0.51,80.7,1,108.47,57.7,41.1,0,6.5,0,9806
2023-06-14,West_Zone,Monsoon,28.0,0,10939,Mumbai,19.08,72.88,17.1,0.83,14,1,0.6,Tropical_Monsoon,89.3,8.3,33.6,10.3,6.7,0,0.367,0.0,20.0,0.464,81.4,1,109.71,59.4,33.0,0,6.5,0,9489
2023-06-15,West_Zone,Monsoon,23.4,0,11428,Mumbai,19.08,72.88,17.1,0.83,14,1,0.6,Tropical_Monsoon,99.0,27.7,23.4,15.9,5.3,0,0.174,0.202,45.0,0.485,83.0,1,110.45,50.2,37.0,0,6.5,0,10089
2023-06-16,West_Zone,Monsoon,26.7,0,12248,Mumbai,19.08,72.88,17.1,0.83,14,1,0.6,Tropical_Monsoon,94.4,0.0,30.3,13.7,5.8,0,0.368,0.114,63.0,0.491,80.1,1,107.31,60.5,34.2,0,6.5,0,10528
2023-06-17,West_Zone,Monsoon,31.4,0,13797,Mumbai,19.08,72.88,17.1,0.83,14,1,0.6,Tropical_Monsoon,84.1,46.4,43.8,12.7,5.8,0,0.128,0.091,46.0,0.495,77.2,1,110.13,54.8,33.8,0,6.5,0,12306
2023-06-18,West_Zone,Monsoon,23.1,0,10225,Mumbai,19.08,72.88,17.1,0.83,14,1,0.6,Tropical_Monsoon,99.0,30.9,23.1,6.5,5.7,0,0.179,0.1,36.0,0.461,80.9,1,108.09,63.8,39.8,0,6.5,0,9000
2023-06-19,West_Zone,Monsoon,29.6,0,12845,Mumbai,19.08,72.88,17.1,0.83,14,1,0.6,Tropical_Monsoon,92.1,17.7,39.9,14.0,5.8,0,0.172,0.203,69.0,0.507,79.8,1,108.45,53.2,34.5,0,6.5,0,10905
2023-06-20,West_Zone,Monsoon,34.7,0,12960,Mumbai,19.08,72.88,17.1,0.83,14,1,0.6,Tropical_Monsoon,91.1,19.1,62.9,10.8,5.7,0,0.325,0.148,84.0,0.487,81.6,1,110.09,63.3,31.8,0,6.5,0,11429
2023-06-21,West_Zone,Monsoon,31.5,0,13173,Mumbai,19.08,72.88,17.1,0.83,14,1,0.6,Tropical_Monsoon,93.1,0.0,48.2,11.8,5.3,0,0.335,0.101,47.0,0.509,80.2,1,107.95,63.2,31.5,0,6.5,0,11755
2023-06-22,West_Zone,Monsoon,23.1,0,10331,Mumbai,19.08,72.88,17.1,0.83,14,1,0.6,Tropical_Monsoon,94.3,0.0,23.1,16.6,6.4,0,0.545,0.038,76.0,0.46,83.4,1,108.05,54.3,32.5,0,6.5,0,8886
2023-06-23,West_Zone,Monsoon,28.8,0,10833,Mumbai,19.08,72.88,17.1,0.83,14,1,0.6,Tropical_Monsoon,89.1,0.0,36.2,10.9,6.0,0,0.291,0.047,73.0,0.421,80.9,1,107.65,55.3,30.5,0,6.5,0,9199
2023-06-24,West_Zone,Monsoon,21.8,0,9035,Mumbai,19.08,72.88,17.1,0.83,14,1,0.6,Tropical_Monsoon,99.0,79.9,21.8,11.2,5.8,1,0.377,0.0,42.0,0.447,77.2,1,108.3,55.1,32.8,0,6.5,0,8048
2023-06-25,West_Zone,Monsoon,28.8,0,11806,Mumbai,19.08,72.88,17.1,0.83,14,1,0.6,Tropical_Monsoon,97.7,21.3,38.3,14.6,5.9,0,0.316,0.058,47.0,0.446,80.1,1,108.54,62.5,34.3,0,6.5,0,10280
2023-06-26,West_Zone,Monsoon,26.1,0,11066,Mumbai,19.08,72.88,17.1,0.83,14,1,0.6,Tropical_Monsoon,98.4,12.8,26.1,16.6,6.1,0,0.369,0.12,92.0,0.451,78.4,1,107.5,56.7,35.4,0,6.5,0,9552
2023-06-27,West_Zone,Monsoon,23.7,0,10566,Mumbai,19.08,72.88,17.1,0.83,14,1,0.6,Tropical_Monsoon,98.7,12.6,23.7,12.8,4.9,0,0.314,0.118,40.0,0.525,87.8,1,109.61,59.0,29.1,0,6.5,0,9079
2023-06-28,West_Zone,Monsoon,22.5,0,11584,Mumbai,19.08,72.88,17.1,0.83,14,1,0.6,Tropical_Monsoon,91.5,28.3,22.5,18.4,5.4,0,0.41,0.117,49.0,0.513,82.1,1,107.37,55.4,31.9,0,6.5,0,10399
2023-06-29,West_Zone,Monsoon,33.1,0,11408,Mumbai,19.08,72.88,17.1,0.83,14,1,0.6,Tropical_Monsoon,96.5,0.0,58.0,10.2,6.2,0,0.195,0.049,95.0,0.443,84.0,1,108.58,58.3,32.1,0,6.5,0,9922
2023-06-30,West_Zone,Monsoon,26.6,0,11324,Mumbai,19.08,72.88,17.1,0.83,14,1,0.6,Tropical_Monsoon,89.8,37.7,26.6,9.6,6.4,0,0.055,0.113,50.0,0.45,81.7,1,108.08,58.4,30.2,0,6.5,0,9766
2023-07-01,West_Zone,Monsoon,27.5,0,12670,Mumbai,19.08,72.88,17.1,0.83,14,1,0.6,Tropical_Monsoon,94.9,9.0,32.9,9.4,7.2,0,0.342,0.129,84.0,0.489,87.5,1,109.26,54.3,31.1,0,6.5,0,11383
2023-07-02,West_Zone,Monsoon,26.6,0,11579,Mumbai,19.08,72.88,17.1,0.83,14,1,0.6,Tropical_Monsoon,85.8,15.7,26.6,9.0,5.8,0,0.119,0.0,42.0,0.42,78.2,1,107.18,63.0,38.5,0,6.5,0,10055
2023-07-03,West_Zone,Monsoon,36.9,0,14145,Mumbai,19.08,72.88,17.1,0.83,14,1,0.6,Tropical_Monsoon,77.7,44.0,63.7,15.0,5.7,0,0.431,0.098,62.0,0.477,79.6,1,108.52,55.6,40.8,0,6.5,0,12414
2023-07-04,West_Zone,Monsoon,33.3,0,13726,Mumbai,19.08,72.88,17.1,0.83,14,1,0.6,Tropical_Monsoon,91.6,47.3,56.0,11.1,5.2,0,0.245,0.205,80.0,0.513,85.3,1,110.34,61.3,32.4,0,6.5,0,12192
2023-07-05,West_Zone,Monsoon,26.3,0,11008,Mumbai,19.08,72.88,17.1,0.83,14,1,0.6,Tropical_Monsoon,90.2,47.6,26.3,9.8,5.0,0,0.196,0.063,52.0,0.485,80.4,1,106.44,50.5,30.4,0,6.5,0,9482
2023-07-06,West_Zone,Monsoon,28.0,0,11093,Mumbai,19.08,72.88,17.1,0.83,14,1,0.6,Tropical_Monsoon,83.3,39.7,32.6,15.1,5.2,0,0.57,0.0,62.0,0.47,79.8,1,106.94,58.5,33.6,0,6.5,0,9589
2023-07-07,West_Zone,Monsoon,25.4,0,11013,Mumbai,19.08,72.88,17.1,0.83,14,1,0.6,Tropical_Monsoon,97.5,41.0,25.4,16.5,3.8,0,0.298,0.031,73.0,0.444,80.3,1,109.89,61.2,34.4,0,6.5,0,9661
2023-07-08,West_Zone,Monsoon,28.9,0,13680,Mumbai,19.08,72.88,17.1,0.83,14,1,0.6,Tropical_Monsoon,99.0,0.0,39.0,17.2,5.3,0,0.279,0.0,44.0,0.462,87.8,1,107.64,57.1,37.5,0,6.5,0,12189
2023-07-09,West_Zone,Monsoon,26.5,0,12005,Mumbai,19.08,72.88,17.1,0.83,14,1,0.6,Tropical_Monsoon,99.0,2.4,26.5,16.6,6.0,0,0.375,0.042,100.0,0.509,88.1,1,107.86,60.4,32.0,0,6.5,0,10390
2023-07-10,West_Zone,Monsoon,23.1,0,11627,Mumbai,19.08,72.88,17.1,0.83,14,1,0.6,Tropical_Monsoon,94.9,0.0,23.1,11.2,5.5,0,0.382,0.007,79.0,0.399,83.2,1,107.38,53.1,31.3,0,6.5,0,10072
2023-07-11,West_Zone,Monsoon,22.8,0,11347,Mumbai,19.08,72.88,17.1,0.83,14,1,0.6,Tropical_Monsoon,96.4,20.9,22.8,14.8,5.2,0,0.414,0.136,54.0,0.504,82.6,1,109.33,58.6,46.3,0,6.5,0,9867
2023-07-12,West_Zone,Monsoon,27.8,0,11842,Mumbai,19.08,72.88,17.1,0.83,14,1,0.6,Tropical_Monsoon,97.8,21.9,34.4,15.5,4.7,0,0.167,0.127,56.0,0.456,84.4,1,106.03,49.3,27.5,0,6.5,0,10334
2023-07-13,West_Zone,Monsoon,27.1,0,10733,Mumbai,19.08,72.88,17.1,0.83,14,1,0.6,Tropical_Monsoon,99.0,6.5,32.1,12.6,6.2,0,0.354,0.101,94.0,0.527,83.2,1,108.84,57.1,38.5,0,6.5,0,9740
2023-07-14,West_Zone,Monsoon,24.3,0,11733,Mumbai,19.08,72.88,17.1,0.83,14,1,0.6,Tropical_Monsoon,93.7,0.0,24.3,14.5,5.8,0,0.271,0.154,54.0,0.523,82.5,1,106.1,52.3,41.4,0,6.5,0,10382
2023-07-15,West_Zone,Monsoon,28.0,0,11762,Mumbai,19.08,72.88,17.1,0.83,14,1,0.6,Tropical_Monsoon,93.4,17.5,34.4,10.2,5.6,0,0.208,0.046,52.0,0.495,80.6,1,105.97,55.1,32.7,0,6.5,0,10138
2023-07-16,West_Zone,Monsoon,29.3,0,12413,Mumbai,19.08,72.88,17.1,0.83,14,1,0.6,Tropical_Monsoon,93.9,121.4,39.2,12.1,4.4,1,0.305,0.084,81.0,0.455,80.2,1,106.42,61.1,36.2,0,6.5,0,11253
2023-07-17,West_Zone,Monsoon,25.6,0,13374,Mumbai,19.08,72.88,17.1,0.83,14,1,0.6,Tropical_Monsoon,97.4,0.0,25.6,15.1,5.2,0,0.119,0.212,35.0,0.521,83.5,1,107.34,62.9,25.6,0,6.5,0,11824
2023-07-18,West_Zone,Monsoon,30.2,0,12657,Mumbai,19.08,72.88,17.1,0.83,14,1,0.6,Tropical_Monsoon,91.2,0.0,41.9,18.5,6.0,0,0.392,0.115,59.0,0.5,82.4,1,106.73,50.6,34.1,0,6.5,0,11093
2023-07-19,West_Zone,Monsoon,26.5,0,12376,Mumbai,19.08,72.88,17.1,0.83,14,1,0.6,Tropical_Monsoon,93.5,46.4,26.5,17.5,5.6,0,0.271,0.115,62.0,0.418,86.4,1,106.63,60.6,39.8,0,6.5,0,10713
2023-07-20,West_Zone,Monsoon,25.6,0,10711,Mumbai,19.08,72.88,17.1,0.83,14,1,0.6,Tropical_Monsoon,99.0,0.0,25.6,16.0,5.6,0,0.252,0.034,47.0,0.473,81.2,1,106.45,61.2,34.6,0,6.5,0,9393
2023-07-21,West_Zone,Monsoon,33.1,0,13294,Mumbai,19.08,72.88,17.1,0.83,14,1,0.6,Tropical_Monsoon,96.2,26.9,57.8,14.2,6.3,0,0.286,0.055,32.0,0.492,79.2,1,106.43,56.9,34.2,0,6.5,0,11430
2023-07-22,West_Zone,Monsoon,25.7,0,11432,Mumbai,19.08,72.88,17.1,0.83,14,1,0.6,Tropical_Monsoon,97.0,0.8,25.7,13.8,5.6,0,0.283,0.02,61.0,0.423,77.6,1,106.38,61.0,42.7,0,6.5,0,10052
2023-07-23,West_Zone,Monsoon,30.6,0,13134,Mumbai,19.08,72.88,17.1,0.83,14,1,0.6,Tropical_Monsoon,99.0,14.7,46.6,9.7,6.2,0,0.414,0.181,72.0,0.523,79.7,1,107.51,54.3,38.1,0,6.5,0,11575
2023-07-24,West_Zone,Monsoon,30.9,0,11731,Mumbai,19.08,72.88,17.1,0.83,14,1,0.6,Tropical_Monsoon,89.5,0.0,44.1,11.5,5.3,0,0.19,0.0,48.0,0.463,77.7,1,106.61,53.6,37.5,0,6.5,0,10281
2023-07-25,West_Zone,Monsoon,30.8,0,12568,Mumbai,19.08,72.88,17.1,0.83,14,1,0.6,Tropical_Monsoon,99.0,6.8,47.6,11.6,5.1,0,0.262,0.135,39.0,0.535,85.4,1,104.55,52.8,29.9,0,6.5,0,11129
2023-07-26,West_Zone,Monsoon,28.3,0,13034,Mumbai,19.08,72.88,17.1,0.83,14,1,0.6,Tropical_Monsoon,95.7,0.0,35.9,15.7,6.0,0,0.278,0.115,83.0,0.476,80.7,1,107.14,58.7,21.8,0,6.5,0,10945
2023-07-27,West_Zone,Monsoon,30.1,0,12807,Mumbai,19.08,72.88,17.1,0.83,14,1,0.6,Tropical_Monsoon,99.0,76.9,44.3,16.8,6.2,1,0.193,0.0,70.0,0.465,79.7,1,107.9,55.8,35.9,0,6.5,0,11668
2023-07-28,West_Zone,Monsoon,22.0,0,10475,Mumbai,19.08,72.88,17.1,0.83,14,1,0.6,Tropical_Monsoon,90.8,17.5,22.0,16.2,5.7,0,0.316,0.149,53.0,0.507,83.4,1,106.84,52.9,34.0,0,6.5,0,8989
2023-07-29,West_Zone,Monsoon,25.6,0,11980,Mumbai,19.08,72.88,17.1,0.83,14,1,0.6,Tropical_Monsoon,91.2,1.0,25.6,17.5,5.6,0,0.228,0.064,77.0,0.392,87.8,1,105.83,52.7,37.8,0,6.5,0,10070
2023-07-30,West_Zone,Monsoon,31.0,0,12501,Mumbai,19.08,72.88,17.1,0.83,14,1,0.6,Tropical_Monsoon,93.5,0.0,46.1,14.2,5.6,0,0.16,0.001,64.0,0.45,80.7,1,107.8,56.1,34.6,0,6.5,0,10788
2023-07-31,West_Zone,Monsoon,26.0,0,12744,Mumbai,19.08,72.88,17.1,0.83,14,1,0.6,Tropical_Monsoon,96.4,0.0,26.0,11.1,5.7,0,0.353,0.102,92.0,0.488,78.6,1,105.65,51.9,34.2,0,6.5,0,11168
2023-08-01,West_Zone,Monsoon,26.2,0,10592,Mumbai,19.08,72.88,17.1,0.83,14,1,0.6,Tropical_Monsoon,99.0,0.0,26.2,13.9,5.8,0,0.455,0.031,72.0,0.397,80.8,1,106.68,58.3,34.2,0,6.5,0,8902
2023-08-02,West_Zone,Monsoon,25.5,0,10931,Mumbai,19.08,72.88,17.1,0.83,14,1,0.6,Tropical_Monsoon,91.4,15.3,25.5,11.8,5.8,0,0.305,0.068,35.0,0.497,76.4,1,106.95,60.6,28.5,0,6.5,0,9539
2023-08-03,West_Zone,Monsoon,25.4,0,12030,Mumbai,19.08,72.88,17.1,0.83,14,1,0.6,Tropical_Monsoon,99.0,6.0,25.4,16.0,7.1,0,0.29,0.05,48.0,0.475,83.5,1,108.02,60.1,24.8,0,6.5,0,10265
2023-08-04,West_Zone,Monsoon,21.4,0,9645,Mumbai,19.08,72.88,17.1,0.83,14,1,0.6,Tropical_Monsoon,99.0,0.0,21.4,12.9,4.8,0,0.288,0.027,49.0,0.469,83.7,1,107.49,67.6,29.6,0,6.5,0,8356
2023-08-05,West_Zone,Monsoon,27.9,0,12132,Mumbai,19.08,72.88,17.1,0.83,14,1,0.6,Tropical_Monsoon,96.8,6.8,34.6,13.7,7.6,0,0.248,0.009,66.0,0.484,80.7,1,107.12,57.5,28.5,0,6.5,0,10890
2023-08-06,West_Zone,Monsoon,33.1,0,14505,Mumbai,19.08,72.88,17.1,0.83,14,1,0.6,Tropical_Monsoon,85.3,100.0,51.4,16.1,5.2,1,0.417,0.128,55.0,0.48,78.6,1,107.78,62.9,33.8,0,6.5,0,13269
2023-08-07,West_Zone,Monsoon,23.2,0,9273,Mumbai,19.08,72.88,17.1,0.83,14,1,0.6,Tropical_Monsoon,99.0,3.6,23.2,11.8,5.6,0,0.309,0.099,40.0,0.486,89.2,1,105.67,56.0,25.8,0,6.5,0,7894
2023-08-08,West_Zone,Monsoon,28.1,0,11480,Mumbai,19.08,72.88,17.1,0.83,14,1,0.6,Tropical_Monsoon,99.0,11.0,35.8,16.9,4.9,0,0.082,0.096,71.0,0.51,78.3,1,108.38,55.2,31.6,0,6.5,0,10054
2023-08-09,West_Zone,Monsoon,24.4,0,11118,Mumbai,19.08,72.88,17.1,0.83,14,1,0.6,Tropical_Monsoon,98.4,9.1,24.4,10.0,5.7,0,0.42,0.058,78.0,0.476,79.7,1,103.7,55.0,43.6,0,6.5,0,9676
2023-08-10,West_Zone,Monsoon,28.7,0,11501,Mumbai,19.08,72.88,17.1,0.83,14,1,0.6,Tropical_Monsoon,93.8,9.3,36.9,14.9,6.3,0,0.395,0.083,58.0,0.425,82.1,1,108.17,56.9,33.6,0,6.5,0,9926
2023-08-11,West_Zone,Monsoon,26.1,0,10922,Mumbai,19.08,72.88,17.1,0.83,14,1,0.6,Tropical_Monsoon,95.5,4.3,26.1,13.7,5.6,0,0.36,0.036,64.0,0.471,84.6,1,105.87,54.9,34.2,0,6.5,0,9478
2023-08-12,West_Zone,Monsoon,26.8,0,12124,Mumbai,19.08,72.88,17.1,0.83,14,1,0.6,Tropical_Monsoon,93.5,0.0,30.5,16.5,6.2,0,0.024,0.035,43.0,0.471,81.5,1,107.07,51.5,34.1,0,6.5,0,10504
2023-08-13,West_Zone,Monsoon,24.8,0,10679,Mumbai,19.08,72.88,17.1,0.83,14,1,0.6,Tropical_Monsoon,98.3,0.0,24.8,9.9,5.2,0,0.3,0.183,51.0,0.533,82.1,1,108.11,52.3,35.1,0,6.5,0,9278
2023-08-14,West_Zone,Monsoon,26.8,0,11695,Mumbai,19.08,72.88,17.1,0.83,14,1,0.6,Tropical_Monsoon,94.1,28.9,30.5,9.4,4.4,0,0.389,0.133,51.0,0.483,83.8,1,107.2,60.4,31.4,0,6.5,0,10342
2023-08-15,West_Zone,Monsoon,28.8,0,13840,Mumbai,19.08,72.88,17.1,0.83,14,1,0.6,Tropical_Monsoon,88.5,0.0,36.0,16.3,6.1,0,0.338,0.046,70.0,0.442,91.6,1,106.99,59.1,33.2,0,6.5,0,12216
2023-08-16,West_Zone,Monsoon,29.7,0,12905,Mumbai,19.08,72.88,17.1,0.83,14,1,0.6,Tropical_Monsoon,86.9,1.5,38.7,12.8,5.8,0,0.321,0.0,65.0,0.431,80.3,1,107.46,63.1,31.3,0,6.5,0,11053
2023-08-17,West_Zone,Monsoon,27.2,0,11016,Mumbai,19.08,72.88,17.1,0.83,14,1,0.6,Tropical_Monsoon,89.9,70.3,31.3,13.7,5.3,1,0.39,0.0,54.0,0.503,80.5,1,105.08,53.5,26.5,0,6.5,0,10027
2023-08-18,West_Zone,Monsoon,26.4,0,11035,Mumbai,19.08,72.88,17.1,0.83,14,1,0.6,Tropical_Monsoon,95.3,0.0,26.4,12.0,5.3,0,0.314,0.042,53.0,0.479,81.7,1,105.21,53.1,39.9,0,6.5,0,9323
2023-08-19,West_Zone,Monsoon,29.2,0,10973,Mumbai,19.08,72.88,17.1,0.83,14,1,0.6,Tropical_Monsoon,92.3,1.2,38.4,16.7,6.0,0,0.42,0.086,25.0,0.523,84.0,1,106.79,51.1,29.6,0,6.5,0,9581
2023-08-20,West_Zone,Monsoon,29.8,0,12350,Mumbai,19.08,72.88,17.1,0.83,14,1,0.6,Tropical_Monsoon,93.2,0.0,41.0,14.9,5.3,0,0.316,0.087,89.0,0.528,89.6,1,106.3,59.7,42.0,0,6.5,0,11208
2023-08-21,West_Zone,Monsoon,30.2,0,11970,Mumbai,19.08,72.88,17.1,0.83,14,1,0.6,Tropical_Monsoon,94.4,54.5,43.0,14.7,6.0,0,0.308,0.089,22.0,0.46,81.7,1,106.16,51.9,30.2,0,6.5,0,10497
2023-08-22,West_Zone,Monsoon,25.3,0,10998,Mumbai,19.08,72.88,17.1,0.83,14,1,0.6,Tropical_Monsoon,91.7,69.6,25.3,10.5,6.2,1,0.389,0.1,68.0,0.46,83.7,1,107.69,56.0,27.2,0,6.5,0,10035
2023-08-23,West_Zone,Monsoon,26.7,0,12322,Mumbai,19.08,72.88,17.1,0.83,14,1,0.6,Tropical_Monsoon,99.0,11.2,30.7,15.5,6.8,0,0.26,0.018,61.0,0.461,75.5,1,107.58,57.3,43.7,0,6.5,0,10765
2023-08-24,West_Zone,Monsoon,30.4,0,14121,Mumbai,19.08,72.88,17.1,0.83,14,1,0.6,Tropical_Monsoon,90.4,0.0,42.4,11.0,6.6,0,0.19,0.17,55.0,0.521,82.2,1,105.49,48.9,26.6,0,6.5,0,12284
2023-08-25,West_Zone,Monsoon,26.5,0,8950,Mumbai,19.08,72.88,17.1,0.83,14,1,0.6,Tropical_Monsoon,91.9,24.2,26.5,12.0,5.7,0,0.3,0.068,60.0,0.435,82.0,1,106.83,58.8,22.7,0,6.5,0,7731
2023-08-26,West_Zone,Monsoon,26.8,0,11877,Mumbai,19.08,72.88,17.1,0.83,14,1,0.6,Tropical_Monsoon,96.3,15.3,30.8,9.9,5.7,0,0.359,0.098,48.0,0.498,85.1,1,104.8,59.0,26.8,0,6.5,0,10454
2023-08-27,West_Zone,Monsoon,30.1,0,12778,Mumbai,19.08,72.88,17.1,0.83,14,1,0.6,Tropical_Monsoon,82.8,35.2,38.8,13.5,5.5,0,0.393,0.041,72.0,0.482,80.4,1,104.76,56.0,33.3,0,6.5,0,10991
2023-08-28,West_Zone,Monsoon,26.5,0,12999,Mumbai,19.08,72.88,17.1,0.83,14,1,0.6,Tropical_Monsoon,90.1,24.5,26.5,17.2,5.3,0,0.393,0.099,36.0,0.451,78.3,1,105.44,54.8,27.3,0,6.5,0,11347
2023-08-29,West_Zone,Monsoon,24.9,0,11004,Mumbai,19.08,72.88,17.1,0.83,14,1,0.6,Tropical_Monsoon,99.0,6.0,24.9,14.7,6.0,0,0.293,0.205,66.0,0.479,82.7,1,106.26,55.4,31.2,0,6.5,0,9518
2023-08-30,West_Zone,Monsoon,24.8,0,11205,Mumbai,19.08,72.88,17.1,0.83,14,1,0.6,Tropical_Monsoon,86.4,0.0,24.8,12.7,5.3,0,0.283,0.021,48.0,0.479,77.3,1,105.64,60.9,23.8,0,6.5,0,9570
2023-08-31,West_Zone,Monsoon,32.8,0,13079,Mumbai,19.08,72.88,17.1,0.83,14,1,0.6,Tropical_Monsoon,95.9,35.4,56.0,14.3,6.1,0,0.241,0.013,52.0,0.525,79.6,1,106.72,55.9,39.4,0,6.5,0,11273
2023-09-01,West_Zone,Autumn,23.6,0,9542,Mumbai,19.08,72.88,17.1,0.83,14,1,0.6,Tropical_Monsoon,79.4,4.1,23.6,6.3,5.9,0,0.325,0.328,113.0,0.533,82.2,1,106.24,55.4,62.1,0,6.5,0,8705
2023-09-02,West_Zone,Autumn,23.1,0,11705,Mumbai,19.08,72.88,17.1,0.83,14,1,0.6,Tropical_Monsoon,70.3,0.5,23.1,6.2,7.2,0,0.136,0.36,117.0,0.56,74.8,1,107.35,53.2,53.7,0,6.5,0,10667
2023-09-03,West_Zone,Autumn,23.2,0,10558,Mumbai,19.08,72.88,17.1,0.83,14,1,0.6,Tropical_Monsoon,73.5,0.0,23.2,6.5,6.2,0,0.302,0.349,129.0,0.529,81.2,1,106.77,44.5,48.4,0,6.5,0,9576
2023-09-04,West_Zone,Autumn,27.3,0,11578,Mumbai,19.08,72.88,17.1,0.83,14,1,0.6,Tropical_Monsoon,75.2,0.0,29.9,2.9,7.3,0,0.585,0.318,119.0,0.547,86.7,1,105.17,59.5,55.5,0,6.5,0,10524
2023-09-05,West_Zone,Autumn,27.9,0,10941,Mumbai,19.08,72.88,17.1,0.83,14,1,0.6,Tropical_Monsoon,66.9,0.0,30.1,6.3,6.2,0,0.15,0.377,137.0,0.535,77.2,1,107.09,55.8,63.3,0,6.5,0,10120
2023-09-06,West_Zone,Autumn,26.0,0,12825,Mumbai,19.08,72.88,17.1,0.83,14,1,0.6,Tropical_Monsoon,74.7,0.0,26.0,1.0,6.1,0,0.316,0.474,139.0,0.571,79.9,1,105.32,51.6,65.4,0,6.5,0,12213
2023-09-07,West_Zone,Autumn,27.0,0,10262,Mumbai,19.08,72.88,17.1,0.83,14,1,0.6,Tropical_Monsoon,66.4,0.0,28.6,7.7,7.4,0,0.338,0.371,126.0,0.626,83.8,1,106.58,64.1,58.8,0,6.5,0,9551
2023-09-08,West_Zone,Autumn,22.1,0,10327,Mumbai,19.08,72.88,17.1,0.83,14,1,0.6,Tropical_Monsoon,70.4,0.0,22.1,2.7,6.0,0,0.351,0.374,132.0,0.557,84.4,1,105.66,57.0,57.5,0,6.5,0,9130
2023-09-09,West_Zone,Autumn,27.0,0,10692,Mumbai,19.08,72.88,17.1,0.83,14,1,0.6,Tropical_Monsoon,65.8,0.0,28.5,9.5,5.7,0,0.203,0.401,156.0,0.513,82.2,1,107.46,55.2,57.1,0,6.5,0,9693
2023-09-10,West_Zone,Autumn,20.9,0,8951,Mumbai,19.08,72.88,17.1,0.83,14,1,0.6,Tropical_Monsoon,75.2,0.0,20.9,1.0,5.7,0,0.352,0.419,95.0,0.584,81.4,1,106.86,59.8,61.5,0,6.5,0,8240
2023-09-11,West_Zone,Autumn,21.5,0,9379,Mumbai,19.08,72.88,17.1,0.83,14,1,0.6,Tropical_Monsoon,78.9,0.0,21.5,11.0,6.8,0,0.247,0.462,139.0,0.609,87.0,1,105.42,56.6,64.4,0,6.5,0,8481
2023-09-12,West_Zone,Autumn,28.8,0,11680,Mumbai,19.08,72.88,17.1,0.83,14,1,0.6,Tropical_Monsoon,67.8,1.8,31.9,1.1,7.1,0,0.157,0.394,148.0,0.579,82.6,1,105.72,56.7,59.3,0,6.5,0,10832
2023-09-13,West_Zone,Autumn,26.1,0,11532,Mumbai,19.08,72.88,17.1,0.83,14,1,0.6,Tropical_Monsoon,64.0,0.0,26.1,2.4,6.1,0,0.395,0.38,128.0,0.55,78.8,1,109.36,54.3,58.1,0,6.5,0,10848
2023-09-14,West_Zone,Autumn,24.0,0,10529,Mumbai,19.08,72.88,17.1,0.83,14,1,0.6,Tropical_Monsoon,66.2,0.0,24.0,6.9,6.1,0,0.366,0.321,154.0,0.513,82.4,1,104.82,57.7,63.9,0,6.5,0,9424
2023-09-15,West_Zone,Autumn,26.3,0,11700,Mumbai,19.08,72.88,17.1,0.83,14,1,0.6,Tropical_Monsoon,72.2,0.0,26.3,7.9,7.0,0,0.203,0.424,152.0,0.539,81.6,1,105.35,58.9,67.5,0,6.5,0,10952
2023-09-16,West_Zone,Autumn,24.3,0,10597,Mumbai,19.08,72.88,17.1,0.83,14,1,0.6,Tropical_Monsoon,80.6,0.0,24.3,5.1,7.3,0,0.246,0.329,114.0,0.537,80.7,1,105.39,52.7,58.6,0,6.5,0,9765
2023-09-17,West_Zone,Autumn,22.7,0,11148,Mumbai,19.08,72.88,17.1,0.83,14,1,0.6,Tropical_Monsoon,74.3,0.0,22.7,8.7,6.3,0,0.242,0.327,115.0,0.531,77.0,1,104.9,47.4,60.4,0,6.5,0,10150
2023-09-18,West_Zone,Autumn,24.7,0,11271,Mumbai,19.08,72.88,17.1,0.83,14,1,0.6,Tropical_Monsoon,69.2,0.0,24.7,3.6,6.8,0,0.136,0.392,130.0,0.541,82.0,1,104.99,58.8,56.2,0,6.5,0,10367
2023-09-19,West_Zone,Autumn,21.7,0,11989,Mumbai,19.08,72.88,17.1,0.83,14,1,0.6,Tropical_Monsoon,76.8,0.0,21.7,4.8,6.9,0,0.376,0.472,109.0,0.614,83.7,1,105.93,57.9,60.4,0,6.5,0,10965
2023-09-20,West_Zone,Autumn,22.6,0,10616,Mumbai,19.08,72.88,17.1,0.83,14,1,0.6,Tropical_Monsoon,71.2,0.0,22.6,5.1,7.7,0,0.38,0.424,169.0,0.594,84.3,1,106.51,59.0,55.4,0,6.5,0,9908
2023-09-21,West_Zone,Autumn,23.4,0,12423,Mumbai,19.08,72.88,17.1,0.83,14,1,0.6,Tropical_Monsoon,70.1,0.0,23.4,4.4,5.7,0,0.267,0.378,134.0,0.593,82.0,1,104.43,55.0,67.1,0,6.5,0,11652
2023-09-22,West_Zone,Autumn,23.1,0,10476,Mumbai,19.08,72.88,17.1,0.83,14,1,0.6,Tropical_Monsoon,67.3,0.0,23.1,1.0,6.0,0,0.297,0.321,121.0,0.517,82.1,1,105.52,59.1,64.4,0,6.5,0,9587
2023-09-23,West_Zone,Autumn,24.4,0,10533,Mumbai,19.08,72.88,17.1,0.83,14,1,0.6,Tropical_Monsoon,78.4,0.0,24.4,5.9,6.2,0,0.311,0.471,95.0,0.55,80.3,1,105.21,52.5,68.7,0,6.5,0,9768
2023-09-24,West_Zone,Autumn,24.3,0,12980,Mumbai,19.08,72.88,17.1,0.83,14,1,0.6,Tropical_Monsoon,58.7,0.0,24.3,5.7,7.0,0,0.324,0.377,125.0,0.557,84.9,1,104.84,54.2,57.2,0,6.5,0,11670
2023-09-25,West_Zone,Autumn,24.9,0,11435,Mumbai,19.08,72.88,17.1,0.83,14,1,0.6,Tropical_Monsoon,75.0,0.0,24.9,9.2,6.3,0,0.165,0.363,99.0,0.563,78.4,1,107.01,51.6,70.4,0,6.5,0,10697
2023-09-26,West_Zone,Autumn,21.8,0,11828,Mumbai,19.08,72.88,17.1,0.83,14,1,0.6,Tropical_Monsoon,70.6,0.0,21.8,2.1,6.5,0,0.349,0.413,134.0,0.565,80.4,1,105.24,59.7,61.2,0,6.5,0,10839
2023-09-27,West_Zone,Autumn,29.8,0,13136,Mumbai,19.08,72.88,17.1,0.83,14,1,0.6,Tropical_Monsoon,66.1,0.0,33.7,4.1,6.8,0,0.182,0.353,75.0,0.559,79.6,1,104.63,54.7,59.3,0,6.5,0,11930
2023-09-28,West_Zone,Autumn,26.0,0,11302,Mumbai,19.08,72.88,17.1,0.83,14,1,0.6,Tropical_Monsoon,78.9,0.0,26.0,9.6,6.6,0,0.368,0.335,145.0,0.591,81.7,1,106.88,56.7,66.3,0,6.5,0,10553
2023-09-29,West_Zone,Autumn,25.2,0,10625,Mumbai,19.08,72.88,17.1,0.83,14,1,0.6,Tropical_Monsoon,67.3,4.1,25.2,6.9,6.6,0,0.194,0.341,112.0,0.539,85.9,1,107.25,57.6,54.9,0,6.5,0,9601
2023-09-30,West_Zone,Autumn,20.6,0,8965,Mumbai,19.08,72.88,17.1,0.83,14,1,0.6,Tropical_Monsoon,70.2,0.0,20.6,7.6,6.9,0,0.17,0.34,90.0,0.569,78.4,1,106.24,54.5,60.2,0,6.5,0,8101
2023-10-01,West_Zone,Autumn,25.2,0,10205,Mumbai,19.08,72.88,17.1,0.83,14,1,0.6,Tropical_Monsoon,70.2,0.0,25.2,7.4,5.9,0,0.297,0.312,120.0,0.554,82.8,1,105.06,58.3,59.2,0,6.5,0,9415
2023-10-02,West_Zone,Autumn,23.9,0,10936,Mumbai,19.08,72.88,17.1,0.83,14,1,0.6,Tropical_Monsoon,73.7,0.0,23.9,7.4,6.4,0,0.295,0.306,120.0,0.539,82.9,1,105.72,61.9,62.1,0,6.5,0,9714
2023-10-03,West_Zone,Autumn,27.3,0,12586,Mumbai,19.08,72.88,17.1,0.83,14,1,0.6,Tropical_Monsoon,67.4,0.0,29.1,11.5,5.9,0,0.31,0.438,119.0,0.592,79.1,1,105.35,59.1,57.8,0,6.5,0,11682
2023-10-04,West_Zone,Autumn,22.1,0,10288,Mumbai,19.08,72.88,17.1,0.83,14,1,0.6,Tropical_Monsoon,64.9,0.0,22.1,6.3,6.5,0,0.211,0.42,145.0,0.542,81.4,1,105.95,48.5,57.3,0,6.5,0,9211
2023-10-05,West_Zone,Autumn,23.2,0,10787,Mumbai,19.08,72.88,17.1,0.83,14,1,0.6,Tropical_Monsoon,67.8,0.0,23.2,3.0,6.3,0,0.32,0.331,127.0,0.514,79.3,1,106.72,56.1,58.1,0,6.5,0,9507
2023-10-06,West_Zone,Autumn,26.4,0,10166,Mumbai,19.08,72.88,17.1,0.83,14,1,0.6,Tropical_Monsoon,76.6,0.0,26.4,7.9,7.2,0,0.33,0.433,134.0,0.581,82.3,1,105.98,56.0,58.5,0,6.5,0,9425
2023-10-07,West_Zone,Autumn,23.5,1,14801,Mumbai,19.08,72.88,17.1,0.83,14,1,0.6,Tropical_Monsoon,72.3,0.0,23.5,4.3,6.4,0,0.417,0.399,116.0,0.511,81.6,1,106.01,60.4,72.4,0,6.5,0,13663
2023-10-08,West_Zone,Autumn,26.1,0,12152,Mumbai,19.08,72.88,17.1,0.83,14,1,0.6,Tropical_Monsoon,72.6,0.0,26.1,5.7,6.3,0,0.319,0.361,128.0,0.566,86.5,1,105.5,53.0,66.4,0,6.5,0,11045
2023-10-09,West_Zone,Autumn,28.4,0,13166,Mumbai,19.08,72.88,17.1,0.83,14,1,0.6,Tropical_Monsoon,67.7,0.2,31.1,7.1,6.5,0,0.24,0.306,96.0,0.503,79.7,1,106.69,51.5,49.2,0,6.5,0,11604
2023-10-10,West_Zone,Autumn,24.9,0,11244,Mumbai,19.08,72.88,17.1,0.83,14,1,0.6,Tropical_Monsoon,67.8,0.0,24.9,3.5,7.5,0,0.165,0.4,125.0,0.606,81.5,1,106.39,58.9,63.8,0,6.5,0,10436
2023-10-11,West_Zone,Autumn,25.3,0,11588,Mumbai,19.08,72.88,17.1,0.83,14,1,0.6,Tropical_Monsoon,79.2,0.0,25.3,4.5,5.6,0,0.147,0.492,106.0,0.571,80.9,1,104.19,54.6,57.6,0,6.5,0,10553
2023-10-12,West_Zone,Autumn,23.9,0,10290,Mumbai,19.08,72.88,17.1,0.83,14,1,0.6,Tropical_Monsoon,70.7,0.0,23.9,7.4,6.1,0,0.332,0.381,144.0,0.599,86.1,1,104.26,52.2,59.1,0,6.5,0,9530
2023-10-13,West_Zone,Autumn,23.4,0,11841,Mumbai,19.08,72.88,17.1,0.83,14,1,0.6,Tropical_Monsoon,69.7,0.0,23.4,4.4,6.4,0,0.379,0.44,121.0,0.564,80.5,1,105.71,54.2,54.6,0,6.5,0,10722
2023-10-14,West_Zone,Autumn,22.3,0,10608,Mumbai,19.08,72.88,17.1,0.83,14,1,0.6,Tropical_Monsoon,78.1,0.0,22.3,8.9,6.0,0,0.211,0.367,132.0,0.544,79.3,1,107.02,50.2,60.2,0,6.5,0,9624
2023-10-15,West_Zone,Autumn,23.0,0,11005,Mumbai,19.08,72.88,17.1,0.83,14,1,0.6,Tropical_Monsoon,68.6,0.0,23.0,3.0,6.7,0,0.326,0.435,125.0,0.595,79.7,1,107.23,56.6,58.0,0,6.5,0,10305
2023-10-16,West_Zone,Autumn,20.5,0,10390,Mumbai,19.08,72.88,17.1,0.83,14,1,0.6,Tropical_Monsoon,70.7,1.3,20.5,3.0,6.2,0,0.283,0.371,153.0,0.562,79.6,1,106.83,54.5,58.9,0,6.5,0,9351
2023-10-17,West_Zone,Autumn,23.8,0,11160,Mumbai,19.08,72.88,17.1,0.83,14,1,0.6,Tropical_Monsoon,71.8,0.0,23.8,11.7,6.6,0,0.372,0.236,92.0,0.517,80.3,1,105.93,57.5,62.9,0,6.5,0,9862
2023-10-18,West_Zone,Autumn,25.5,0,10589,Mumbai,19.08,72.88,17.1,0.83,14,1,0.6,Tropical_Monsoon,70.7,0.0,25.5,1.4,6.6,0,0.387,0.337,118.0,0.532,79.4,1,107.55,55.2,63.2,0,6.5,0,9532
2023-10-19,West_Zone,Autumn,21.9,1,14171,Mumbai,19.08,72.88,17.1,0.83,14,1,0.6,Tropical_Monsoon,74.2,0.0,21.9,5.9,6.3,0,0.073,0.388,103.0,0.545,82.0,1,105.38,55.3,79.1,0,6.5,0,13167
2023-10-20,West_Zone,Autumn,19.3,0,9075,Mumbai,19.08,72.88,17.1,0.83,14,1,0.6,Tropical_Monsoon,84.9,3.6,19.3,11.6,5.4,0,0.403,0.445,83.0,0.642,78.1,1,105.77,53.5,57.0,0,6.5,0,8626
2023-10-21,West_Zone,Autumn,27.0,1,15009,Mumbai,19.08,72.88,17.1,0.83,14,1,0.6,Tropical_Monsoon,71.5,0.0,29.0,5.9,6.7,0,0.325,0.371,102.0,0.502,83.7,1,104.7,53.9,75.4,0,6.5,0,13787
2023-10-22,West_Zone,Autumn,26.3,0,11243,Mumbai,19.08,72.88,17.1,0.83,14,1,0.6,Tropical_Monsoon,58.3,0.0,26.3,10.0,5.5,0,0.247,0.382,141.0,0.519,82.1,1,105.79,50.8,63.2,0,6.5,0,10116
2023-10-23,West_Zone,Autumn,19.1,0,10222,Mumbai,19.08,72.88,17.1,0.83,14,1,0.6,Tropical_Monsoon,76.2,0.0,19.1,8.0,5.8,0,0.25,0.345,119.0,0.582,86.9,1,105.28,59.2,60.4,0,6.5,0,9224
2023-10-24,West_Zone,Autumn,24.0,0,10934,Mumbai,19.08,72.88,17.1,0.83,14,1,0.6,Tropical_Monsoon,71.8,3.2,24.0,6.0,6.7,0,0.303,0.474,116.0,0.612,83.4,1,107.7,55.9,68.4,0,6.5,0,10269
2023-10-25,West_Zone,Autumn,27.4,1,14243,Mumbai,19.08,72.88,17.1,0.83,14,1,0.6,Tropical_Monsoon,69.8,5.1,29.5,5.6,7.3,0,0.25,0.47,134.0,0.55,83.1,1,107.51,48.0,68.8,0,6.5,0,12851
2023-10-26,West_Zone,Autumn,27.2,0,12047,Mumbai,19.08,72.88,17.1,0.83,14,1,0.6,Tropical_Monsoon,70.9,0.0,29.3,1.0,8.0,0,0.206,0.339,122.0,0.492,88.0,1,106.25,49.2,60.8,0,6.5,0,10598
2023-10-27,West_Zone,Autumn,15.6,0,9789,Mumbai,19.08,72.88,17.1,0.83,14,1,0.6,Tropical_Monsoon,76.5,0.0,15.6,5.0,5.8,0,0.229,0.289,131.0,0.57,83.3,1,106.67,59.8,61.5,0,6.5,0,8955
2023-10-28,West_Zone,Autumn,29.9,0,13014,Mumbai,19.08,72.88,17.1,0.83,14,1,0.6,Tropical_Monsoon,67.8,0.0,34.3,6.7,6.2,0,0.196,0.272,126.0,0.497,81.4,1,105.61,55.1,54.0,0,6.5,0,11821
2023-10-29,West_Zone,Autumn,25.5,0,12651,Mumbai,19.08,72.88,17.1,0.83,14,1,0.6,Tropical_Monsoon,73.8,0.0,25.5,6.7,6.8,0,0.435,0.416,130.0,0.549,79.4,1,103.7,54.4,66.3,0,6.5,0,11749
2023-10-30,West_Zone,Autumn,24.7,0,10425,Mumbai,19.08,72.88,17.1,0.83,14,1,0.6,Tropical_Monsoon,68.5,2.7,24.7,13.4,7.6,0,0.306,0.388,112.0,0.56,86.4,1,105.49,55.2,59.5,0,6.5,0,9571
2023-10-31,West_Zone,Autumn,23.6,0,10270,Mumbai,19.08,72.88,17.1,0.83,14,1,0.6,Tropical_Monsoon,67.1,0.0,23.6,6.8,7.3,0,0.525,0.333,139.0,0.511,79.0,1,107.01,57.8,62.2,0,6.5,0,9504
2023-11-01,West_Zone,Autumn,27.6,0,11154,Mumbai,19.08,72.88,17.1,0.83,14,1,0.6,Tropical_Monsoon,84.6,0.0,31.7,7.9,6.0,0,0.337,0.396,98.0,0.587,78.6,1,106.72,61.8,67.9,0,6.5,0,10284
2023-11-02,West_Zone,Autumn,27.5,0,11265,Mumbai,19.08,72.88,17.1,0.83,14,1,0.6,Tropical_Monsoon,65.9,0.0,29.3,9.5,6.5,0,0.359,0.306,118.0,0.537,78.6,1,105.91,57.1,61.1,0,6.5,0,10172
2023-11-03,West_Zone,Autumn,26.4,0,13248,Mumbai,19.08,72.88,17.1,0.83,14,1,0.6,Tropical_Monsoon,70.7,0.0,26.4,7.6,7.1,0,0.194,0.428,140.0,0.541,79.7,1,107.06,57.1,60.2,0,6.5,0,12128
2023-11-04,West_Zone,Autumn,21.2,1,14984,Mumbai,19.08,72.88,17.1,0.83,14,1,0.6,Tropical_Monsoon,65.8,0.0,21.2,5.7,6.9,0,0.278,0.357,117.0,0.525,82.1,1,105.87,53.1,72.3,0,6.5,0,13811
2023-11-05,West_Zone,Autumn,25.0,0,12251,Mumbai,19.08,72.88,17.1,0.83,14,1,0.6,Tropical_Monsoon,71.6,0.0,25.0,5.8,6.9,0,0.307,0.315,112.0,0.578,81.2,1,105.22,48.9,55.0,0,6.5,0,11769
2023-11-06,West_Zone,Autumn,22.2,0,9666,Mumbai,19.08,72.88,17.1,0.83,14,1,0.6,Tropical_Monsoon,68.0,0.0,22.2,4.9,6.1,0,0.236,0.358,161.0,0.541,83.6,1,107.12,57.7,58.1,0,6.5,0,8779
2023-11-07,West_Zone,Autumn,24.4,0,9594,Mumbai,19.08,72.88,17.1,0.83,14,1,0.6,Tropical_Monsoon,69.1,3.7,24.4,7.3,6.8,0,0.254,0.356,146.0,0.567,78.7,1,105.79,57.5,59.2,0,6.5,0,8779
2023-11-08,West_Zone,Autumn,29.3,0,12486,Mumbai,19.08,72.88,17.1,0.83,14,1,0.6,Tropical_Monsoon,73.6,0.6,34.2,5.5,7.3,0,0.342,0.402,123.0,0.56,79.4,1,107.44,60.4,60.5,0,6.5,0,11755
2023-11-09,West_Zone,Autumn,19.6,0,10857,Mumbai,19.08,72.88,17.1,0.83,14,1,0.6,Tropical_Monsoon,76.6,0.0,19.6,7.9,5.7,0,0.344,0.45,103.0,0.52,82.5,1,104.44,61.6,66.9,0,6.5,0,10031
2023-11-10,West_Zone,Autumn,23.8,0,13129,Mumbai,19.08,72.88,17.1,0.83,14,1,0.6,Tropical_Monsoon,74.6,0.0,23.8,3.0,7.2,0,0.166,0.447,83.0,0.594,79.1,1,105.89,50.7,64.6,0,6.5,0,11833
2023-11-11,West_Zone,Autumn,21.4,0,9216,Mumbai,19.08,72.88,17.1,0.83,14,1,0.6,Tropical_Monsoon,64.3,0.0,21.4,6.4,6.9,0,0.328,0.39,133.0,0.59,77.9,1,107.08,53.4,57.1,0,6.5,0,8671
2023-11-12,West_Zone,Autumn,20.2,1,14259,Mumbai,19.08,72.88,17.1,0.83,14,1,0.6,Tropical_Monsoon,83.1,0.3,20.2,10.7,5.8,0,0.355,0.369,143.0,0.608,77.4,1,107.0,58.5,71.9,0,6.5,0,13307
2023-11-13,West_Zone,Autumn,18.2,0,9429,Mumbai,19.08,72.88,17.1,0.83,14,1,0.6,Tropical_Monsoon,69.1,0.8,18.2,5.3,6.7,0,0.241,0.346,127.0,0.489,81.9,1,106.31,55.5,67.0,0,6.5,0,8214
2023-11-14,West_Zone,Autumn,27.3,0,10212,Mumbai,19.08,72.88,17.1,0.83,14,1,0.6,Tropical_Monsoon,77.3,0.0,30.1,11.5,7.1,0,0.231,0.274,89.0,0.434,81.8,1,106.84,61.5,51.4,0,6.5,0,9029
2023-11-15,West_Zone,Autumn,27.9,0,11226,Mumbai,19.08,72.88,17.1,0.83,14,1,0.6,Tropical_Monsoon,74.4,0.0,31.0,6.5,7.2,0,0.344,0.379,123.0,0.574,81.7,1,106.72,54.9,58.9,0,6.5,0,10168
2023-11-16,West_Zone,Autumn,23.5,0,11869,Mumbai,19.08,72.88,17.1,0.83,14,1,0.6,Tropical_Monsoon,74.8,0.0,23.5,5.8,7.4,0,0.043,0.329,111.0,0.524,85.7,1,105.11,63.0,53.5,0,6.5,0,10623
2023-11-17,West_Zone,Autumn,21.5,0,10919,Mumbai,19.08,72.88,17.1,0.83,14,1,0.6,Tropical_Monsoon,68.8,0.0,21.5,6.3,6.3,0,0.3,0.453,123.0,0.53,82.9,1,106.26,55.7,72.2,0,6.5,0,10083
2023-11-18,West_Zone,Autumn,23.1,0,9454,Mumbai,19.08,72.88,17.1,0.83,14,1,0.6,Tropical_Monsoon,72.9,0.0,23.1,5.1,6.6,0,0.463,0.368,155.0,0.555,82.0,1,106.88,62.3,63.9,0,6.5,0,8762
2023-11-19,West_Zone,Autumn,28.0,1,13959,Mumbai,19.08,72.88,17.1,0.83,14,1,0.6,Tropical_Monsoon,66.8,0.0,30.3,1.0,5.1,0,0.04,0.425,134.0,0.553,86.0,1,107.18,46.2,69.5,0,6.5,0,13147
2023-11-20,West_Zone,Autumn,28.0,0,12058,Mumbai,19.08,72.88,17.1,0.83,14,1,0.6,Tropical_Monsoon,69.3,0.0,30.6,8.6,7.3,0,0.382,0.351,130.0,0.509,84.9,1,106.64,57.6,59.8,0,6.5,0,11158
2023-11-21,West_Zone,Autumn,23.8,0,10796,Mumbai,19.08,72.88,17.1,0.83,14,1,0.6,Tropical_Monsoon,70.5,0.0,23.8,12.6,7.1,0,0.354,0.339,119.0,0.542,79.8,1,106.18,55.6,55.9,0,6.5,0,10028
2023-11-22,West_Zone,Autumn,21.9,0,9908,Mumbai,19.08,72.88,17.1,0.83,14,1,0.6,Tropical_Monsoon,62.7,0.0,21.9,7.4,7.2,0,0.156,0.416,127.0,0.581,84.5,1,105.42,46.8,70.0,0,6.5,0,9135
2023-11-23,West_Zone,Autumn,22.4,0,11686,Mumbai,19.08,72.88,17.1,0.83,14,1,0.6,Tropical_Monsoon,78.2,0.0,22.4,7.6,5.8,0,0.352,0.397,107.0,0.564,87.3,1,107.54,56.0,48.5,0,6.5,0,10291
2023-11-24,West_Zone,Autumn,19.0,0,9569,Mumbai,19.08,72.88,17.1,0.83,14,1,0.6,Tropical_Monsoon,74.2,0.0,19.0,5.5,6.8,0,0.4,0.399,130.0,0.565,87.3,1,107.45,51.0,61.6,0,6.5,0,8461
2023-11-25,West_Zone,Autumn,24.9,0,11612,Mumbai,19.08,72.88,17.1,0.83,14,1,0.6,Tropical_Monsoon,68.6,0.0,24.9,9.5,7.1,0,0.182,0.374,117.0,0.567,84.9,1,107.83,54.1,59.6,0,6.5,0,10768
2023-11-26,West_Zone,Autumn,17.1,0,9521,Mumbai,19.08,72.88,17.1,0.83,14,1,0.6,Tropical_Monsoon,72.9,0.0,17.1,5.9,5.7,0,0.229,0.427,105.0,0.516,83.2,1,105.79,56.5,54.9,0,6.5,0,8635
2023-11-27,West_Zone,Autumn,26.1,0,12107,Mumbai,19.08,72.88,17.1,0.83,14,1,0.6,Tropical_Monsoon,72.1,0.0,26.1,6.8,7.2,0,0.303,0.419,135.0,0.563,82.9,1,107.02,55.3,58.7,0,6.5,0,11351
2023-11-28,West_Zone,Autumn,22.2,0,9665,Mumbai,19.08,72.88,17.1,0.83,14,1,0.6,Tropical_Monsoon,68.2,0.0,22.2,1.3,6.6,0,0.398,0.249,80.0,0.529,86.4,1,106.23,56.9,51.9,0,6.5,0,8739
2023-11-29,West_Zone,Autumn,27.5,0,11255,Mumbai,19.08,72.88,17.1,0.83,14,1,0.6,Tropical_Monsoon,58.2,0.0,28.6,4.4,5.6,0,0.246,0.365,110.0,0.54,78.0,1,107.0,56.4,67.8,0,6.5,0,10060
2023-11-30,West_Zone,Autumn,23.1,1,13460,Mumbai,19.08,72.88,17.1,0.83,14,1,0.6,Tropical_Monsoon,74.2,0.0,23.1,7.1,6.8,0,0.296,0.441,131.0,0.545,85.8,1,109.89,66.4,72.1,0,6.5,0,12403
2023-12-01,West_Zone,Winter,16.6,0,8089,Mumbai,19.08,72.88,17.1,0.83,14,1,0.6,Tropical_Monsoon,80.6,0.0,16.6,8.7,3.1,0,0.234,0.359,172.0,0.527,82.4,1,107.92,57.2,76.6,0,6.5,0,7521
2023-12-02,West_Zone,Winter,12.8,0,8100,Mumbai,19.08,72.88,17.1,0.83,14,1,0.6,Tropical_Monsoon,79.3,0.0,12.8,8.8,2.4,0,0.302,0.318,158.0,0.531,79.2,1,106.29,56.0,69.6,0,6.5,0,7286
2023-12-03,West_Zone,Winter,20.7,0,10082,Mumbai,19.08,72.88,17.1,0.83,14,1,0.6,Tropical_Monsoon,69.8,0.0,20.7,1.3,4.0,0,0.405,0.412,138.0,0.59,78.5,1,106.82,57.4,78.7,0,6.5,0,9627
2023-12-04,West_Zone,Winter,18.3,0,9594,Mumbai,19.08,72.88,17.1,0.83,14,1,0.6,Tropical_Monsoon,77.5,0.3,18.3,1.6,3.6,0,0.311,0.451,149.0,0.619,76.9,1,106.74,55.6,72.2,0,6.5,0,8905
2023-12-05,West_Zone,Winter,13.5,0,8189,Mumbai,19.08,72.88,17.1,0.83,14,1,0.6,Tropical_Monsoon,72.6,0.0,13.5,7.8,4.3,0,0.264,0.392,155.0,0.598,83.7,1,107.26,49.6,77.4,0,6.5,0,7605
2023-12-06,West_Zone,Winter,14.5,0,9106,Mumbai,19.08,72.88,17.1,0.83,14,1,0.6,Tropical_Monsoon,74.2,0.0,14.5,3.8,3.6,0,0.297,0.498,178.0,0.538,87.8,1,105.64,58.0,74.8,0,6.5,0,8250
2023-12-07,West_Zone,Winter,19.1,0,10068,Mumbai,19.08,72.88,17.1,0.83,14,1,0.6,Tropical_Monsoon,72.8,0.0,19.1,8.7,4.2,0,0.22,0.531,167.0,0.565,80.5,1,107.52,61.2,71.8,0,6.5,0,9687
2023-12-08,West_Zone,Winter,18.6,0,8868,Mumbai,19.08,72.88,17.1,0.83,14,1,0.6,Tropical_Monsoon,81.1,0.0,18.6,1.1,4.0,0,0.201,0.304,167.0,0.556,79.4,1,105.11,61.3,77.0,0,6.5,0,8139
2023-12-09,West_Zone,Winter,13.8,0,7859,Mumbai,19.08,72.88,17.1,0.83,14,1,0.6,Tropical_Monsoon,77.9,1.9,13.8,5.7,4.1,0,0.42,0.397,151.0,0.598,85.6,1,105.59,58.0,92.9,0,6.5,0,7439
2023-12-10,West_Zone,Winter,15.9,0,8698,Mumbai,19.08,72.88,17.1,0.83,14,1,0.6,Tropical_Monsoon,76.2,0.0,15.9,5.9,3.0,0,0.464,0.283,131.0,0.502,82.3,1,109.29,55.6,66.3,0,6.5,0,7835
2023-12-11,West_Zone,Winter,17.2,0,8552,Mumbai,19.08,72.88,17.1,0.83,14,1,0.6,Tropical_Monsoon,87.5,0.0,17.2,7.4,3.7,0,0.121,0.46,125.0,0.58,85.8,1,106.96,56.8,71.4,0,6.5,0,7908
2023-12-12,West_Zone,Winter,15.1,0,9331,Mumbai,19.08,72.88,17.1,0.83,14,1,0.6,Tropical_Monsoon,80.7,0.0,15.1,2.9,3.4,0,0.358,0.379,145.0,0.521,79.1,1,108.78,63.7,65.5,0,6.5,0,8600
2023-12-13,West_Zone,Winter,8.8,0,8898,Mumbai,19.08,72.88,17.1,0.83,14,1,0.6,Tropical_Monsoon,84.4,0.0,8.8,1.0,3.6,0,0.386,0.391,163.0,0.566,84.0,1,106.58,54.7,74.1,0,6.5,0,8296
2023-12-14,West_Zone,Winter,14.2,0,6917,Mumbai,19.08,72.88,17.1,0.83,14,1,0.6,Tropical_Monsoon,77.6,1.3,14.2,6.5,3.6,0,0.179,0.489,141.0,0.563,87.4,1,105.32,50.4,73.1,0,6.5,0,6481
2023-12-15,West_Zone,Winter,15.5,0,8895,Mumbai,19.08,72.88,17.1,0.83,14,1,0.6,Tropical_Monsoon,75.7,3.0,15.5,7.6,3.2,0,0.253,0.34,160.0,0.55,78.9,1,106.41,64.4,81.7,0,6.5,0,8370
2023-12-16,West_Zone,Winter,14.8,0,9481,Mumbai,19.08,72.88,17.1,0.83,14,1,0.6,Tropical_Monsoon,68.2,0.0,14.8,9.0,3.3,0,0.242,0.325,136.0,0.505,81.0,1,110.18,53.0,70.7,0,6.5,0,8798
2023-12-17,West_Zone,Winter,17.2,0,9548,Mumbai,19.08,72.88,17.1,0.83,14,1,0.6,Tropical_Monsoon,82.5,0.0,17.2,4.9,4.6,0,0.49,0.283,138.0,0.482,80.9,1,106.11,49.2,76.8,0,6.5,0,8783
2023-12-18,West_Zone,Winter,16.4,0,9004,Mumbai,19.08,72.88,17.1,0.83,14,1,0.6,Tropical_Monsoon,80.4,0.0,16.4,8.3,2.6,0,0.465,0.496,175.0,0.677,84.2,1,109.33,58.0,61.6,0,6.5,0,8372
2023-12-19,West_Zone,Winter,20.3,0,8898,Mumbai,19.08,72.88,17.1,0.83,14,1,0.6,Tropical_Monsoon,74.9,0.0,20.3,7.5,4.2,0,0.208,0.482,164.0,0.583,85.8,1,107.94,57.8,72.8,0,6.5,0,8284
2023-12-20,West_Zone,Winter,15.4,0,8906,Mumbai,19.08,72.88,17.1,0.83,14,1,0.6,Tropical_Monsoon,78.1,0.0,15.4,10.0,4.3,0,0.154,0.402,144.0,0.625,80.0,1,107.74,57.9,67.7,0,6.5,0,8133
2023-12-21,West_Zone,Winter,17.4,0,8684,Mumbai,19.08,72.88,17.1,0.83,14,1,0.6,Tropical_Monsoon,81.2,0.0,17.4,5.8,4.0,0,0.377,0.343,135.0,0.591,89.5,1,106.91,59.3,75.0,0,6.5,0,7994
2023-12-22,West_Zone,Winter,9.8,0,7567,Mumbai,19.08,72.88,17.1,0.83,14,1,0.6,Tropical_Monsoon,74.3,0.8,9.8,1.0,4.4,0,0.354,0.47,167.0,0.528,82.2,1,106.79,55.1,77.8,0,6.5,0,7078
2023-12-23,West_Zone,Winter,15.8,0,10152,Mumbai,19.08,72.88,17.1,0.83,14,1,0.6,Tropical_Monsoon,75.6,2.3,15.8,5.8,4.1,0,0.424,0.585,166.0,0.617,80.3,1,108.29,55.7,69.0,0,6.5,0,9615
2023-12-24,West_Zone,Winter,11.2,0,8720,Mumbai,19.08,72.88,17.1,0.83,14,1,0.6,Tropical_Monsoon,75.6,0.0,11.2,6.3,3.5,0,0.194,0.406,162.0,0.523,86.3,1,109.08,54.3,74.7,0,6.5,0,8157
2023-12-25,West_Zone,Winter,22.1,0,10223,Mumbai,19.08,72.88,17.1,0.83,14,1,0.6,Tropical_Monsoon,83.6,4.7,22.1,7.6,3.6,0,0.372,0.348,147.0,0.538,82.4,1,107.99,56.7,70.2,0,6.5,0,9612
2023-12-26,West_Zone,Winter,11.1,0,7456,Mumbai,19.08,72.88,17.1,0.83,14,1,0.6,Tropical_Monsoon,85.7,0.0,11.1,1.4,3.5,0,0.227,0.495,130.0,0.527,80.9,1,108.57,58.6,72.2,0,6.5,0,6791
2023-12-27,West_Zone,Winter,15.0,0,9211,Mumbai,19.08,72.88,17.1,0.83,14,1,0.6,Tropical_Monsoon,68.0,0.0,15.0,5.1,3.9,0,0.362,0.352,150.0,0.501,80.4,1,107.44,59.6,74.1,0,6.5,0,8220
2023-12-28,West_Zone,Winter,13.2,0,9550,Mumbai,19.08,72.88,17.1,0.83,14,1,0.6,Tropical_Monsoon,72.5,0.0,13.2,8.6,3.4,0,0.296,0.398,175.0,0.534,88.3,1,110.07,53.4,67.0,0,6.5,0,8778
2023-12-29,West_Zone,Winter,11.7,0,6522,Mumbai,19.08,72.88,17.1,0.83,14,1,0.6,Tropical_Monsoon,80.3,0.0,11.7,5.7,2.9,0,0.49,0.262,134.0,0.509,79.0,1,108.17,51.3,67.0,0,6.5,0,6066
2023-12-30,West_Zone,Winter,18.3,0,7760,Mumbai,19.08,72.88,17.1,0.83,14,1,0.6,Tropical_Monsoon,74.7,1.2,18.3,5.1,2.9,0,0.345,0.402,151.0,0.562,85.4,1,110.0,60.5,76.3,0,6.5,0,7395
2023-12-31,West_Zone,Winter,14.4,0,11091,Mumbai,19.08,72.88,17.1,0.83,14,1,0.6,Tropical_Monsoon,72.7,0.0,14.4,11.7,3.6,0,0.269,0.343,179.0,0.515,79.6,1,107.03,53.7,68.6,0,6.5,0,10175
