Date,Region,Climate_Zone,Temp_Anomaly_C,Drought_Index,Air_Quality_Index,Water_Stress_Index
2021-01-01,East_Zone,Humid_Subtropical,-0.148,0.428,173.0,0.438
2021-01-02,East_Zone,Humid_Subtropical,-0.047,0.414,132.0,0.44
2021-01-03,East_Zone,Humid_Subtropical,-0.243,0.351,164.0,0.387
2021-01-04,East_Zone,Humid_Subtropical,0.083,0.535,148.0,0.492
2021-01-05,East_Zone,Humid_Subtropical,0.115,0.516,152.0,0.447
2021-01-06,East_Zone,Humid_Subtropical,0.008,0.409,159.0,0.396
2021-01-07,East_Zone,Humid_Subtropical,0.183,0.462,149.0,0.427
2021-01-08,East_Zone,Humid_Subtropical,0.135,0.543,138.0,0.482
2021-01-09,East_Zone,Humid_Subtropical,0.048,0.494,135.0,0.416
2021-01-10,East_Zone,Humid_Subtropical,-0.011,0.402,159.0,0.399
2021-01-11,East_Zone,Humid_Subtropical,-0.035,0.415,116.0,0.461
2021-01-12,East_Zone,Humid_Subtropical,0.056,0.317,180.0,0.417
2021-01-13,East_Zone,Humid_Subtropical,-0.014,0.466,152.0,0.429
2021-01-14,East_Zone,Humid_Subtropical,0.055,0.495,144.0,0.454
2021-01-15,East_Zone,Humid_Subtropical,0.062,0.495,155.0,0.516
2021-01-16,East_Zone,Humid_Subtropical,-0.023,0.462,139.0,0.494
2021-01-17,East_Zone,Humid_Subtropical,0.11,0.441,147.0,0.447
2021-01-18,East_Zone,Humid_Subtropical,-0.023,0.36,130.0,0.454
2021-01-19,East_Zone,Humid_Subtropical,0.002,0.439,157.0,0.453
2021-01-20,East_Zone,Humid_Subtropical,-0.098,0.382,149.0,0.382
2021-01-21,East_Zone,Humid_Subtropical,-0.027,0.452,153.0,0.394
2021-01-22,East_Zone,Humid_Subtropical,0.216,0.374,177.0,0.406
2021-01-23,East_Zone,Humid_Subtropical,-0.09,0.451,136.0,0.405
2021-01-24,East_Zone,Humid_Subtropical,0.044,0.499,148.0,0.473
2021-01-25,East_Zone,Humid_Subtropical,-0.045,0.443,120.0,0.434
2021-01-26,East_Zone,Humid_Subtropical,-0.221,0.44,160.0,0.463
2021-01-27,East_Zone,Humid_Subtropical,0.056,0.475,150.0,0.472
2021-01-28,East_Zone,Humid_Subtropical,-0.056,0.526,150.0,0.492
2021-01-29,East_Zone,Humid_Subtropical,0.032,0.414,147.0,0.416
2021-01-30,East_Zone,Humid_Subtropical,0.099,0.451,140.0,0.468
2021-01-31,East_Zone,Humid_Subtropical,0.023,0.511,195.0,0.439
2021-02-01,East_Zone,Humid_Subtropical,0.033,0.46,151.0,0.476
2021-02-02,East_Zone,Humid_Subtropical,-0.087,0.3,155.0,0.452
2021-02-03,East_Zone,Humid_Subtropical,0.071,0.377,129.0,0.456
2021-02-04,East_Zone,Humid_Subtropical,-0.019,0.465,166.0,0.451
2021-02-05,East_Zone,Humid_Subtropical,-0.2,0.396,148.0,0.456
2021-02-06,East_Zone,Humid_Subtropical,0.083,0.506,158.0,0.421
2021-02-07,East_Zone,Humid_Subtropical,0.113,0.531,166.0,0.42
2021-02-08,East_Zone,Humid_Subtropical,0.148,0.385,148.0,0.45
2021-02-09,East_Zone,Humid_Subtropical,0.217,0.358,138.0,0.469
2021-02-10,East_Zone,Humid_Subtropical,0.077,0.398,108.0,0.403
2021-02-11,East_Zone,Humid_Subtropical,0.051,0.395,143.0,0.439
2021-02-12,East_Zone,Humid_Subtropical,0.109,0.512,138.0,0.481
2021-02-13,East_Zone,Humid_Subtropical,-0.089,0.358,129.0,0.411
2021-02-14,East_Zone,Humid_Subtropical,-0.167,0.465,176.0,0.446
2021-02-15,East_Zone,Humid_Subtropical,-0.048,0.503,168.0,0.484
2021-02-16,East_Zone,Humid_Subtropical,0.128,0.469,117.0,0.46
2021-02-17,East_Zone,Humid_Subtropical,-0.066,0.446,153.0,0.455
2021-02-18,East_Zone,Humid_Subtropical,0.047,0.41,135.0,0.413
2021-02-19,East_Zone,Humid_Subtropical,0.057,0.531,157.0,0.472
2021-02-20,East_Zone,Humid_Subtropical,0.024,0.405,136.0,0.429
2021-02-21,East_Zone,Humid_Subtropical,-0.128,0.477,140.0,0.449
2021-02-22,East_Zone,Humid_Subtropical,0.034,0.41,167.0,0.426
2021-02-23,East_Zone,Humid_Subtropical,-0.042,0.309,165.0,0.416
2021-02-24,East_Zone,Humid_Subtropical,0.17,0.404,177.0,0.415
2021-02-25,East_Zone,Humid_Subtropical,0.114,0.411,146.0,0.443
2021-02-26,East_Zone,Humid_Subtropical,-0.039,0.411,124.0,0.432
2021-02-27,East_Zone,Humid_Subtropical,0.177,0.38,167.0,0.407
2021-02-28,East_Zone,Humid_Subtropical,0.034,0.458,167.0,0.396
2021-03-01,East_Zone,Humid_Subtropical,-0.167,0.664,106.0,0.534
2021-03-02,East_Zone,Humid_Subtropical,-0.008,0.602,82.0,0.513
2021-03-03,East_Zone,Humid_Subtropical,0.164,0.601,76.0,0.466
2021-03-04,East_Zone,Humid_Subtropical,-0.082,0.557,105.0,0.5
2021-03-05,East_Zone,Humid_Subtropical,-0.007,0.635,79.0,0.468
2021-03-06,East_Zone,Humid_Subtropical,-0.136,0.703,89.0,0.507
2021-03-07,East_Zone,Humid_Subtropical,-0.12,0.703,147.0,0.5
2021-03-08,East_Zone,Humid_Subtropical,-0.083,0.584,133.0,0.478
2021-03-09,East_Zone,Humid_Subtropical,-0.123,0.739,109.0,0.544
2021-03-10,East_Zone,Humid_Subtropical,-0.062,0.598,83.0,0.477
2021-03-11,East_Zone,Humid_Subtropical,0.174,0.559,82.0,0.47
2021-03-12,East_Zone,Humid_Subtropical,-0.004,0.538,108.0,0.497
2021-03-13,East_Zone,Humid_Subtropical,0.079,0.555,122.0,0.481
2021-03-14,East_Zone,Humid_Subtropical,0.109,0.64,86.0,0.482
2021-03-15,East_Zone,Humid_Subtropical,-0.111,0.605,87.0,0.498
2021-03-16,East_Zone,Humid_Subtropical,-0.083,0.582,97.0,0.515
2021-03-17,East_Zone,Humid_Subtropical,0.077,0.569,70.0,0.514
2021-03-18,East_Zone,Humid_Subtropical,-0.063,0.555,71.0,0.439
2021-03-19,East_Zone,Humid_Subtropical,0.07,0.567,74.0,0.444
2021-03-20,East_Zone,Humid_Subtropical,0.168,0.681,105.0,0.54
2021-03-21,East_Zone,Humid_Subtropical,-0.146,0.728,100.0,0.513
2021-03-22,East_Zone,Humid_Subtropical,-0.036,0.732,115.0,0.457
2021-03-23,East_Zone,Humid_Subtropical,-0.02,0.661,64.0,0.483
2021-03-24,East_Zone,Humid_Subtropical,-0.053,0.59,68.0,0.474
2021-03-25,East_Zone,Humid_Subtropical,-0.061,0.58,103.0,0.476
2021-03-26,East_Zone,Humid_Subtropical,-0.049,0.665,79.0,0.529
2021-03-27,East_Zone,Humid_Subtropical,-0.002,0.605,81.0,0.463
2021-03-28,East_Zone,Humid_Subtropical,0.016,0.645,113.0,0.529
2021-03-29,East_Zone,Humid_Subtropical,0.095,0.736,85.0,0.533
2021-03-30,East_Zone,Humid_Subtropical,-0.003,0.633,87.0,0.46
2021-03-31,East_Zone,Humid_Subtropical,0.112,0.757,90.0,0.52
2021-04-01,East_Zone,Humid_Subtropical,-0.059,0.552,92.0,0.493
2021-04-02,East_Zone,Humid_Subtropical,-0.12,0.647,107.0,0.503
2021-04-03,East_Zone,Humid_Subtropical,-0.03,0.639,73.0,0.511
2021-04-04,East_Zone,Humid_Subtropical,0.046,0.561,92.0,0.463
2021-04-05,East_Zone,Humid_Subtropical,0.086,0.668,116.0,0.524
2021-04-06,East_Zone,Humid_Subtropical,0.146,0.712,133.0,0.506
2021-04-07,East_Zone,Humid_Subtropical,0.029,0.752,71.0,0.604
2021-04-08,East_Zone,Humid_Subtropical,0.075,0.645,101.0,0.462
2021-04-09,East_Zone,Humid_Subtropical,0.137,0.506,92.0,0.547
2021-04-10,East_Zone,Humid_Subtropical,-0.078,0.649,93.0,0.474
2021-04-11,East_Zone,Humid_Subtropical,-0.021,0.665,81.0,0.544
2021-04-12,East_Zone,Humid_Subtropical,0.277,0.606,109.0,0.516
2021-04-13,East_Zone,Humid_Subtropical,0.086,0.633,108.0,0.471
2021-04-14,East_Zone,Humid_Subtropical,0.051,0.591,140.0,0.506
2021-04-15,East_Zone,Humid_Subtropical,0.089,0.612,71.0,0.478
2021-04-16,East_Zone,Humid_Subtropical,-0.134,0.681,64.0,0.518
2021-04-17,East_Zone,Humid_Subtropical,-0.065,0.703,132.0,0.52
2021-04-18,East_Zone,Humid_Subtropical,-0.101,0.544,94.0,0.466
2021-04-19,East_Zone,Humid_Subtropical,0.042,0.589,87.0,0.474
2021-04-20,East_Zone,Humid_Subtropical,-0.037,0.525,98.0,0.481
2021-04-21,East_Zone,Humid_Subtropical,0.01,0.73,70.0,0.495
2021-04-22,East_Zone,Humid_Subtropical,-0.031,0.672,102.0,0.482
2021-04-23,East_Zone,Humid_Subtropical,-0.163,0.5,94.0,0.494
2021-04-24,East_Zone,Humid_Subtropical,0.088,0.616,114.0,0.507
2021-04-25,East_Zone,Humid_Subtropical,-0.176,0.603,110.0,0.452
2021-04-26,East_Zone,Humid_Subtropical,-0.073,0.575,112.0,0.454
2021-04-27,East_Zone,Humid_Subtropical,-0.132,0.682,98.0,0.446
2021-04-28,East_Zone,Humid_Subtropical,-0.088,0.681,124.0,0.538
2021-04-29,East_Zone,Humid_Subtropical,0.02,0.636,105.0,0.52
2021-04-30,East_Zone,Humid_Subtropical,0.124,0.582,85.0,0.453
2021-05-01,East_Zone,Humid_Subtropical,-0.156,0.582,80.0,0.505
2021-05-02,East_Zone,Humid_Subtropical,-0.056,0.623,82.0,0.555
2021-05-03,East_Zone,Humid_Subtropical,-0.175,0.593,106.0,0.442
2021-05-04,East_Zone,Humid_Subtropical,-0.061,0.62,71.0,0.477
2021-05-05,East_Zone,Humid_Subtropical,0.007,0.653,98.0,0.456
2021-05-06,East_Zone,Humid_Subtropical,0.077,0.528,80.0,0.5
2021-05-07,East_Zone,Humid_Subtropical,-0.212,0.575,72.0,0.481
2021-05-08,East_Zone,Humid_Subtropical,0.055,0.618,75.0,0.483
2021-05-09,East_Zone,Humid_Subtropical,-0.097,0.714,95.0,0.525
2021-05-10,East_Zone,Humid_Subtropical,-0.122,0.671,109.0,0.491
2021-05-11,East_Zone,Humid_Subtropical,0.007,0.62,83.0,0.483
2021-05-12,East_Zone,Humid_Subtropical,0.063,0.644,58.0,0.509
2021-05-13,East_Zone,Humid_Subtropical,-0.01,0.614,152.0,0.475
2021-05-14,East_Zone,Humid_Subtropical,-0.109,0.685,115.0,0.497
2021-05-15,East_Zone,Humid_Subtropical,-0.01,0.646,112.0,0.497
2021-05-16,East_Zone,Humid_Subtropical,-0.073,0.697,124.0,0.517
2021-05-17,East_Zone,Humid_Subtropical,0.06,0.539,97.0,0.493
2021-05-18,East_Zone,Humid_Subtropical,0.108,0.572,93.0,0.5
2021-05-19,East_Zone,Humid_Subtropical,0.101,0.636,119.0,0.454
2021-05-20,East_Zone,Humid_Subtropical,-0.002,0.65,119.0,0.545
2021-05-21,East_Zone,Humid_Subtropical,0.112,0.764,106.0,0.533
2021-05-22,East_Zone,Humid_Subtropical,-0.102,0.512,111.0,0.458
2021-05-23,East_Zone,Humid_Subtropical,0.178,0.618,73.0,0.467
2021-05-24,East_Zone,Humid_Subtropical,-0.103,0.615,90.0,0.553
2021-05-25,East_Zone,Humid_Subtropical,-0.203,0.634,126.0,0.569
2021-05-26,East_Zone,Humid_Subtropical,0.137,0.724,109.0,0.577
2021-05-27,East_Zone,Humid_Subtropical,-0.071,0.673,69.0,0.512
2021-05-28,East_Zone,Humid_Subtropical,0.012,0.524,85.0,0.481
2021-05-29,East_Zone,Humid_Subtropical,-0.103,0.712,123.0,0.563
2021-05-30,East_Zone,Humid_Subtropical,0.236,0.71,103.0,0.51
2021-05-31,East_Zone,Humid_Subtropical,0.182,0.636,98.0,0.515
2021-06-01,East_Zone,Humid_Subtropical,0.155,0.0,64.0,0.347
2021-06-02,East_Zone,Humid_Subtropical,0.009,0.071,58.0,0.415
2021-06-03,East_Zone,Humid_Subtropical,0.098,0.108,51.0,0.41
2021-06-04,East_Zone,Humid_Subtropical,-0.005,0.14,45.0,0.371
2021-06-05,East_Zone,Humid_Subtropical,0.112,0.0,78.0,0.386
2021-06-06,East_Zone,Humid_Subtropical,-0.041,0.034,64.0,0.348
2021-06-07,East_Zone,Humid_Subtropical,0.158,0.146,73.0,0.36
2021-06-08,East_Zone,Humid_Subtropical,-0.046,0.17,70.0,0.374
2021-06-09,East_Zone,Humid_Subtropical,-0.035,0.106,85.0,0.371
2021-06-10,East_Zone,Humid_Subtropical,-0.047,0.149,68.0,0.354
2021-06-11,East_Zone,Humid_Subtropical,0.019,0.107,75.0,0.351
2021-06-12,East_Zone,Humid_Subtropical,-0.039,0.138,63.0,0.331
2021-06-13,East_Zone,Humid_Subtropical,0.049,0.089,43.0,0.338
2021-06-14,East_Zone,Humid_Subtropical,-0.048,0.109,56.0,0.374
2021-06-15,East_Zone,Humid_Subtropical,0.079,0.007,71.0,0.373
2021-06-16,East_Zone,Humid_Subtropical,0.152,0.123,72.0,0.398
2021-06-17,East_Zone,Humid_Subtropical,0.008,0.005,86.0,0.354
2021-06-18,East_Zone,Humid_Subtropical,0.222,0.123,52.0,0.325
2021-06-19,East_Zone,Humid_Subtropical,0.113,0.054,64.0,0.328
2021-06-20,East_Zone,Humid_Subtropical,0.214,0.102,58.0,0.36
2021-06-21,East_Zone,Humid_Subtropical,-0.006,0.023,89.0,0.375
2021-06-22,East_Zone,Humid_Subtropical,-0.166,0.05,67.0,0.336
2021-06-23,East_Zone,Humid_Subtropical,-0.071,0.102,67.0,0.329
2021-06-24,East_Zone,Humid_Subtropical,-0.06,0.125,59.0,0.415
2021-06-25,East_Zone,Humid_Subtropical,-0.095,0.146,56.0,0.354
2021-06-26,East_Zone,Humid_Subtropical,-0.22,0.011,34.0,0.309
2021-06-27,East_Zone,Humid_Subtropical,0.102,0.0,37.0,0.347
2021-06-28,East_Zone,Humid_Subtropical,-0.186,0.021,63.0,0.344
2021-06-29,East_Zone,Humid_Subtropical,0.093,0.016,61.0,0.329
2021-06-30,East_Zone,Humid_Subtropical,0.219,0.174,63.0,0.384
2021-07-01,East_Zone,Humid_Subtropical,-0.078,0.16,77.0,0.352
2021-07-02,East_Zone,Humid_Subtropical,0.039,0.02,62.0,0.33
2021-07-03,East_Zone,Humid_Subtropical,-0.04,0.183,54.0,0.385
2021-07-04,East_Zone,Humid_Subtropical,0.083,0.157,56.0,0.318
2021-07-05,East_Zone,Humid_Subtropical,-0.119,0.0,64.0,0.369
2021-07-06,East_Zone,Humid_Subtropical,-0.013,0.018,53.0,0.303
2021-07-07,East_Zone,Humid_Subtropical,0.112,0.0,79.0,0.312
2021-07-08,East_Zone,Humid_Subtropical,-0.005,0.075,60.0,0.389
2021-07-09,East_Zone,Humid_Subtropical,-0.163,0.081,65.0,0.377
2021-07-10,East_Zone,Humid_Subtropical,0.124,0.081,45.0,0.363
2021-07-11,East_Zone,Humid_Subtropical,-0.13,0.0,79.0,0.289
2021-07-12,East_Zone,Humid_Subtropical,0.008,0.0,86.0,0.322
2021-07-13,East_Zone,Humid_Subtropical,0.058,0.096,35.0,0.358
2021-07-14,East_Zone,Humid_Subtropical,0.012,0.117,67.0,0.365
2021-07-15,East_Zone,Humid_Subtropical,0.254,0.0,58.0,0.374
2021-07-16,East_Zone,Humid_Subtropical,0.073,0.003,65.0,0.401
2021-07-17,East_Zone,Humid_Subtropical,-0.02,0.141,68.0,0.394
2021-07-18,East_Zone,Humid_Subtropical,0.06,0.007,20.0,0.326
2021-07-19,East_Zone,Humid_Subtropical,0.021,0.079,74.0,0.396
2021-07-20,East_Zone,Humid_Subtropical,0.004,0.001,80.0,0.323
2021-07-21,East_Zone,Humid_Subtropical,0.024,0.13,82.0,0.294
2021-07-22,East_Zone,Humid_Subtropical,-0.043,0.0,43.0,0.303
2021-07-23,East_Zone,Humid_Subtropical,0.021,0.062,59.0,0.284
2021-07-24,East_Zone,Humid_Subtropical,-0.051,0.136,50.0,0.362
2021-07-25,East_Zone,Humid_Subtropical,-0.19,0.117,26.0,0.364
2021-07-26,East_Zone,Humid_Subtropical,0.114,0.052,49.0,0.305
2021-07-27,East_Zone,Humid_Subtropical,-0.057,0.038,40.0,0.324
2021-07-28,East_Zone,Humid_Subtropical,0.014,0.066,66.0,0.314
2021-07-29,East_Zone,Humid_Subtropical,-0.076,0.003,31.0,0.337
2021-07-30,East_Zone,Humid_Subtropical,-0.073,0.074,42.0,0.333
2021-07-31,East_Zone,Humid_Subtropical,-0.104,0.075,51.0,0.389
2021-08-01,East_Zone,Humid_Subtropical,0.095,0.055,74.0,0.359
2021-08-02,East_Zone,Humid_Subtropical,0.119,0.14,110.0,0.423
2021-08-03,East_Zone,Humid_Subtropical,0.003,0.016,65.0,0.33
2021-08-04,East_Zone,Humid_Subtropical,-0.054,0.0,41.0,0.404
2021-08-05,East_Zone,Humid_Subtropical,-0.169,0.048,48.0,0.352
2021-08-06,East_Zone,Humid_Subtropical,0.08,0.087,72.0,0.346
2021-08-07,East_Zone,Humid_Subtropical,-0.068,0.074,36.0,0.431
2021-08-08,East_Zone,Humid_Subtropical,-0.112,0.071,80.0,0.303
2021-08-09,East_Zone,Humid_Subtropical,0.003,0.012,65.0,0.326
2021-08-10,East_Zone,Humid_Subtropical,-0.033,0.021,58.0,0.295
2021-08-11,East_Zone,Humid_Subtropical,-0.152,0.051,30.0,0.298
2021-08-12,East_Zone,Humid_Subtropical,-0.138,0.046,77.0,0.289
2021-08-13,East_Zone,Humid_Subtropical,0.034,0.146,46.0,0.395
2021-08-14,East_Zone,Humid_Subtropical,-0.066,0.096,63.0,0.324
2021-08-15,East_Zone,Humid_Subtropical,0.051,0.048,57.0,0.344
2021-08-16,East_Zone,Humid_Subtropical,0.015,0.146,31.0,0.403
2021-08-17,East_Zone,Humid_Subtropical,0.105,0.107,56.0,0.381
2021-08-18,East_Zone,Humid_Subtropical,-0.083,0.0,38.0,0.352
2021-08-19,East_Zone,Humid_Subtropical,0.023,0.0,48.0,0.376
2021-08-20,East_Zone,Humid_Subtropical,0.064,0.0,68.0,0.388
2021-08-21,East_Zone,Humid_Subtropical,-0.063,0.116,73.0,0.331
2021-08-22,East_Zone,Humid_Subtropical,0.113,0.133,60.0,0.388
2021-08-23,East_Zone,Humid_Subtropical,-0.167,0.0,44.0,0.332
2021-08-24,East_Zone,Humid_Subtropical,-0.083,0.12,48.0,0.366
2021-08-25,East_Zone,Humid_Subtropical,-0.17,0.117,48.0,0.324
2021-08-26,East_Zone,Humid_Subtropical,-0.074,0.164,22.0,0.365
2021-08-27,East_Zone,Humid_Subtropical,-0.015,0.137,61.0,0.362
2021-08-28,East_Zone,Humid_Subtropical,0.083,0.161,30.0,0.423
2021-08-29,East_Zone,Humid_Subtropical,-0.016,0.109,61.0,0.333
2021-08-30,East_Zone,Humid_Subtropical,-0.06,0.107,34.0,0.295
2021-08-31,East_Zone,Humid_Subtropical,-0.155,0.06,38.0,0.355
2021-09-01,East_Zone,Humid_Subtropical,-0.121,0.429,132.0,0.41
2021-09-02,East_Zone,Humid_Subtropical,0.031,0.3,120.0,0.411
2021-09-03,East_Zone,Humid_Subtropical,0.088,0.372,86.0,0.453
2021-09-04,East_Zone,Humid_Subtropical,-0.042,0.412,110.0,0.44
2021-09-05,East_Zone,Humid_Subtropical,0.121,0.464,125.0,0.443
2021-09-06,East_Zone,Humid_Subtropical,-0.095,0.351,109.0,0.423
2021-09-07,East_Zone,Humid_Subtropical,-0.039,0.438,114.0,0.475
2021-09-08,East_Zone,Humid_Subtropical,-0.031,0.368,124.0,0.397
2021-09-09,East_Zone,Humid_Subtropical,0.153,0.439,121.0,0.472
2021-09-10,East_Zone,Humid_Subtropical,0.013,0.332,102.0,0.393
2021-09-11,East_Zone,Humid_Subtropical,-0.18,0.424,120.0,0.464
2021-09-12,East_Zone,Humid_Subtropical,0.095,0.374,115.0,0.387
2021-09-13,East_Zone,Humid_Subtropical,0.185,0.309,151.0,0.434
2021-09-14,East_Zone,Humid_Subtropical,-0.025,0.371,118.0,0.43
2021-09-15,East_Zone,Humid_Subtropical,-0.09,0.459,122.0,0.458
2021-09-16,East_Zone,Humid_Subtropical,0.086,0.319,125.0,0.449
2021-09-17,East_Zone,Humid_Subtropical,0.196,0.291,114.0,0.388
2021-09-18,East_Zone,Humid_Subtropical,0.085,0.404,107.0,0.44
2021-09-19,East_Zone,Humid_Subtropical,-0.162,0.279,128.0,0.419
2021-09-20,East_Zone,Humid_Subtropical,0.075,0.474,128.0,0.45
2021-09-21,East_Zone,Humid_Subtropical,0.04,0.472,157.0,0.48
2021-09-22,East_Zone,Humid_Subtropical,-0.095,0.442,133.0,0.46
2021-09-23,East_Zone,Humid_Subtropical,0.129,0.379,134.0,0.417
2021-09-24,East_Zone,Humid_Subtropical,0.044,0.48,133.0,0.498
2021-09-25,East_Zone,Humid_Subtropical,0.131,0.461,108.0,0.472
2021-09-26,East_Zone,Humid_Subtropical,-0.106,0.348,97.0,0.402
2021-09-27,East_Zone,Humid_Subtropical,0.04,0.466,102.0,0.431
2021-09-28,East_Zone,Humid_Subtropical,-0.09,0.325,132.0,0.415
2021-09-29,East_Zone,Humid_Subtropical,0.025,0.368,146.0,0.445
2021-09-30,East_Zone,Humid_Subtropical,0.148,0.272,133.0,0.342
2021-10-01,East_Zone,Humid_Subtropical,-0.143,0.389,117.0,0.413
2021-10-02,East_Zone,Humid_Subtropical,-0.137,0.362,150.0,0.413
2021-10-03,East_Zone,Humid_Subtropical,0.096,0.353,112.0,0.385
2021-10-04,East_Zone,Humid_Subtropical,-0.001,0.37,99.0,0.402
2021-10-05,East_Zone,Humid_Subtropical,0.117,0.345,125.0,0.43
2021-10-06,East_Zone,Humid_Subtropical,-0.081,0.383,143.0,0.421
2021-10-07,East_Zone,Humid_Subtropical,0.005,0.457,105.0,0.442
2021-10-08,East_Zone,Humid_Subtropical,0.069,0.316,89.0,0.378
2021-10-09,East_Zone,Humid_Subtropical,0.021,0.432,121.0,0.442
2021-10-10,East_Zone,Humid_Subtropical,-0.179,0.393,134.0,0.393
2021-10-11,East_Zone,Humid_Subtropical,0.282,0.402,67.0,0.484
2021-10-12,East_Zone,Humid_Subtropical,0.021,0.378,138.0,0.487
2021-10-13,East_Zone,Humid_Subtropical,-0.134,0.337,95.0,0.41
2021-10-14,East_Zone,Humid_Subtropical,0.031,0.407,133.0,0.408
2021-10-15,East_Zone,Humid_Subtropical,0.043,0.411,84.0,0.468
2021-10-16,East_Zone,Humid_Subtropical,0.099,0.332,93.0,0.441
2021-10-17,East_Zone,Humid_Subtropical,0.093,0.3,131.0,0.471
2021-10-18,East_Zone,Humid_Subtropical,-0.021,0.385,142.0,0.5
2021-10-19,East_Zone,Humid_Subtropical,-0.172,0.425,120.0,0.385
2021-10-20,East_Zone,Humid_Subtropical,0.046,0.44,163.0,0.485
2021-10-21,East_Zone,Humid_Subtropical,-0.164,0.452,102.0,0.446
2021-10-22,East_Zone,Humid_Subtropical,0.122,0.402,101.0,0.457
2021-10-23,East_Zone,Humid_Subtropical,-0.073,0.364,115.0,0.454
2021-10-24,East_Zone,Humid_Subtropical,0.063,0.38,114.0,0.457
2021-10-25,East_Zone,Humid_Subtropical,-0.066,0.305,125.0,0.446
2021-10-26,East_Zone,Humid_Subtropical,-0.049,0.339,107.0,0.408
2021-10-27,East_Zone,Humid_Subtropical,-0.08,0.377,130.0,0.406
2021-10-28,East_Zone,Humid_Subtropical,0.072,0.364,130.0,0.467
2021-10-29,East_Zone,Humid_Subtropical,-0.062,0.386,149.0,0.41
2021-10-30,East_Zone,Humid_Subtropical,0.077,0.298,111.0,0.47
2021-10-31,East_Zone,Humid_Subtropical,-0.06,0.311,126.0,0.395
2021-11-01,East_Zone,Humid_Subtropical,-0.023,0.427,131.0,0.435
2021-11-02,East_Zone,Humid_Subtropical,0.004,0.33,120.0,0.417
2021-11-03,East_Zone,Humid_Subtropical,0.015,0.339,116.0,0.379
2021-11-04,East_Zone,Humid_Subtropical,-0.092,0.386,83.0,0.39
2021-11-05,East_Zone,Humid_Subtropical,0.07,0.324,122.0,0.448
2021-11-06,East_Zone,Humid_Subtropical,-0.027,0.446,131.0,0.4
2021-11-07,East_Zone,Humid_Subtropical,0.054,0.305,119.0,0.492
2021-11-08,East_Zone,Humid_Subtropical,-0.002,0.38,106.0,0.432
2021-11-09,East_Zone,Humid_Subtropical,0.059,0.335,90.0,0.393
2021-11-10,East_Zone,Humid_Subtropical,-0.041,0.389,128.0,0.45
2021-11-11,East_Zone,Humid_Subtropical,-0.079,0.35,121.0,0.354
2021-11-12,East_Zone,Humid_Subtropical,0.043,0.379,145.0,0.425
2021-11-13,East_Zone,Humid_Subtropical,-0.049,0.453,94.0,0.447
2021-11-14,East_Zone,Humid_Subtropical,0.146,0.339,112.0,0.387
2021-11-15,East_Zone,Humid_Subtropical,0.007,0.338,96.0,0.406
2021-11-16,East_Zone,Humid_Subtropical,-0.137,0.361,138.0,0.476
2021-11-17,East_Zone,Humid_Subtropical,-0.059,0.468,142.0,0.462
2021-11-18,East_Zone,Humid_Subtropical,-0.1,0.375,155.0,0.446
2021-11-19,East_Zone,Humid_Subtropical,0.107,0.454,129.0,0.43
2021-11-20,East_Zone,Humid_Subtropical,0.077,0.369,134.0,0.393
2021-11-21,East_Zone,Humid_Subtropical,-0.006,0.451,128.0,0.446
2021-11-22,East_Zone,Humid_Subtropical,0.029,0.404,130.0,0.367
2021-11-23,East_Zone,Humid_Subtropical,-0.009,0.413,121.0,0.41
2021-11-24,East_Zone,Humid_Subtropical,0.086,0.294,131.0,0.376
2021-11-25,East_Zone,Humid_Subtropical,0.052,0.285,159.0,0.35
2021-11-26,East_Zone,Humid_Subtropical,0.07,0.444,124.0,0.47
2021-11-27,East_Zone,Humid_Subtropical,-0.019,0.443,120.0,0.447
2021-11-28,East_Zone,Humid_Subtropical,-0.063,0.525,124.0,0.453
2021-11-29,East_Zone,Humid_Subtropical,0.067,0.291,117.0,0.433
2021-11-30,East_Zone,Humid_Subtropical,0.155,0.409,124.0,0.393
2021-12-01,East_Zone,Humid_Subtropical,0.111,0.359,147.0,0.389
2021-12-02,East_Zone,Humid_Subtropical,0.158,0.376,171.0,0.468
2021-12-03,East_Zone,Humid_Subtropical,0.016,0.39,169.0,0.506
2021-12-04,East_Zone,Humid_Subtropical,-0.097,0.443,189.0,0.471
2021-12-05,East_Zone,Humid_Subtropical,-0.088,0.38,150.0,0.449
2021-12-06,East_Zone,Humid_Subtropical,0.138,0.422,155.0,0.428
2021-12-07,East_Zone,Humid_Subtropical,-0.186,0.47,154.0,0.441
2021-12-08,East_Zone,Humid_Subtropical,0.15,0.488,154.0,0.469
2021-12-09,East_Zone,Humid_Subtropical,-0.079,0.462,170.0,0.497
2021-12-10,East_Zone,Humid_Subtropical,0.192,0.447,121.0,0.465
2021-12-11,East_Zone,Humid_Subtropical,-0.007,0.412,158.0,0.472
2021-12-12,East_Zone,Humid_Subtropical,0.072,0.386,186.0,0.409
2021-12-13,East_Zone,Humid_Subtropical,0.239,0.452,175.0,0.472
2021-12-14,East_Zone,Humid_Subtropical,-0.033,0.357,172.0,0.409
2021-12-15,East_Zone,Humid_Subtropical,-0.035,0.427,165.0,0.451
2021-12-16,East_Zone,Humid_Subtropical,-0.069,0.355,139.0,0.447
2021-12-17,East_Zone,Humid_Subtropical,-0.1,0.418,137.0,0.429
2021-12-18,East_Zone,Humid_Subtropical,-0.033,0.357,137.0,0.399
2021-12-19,East_Zone,Humid_Subtropical,-0.055,0.396,130.0,0.45
2021-12-20,East_Zone,Humid_Subtropical,-0.125,0.379,167.0,0.431
2021-12-21,East_Zone,Humid_Subtropical,-0.021,0.372,176.0,0.437
2021-12-22,East_Zone,Humid_Subtropical,0.045,0.415,158.0,0.463
2021-12-23,East_Zone,Humid_Subtropical,-0.09,0.275,164.0,0.448
2021-12-24,East_Zone,Humid_Subtropical,-0.016,0.312,155.0,0.438
2021-12-25,East_Zone,Humid_Subtropical,0.141,0.468,160.0,0.473
2021-12-26,East_Zone,Humid_Subtropical,-0.142,0.429,112.0,0.432
2021-12-27,East_Zone,Humid_Subtropical,0.193,0.377,156.0,0.424
2021-12-28,East_Zone,Humid_Subtropical,-0.067,0.478,142.0,0.473
2021-12-29,East_Zone,Humid_Subtropical,0.02,0.382,149.0,0.425
2021-12-30,East_Zone,Humid_Subtropical,0.128,0.385,154.0,0.45
2021-12-31,East_Zone,Humid_Subtropical,0.158,0.373,137.0,0.409
2022-01-01,East_Zone,Humid_Subtropical,0.197,0.534,131.0,0.531
2022-01-02,East_Zone,Humid_Subtropical,0.081,0.434,137.0,0.454
2022-01-03,East_Zone,Humid_Subtropical,0.072,0.432,124.0,0.452
2022-01-04,East_Zone,Humid_Subtropical,0.093,0.448,129.0,0.438
2022-01-05,East_Zone,Humid_Subtropical,0.339,0.309,132.0,0.475
2022-01-06,East_Zone,Humid_Subtropical,0.112,0.384,124.0,0.398
2022-01-07,East_Zone,Humid_Subtropical,0.182,0.447,160.0,0.431
2022-01-08,East_Zone,Humid_Subtropical,0.046,0.42,134.0,0.471
2022-01-09,East_Zone,Humid_Subtropical,0.034,0.552,116.0,0.485
2022-01-10,East_Zone,Humid_Subtropical,0.153,0.388,143.0,0.42
2022-01-11,East_Zone,Humid_Subtropical,0.118,0.477,130.0,0.443
2022-01-12,East_Zone,Humid_Subtropical,0.125,0.468,176.0,0.448
2022-01-13,East_Zone,Humid_Subtropical,0.002,0.429,152.0,0.45
2022-01-14,East_Zone,Humid_Subtropical,0.143,0.439,124.0,0.496
2022-01-15,East_Zone,Humid_Subtropical,0.305,0.403,160.0,0.459
2022-01-16,East_Zone,Humid_Subtropical,0.065,0.302,152.0,0.446
2022-01-17,East_Zone,Humid_Subtropical,0.24,0.441,146.0,0.437
2022-01-18,East_Zone,Humid_Subtropical,-0.196,0.446,178.0,0.467
2022-01-19,East_Zone,Humid_Subtropical,0.07,0.455,132.0,0.407
2022-01-20,East_Zone,Humid_Subtropical,-0.041,0.424,169.0,0.451
2022-01-21,East_Zone,Humid_Subtropical,0.274,0.478,143.0,0.463
2022-01-22,East_Zone,Humid_Subtropical,0.238,0.368,150.0,0.487
2022-01-23,East_Zone,Humid_Subtropical,0.047,0.508,137.0,0.514
2022-01-24,East_Zone,Humid_Subtropical,0.179,0.361,138.0,0.422
2022-01-25,East_Zone,Humid_Subtropical,0.27,0.414,142.0,0.419
2022-01-26,East_Zone,Humid_Subtropical,0.286,0.461,116.0,0.432
2022-01-27,East_Zone,Humid_Subtropical,0.109,0.389,156.0,0.428
2022-01-28,East_Zone,Humid_Subtropical,-0.071,0.465,152.0,0.495
2022-01-29,East_Zone,Humid_Subtropical,0.06,0.399,123.0,0.452
2022-01-30,East_Zone,Humid_Subtropical,0.227,0.427,162.0,0.462
2022-01-31,East_Zone,Humid_Subtropical,0.36,0.409,176.0,0.467
2022-02-01,East_Zone,Humid_Subtropical,0.145,0.385,138.0,0.406
2022-02-02,East_Zone,Humid_Subtropical,0.089,0.555,136.0,0.457
2022-02-03,East_Zone,Humid_Subtropical,0.39,0.37,170.0,0.448
2022-02-04,East_Zone,Humid_Subtropical,0.191,0.283,157.0,0.387
2022-02-05,East_Zone,Humid_Subtropical,0.027,0.372,148.0,0.387
2022-02-06,East_Zone,Humid_Subtropical,0.138,0.428,165.0,0.415
2022-02-07,East_Zone,Humid_Subtropical,0.25,0.397,155.0,0.471
2022-02-08,East_Zone,Humid_Subtropical,0.143,0.481,176.0,0.449
2022-02-09,East_Zone,Humid_Subtropical,0.229,0.479,150.0,0.467
2022-02-10,East_Zone,Humid_Subtropical,-0.011,0.401,158.0,0.409
2022-02-11,East_Zone,Humid_Subtropical,0.007,0.319,170.0,0.431
2022-02-12,East_Zone,Humid_Subtropical,0.077,0.343,106.0,0.418
2022-02-13,East_Zone,Humid_Subtropical,0.122,0.418,170.0,0.458
2022-02-14,East_Zone,Humid_Subtropical,0.183,0.326,141.0,0.407
2022-02-15,East_Zone,Humid_Subtropical,0.214,0.398,159.0,0.455
2022-02-16,East_Zone,Humid_Subtropical,0.397,0.505,180.0,0.45
2022-02-17,East_Zone,Humid_Subtropical,0.076,0.441,144.0,0.448
2022-02-18,East_Zone,Humid_Subtropical,0.119,0.423,142.0,0.438
2022-02-19,East_Zone,Humid_Subtropical,0.079,0.358,149.0,0.43
2022-02-20,East_Zone,Humid_Subtropical,0.258,0.431,124.0,0.456
2022-02-21,East_Zone,Humid_Subtropical,0.263,0.404,190.0,0.426
2022-02-22,East_Zone,Humid_Subtropical,0.105,0.434,149.0,0.445
2022-02-23,East_Zone,Humid_Subtropical,0.357,0.464,180.0,0.462
2022-02-24,East_Zone,Humid_Subtropical,0.079,0.474,144.0,0.474
2022-02-25,East_Zone,Humid_Subtropical,0.253,0.428,151.0,0.445
2022-02-26,East_Zone,Humid_Subtropical,0.295,0.451,167.0,0.426
2022-02-27,East_Zone,Humid_Subtropical,0.014,0.389,130.0,0.44
2022-02-28,East_Zone,Humid_Subtropical,0.208,0.488,148.0,0.482
2022-03-01,East_Zone,Humid_Subtropical,-0.123,0.567,111.0,0.442
2022-03-02,East_Zone,Humid_Subtropical,0.232,0.608,91.0,0.452
2022-03-03,East_Zone,Humid_Subtropical,0.04,0.694,86.0,0.494
2022-03-04,East_Zone,Humid_Subtropical,0.207,0.591,115.0,0.482
2022-03-05,East_Zone,Humid_Subtropical,0.225,0.54,120.0,0.409
2022-03-06,East_Zone,Humid_Subtropical,0.262,0.595,123.0,0.506
2022-03-07,East_Zone,Humid_Subtropical,0.239,0.704,83.0,0.511
2022-03-08,East_Zone,Humid_Subtropical,0.156,0.484,85.0,0.39
2022-03-09,East_Zone,Humid_Subtropical,0.112,0.626,87.0,0.463
2022-03-10,East_Zone,Humid_Subtropical,0.143,0.582,108.0,0.476
2022-03-11,East_Zone,Humid_Subtropical,0.038,0.61,73.0,0.439
2022-03-12,East_Zone,Humid_Subtropical,0.129,0.599,74.0,0.519
2022-03-13,East_Zone,Humid_Subtropical,0.121,0.678,82.0,0.515
2022-03-14,East_Zone,Humid_Subtropical,0.071,0.623,78.0,0.516
2022-03-15,East_Zone,Humid_Subtropical,-0.024,0.681,111.0,0.479
2022-03-16,East_Zone,Humid_Subtropical,0.022,0.697,110.0,0.527
2022-03-17,East_Zone,Humid_Subtropical,-0.165,0.622,86.0,0.476
2022-03-18,East_Zone,Humid_Subtropical,0.119,0.598,92.0,0.484
2022-03-19,East_Zone,Humid_Subtropical,0.186,0.643,49.0,0.511
2022-03-20,East_Zone,Humid_Subtropical,-0.118,0.654,87.0,0.501
2022-03-21,East_Zone,Humid_Subtropical,0.174,0.551,117.0,0.502
2022-03-22,East_Zone,Humid_Subtropical,0.138,0.634,86.0,0.503
2022-03-23,East_Zone,Humid_Subtropical,0.032,0.605,75.0,0.477
2022-03-24,East_Zone,Humid_Subtropical,0.107,0.595,120.0,0.514
2022-03-25,East_Zone,Humid_Subtropical,0.255,0.579,75.0,0.516
2022-03-26,East_Zone,Humid_Subtropical,0.053,0.582,123.0,0.488
2022-03-27,East_Zone,Humid_Subtropical,0.158,0.695,147.0,0.554
2022-03-28,East_Zone,Humid_Subtropical,0.185,0.598,93.0,0.482
2022-03-29,East_Zone,Humid_Subtropical,0.068,0.689,117.0,0.508
2022-03-30,East_Zone,Humid_Subtropical,0.251,0.628,65.0,0.497
2022-03-31,East_Zone,Humid_Subtropical,0.19,0.552,64.0,0.474
2022-04-01,East_Zone,Humid_Subtropical,0.125,0.631,81.0,0.488
2022-04-02,East_Zone,Humid_Subtropical,0.386,0.549,110.0,0.456
2022-04-03,East_Zone,Humid_Subtropical,0.251,0.656,95.0,0.474
2022-04-04,East_Zone,Humid_Subtropical,-0.019,0.608,92.0,0.495
2022-04-05,East_Zone,Humid_Subtropical,0.111,0.671,72.0,0.544
2022-04-06,East_Zone,Humid_Subtropical,0.397,0.706,93.0,0.541
2022-04-07,East_Zone,Humid_Subtropical,0.052,0.516,83.0,0.481
2022-04-08,East_Zone,Humid_Subtropical,0.157,0.592,78.0,0.525
2022-04-09,East_Zone,Humid_Subtropical,0.273,0.547,77.0,0.477
2022-04-10,East_Zone,Humid_Subtropical,0.215,0.749,98.0,0.498
2022-04-11,East_Zone,Humid_Subtropical,0.23,0.594,82.0,0.478
2022-04-12,East_Zone,Humid_Subtropical,0.224,0.541,95.0,0.473
2022-04-13,East_Zone,Humid_Subtropical,0.153,0.754,63.0,0.513
2022-04-14,East_Zone,Humid_Subtropical,0.071,0.576,104.0,0.502
2022-04-15,East_Zone,Humid_Subtropical,0.193,0.523,99.0,0.499
2022-04-16,East_Zone,Humid_Subtropical,0.11,0.55,91.0,0.426
2022-04-17,East_Zone,Humid_Subtropical,0.102,0.629,98.0,0.493
2022-04-18,East_Zone,Humid_Subtropical,0.298,0.623,112.0,0.409
2022-04-19,East_Zone,Humid_Subtropical,0.112,0.57,69.0,0.48
2022-04-20,East_Zone,Humid_Subtropical,0.321,0.591,96.0,0.485
2022-04-21,East_Zone,Humid_Subtropical,0.176,0.623,72.0,0.549
2022-04-22,East_Zone,Humid_Subtropical,0.134,0.699,97.0,0.559
2022-04-23,East_Zone,Humid_Subtropical,-0.032,0.64,90.0,0.528
2022-04-24,East_Zone,Humid_Subtropical,0.362,0.586,95.0,0.458
2022-04-25,East_Zone,Humid_Subtropical,0.149,0.606,110.0,0.461
2022-04-26,East_Zone,Humid_Subtropical,-0.077,0.666,110.0,0.474
2022-04-27,East_Zone,Humid_Subtropical,0.249,0.721,115.0,0.566
2022-04-28,East_Zone,Humid_Subtropical,0.145,0.554,88.0,0.451
2022-04-29,East_Zone,Humid_Subtropical,0.057,0.687,108.0,0.5
2022-04-30,East_Zone,Humid_Subtropical,0.243,0.601,104.0,0.463
2022-05-01,East_Zone,Humid_Subtropical,-0.105,0.523,88.0,0.433
2022-05-02,East_Zone,Humid_Subtropical,0.079,0.511,97.0,0.478
2022-05-03,East_Zone,Humid_Subtropical,0.12,0.7,93.0,0.52
2022-05-04,East_Zone,Humid_Subtropical,0.235,0.707,120.0,0.45
2022-05-05,East_Zone,Humid_Subtropical,0.374,0.586,110.0,0.447
2022-05-06,East_Zone,Humid_Subtropical,0.126,0.607,89.0,0.499
2022-05-07,East_Zone,Humid_Subtropical,0.196,0.513,88.0,0.466
2022-05-08,East_Zone,Humid_Subtropical,0.425,0.666,112.0,0.494
2022-05-09,East_Zone,Humid_Subtropical,0.15,0.618,119.0,0.513
2022-05-10,East_Zone,Humid_Subtropical,0.197,0.527,101.0,0.428
2022-05-11,East_Zone,Humid_Subtropical,0.026,0.632,107.0,0.48
2022-05-12,East_Zone,Humid_Subtropical,0.346,0.537,118.0,0.49
2022-05-13,East_Zone,Humid_Subtropical,0.079,0.653,92.0,0.484
2022-05-14,East_Zone,Humid_Subtropical,0.177,0.555,97.0,0.488
2022-05-15,East_Zone,Humid_Subtropical,0.174,0.64,104.0,0.466
2022-05-16,East_Zone,Humid_Subtropical,0.159,0.581,87.0,0.461
2022-05-17,East_Zone,Humid_Subtropical,0.107,0.478,126.0,0.406
2022-05-18,East_Zone,Humid_Subtropical,0.174,0.68,87.0,0.448
2022-05-19,East_Zone,Humid_Subtropical,0.326,0.683,96.0,0.496
2022-05-20,East_Zone,Humid_Subtropical,0.378,0.589,129.0,0.501
2022-05-21,East_Zone,Humid_Subtropical,0.132,0.636,61.0,0.496
2022-05-22,East_Zone,Humid_Subtropical,0.105,0.646,99.0,0.536
2022-05-23,East_Zone,Humid_Subtropical,0.069,0.648,83.0,0.49
2022-05-24,East_Zone,Humid_Subtropical,0.419,0.724,95.0,0.457
2022-05-25,East_Zone,Humid_Subtropical,0.163,0.645,73.0,0.512
2022-05-26,East_Zone,Humid_Subtropical,0.262,0.599,88.0,0.457
2022-05-27,East_Zone,Humid_Subtropical,0.22,0.646,95.0,0.505
2022-05-28,East_Zone,Humid_Subtropical,0.371,0.594,99.0,0.42
2022-05-29,East_Zone,Humid_Subtropical,0.125,0.556,111.0,0.471
2022-05-30,East_Zone,Humid_Subtropical,0.039,0.693,53.0,0.534
2022-05-31,East_Zone,Humid_Subtropical,0.336,0.652,93.0,0.52
2022-06-01,East_Zone,Humid_Subtropical,0.24,0.0,57.0,0.332
2022-06-02,East_Zone,Humid_Subtropical,0.196,0.039,59.0,0.348
2022-06-03,East_Zone,Humid_Subtropical,0.304,0.125,61.0,0.356
2022-06-04,East_Zone,Humid_Subtropical,0.201,0.0,45.0,0.331
2022-06-05,East_Zone,Humid_Subtropical,0.307,0.035,32.0,0.368
2022-06-06,East_Zone,Humid_Subtropical,0.175,0.24,64.0,0.378
2022-06-07,East_Zone,Humid_Subtropical,0.24,0.06,42.0,0.335
2022-06-08,East_Zone,Humid_Subtropical,0.203,0.145,67.0,0.329
2022-06-09,East_Zone,Humid_Subtropical,0.117,0.17,43.0,0.402
2022-06-10,East_Zone,Humid_Subtropical,0.129,0.025,72.0,0.337
2022-06-11,East_Zone,Humid_Subtropical,0.111,0.096,59.0,0.326
2022-06-12,East_Zone,Humid_Subtropical,0.177,0.204,60.0,0.416
2022-06-13,East_Zone,Humid_Subtropical,0.104,0.108,56.0,0.364
2022-06-14,East_Zone,Humid_Subtropical,0.194,0.222,53.0,0.372
2022-06-15,East_Zone,Humid_Subtropical,0.19,0.042,56.0,0.376
2022-06-16,East_Zone,Humid_Subtropical,0.171,0.188,81.0,0.375
2022-06-17,East_Zone,Humid_Subtropical,0.172,0.081,32.0,0.312
2022-06-18,East_Zone,Humid_Subtropical,0.093,0.06,48.0,0.382
2022-06-19,East_Zone,Humid_Subtropical,0.122,0.118,79.0,0.343
2022-06-20,East_Zone,Humid_Subtropical,-0.017,0.073,75.0,0.447
2022-06-21,East_Zone,Humid_Subtropical,0.138,0.075,84.0,0.344
2022-06-22,East_Zone,Humid_Subtropical,0.051,0.109,59.0,0.305
2022-06-23,East_Zone,Humid_Subtropical,0.16,0.0,36.0,0.391
2022-06-24,East_Zone,Humid_Subtropical,0.079,0.032,40.0,0.345
2022-06-25,East_Zone,Humid_Subtropical,-0.055,0.123,55.0,0.377
2022-06-26,East_Zone,Humid_Subtropical,0.375,0.139,74.0,0.385
2022-06-27,East_Zone,Humid_Subtropical,0.127,0.101,55.0,0.323
2022-06-28,East_Zone,Humid_Subtropical,0.295,0.097,54.0,0.298
2022-06-29,East_Zone,Humid_Subtropical,0.097,0.104,67.0,0.423
2022-06-30,East_Zone,Humid_Subtropical,0.32,0.137,60.0,0.326
2022-07-01,East_Zone,Humid_Subtropical,0.035,0.0,52.0,0.388
2022-07-02,East_Zone,Humid_Subtropical,0.168,0.049,42.0,0.366
2022-07-03,East_Zone,Humid_Subtropical,0.041,0.076,77.0,0.363
2022-07-04,East_Zone,Humid_Subtropical,0.41,0.092,79.0,0.347
2022-07-05,East_Zone,Humid_Subtropical,0.125,0.0,41.0,0.408
2022-07-06,East_Zone,Humid_Subtropical,0.233,0.005,53.0,0.319
2022-07-07,East_Zone,Humid_Subtropical,0.195,0.079,72.0,0.338
2022-07-08,East_Zone,Humid_Subtropical,0.147,0.141,40.0,0.394
2022-07-09,East_Zone,Humid_Subtropical,0.202,0.055,67.0,0.332
2022-07-10,East_Zone,Humid_Subtropical,0.286,0.04,54.0,0.318
2022-07-11,East_Zone,Humid_Subtropical,0.217,0.112,38.0,0.365
2022-07-12,East_Zone,Humid_Subtropical,0.166,0.06,92.0,0.374
2022-07-13,East_Zone,Humid_Subtropical,0.202,0.133,54.0,0.428
2022-07-14,East_Zone,Humid_Subtropical,0.342,0.067,69.0,0.418
2022-07-15,East_Zone,Humid_Subtropical,0.108,0.013,40.0,0.288
2022-07-16,East_Zone,Humid_Subtropical,-0.035,0.165,88.0,0.411
2022-07-17,East_Zone,Humid_Subtropical,0.04,0.154,95.0,0.347
2022-07-18,East_Zone,Humid_Subtropical,0.048,0.023,33.0,0.316
2022-07-19,East_Zone,Humid_Subtropical,0.062,0.104,57.0,0.348
2022-07-20,East_Zone,Humid_Subtropical,0.065,0.06,84.0,0.335
2022-07-21,East_Zone,Humid_Subtropical,0.148,0.117,52.0,0.336
2022-07-22,East_Zone,Humid_Subtropical,0.175,0.027,67.0,0.275
2022-07-23,East_Zone,Humid_Subtropical,0.174,0.132,30.0,0.415
2022-07-24,East_Zone,Humid_Subtropical,0.077,0.152,46.0,0.403
2022-07-25,East_Zone,Humid_Subtropical,0.249,0.023,65.0,0.344
2022-07-26,East_Zone,Humid_Subtropical,0.203,0.084,49.0,0.33
2022-07-27,East_Zone,Humid_Subtropical,0.308,0.153,54.0,0.414
2022-07-28,East_Zone,Humid_Subtropical,0.235,0.02,33.0,0.342
2022-07-29,East_Zone,Humid_Subtropical,0.115,0.04,72.0,0.331
2022-07-30,East_Zone,Humid_Subtropical,0.281,0.12,36.0,0.319
2022-07-31,East_Zone,Humid_Subtropical,0.177,0.07,88.0,0.372
2022-08-01,East_Zone,Humid_Subtropical,0.23,0.0,48.0,0.328
2022-08-02,East_Zone,Humid_Subtropical,0.222,0.061,74.0,0.362
2022-08-03,East_Zone,Humid_Subtropical,0.138,0.185,73.0,0.39
2022-08-04,East_Zone,Humid_Subtropical,0.16,0.204,42.0,0.409
2022-08-05,East_Zone,Humid_Subtropical,0.137,0.042,50.0,0.355
2022-08-06,East_Zone,Humid_Subtropical,0.065,0.025,52.0,0.336
2022-08-07,East_Zone,Humid_Subtropical,-0.064,0.053,53.0,0.368
2022-08-08,East_Zone,Humid_Subtropical,0.081,0.188,37.0,0.414
2022-08-09,East_Zone,Humid_Subtropical,0.17,0.131,70.0,0.418
2022-08-10,East_Zone,Humid_Subtropical,0.259,0.168,48.0,0.347
2022-08-11,East_Zone,Humid_Subtropical,0.23,0.14,58.0,0.407
2022-08-12,East_Zone,Humid_Subtropical,0.122,0.001,78.0,0.291
2022-08-13,East_Zone,Humid_Subtropical,0.082,0.023,70.0,0.375
2022-08-14,East_Zone,Humid_Subtropical,0.132,0.038,49.0,0.33
2022-08-15,East_Zone,Humid_Subtropical,0.052,0.049,79.0,0.376
2022-08-16,East_Zone,Humid_Subtropical,-0.062,0.039,72.0,0.393
2022-08-17,East_Zone,Humid_Subtropical,-0.005,0.046,47.0,0.357
2022-08-18,East_Zone,Humid_Subtropical,0.287,0.118,51.0,0.368
2022-08-19,East_Zone,Humid_Subtropical,0.336,0.088,78.0,0.359
2022-08-20,East_Zone,Humid_Subtropical,0.225,0.153,74.0,0.364
2022-08-21,East_Zone,Humid_Subtropical,0.144,0.095,33.0,0.397
2022-08-22,East_Zone,Humid_Subtropical,0.011,0.039,42.0,0.347
2022-08-23,East_Zone,Humid_Subtropical,0.134,0.091,73.0,0.297
2022-08-24,East_Zone,Humid_Subtropical,0.211,0.0,39.0,0.367
2022-08-25,East_Zone,Humid_Subtropical,0.233,0.0,74.0,0.365
2022-08-26,East_Zone,Humid_Subtropical,0.219,0.119,95.0,0.371
2022-08-27,East_Zone,Humid_Subtropical,0.271,0.141,67.0,0.352
2022-08-28,East_Zone,Humid_Subtropical,0.344,0.084,43.0,0.326
2022-08-29,East_Zone,Humid_Subtropical,0.109,0.057,63.0,0.331
2022-08-30,East_Zone,Humid_Subtropical,0.431,0.0,79.0,0.346
2022-08-31,East_Zone,Humid_Subtropical,-0.052,0.15,62.0,0.322
2022-09-01,East_Zone,Humid_Subtropical,0.072,0.41,129.0,0.455
2022-09-02,East_Zone,Humid_Subtropical,0.17,0.397,106.0,0.441
2022-09-03,East_Zone,Humid_Subtropical,0.205,0.38,107.0,0.474
2022-09-04,East_Zone,Humid_Subtropical,0.132,0.352,136.0,0.449
2022-09-05,East_Zone,Humid_Subtropical,0.1,0.313,107.0,0.397
2022-09-06,East_Zone,Humid_Subtropical,0.37,0.395,73.0,0.388
2022-09-07,East_Zone,Humid_Subtropical,0.096,0.348,114.0,0.402
2022-09-08,East_Zone,Humid_Subtropical,0.048,0.355,126.0,0.47
2022-09-09,East_Zone,Humid_Subtropical,0.319,0.483,139.0,0.47
2022-09-10,East_Zone,Humid_Subtropical,0.235,0.377,150.0,0.452
2022-09-11,East_Zone,Humid_Subtropical,0.259,0.233,122.0,0.379
2022-09-12,East_Zone,Humid_Subtropical,0.17,0.348,132.0,0.442
2022-09-13,East_Zone,Humid_Subtropical,0.012,0.32,122.0,0.374
2022-09-14,East_Zone,Humid_Subtropical,0.158,0.372,126.0,0.461
2022-09-15,East_Zone,Humid_Subtropical,-0.001,0.295,117.0,0.379
2022-09-16,East_Zone,Humid_Subtropical,0.174,0.406,127.0,0.382
2022-09-17,East_Zone,Humid_Subtropical,0.215,0.362,107.0,0.498
2022-09-18,East_Zone,Humid_Subtropical,0.258,0.351,156.0,0.432
2022-09-19,East_Zone,Humid_Subtropical,0.141,0.389,77.0,0.44
2022-09-20,East_Zone,Humid_Subtropical,0.225,0.375,130.0,0.378
2022-09-21,East_Zone,Humid_Subtropical,0.06,0.372,126.0,0.452
2022-09-22,East_Zone,Humid_Subtropical,0.247,0.367,127.0,0.458
2022-09-23,East_Zone,Humid_Subtropical,0.217,0.379,99.0,0.429
2022-09-24,East_Zone,Humid_Subtropical,0.07,0.401,90.0,0.467
2022-09-25,East_Zone,Humid_Subtropical,0.203,0.393,131.0,0.473
2022-09-26,East_Zone,Humid_Subtropical,0.259,0.448,144.0,0.468
2022-09-27,East_Zone,Humid_Subtropical,0.158,0.347,124.0,0.362
2022-09-28,East_Zone,Humid_Subtropical,0.068,0.394,134.0,0.404
2022-09-29,East_Zone,Humid_Subtropical,0.168,0.527,112.0,0.522
2022-09-30,East_Zone,Humid_Subtropical,0.205,0.378,126.0,0.437
2022-10-01,East_Zone,Humid_Subtropical,0.067,0.38,142.0,0.438
2022-10-02,East_Zone,Humid_Subtropical,0.049,0.304,114.0,0.391
2022-10-03,East_Zone,Humid_Subtropical,0.202,0.337,141.0,0.405
2022-10-04,East_Zone,Humid_Subtropical,0.232,0.374,91.0,0.469
2022-10-05,East_Zone,Humid_Subtropical,0.365,0.412,109.0,0.488
2022-10-06,East_Zone,Humid_Subtropical,0.217,0.419,130.0,0.469
2022-10-07,East_Zone,Humid_Subtropical,0.029,0.4,154.0,0.457
2022-10-08,East_Zone,Humid_Subtropical,0.354,0.428,120.0,0.466
2022-10-09,East_Zone,Humid_Subtropical,0.255,0.32,101.0,0.418
2022-10-10,East_Zone,Humid_Subtropical,-0.051,0.409,154.0,0.406
2022-10-11,East_Zone,Humid_Subtropical,0.047,0.381,118.0,0.393
2022-10-12,East_Zone,Humid_Subtropical,0.101,0.387,132.0,0.476
2022-10-13,East_Zone,Humid_Subtropical,0.234,0.358,114.0,0.429
2022-10-14,East_Zone,Humid_Subtropical,-0.088,0.323,123.0,0.435
2022-10-15,East_Zone,Humid_Subtropical,0.138,0.307,110.0,0.423
2022-10-16,East_Zone,Humid_Subtropical,0.228,0.399,161.0,0.448
2022-10-17,East_Zone,Humid_Subtropical,-0.133,0.41,141.0,0.453
2022-10-18,East_Zone,Humid_Subtropical,0.225,0.372,152.0,0.454
2022-10-19,East_Zone,Humid_Subtropical,0.237,0.379,106.0,0.412
2022-10-20,East_Zone,Humid_Subtropical,0.065,0.337,87.0,0.46
2022-10-21,East_Zone,Humid_Subtropical,0.035,0.41,115.0,0.42
2022-10-22,East_Zone,Humid_Subtropical,0.064,0.384,165.0,0.443
2022-10-23,East_Zone,Humid_Subtropical,-0.117,0.358,114.0,0.394
2022-10-24,East_Zone,Humid_Subtropical,0.117,0.432,139.0,0.443
2022-10-25,East_Zone,Humid_Subtropical,0.172,0.419,102.0,0.425
2022-10-26,East_Zone,Humid_Subtropical,0.028,0.288,105.0,0.413
2022-10-27,East_Zone,Humid_Subtropical,0.247,0.383,119.0,0.458
2022-10-28,East_Zone,Humid_Subtropical,0.16,0.323,158.0,0.423
2022-10-29,East_Zone,Humid_Subtropical,0.176,0.388,140.0,0.496
2022-10-30,East_Zone,Humid_Subtropical,0.11,0.191,83.0,0.412
2022-10-31,East_Zone,Humid_Subtropical,0.224,0.392,132.0,0.431
2022-11-01,East_Zone,Humid_Subtropical,0.279,0.423,99.0,0.443
2022-11-02,East_Zone,Humid_Subtropical,0.109,0.373,108.0,0.445
2022-11-03,East_Zone,Humid_Subtropical,0.226,0.31,129.0,0.439
2022-11-04,East_Zone,Humid_Subtropical,0.227,0.497,145.0,0.427
2022-11-05,East_Zone,Humid_Subtropical,0.192,0.449,144.0,0.471
2022-11-06,East_Zone,Humid_Subtropical,0.318,0.348,126.0,0.391
2022-11-07,East_Zone,Humid_Subtropical,0.077,0.364,126.0,0.447
2022-11-08,East_Zone,Humid_Subtropical,0.108,0.261,144.0,0.438
2022-11-09,East_Zone,Humid_Subtropical,0.072,0.408,92.0,0.451
2022-11-10,East_Zone,Humid_Subtropical,0.223,0.298,153.0,0.345
2022-11-11,East_Zone,Humid_Subtropical,0.123,0.42,107.0,0.392
2022-11-12,East_Zone,Humid_Subtropical,0.08,0.442,125.0,0.467
2022-11-13,East_Zone,Humid_Subtropical,0.316,0.376,111.0,0.36
2022-11-14,East_Zone,Humid_Subtropical,0.331,0.316,99.0,0.437
2022-11-15,East_Zone,Humid_Subtropical,0.117,0.455,128.0,0.483
2022-11-16,East_Zone,Humid_Subtropical,0.013,0.38,124.0,0.469
2022-11-17,East_Zone,Humid_Subtropical,0.336,0.386,118.0,0.429
2022-11-18,East_Zone,Humid_Subtropical,0.197,0.324,117.0,0.434
2022-11-19,East_Zone,Humid_Subtropical,0.192,0.392,147.0,0.444
2022-11-20,East_Zone,Humid_Subtropical,0.161,0.368,159.0,0.388
2022-11-21,East_Zone,Humid_Subtropical,0.07,0.3,143.0,0.437
2022-11-22,East_Zone,Humid_Subtropical,0.109,0.46,125.0,0.497
2022-11-23,East_Zone,Humid_Subtropical,0.218,0.486,91.0,0.482
2022-11-24,East_Zone,Humid_Subtropical,0.105,0.441,131.0,0.435
2022-11-25,East_Zone,Humid_Subtropical,0.193,0.432,132.0,0.47
2022-11-26,East_Zone,Humid_Subtropical,0.151,0.486,134.0,0.5
2022-11-27,East_Zone,Humid_Subtropical,0.044,0.317,99.0,0.454
2022-11-28,East_Zone,Humid_Subtropical,0.312,0.316,135.0,0.45
2022-11-29,East_Zone,Humid_Subtropical,0.209,0.355,148.0,0.381
2022-11-30,East_Zone,Humid_Subtropical,0.183,0.398,102.0,0.451
2022-12-01,East_Zone,Humid_Subtropical,0.206,0.402,162.0,0.46
2022-12-02,East_Zone,Humid_Subtropical,-0.029,0.359,135.0,0.461
2022-12-03,East_Zone,Humid_Subtropical,0.101,0.42,148.0,0.46
2022-12-04,East_Zone,Humid_Subtropical,-0.003,0.414,133.0,0.49
2022-12-05,East_Zone,Humid_Subtropical,0.162,0.47,144.0,0.403
2022-12-06,East_Zone,Humid_Subtropical,0.183,0.423,144.0,0.463
2022-12-07,East_Zone,Humid_Subtropical,0.164,0.306,157.0,0.431
2022-12-08,East_Zone,Humid_Subtropical,0.268,0.443,166.0,0.478
2022-12-09,East_Zone,Humid_Subtropical,0.0,0.515,172.0,0.515
2022-12-10,East_Zone,Humid_Subtropical,0.07,0.422,138.0,0.419
2022-12-11,East_Zone,Humid_Subtropical,0.191,0.479,156.0,0.505
2022-12-12,East_Zone,Humid_Subtropical,0.176,0.39,130.0,0.462
2022-12-13,East_Zone,Humid_Subtropical,0.018,0.454,148.0,0.448
2022-12-14,East_Zone,Humid_Subtropical,0.27,0.375,151.0,0.406
2022-12-15,East_Zone,Humid_Subtropical,0.304,0.405,133.0,0.447
2022-12-16,East_Zone,Humid_Subtropical,0.193,0.406,160.0,0.45
2022-12-17,East_Zone,Humid_Subtropical,-0.001,0.449,147.0,0.462
2022-12-18,East_Zone,Humid_Subtropical,0.166,0.371,153.0,0.414
2022-12-19,East_Zone,Humid_Subtropical,0.184,0.332,172.0,0.441
2022-12-20,East_Zone,Humid_Subtropical,0.123,0.448,142.0,0.44
2022-12-21,East_Zone,Humid_Subtropical,0.285,0.446,165.0,0.488
2022-12-22,East_Zone,Humid_Subtropical,0.138,0.427,176.0,0.498
2022-12-23,East_Zone,Humid_Subtropical,0.36,0.476,175.0,0.435
2022-12-24,East_Zone,Humid_Subtropical,0.228,0.408,147.0,0.444
2022-12-25,East_Zone,Humid_Subtropical,0.178,0.437,132.0,0.478
2022-12-26,East_Zone,Humid_Subtropical,0.242,0.399,137.0,0.448
2022-12-27,East_Zone,Humid_Subtropical,0.303,0.404,121.0,0.4
2022-12-28,East_Zone,Humid_Subtropical,0.24,0.44,162.0,0.476
2022-12-29,East_Zone,Humid_Subtropical,0.142,0.556,163.0,0.461
2022-12-30,East_Zone,Humid_Subtropical,0.084,0.465,152.0,0.462
2022-12-31,East_Zone,Humid_Subtropical,0.038,0.453,125.0,0.423
2023-01-01,East_Zone,Humid_Subtropical,0.056,0.466,143.0,0.48
2023-01-02,East_Zone,Humid_Subtropical,0.317,0.279,175.0,0.397
2023-01-03,East_Zone,Humid_Subtropical,0.261,0.439,161.0,0.477
2023-01-04,East_Zone,Humid_Subtropical,0.267,0.475,164.0,0.452
2023-01-05,East_Zone,Humid_Subtropical,0.403,0.425,210.0,0.432
2023-01-06,East_Zone,Humid_Subtropical,0.289,0.417,156.0,0.457
2023-01-07,East_Zone,Humid_Subtropical,0.49,0.364,111.0,0.399
2023-01-08,East_Zone,Humid_Subtropical,0.243,0.394,130.0,0.492
2023-01-09,East_Zone,Humid_Subtropical,0.203,0.37,156.0,0.438
2023-01-10,East_Zone,Humid_Subtropical,0.174,0.48,150.0,0.443
2023-01-11,East_Zone,Humid_Subtropical,0.372,0.51,147.0,0.456
2023-01-12,East_Zone,Humid_Subtropical,0.415,0.536,147.0,0.475
2023-01-13,East_Zone,Humid_Subtropical,0.241,0.369,136.0,0.462
2023-01-14,East_Zone,Humid_Subtropical,0.194,0.38,157.0,0.408
2023-01-15,East_Zone,Humid_Subtropical,0.453,0.375,175.0,0.423
2023-01-16,East_Zone,Humid_Subtropical,0.155,0.359,181.0,0.428
2023-01-17,East_Zone,Humid_Subtropical,0.401,0.36,181.0,0.476
2023-01-18,East_Zone,Humid_Subtropical,0.243,0.389,133.0,0.467
2023-01-19,East_Zone,Humid_Subtropical,0.34,0.472,150.0,0.506
2023-01-20,East_Zone,Humid_Subtropical,0.408,0.377,144.0,0.435
2023-01-21,East_Zone,Humid_Subtropical,0.348,0.483,161.0,0.504
2023-01-22,East_Zone,Humid_Subtropical,0.27,0.502,149.0,0.504
2023-01-23,East_Zone,Humid_Subtropical,0.44,0.437,146.0,0.47
2023-01-24,East_Zone,Humid_Subtropical,0.329,0.494,176.0,0.487
2023-01-25,East_Zone,Humid_Subtropical,0.668,0.338,152.0,0.407
2023-01-26,East_Zone,Humid_Subtropical,0.129,0.387,152.0,0.492
2023-01-27,East_Zone,Humid_Subtropical,0.128,0.431,157.0,0.44
2023-01-28,East_Zone,Humid_Subtropical,0.399,0.433,162.0,0.465
2023-01-29,East_Zone,Humid_Subtropical,0.297,0.506,162.0,0.487
2023-01-30,East_Zone,Humid_Subtropical,0.379,0.36,178.0,0.389
2023-01-31,East_Zone,Humid_Subtropical,0.19,0.388,127.0,0.435
2023-02-01,East_Zone,Humid_Subtropical,0.305,0.415,156.0,0.45
2023-02-02,East_Zone,Humid_Subtropical,0.346,0.389,148.0,0.434
2023-02-03,East_Zone,Humid_Subtropical,0.246,0.357,145.0,0.428
2023-02-04,East_Zone,Humid_Subtropical,0.323,0.391,164.0,0.483
2023-02-05,East_Zone,Humid_Subtropical,0.164,0.405,173.0,0.416
2023-02-06,East_Zone,Humid_Subtropical,0.339,0.507,139.0,0.429
2023-02-07,East_Zone,Humid_Subtropical,0.445,0.359,180.0,0.412
2023-02-08,East_Zone,Humid_Subtropical,0.176,0.469,124.0,0.48
2023-02-09,East_Zone,Humid_Subtropical,0.17,0.496,161.0,0.489
2023-02-10,East_Zone,Humid_Subtropical,0.419,0.389,134.0,0.455
2023-02-11,East_Zone,Humid_Subtropical,0.168,0.436,138.0,0.476
2023-02-12,East_Zone,Humid_Subtropical,0.384,0.455,151.0,0.461
2023-02-13,East_Zone,Humid_Subtropical,0.306,0.445,143.0,0.436
2023-02-14,East_Zone,Humid_Subtropical,0.258,0.425,98.0,0.418
2023-02-15,East_Zone,Humid_Subtropical,0.447,0.379,161.0,0.397
2023-02-16,East_Zone,Humid_Subtropical,0.393,0.46,164.0,0.448
2023-02-17,East_Zone,Humid_Subtropical,0.328,0.398,147.0,0.463
2023-02-18,East_Zone,Humid_Subtropical,0.085,0.422,146.0,0.453
2023-02-19,East_Zone,Humid_Subtropical,0.371,0.431,143.0,0.448
2023-02-20,East_Zone,Humid_Subtropical,0.193,0.471,119.0,0.426
2023-02-21,East_Zone,Humid_Subtropical,0.278,0.536,117.0,0.551
2023-02-22,East_Zone,Humid_Subtropical,0.301,0.376,164.0,0.409
2023-02-23,East_Zone,Humid_Subtropical,0.49,0.423,169.0,0.449
2023-02-24,East_Zone,Humid_Subtropical,0.275,0.331,161.0,0.453
2023-02-25,East_Zone,Humid_Subtropical,0.158,0.509,157.0,0.469
2023-02-26,East_Zone,Humid_Subtropical,0.447,0.423,164.0,0.422
2023-02-27,East_Zone,Humid_Subtropical,0.373,0.402,163.0,0.465
2023-02-28,East_Zone,Humid_Subtropical,0.376,0.423,136.0,0.406
2023-03-01,East_Zone,Humid_Subtropical,0.449,0.626,99.0,0.549
2023-03-02,East_Zone,Humid_Subtropical,0.472,0.576,90.0,0.492
2023-03-03,East_Zone,Humid_Subtropical,0.211,0.691,90.0,0.505
2023-03-04,East_Zone,Humid_Subtropical,0.161,0.659,116.0,0.462
2023-03-05,East_Zone,Humid_Subtropical,0.384,0.667,123.0,0.472
2023-03-06,East_Zone,Humid_Subtropical,0.274,0.579,53.0,0.483
2023-03-07,East_Zone,Humid_Subtropical,0.283,0.576,90.0,0.541
2023-03-08,East_Zone,Humid_Subtropical,0.188,0.613,89.0,0.5
2023-03-09,East_Zone,Humid_Subtropical,0.358,0.668,116.0,0.517
2023-03-10,East_Zone,Humid_Subtropical,0.34,0.65,69.0,0.514
2023-03-11,East_Zone,Humid_Subtropical,0.284,0.573,41.0,0.554
2023-03-12,East_Zone,Humid_Subtropical,0.161,0.66,110.0,0.492
2023-03-13,East_Zone,Humid_Subtropical,0.421,0.562,112.0,0.527
2023-03-14,East_Zone,Humid_Subtropical,0.326,0.58,63.0,0.473
2023-03-15,East_Zone,Humid_Subtropical,0.412,0.629,93.0,0.476
2023-03-16,East_Zone,Humid_Subtropical,0.09,0.55,123.0,0.475
2023-03-17,East_Zone,Humid_Subtropical,0.306,0.562,76.0,0.478
2023-03-18,East_Zone,Humid_Subtropical,0.228,0.713,97.0,0.535
2023-03-19,East_Zone,Humid_Subtropical,0.304,0.702,104.0,0.446
2023-03-20,East_Zone,Humid_Subtropical,0.394,0.757,69.0,0.534
2023-03-21,East_Zone,Humid_Subtropical,0.337,0.647,85.0,0.484
2023-03-22,East_Zone,Humid_Subtropical,0.302,0.659,65.0,0.483
2023-03-23,East_Zone,Humid_Subtropical,0.301,0.611,92.0,0.454
2023-03-24,East_Zone,Humid_Subtropical,0.144,0.599,81.0,0.479
2023-03-25,East_Zone,Humid_Subtropical,0.209,0.672,99.0,0.493
2023-03-26,East_Zone,Humid_Subtropical,0.412,0.702,106.0,0.503
2023-03-27,East_Zone,Humid_Subtropical,0.249,0.667,120.0,0.458
2023-03-28,East_Zone,Humid_Subtropical,0.414,0.57,137.0,0.485
2023-03-29,East_Zone,Humid_Subtropical,0.383,0.643,99.0,0.477
2023-03-30,East_Zone,Humid_Subtropical,0.388,0.574,89.0,0.434
2023-03-31,East_Zone,Humid_Subtropical,0.333,0.601,88.0,0.474
2023-04-01,East_Zone,Humid_Subtropical,0.256,0.718,78.0,0.496
2023-04-02,East_Zone,Humid_Subtropical,0.285,0.548,103.0,0.478
2023-04-03,East_Zone,Humid_Subtropical,0.364,0.75,86.0,0.511
2023-04-04,East_Zone,Humid_Subtropical,0.087,0.653,104.0,0.46
2023-04-05,East_Zone,Humid_Subtropical,0.424,0.592,78.0,0.461
2023-04-06,East_Zone,Humid_Subtropical,0.25,0.624,87.0,0.444
2023-04-07,East_Zone,Humid_Subtropical,0.291,0.579,103.0,0.519
2023-04-08,East_Zone,Humid_Subtropical,0.292,0.587,93.0,0.526
2023-04-09,East_Zone,Humid_Subtropical,0.296,0.624,60.0,0.539
2023-04-10,East_Zone,Humid_Subtropical,0.169,0.6,95.0,0.472
2023-04-11,East_Zone,Humid_Subtropical,0.315,0.564,81.0,0.52
2023-04-12,East_Zone,Humid_Subtropical,0.359,0.607,116.0,0.504
2023-04-13,East_Zone,Humid_Subtropical,0.096,0.541,112.0,0.451
2023-04-14,East_Zone,Humid_Subtropical,0.17,0.544,54.0,0.457
2023-04-15,East_Zone,Humid_Subtropical,0.39,0.543,109.0,0.471
2023-04-16,East_Zone,Humid_Subtropical,0.371,0.72,102.0,0.523
2023-04-17,East_Zone,Humid_Subtropical,0.33,0.644,68.0,0.512
2023-04-18,East_Zone,Humid_Subtropical,0.232,0.656,111.0,0.504
2023-04-19,East_Zone,Humid_Subtropical,0.372,0.621,72.0,0.485
2023-04-20,East_Zone,Humid_Subtropical,0.18,0.65,116.0,0.543
2023-04-21,East_Zone,Humid_Subtropical,0.286,0.691,83.0,0.509
2023-04-22,East_Zone,Humid_Subtropical,0.169,0.644,68.0,0.496
2023-04-23,East_Zone,Humid_Subtropical,0.284,0.718,133.0,0.513
2023-04-24,East_Zone,Humid_Subtropical,0.197,0.618,67.0,0.491
2023-04-25,East_Zone,Humid_Subtropical,0.376,0.656,80.0,0.463
2023-04-26,East_Zone,Humid_Subtropical,0.343,0.662,84.0,0.475
2023-04-27,East_Zone,Humid_Subtropical,0.243,0.564,87.0,0.554
2023-04-28,East_Zone,Humid_Subtropical,0.409,0.623,108.0,0.446
2023-04-29,East_Zone,Humid_Subtropical,0.204,0.51,96.0,0.476
2023-04-30,East_Zone,Humid_Subtropical,0.296,0.612,113.0,0.503
2023-05-01,East_Zone,Humid_Subtropical,0.239,0.603,102.0,0.521
2023-05-02,East_Zone,Humid_Subtropical,0.374,0.6,65.0,0.501
2023-05-03,East_Zone,Humid_Subtropical,0.364,0.596,105.0,0.546
2023-05-04,East_Zone,Humid_Subtropical,0.43,0.651,99.0,0.51
2023-05-05,East_Zone,Humid_Subtropical,0.308,0.567,84.0,0.522
2023-05-06,East_Zone,Humid_Subtropical,0.004,0.732,132.0,0.554
2023-05-07,East_Zone,Humid_Subtropical,0.257,0.654,106.0,0.55
2023-05-08,East_Zone,Humid_Subtropical,0.457,0.572,112.0,0.484
2023-05-09,East_Zone,Humid_Subtropical,0.268,0.659,113.0,0.517
2023-05-10,East_Zone,Humid_Subtropical,0.108,0.68,87.0,0.499
2023-05-11,East_Zone,Humid_Subtropical,0.345,0.642,106.0,0.505
2023-05-12,East_Zone,Humid_Subtropical,0.352,0.56,101.0,0.486
2023-05-13,East_Zone,Humid_Subtropical,0.227,0.754,85.0,0.466
2023-05-14,East_Zone,Humid_Subtropical,0.275,0.658,73.0,0.5
2023-05-15,East_Zone,Humid_Subtropical,0.215,0.545,95.0,0.503
2023-05-16,East_Zone,Humid_Subtropical,0.352,0.633,106.0,0.458
2023-05-17,East_Zone,Humid_Subtropical,0.306,0.607,95.0,0.462
2023-05-18,East_Zone,Humid_Subtropical,0.183,0.62,92.0,0.53
2023-05-19,East_Zone,Humid_Subtropical,0.299,0.548,95.0,0.517
2023-05-20,East_Zone,Humid_Subtropical,0.227,0.623,90.0,0.477
2023-05-21,East_Zone,Humid_Subtropical,0.446,0.57,123.0,0.488
2023-05-22,East_Zone,Humid_Subtropical,0.389,0.599,100.0,0.487
2023-05-23,East_Zone,Humid_Subtropical,0.288,0.643,86.0,0.536
2023-05-24,East_Zone,Humid_Subtropical,0.308,0.591,62.0,0.472
2023-05-25,East_Zone,Humid_Subtropical,0.401,0.603,91.0,0.479
2023-05-26,East_Zone,Humid_Subtropical,0.283,0.669,85.0,0.547
2023-05-27,East_Zone,Humid_Subtropical,0.376,0.567,84.0,0.452
2023-05-28,East_Zone,Humid_Subtropical,0.448,0.581,112.0,0.47
2023-05-29,East_Zone,Humid_Subtropical,0.251,0.545,96.0,0.48
2023-05-30,East_Zone,Humid_Subtropical,0.465,0.571,65.0,0.528
2023-05-31,East_Zone,Humid_Subtropical,0.436,0.628,106.0,0.461
2023-06-01,East_Zone,Humid_Subtropical,0.325,0.118,32.0,0.348
2023-06-02,East_Zone,Humid_Subtropical,0.256,0.032,72.0,0.366
2023-06-03,East_Zone,Humid_Subtropical,0.324,0.117,51.0,0.392
2023-06-04,East_Zone,Humid_Subtropical,0.276,0.086,62.0,0.368
2023-06-05,East_Zone,Humid_Subtropical,0.221,0.0,60.0,0.336
2023-06-06,East_Zone,Humid_Subtropical,0.353,0.09,57.0,0.366
2023-06-07,East_Zone,Humid_Subtropical,0.198,0.152,64.0,0.333
2023-06-08,East_Zone,Humid_Subtropical,0.266,0.0,61.0,0.343
2023-06-09,East_Zone,Humid_Subtropical,0.267,0.2,94.0,0.434
2023-06-10,East_Zone,Humid_Subtropical,0.163,0.043,64.0,0.311
2023-06-11,East_Zone,Humid_Subtropical,0.366,0.0,64.0,0.316
2023-06-12,East_Zone,Humid_Subtropical,0.277,0.088,47.0,0.35
2023-06-13,East_Zone,Humid_Subtropical,0.43,0.13,67.0,0.362
2023-06-14,East_Zone,Humid_Subtropical,0.276,0.063,42.0,0.411
2023-06-15,East_Zone,Humid_Subtropical,0.259,0.099,81.0,0.337
2023-06-16,East_Zone,Humid_Subtropical,0.21,0.207,33.0,0.358
2023-06-17,East_Zone,Humid_Subtropical,0.304,0.092,45.0,0.386
2023-06-18,East_Zone,Humid_Subtropical,0.304,0.259,31.0,0.385
2023-06-19,East_Zone,Humid_Subtropical,0.374,0.156,68.0,0.403
2023-06-20,East_Zone,Humid_Subtropical,0.307,0.083,52.0,0.355
2023-06-21,East_Zone,Humid_Subtropical,0.509,0.097,72.0,0.378
2023-06-22,East_Zone,Humid_Subtropical,0.346,0.061,42.0,0.308
2023-06-23,East_Zone,Humid_Subtropical,0.201,0.095,70.0,0.377
2023-06-24,East_Zone,Humid_Subtropical,0.193,0.114,70.0,0.375
2023-06-25,East_Zone,Humid_Subtropical,0.353,0.056,64.0,0.346
2023-06-26,East_Zone,Humid_Subtropical,0.198,0.0,61.0,0.303
2023-06-27,East_Zone,Humid_Subtropical,0.359,0.159,62.0,0.386
2023-06-28,East_Zone,Humid_Subtropical,0.39,0.138,44.0,0.396
2023-06-29,East_Zone,Humid_Subtropical,0.392,0.0,41.0,0.324
2023-06-30,East_Zone,Humid_Subtropical,0.213,0.09,70.0,0.347
2023-07-01,East_Zone,Humid_Subtropical,0.392,0.142,53.0,0.399
2023-07-02,East_Zone,Humid_Subtropical,0.332,0.135,68.0,0.425
2023-07-03,East_Zone,Humid_Subtropical,0.239,0.038,88.0,0.378
2023-07-04,East_Zone,Humid_Subtropical,0.284,0.139,52.0,0.382
2023-07-05,East_Zone,Humid_Subtropical,0.347,0.081,49.0,0.353
2023-07-06,East_Zone,Humid_Subtropical,0.233,0.103,54.0,0.365
2023-07-07,East_Zone,Humid_Subtropical,0.33,0.025,61.0,0.306
2023-07-08,East_Zone,Humid_Subtropical,0.445,0.0,71.0,0.335
2023-07-09,East_Zone,Humid_Subtropical,0.396,0.033,59.0,0.382
2023-07-10,East_Zone,Humid_Subtropical,0.308,0.112,97.0,0.369
2023-07-11,East_Zone,Humid_Subtropical,0.323,0.068,68.0,0.338
2023-07-12,East_Zone,Humid_Subtropical,0.246,0.119,74.0,0.348
2023-07-13,East_Zone,Humid_Subtropical,0.249,0.146,59.0,0.376
2023-07-14,East_Zone,Humid_Subtropical,0.146,0.06,78.0,0.318
2023-07-15,East_Zone,Humid_Subtropical,0.325,0.054,56.0,0.326
2023-07-16,East_Zone,Humid_Subtropical,0.368,0.0,48.0,0.386
2023-07-17,East_Zone,Humid_Subtropical,0.293,0.0,76.0,0.309
2023-07-18,East_Zone,Humid_Subtropical,0.212,0.0,59.0,0.316
2023-07-19,East_Zone,Humid_Subtropical,0.307,0.113,64.0,0.377
2023-07-20,East_Zone,Humid_Subtropical,0.434,0.061,78.0,0.342
2023-07-21,East_Zone,Humid_Subtropical,0.39,0.048,63.0,0.355
2023-07-22,East_Zone,Humid_Subtropical,0.297,0.041,57.0,0.376
2023-07-23,East_Zone,Humid_Subtropical,0.505,0.033,50.0,0.302
2023-07-24,East_Zone,Humid_Subtropical,0.57,0.135,79.0,0.396
2023-07-25,East_Zone,Humid_Subtropical,0.252,0.086,54.0,0.344
2023-07-26,East_Zone,Humid_Subtropical,0.275,0.139,59.0,0.366
2023-07-27,East_Zone,Humid_Subtropical,0.369,0.0,65.0,0.398
2023-07-28,East_Zone,Humid_Subtropical,0.209,0.112,65.0,0.326
2023-07-29,East_Zone,Humid_Subtropical,0.385,0.051,78.0,0.37
2023-07-30,East_Zone,Humid_Subtropical,0.31,0.063,59.0,0.39
2023-07-31,East_Zone,Humid_Subtropical,0.337,0.161,85.0,0.36
2023-08-01,East_Zone,Humid_Subtropical,0.242,0.057,56.0,0.334
2023-08-02,East_Zone,Humid_Subtropical,0.221,0.11,67.0,0.356
2023-08-03,East_Zone,Humid_Subtropical,0.101,0.019,57.0,0.324
2023-08-04,East_Zone,Humid_Subtropical,0.448,0.082,98.0,0.362
2023-08-05,East_Zone,Humid_Subtropical,0.394,0.0,54.0,0.367
2023-08-06,East_Zone,Humid_Subtropical,0.367,0.077,55.0,0.348
2023-08-07,East_Zone,Humid_Subtropical,0.335,0.103,62.0,0.394
2023-08-08,East_Zone,Humid_Subtropical,0.07,0.146,55.0,0.419
2023-08-09,East_Zone,Humid_Subtropical,0.225,0.031,66.0,0.361
2023-08-10,East_Zone,Humid_Subtropical,0.274,0.048,82.0,0.368
2023-08-11,East_Zone,Humid_Subtropical,0.192,0.041,63.0,0.332
2023-08-12,East_Zone,Humid_Subtropical,0.131,0.065,63.0,0.278
2023-08-13,East_Zone,Humid_Subtropical,0.202,0.022,56.0,0.363
2023-08-14,East_Zone,Humid_Subtropical,0.305,0.0,51.0,0.364
2023-08-15,East_Zone,Humid_Subtropical,0.305,0.017,62.0,0.352
2023-08-16,East_Zone,Humid_Subtropical,0.391,0.077,60.0,0.387
2023-08-17,East_Zone,Humid_Subtropical,0.506,0.071,81.0,0.341
2023-08-18,East_Zone,Humid_Subtropical,0.369,0.113,43.0,0.384
2023-08-19,East_Zone,Humid_Subtropical,0.282,0.131,86.0,0.417
2023-08-20,East_Zone,Humid_Subtropical,0.48,0.053,57.0,0.373
2023-08-21,East_Zone,Humid_Subtropical,0.142,0.0,63.0,0.38
2023-08-22,East_Zone,Humid_Subtropical,0.092,0.104,41.0,0.406
2023-08-23,East_Zone,Humid_Subtropical,0.211,0.079,70.0,0.323
2023-08-24,East_Zone,Humid_Subtropical,0.381,0.064,43.0,0.378
2023-08-25,East_Zone,Humid_Subtropical,0.317,0.153,67.0,0.359
2023-08-26,East_Zone,Humid_Subtropical,0.187,0.107,65.0,0.334
2023-08-27,East_Zone,Humid_Subtropical,0.227,0.087,54.0,0.353
2023-08-28,East_Zone,Humid_Subtropical,0.176,0.09,23.0,0.415
2023-08-29,East_Zone,Humid_Subtropical,0.176,0.131,99.0,0.356
2023-08-30,East_Zone,Humid_Subtropical,0.455,0.039,41.0,0.297
2023-08-31,East_Zone,Humid_Subtropical,0.286,0.027,65.0,0.303
2023-09-01,East_Zone,Humid_Subtropical,0.477,0.366,107.0,0.446
2023-09-02,East_Zone,Humid_Subtropical,0.211,0.309,139.0,0.394
2023-09-03,East_Zone,Humid_Subtropical,0.349,0.377,113.0,0.373
2023-09-04,East_Zone,Humid_Subtropical,0.323,0.386,106.0,0.394
2023-09-05,East_Zone,Humid_Subtropical,0.388,0.376,131.0,0.439
2023-09-06,East_Zone,Humid_Subtropical,0.325,0.358,97.0,0.453
2023-09-07,East_Zone,Humid_Subtropical,0.399,0.479,113.0,0.446
2023-09-08,East_Zone,Humid_Subtropical,0.355,0.436,132.0,0.468
2023-09-09,East_Zone,Humid_Subtropical,0.191,0.374,147.0,0.461
2023-09-10,East_Zone,Humid_Subtropical,0.373,0.386,103.0,0.413
2023-09-11,East_Zone,Humid_Subtropical,0.29,0.463,109.0,0.452
2023-09-12,East_Zone,Humid_Subtropical,0.222,0.345,126.0,0.408
2023-09-13,East_Zone,Humid_Subtropical,0.369,0.322,84.0,0.437
2023-09-14,East_Zone,Humid_Subtropical,0.392,0.394,144.0,0.42
2023-09-15,East_Zone,Humid_Subtropical,0.252,0.405,102.0,0.405
2023-09-16,East_Zone,Humid_Subtropical,0.265,0.409,112.0,0.444
2023-09-17,East_Zone,Humid_Subtropical,0.161,0.43,125.0,0.481
2023-09-18,East_Zone,Humid_Subtropical,0.12,0.336,121.0,0.439
2023-09-19,East_Zone,Humid_Subtropical,0.276,0.295,103.0,0.444
2023-09-20,East_Zone,Humid_Subtropical,0.379,0.345,151.0,0.454
2023-09-21,East_Zone,Humid_Subtropical,0.243,0.415,74.0,0.445
2023-09-22,East_Zone,Humid_Subtropical,0.443,0.325,100.0,0.403
2023-09-23,East_Zone,Humid_Subtropical,0.279,0.264,109.0,0.38
2023-09-24,East_Zone,Humid_Subtropical,0.28,0.389,103.0,0.39
2023-09-25,East_Zone,Humid_Subtropical,0.271,0.346,142.0,0.462
2023-09-26,East_Zone,Humid_Subtropical,0.398,0.276,90.0,0.399
2023-09-27,East_Zone,Humid_Subtropical,0.204,0.384,148.0,0.385
2023-09-28,East_Zone,Humid_Subtropical,0.287,0.357,115.0,0.466
2023-09-29,East_Zone,Humid_Subtropical,0.245,0.481,96.0,0.463
2023-09-30,East_Zone,Humid_Subtropical,0.244,0.385,82.0,0.465
2023-10-01,East_Zone,Humid_Subtropical,0.304,0.415,116.0,0.436
2023-10-02,East_Zone,Humid_Subtropical,0.289,0.379,107.0,0.411
2023-10-03,East_Zone,Humid_Subtropical,0.405,0.344,124.0,0.439
2023-10-04,East_Zone,Humid_Subtropical,0.299,0.351,112.0,0.444
2023-10-05,East_Zone,Humid_Subtropical,0.356,0.445,137.0,0.443
2023-10-06,East_Zone,Humid_Subtropical,0.317,0.425,117.0,0.486
2023-10-07,East_Zone,Humid_Subtropical,0.44,0.291,112.0,0.441
2023-10-08,East_Zone,Humid_Subtropical,0.27,0.305,138.0,0.433
2023-10-09,East_Zone,Humid_Subtropical,0.27,0.308,124.0,0.384
2023-10-10,East_Zone,Humid_Subtropical,0.375,0.444,134.0,0.413
2023-10-11,East_Zone,Humid_Subtropical,0.268,0.276,141.0,0.445
2023-10-12,East_Zone,Humid_Subtropical,0.35,0.427,115.0,0.381
2023-10-13,East_Zone,Humid_Subtropical,0.534,0.404,121.0,0.438
2023-10-14,East_Zone,Humid_Subtropical,0.202,0.389,135.0,0.442
2023-10-15,East_Zone,Humid_Subtropical,0.453,0.352,76.0,0.413
2023-10-16,East_Zone,Humid_Subtropical,0.251,0.451,118.0,0.452
2023-10-17,East_Zone,Humid_Subtropical,0.434,0.387,116.0,0.449
2023-10-18,East_Zone,Humid_Subtropical,0.369,0.293,127.0,0.396
2023-10-19,East_Zone,Humid_Subtropical,0.36,0.307,106.0,0.443
2023-10-20,East_Zone,Humid_Subtropical,0.285,0.281,140.0,0.428
2023-10-21,East_Zone,Humid_Subtropical,0.275,0.452,107.0,0.448
2023-10-22,East_Zone,Humid_Subtropical,0.228,0.465,112.0,0.431
2023-10-23,East_Zone,Humid_Subtropical,0.301,0.445,108.0,0.449
2023-10-24,East_Zone,Humid_Subtropical,0.282,0.371,142.0,0.496
2023-10-25,East_Zone,Humid_Subtropical,0.319,0.294,82.0,0.391
2023-10-26,East_Zone,Humid_Subtropical,0.159,0.317,152.0,0.465
2023-10-27,East_Zone,Humid_Subtropical,0.302,0.321,147.0,0.368
2023-10-28,East_Zone,Humid_Subtropical,0.426,0.377,110.0,0.408
2023-10-29,East_Zone,Humid_Subtropical,0.394,0.463,138.0,0.439
2023-10-30,East_Zone,Humid_Subtropical,0.302,0.463,122.0,0.484
2023-10-31,East_Zone,Humid_Subtropical,0.556,0.351,150.0,0.429
2023-11-01,East_Zone,Humid_Subtropical,0.242,0.246,137.0,0.441
2023-11-02,East_Zone,Humid_Subtropical,0.291,0.31,159.0,0.408
2023-11-03,East_Zone,Humid_Subtropical,0.155,0.451,92.0,0.451
2023-11-04,East_Zone,Humid_Subtropical,0.26,0.394,123.0,0.429
2023-11-05,East_Zone,Humid_Subtropical,0.479,0.359,89.0,0.491
2023-11-06,East_Zone,Humid_Subtropical,0.263,0.354,111.0,0.395
2023-11-07,East_Zone,Humid_Subtropical,0.147,0.335,160.0,0.409
2023-11-08,East_Zone,Humid_Subtropical,0.387,0.308,128.0,0.388
2023-11-09,East_Zone,Humid_Subtropical,0.339,0.504,138.0,0.483
2023-11-10,East_Zone,Humid_Subtropical,0.383,0.483,129.0,0.427
2023-11-11,East_Zone,Humid_Subtropical,0.27,0.331,128.0,0.477
2023-11-12,East_Zone,Humid_Subtropical,0.199,0.275,111.0,0.411
2023-11-13,East_Zone,Humid_Subtropical,0.282,0.39,107.0,0.45
2023-11-14,East_Zone,Humid_Subtropical,0.355,0.371,110.0,0.447
2023-11-15,East_Zone,Humid_Subtropical,0.293,0.418,71.0,0.444
2023-11-16,East_Zone,Humid_Subtropical,0.339,0.431,119.0,0.451
2023-11-17,East_Zone,Humid_Subtropical,0.246,0.31,124.0,0.42
2023-11-18,East_Zone,Humid_Subtropical,0.343,0.457,109.0,0.47
2023-11-19,East_Zone,Humid_Subtropical,0.3,0.359,118.0,0.405
2023-11-20,East_Zone,Humid_Subtropical,0.229,0.416,129.0,0.414
2023-11-21,East_Zone,Humid_Subtropical,0.314,0.364,136.0,0.456
2023-11-22,East_Zone,Humid_Subtropical,0.261,0.435,98.0,0.449
2023-11-23,East_Zone,Humid_Subtropical,0.362,0.238,106.0,0.339
2023-11-24,East_Zone,Humid_Subtropical,0.387,0.424,134.0,0.432
2023-11-25,East_Zone,Humid_Subtropical,0.35,0.33,131.0,0.468
2023-11-26,East_Zone,Humid_Subtropical,0.137,0.384,144.0,0.431
2023-11-27,East_Zone,Humid_Subtropical,0.204,0.455,143.0,0.438
2023-11-28,East_Zone,Humid_Subtropical,0.236,0.332,163.0,0.378
2023-11-29,East_Zone,Humid_Subtropical,0.22,0.322,115.0,0.403
2023-11-30,East_Zone,Humid_Subtropical,0.246,0.358,148.0,0.395
2023-12-01,East_Zone,Humid_Subtropical,0.393,0.394,133.0,0.451
2023-12-02,East_Zone,Humid_Subtropical,0.37,0.357,193.0,0.431
2023-12-03,East_Zone,Humid_Subtropical,0.258,0.426,158.0,0.436
2023-12-04,East_Zone,Humid_Subtropical,0.359,0.429,160.0,0.424
2023-12-05,East_Zone,Humid_Subtropical,0.333,0.448,168.0,0.498
2023-12-06,East_Zone,Humid_Subtropical,0.297,0.371,126.0,0.412
2023-12-07,East_Zone,Humid_Subtropical,0.415,0.363,131.0,0.41
2023-12-08,East_Zone,Humid_Subtropical,0.234,0.413,152.0,0.436
2023-12-09,East_Zone,Humid_Subtropical,0.305,0.405,156.0,0.438
2023-12-10,East_Zone,Humid_Subtropical,0.195,0.406,187.0,0.456
2023-12-11,East_Zone,Humid_Subtropical,0.2,0.378,133.0,0.462
2023-12-12,East_Zone,Humid_Subtropical,0.164,0.44,178.0,0.476
2023-12-13,East_Zone,Humid_Subtropical,0.201,0.363,145.0,0.504
2023-12-14,East_Zone,Humid_Subtropical,0.308,0.413,145.0,0.392
2023-12-15,East_Zone,Humid_Subtropical,0.27,0.402,147.0,0.447
2023-12-16,East_Zone,Humid_Subtropical,0.273,0.418,145.0,0.429
2023-12-17,East_Zone,Humid_Subtropical,0.27,0.491,159.0,0.523
2023-12-18,East_Zone,Humid_Subtropical,0.477,0.341,143.0,0.431
2023-12-19,East_Zone,Humid_Subtropical,0.186,0.277,125.0,0.348
2023-12-20,East_Zone,Humid_Subtropical,0.176,0.384,145.0,0.449
2023-12-21,East_Zone,Humid_Subtropical,0.215,0.351,158.0,0.436
2023-12-22,East_Zone,Humid_Subtropical,0.293,0.239,125.0,0.422
2023-12-23,East_Zone,Humid_Subtropical,0.351,0.525,160.0,0.45
2023-12-24,East_Zone,Humid_Subtropical,0.362,0.454,171.0,0.463
2023-12-25,East_Zone,Humid_Subtropical,0.394,0.46,177.0,0.447
2023-12-26,East_Zone,Humid_Subtropical,0.289,0.403,156.0,0.421
2023-12-27,East_Zone,Humid_Subtropical,0.26,0.445,118.0,0.462
2023-12-28,East_Zone,Humid_Subtropical,0.463,0.395,162.0,0.443
2023-12-29,East_Zone,Humid_Subtropical,0.022,0.469,167.0,0.489
2023-12-30,East_Zone,Humid_Subtropical,0.306,0.431,137.0,0.449
2023-12-31,East_Zone,Humid_Subtropical,0.343,0.418,149.0,0.463
2021-01-01,North_Zone,Semi_Arid,0.187,0.602,204.0,0.714
2021-01-02,North_Zone,Semi_Arid,-0.166,0.688,227.0,0.814
2021-01-03,North_Zone,Semi_Arid,-0.042,0.61,190.0,0.729
2021-01-04,North_Zone,Semi_Arid,-0.136,0.538,211.0,0.762
2021-01-05,North_Zone,Semi_Arid,-0.18,0.62,201.0,0.763
2021-01-06,North_Zone,Semi_Arid,-0.02,0.629,199.0,0.761
2021-01-07,North_Zone,Semi_Arid,0.083,0.591,219.0,0.771
2021-01-08,North_Zone,Semi_Arid,0.121,0.597,180.0,0.685
2021-01-09,North_Zone,Semi_Arid,-0.053,0.536,199.0,0.717
2021-01-10,North_Zone,Semi_Arid,0.067,0.606,195.0,0.774
2021-01-11,North_Zone,Semi_Arid,-0.02,0.527,168.0,0.789
2021-01-12,North_Zone,Semi_Arid,0.056,0.585,217.0,0.746
2021-01-13,North_Zone,Semi_Arid,0.115,0.56,210.0,0.667
2021-01-14,North_Zone,Semi_Arid,-0.019,0.659,196.0,0.755
2021-01-15,North_Zone,Semi_Arid,0.108,0.693,190.0,0.771
2021-01-16,North_Zone,Semi_Arid,-0.121,0.531,195.0,0.766
2021-01-17,North_Zone,Semi_Arid,0.066,0.6,208.0,0.751
2021-01-18,North_Zone,Semi_Arid,0.103,0.581,196.0,0.707
2021-01-19,North_Zone,Semi_Arid,0.093,0.628,183.0,0.786
2021-01-20,North_Zone,Semi_Arid,-0.119,0.606,186.0,0.769
2021-01-21,North_Zone,Semi_Arid,-0.021,0.577,195.0,0.723
2021-01-22,North_Zone,Semi_Arid,0.03,0.606,178.0,0.773
2021-01-23,North_Zone,Semi_Arid,0.044,0.587,201.0,0.73
2021-01-24,North_Zone,Semi_Arid,0.012,0.695,181.0,0.765
2021-01-25,North_Zone,Semi_Arid,0.143,0.552,178.0,0.722
2021-01-26,North_Zone,Semi_Arid,-0.13,0.615,252.0,0.744
2021-01-27,North_Zone,Semi_Arid,-0.024,0.631,230.0,0.785
2021-01-28,North_Zone,Semi_Arid,-0.169,0.626,198.0,0.703
2021-01-29,North_Zone,Semi_Arid,0.062,0.582,210.0,0.779
2021-01-30,North_Zone,Semi_Arid,0.055,0.682,213.0,0.776
2021-01-31,North_Zone,Semi_Arid,0.335,0.475,194.0,0.707
2021-02-01,North_Zone,Semi_Arid,0.103,0.534,200.0,0.734
2021-02-02,North_Zone,Semi_Arid,0.033,0.64,190.0,0.733
2021-02-03,North_Zone,Semi_Arid,0.025,0.547,218.0,0.688
2021-02-04,North_Zone,Semi_Arid,-0.032,0.544,218.0,0.71
2021-02-05,North_Zone,Semi_Arid,0.013,0.572,223.0,0.686
2021-02-06,North_Zone,Semi_Arid,0.028,0.553,200.0,0.698
2021-02-07,North_Zone,Semi_Arid,-0.196,0.638,234.0,0.711
2021-02-08,North_Zone,Semi_Arid,0.02,0.654,194.0,0.8
2021-02-09,North_Zone,Semi_Arid,0.01,0.605,232.0,0.713
2021-02-10,North_Zone,Semi_Arid,0.175,0.663,187.0,0.765
2021-02-11,North_Zone,Semi_Arid,-0.013,0.517,172.0,0.763
2021-02-12,North_Zone,Semi_Arid,-0.077,0.605,232.0,0.777
2021-02-13,North_Zone,Semi_Arid,0.027,0.681,207.0,0.761
2021-02-14,North_Zone,Semi_Arid,0.007,0.659,204.0,0.756
2021-02-15,North_Zone,Semi_Arid,-0.013,0.686,189.0,0.777
2021-02-16,North_Zone,Semi_Arid,-0.128,0.565,180.0,0.805
2021-02-17,North_Zone,Semi_Arid,-0.016,0.655,181.0,0.776
2021-02-18,North_Zone,Semi_Arid,-0.058,0.574,197.0,0.764
2021-02-19,North_Zone,Semi_Arid,-0.022,0.636,192.0,0.827
2021-02-20,North_Zone,Semi_Arid,0.073,0.679,160.0,0.778
2021-02-21,North_Zone,Semi_Arid,-0.067,0.552,225.0,0.772
2021-02-22,North_Zone,Semi_Arid,-0.022,0.489,187.0,0.737
2021-02-23,North_Zone,Semi_Arid,0.054,0.711,217.0,0.792
2021-02-24,North_Zone,Semi_Arid,-0.027,0.629,182.0,0.728
2021-02-25,North_Zone,Semi_Arid,0.261,0.594,198.0,0.715
2021-02-26,North_Zone,Semi_Arid,0.025,0.59,213.0,0.732
2021-02-27,North_Zone,Semi_Arid,-0.124,0.474,210.0,0.745
2021-02-28,North_Zone,Semi_Arid,-0.084,0.613,190.0,0.778
2021-03-01,North_Zone,Semi_Arid,-0.094,0.768,149.0,0.832
2021-03-02,North_Zone,Semi_Arid,-0.083,0.803,152.0,0.8
2021-03-03,North_Zone,Semi_Arid,0.054,0.802,137.0,0.817
2021-03-04,North_Zone,Semi_Arid,-0.111,0.597,120.0,0.766
2021-03-05,North_Zone,Semi_Arid,-0.033,0.829,129.0,0.804
2021-03-06,North_Zone,Semi_Arid,0.114,0.811,133.0,0.793
2021-03-07,North_Zone,Semi_Arid,-0.052,0.819,140.0,0.76
2021-03-08,North_Zone,Semi_Arid,0.067,0.789,169.0,0.793
2021-03-09,North_Zone,Semi_Arid,-0.168,0.803,156.0,0.798
2021-03-10,North_Zone,Semi_Arid,-0.037,0.81,125.0,0.837
2021-03-11,North_Zone,Semi_Arid,-0.089,0.816,173.0,0.841
2021-03-12,North_Zone,Semi_Arid,0.03,0.829,139.0,0.812
2021-03-13,North_Zone,Semi_Arid,-0.103,0.817,152.0,0.866
2021-03-14,North_Zone,Semi_Arid,0.207,0.911,123.0,0.833
2021-03-15,North_Zone,Semi_Arid,-0.164,0.756,132.0,0.82
2021-03-16,North_Zone,Semi_Arid,0.114,0.778,159.0,0.791
2021-03-17,North_Zone,Semi_Arid,0.088,0.902,124.0,0.791
2021-03-18,North_Zone,Semi_Arid,0.031,0.791,141.0,0.785
2021-03-19,North_Zone,Semi_Arid,0.005,0.856,148.0,0.858
2021-03-20,North_Zone,Semi_Arid,0.185,0.808,122.0,0.794
2021-03-21,North_Zone,Semi_Arid,0.247,0.786,108.0,0.783
2021-03-22,North_Zone,Semi_Arid,-0.021,0.859,156.0,0.815
2021-03-23,North_Zone,Semi_Arid,0.016,0.831,192.0,0.796
2021-03-24,North_Zone,Semi_Arid,-0.055,0.708,148.0,0.813
2021-03-25,North_Zone,Semi_Arid,-0.117,0.81,152.0,0.859
2021-03-26,North_Zone,Semi_Arid,0.046,0.74,124.0,0.785
2021-03-27,North_Zone,Semi_Arid,0.025,0.876,166.0,0.835
2021-03-28,North_Zone,Semi_Arid,-0.161,0.905,133.0,0.855
2021-03-29,North_Zone,Semi_Arid,0.046,0.912,161.0,0.831
2021-03-30,North_Zone,Semi_Arid,0.028,0.821,151.0,0.779
2021-03-31,North_Zone,Semi_Arid,-0.06,0.772,151.0,0.781
2021-04-01,North_Zone,Semi_Arid,-0.067,0.819,151.0,0.817
2021-04-02,North_Zone,Semi_Arid,0.042,0.744,150.0,0.798
2021-04-03,North_Zone,Semi_Arid,0.161,0.941,145.0,0.781
2021-04-04,North_Zone,Semi_Arid,0.04,0.872,157.0,0.805
2021-04-05,North_Zone,Semi_Arid,0.078,0.818,127.0,0.782
2021-04-06,North_Zone,Semi_Arid,-0.083,0.86,136.0,0.841
2021-04-07,North_Zone,Semi_Arid,-0.041,0.77,166.0,0.772
2021-04-08,North_Zone,Semi_Arid,0.061,0.734,143.0,0.77
2021-04-09,North_Zone,Semi_Arid,-0.136,0.667,134.0,0.752
2021-04-10,North_Zone,Semi_Arid,0.021,0.805,159.0,0.825
2021-04-11,North_Zone,Semi_Arid,0.049,0.788,155.0,0.826
2021-04-12,North_Zone,Semi_Arid,-0.004,0.831,117.0,0.823
2021-04-13,North_Zone,Semi_Arid,0.032,0.801,153.0,0.833
2021-04-14,North_Zone,Semi_Arid,0.006,0.828,142.0,0.844
2021-04-15,North_Zone,Semi_Arid,-0.062,0.849,153.0,0.758
2021-04-16,North_Zone,Semi_Arid,-0.118,0.712,140.0,0.796
2021-04-17,North_Zone,Semi_Arid,-0.009,0.852,148.0,0.802
2021-04-18,North_Zone,Semi_Arid,0.13,0.776,107.0,0.756
2021-04-19,North_Zone,Semi_Arid,0.102,0.831,124.0,0.798
2021-04-20,North_Zone,Semi_Arid,-0.035,0.861,153.0,0.837
2021-04-21,North_Zone,Semi_Arid,-0.037,0.862,187.0,0.859
2021-04-22,North_Zone,Semi_Arid,-0.044,0.808,147.0,0.762
2021-04-23,North_Zone,Semi_Arid,-0.044,0.811,128.0,0.821
2021-04-24,North_Zone,Semi_Arid,0.029,0.854,142.0,0.872
2021-04-25,North_Zone,Semi_Arid,0.106,0.71,124.0,0.832
2021-04-26,North_Zone,Semi_Arid,0.226,0.743,162.0,0.682
2021-04-27,North_Zone,Semi_Arid,-0.083,0.783,141.0,0.861
2021-04-28,North_Zone,Semi_Arid,0.065,0.72,159.0,0.809
2021-04-29,North_Zone,Semi_Arid,0.054,0.784,137.0,0.727
2021-04-30,North_Zone,Semi_Arid,-0.033,0.78,161.0,0.772
2021-05-01,North_Zone,Semi_Arid,-0.103,0.805,111.0,0.839
2021-05-02,North_Zone,Semi_Arid,0.028,0.797,140.0,0.81
2021-05-03,North_Zone,Semi_Arid,0.212,0.864,150.0,0.799
2021-05-04,North_Zone,Semi_Arid,0.027,0.834,135.0,0.81
2021-05-05,North_Zone,Semi_Arid,-0.079,0.796,146.0,0.815
2021-05-06,North_Zone,Semi_Arid,-0.016,0.78,146.0,0.778
2021-05-07,North_Zone,Semi_Arid,-0.114,0.797,159.0,0.795
2021-05-08,North_Zone,Semi_Arid,0.002,0.798,151.0,0.826
2021-05-09,North_Zone,Semi_Arid,0.068,0.951,147.0,0.817
2021-05-10,North_Zone,Semi_Arid,-0.069,0.713,156.0,0.738
2021-05-11,North_Zone,Semi_Arid,-0.326,0.744,116.0,0.767
2021-05-12,North_Zone,Semi_Arid,0.028,0.736,126.0,0.757
2021-05-13,North_Zone,Semi_Arid,-0.05,0.816,115.0,0.786
2021-05-14,North_Zone,Semi_Arid,-0.075,0.814,150.0,0.752
2021-05-15,North_Zone,Semi_Arid,-0.076,0.766,147.0,0.799
2021-05-16,North_Zone,Semi_Arid,0.04,0.854,165.0,0.84
2021-05-17,North_Zone,Semi_Arid,-0.041,0.822,146.0,0.781
2021-05-18,North_Zone,Semi_Arid,0.093,0.856,129.0,0.794
2021-05-19,North_Zone,Semi_Arid,0.095,0.872,142.0,0.812
2021-05-20,North_Zone,Semi_Arid,-0.027,0.672,106.0,0.741
2021-05-21,North_Zone,Semi_Arid,-0.052,0.841,133.0,0.84
2021-05-22,North_Zone,Semi_Arid,0.013,0.723,98.0,0.754
2021-05-23,North_Zone,Semi_Arid,-0.015,0.815,146.0,0.788
2021-05-24,North_Zone,Semi_Arid,-0.175,0.796,135.0,0.776
2021-05-25,North_Zone,Semi_Arid,0.191,0.798,138.0,0.83
2021-05-26,North_Zone,Semi_Arid,0.071,0.728,123.0,0.775
2021-05-27,North_Zone,Semi_Arid,-0.046,0.862,128.0,0.875
2021-05-28,North_Zone,Semi_Arid,-0.192,0.723,152.0,0.791
2021-05-29,North_Zone,Semi_Arid,-0.018,0.845,114.0,0.846
2021-05-30,North_Zone,Semi_Arid,-0.059,0.714,149.0,0.769
2021-05-31,North_Zone,Semi_Arid,-0.006,0.799,125.0,0.771
2021-06-01,North_Zone,Semi_Arid,-0.216,0.368,75.0,0.691
2021-06-02,North_Zone,Semi_Arid,-0.047,0.402,127.0,0.68
2021-06-03,North_Zone,Semi_Arid,-0.041,0.163,129.0,0.581
2021-06-04,North_Zone,Semi_Arid,-0.019,0.218,95.0,0.685
2021-06-05,North_Zone,Semi_Arid,-0.024,0.229,95.0,0.658
2021-06-06,North_Zone,Semi_Arid,0.005,0.395,100.0,0.678
2021-06-07,North_Zone,Semi_Arid,0.152,0.256,90.0,0.675
2021-06-08,North_Zone,Semi_Arid,-0.052,0.324,94.0,0.682
2021-06-09,North_Zone,Semi_Arid,-0.091,0.278,113.0,0.712
2021-06-10,North_Zone,Semi_Arid,-0.173,0.188,142.0,0.66
2021-06-11,North_Zone,Semi_Arid,-0.051,0.148,99.0,0.632
2021-06-12,North_Zone,Semi_Arid,-0.14,0.223,123.0,0.677
2021-06-13,North_Zone,Semi_Arid,0.096,0.399,111.0,0.699
2021-06-14,North_Zone,Semi_Arid,-0.01,0.275,75.0,0.674
2021-06-15,North_Zone,Semi_Arid,0.094,0.323,105.0,0.718
2021-06-16,North_Zone,Semi_Arid,0.147,0.175,102.0,0.609
2021-06-17,North_Zone,Semi_Arid,-0.087,0.24,131.0,0.634
2021-06-18,North_Zone,Semi_Arid,-0.035,0.307,132.0,0.664
2021-06-19,North_Zone,Semi_Arid,0.133,0.195,112.0,0.641
2021-06-20,North_Zone,Semi_Arid,0.019,0.256,127.0,0.699
2021-06-21,North_Zone,Semi_Arid,0.052,0.207,102.0,0.609
2021-06-22,North_Zone,Semi_Arid,0.103,0.31,125.0,0.677
2021-06-23,North_Zone,Semi_Arid,0.09,0.284,107.0,0.654
2021-06-24,North_Zone,Semi_Arid,0.041,0.301,125.0,0.726
2021-06-25,North_Zone,Semi_Arid,0.14,0.312,127.0,0.705
2021-06-26,North_Zone,Semi_Arid,-0.007,0.246,118.0,0.669
2021-06-27,North_Zone,Semi_Arid,0.052,0.32,92.0,0.709
2021-06-28,North_Zone,Semi_Arid,-0.018,0.225,97.0,0.617
2021-06-29,North_Zone,Semi_Arid,0.102,0.298,119.0,0.735
2021-06-30,North_Zone,Semi_Arid,-0.07,0.142,121.0,0.61
2021-07-01,North_Zone,Semi_Arid,-0.168,0.215,108.0,0.691
2021-07-02,North_Zone,Semi_Arid,0.065,0.399,99.0,0.716
2021-07-03,North_Zone,Semi_Arid,-0.102,0.297,108.0,0.682
2021-07-04,North_Zone,Semi_Arid,-0.112,0.297,100.0,0.711
2021-07-05,North_Zone,Semi_Arid,0.126,0.211,100.0,0.683
2021-07-06,North_Zone,Semi_Arid,0.097,0.194,140.0,0.652
2021-07-07,North_Zone,Semi_Arid,-0.034,0.244,96.0,0.648
2021-07-08,North_Zone,Semi_Arid,-0.305,0.256,114.0,0.668
2021-07-09,North_Zone,Semi_Arid,0.053,0.375,108.0,0.691
2021-07-10,North_Zone,Semi_Arid,0.066,0.321,83.0,0.691
2021-07-11,North_Zone,Semi_Arid,0.052,0.267,82.0,0.697
2021-07-12,North_Zone,Semi_Arid,0.047,0.264,104.0,0.68
2021-07-13,North_Zone,Semi_Arid,-0.018,0.305,70.0,0.682
2021-07-14,North_Zone,Semi_Arid,-0.041,0.181,138.0,0.626
2021-07-15,North_Zone,Semi_Arid,-0.111,0.145,98.0,0.646
2021-07-16,North_Zone,Semi_Arid,-0.07,0.305,97.0,0.625
2021-07-17,North_Zone,Semi_Arid,0.032,0.264,127.0,0.642
2021-07-18,North_Zone,Semi_Arid,0.034,0.181,102.0,0.663
2021-07-19,North_Zone,Semi_Arid,0.079,0.134,117.0,0.66
2021-07-20,North_Zone,Semi_Arid,-0.141,0.314,95.0,0.678
2021-07-21,North_Zone,Semi_Arid,-0.166,0.229,106.0,0.663
2021-07-22,North_Zone,Semi_Arid,-0.038,0.284,122.0,0.682
2021-07-23,North_Zone,Semi_Arid,-0.102,0.244,89.0,0.681
2021-07-24,North_Zone,Semi_Arid,0.019,0.258,114.0,0.658
2021-07-25,North_Zone,Semi_Arid,-0.131,0.224,62.0,0.627
2021-07-26,North_Zone,Semi_Arid,0.118,0.255,128.0,0.675
2021-07-27,North_Zone,Semi_Arid,-0.082,0.295,95.0,0.732
2021-07-28,North_Zone,Semi_Arid,0.159,0.243,103.0,0.633
2021-07-29,North_Zone,Semi_Arid,0.052,0.24,103.0,0.656
2021-07-30,North_Zone,Semi_Arid,-0.106,0.296,87.0,0.662
2021-07-31,North_Zone,Semi_Arid,0.209,0.3,86.0,0.747
2021-08-01,North_Zone,Semi_Arid,0.027,0.192,114.0,0.619
2021-08-02,North_Zone,Semi_Arid,0.017,0.258,115.0,0.66
2021-08-03,North_Zone,Semi_Arid,-0.007,0.229,89.0,0.646
2021-08-04,North_Zone,Semi_Arid,0.047,0.261,115.0,0.628
2021-08-05,North_Zone,Semi_Arid,0.053,0.346,115.0,0.647
2021-08-06,North_Zone,Semi_Arid,-0.086,0.282,98.0,0.688
2021-08-07,North_Zone,Semi_Arid,-0.021,0.39,82.0,0.719
2021-08-08,North_Zone,Semi_Arid,0.012,0.273,104.0,0.651
2021-08-09,North_Zone,Semi_Arid,0.058,0.25,112.0,0.705
2021-08-10,North_Zone,Semi_Arid,0.06,0.259,104.0,0.597
2021-08-11,North_Zone,Semi_Arid,0.016,0.269,94.0,0.629
2021-08-12,North_Zone,Semi_Arid,-0.055,0.279,113.0,0.645
2021-08-13,North_Zone,Semi_Arid,-0.06,0.2,128.0,0.65
2021-08-14,North_Zone,Semi_Arid,-0.119,0.246,91.0,0.648
2021-08-15,North_Zone,Semi_Arid,0.059,0.217,100.0,0.648
2021-08-16,North_Zone,Semi_Arid,-0.062,0.322,154.0,0.695
2021-08-17,North_Zone,Semi_Arid,-0.019,0.144,110.0,0.68
2021-08-18,North_Zone,Semi_Arid,0.024,0.269,82.0,0.691
2021-08-19,North_Zone,Semi_Arid,0.0,0.169,96.0,0.644
2021-08-20,North_Zone,Semi_Arid,-0.001,0.286,91.0,0.669
2021-08-21,North_Zone,Semi_Arid,-0.09,0.236,112.0,0.692
2021-08-22,North_Zone,Semi_Arid,0.027,0.151,111.0,0.694
2021-08-23,North_Zone,Semi_Arid,-0.031,0.317,94.0,0.698
2021-08-24,North_Zone,Semi_Arid,-0.009,0.109,138.0,0.613
2021-08-25,North_Zone,Semi_Arid,0.116,0.258,107.0,0.672
2021-08-26,North_Zone,Semi_Arid,0.051,0.301,97.0,0.693
2021-08-27,North_Zone,Semi_Arid,-0.057,0.343,83.0,0.669
2021-08-28,North_Zone,Semi_Arid,-0.015,0.163,89.0,0.667
2021-08-29,North_Zone,Semi_Arid,0.16,0.229,83.0,0.665
2021-08-30,North_Zone,Semi_Arid,-0.031,0.325,102.0,0.716
2021-08-31,North_Zone,Semi_Arid,0.004,0.329,89.0,0.653
2021-09-01,North_Zone,Semi_Arid,0.066,0.637,179.0,0.707
2021-09-02,North_Zone,Semi_Arid,0.022,0.714,154.0,0.767
2021-09-03,North_Zone,Semi_Arid,-0.037,0.529,180.0,0.733
2021-09-04,North_Zone,Semi_Arid,-0.074,0.582,174.0,0.691
2021-09-05,North_Zone,Semi_Arid,-0.001,0.539,177.0,0.716
2021-09-06,North_Zone,Semi_Arid,0.066,0.441,181.0,0.749
2021-09-07,North_Zone,Semi_Arid,0.132,0.555,201.0,0.755
2021-09-08,North_Zone,Semi_Arid,-0.147,0.44,150.0,0.714
2021-09-09,North_Zone,Semi_Arid,0.176,0.529,180.0,0.701
2021-09-10,North_Zone,Semi_Arid,-0.029,0.472,172.0,0.756
2021-09-11,North_Zone,Semi_Arid,0.092,0.586,184.0,0.734
2021-09-12,North_Zone,Semi_Arid,-0.074,0.513,167.0,0.731
2021-09-13,North_Zone,Semi_Arid,-0.161,0.453,186.0,0.725
2021-09-14,North_Zone,Semi_Arid,-0.131,0.612,142.0,0.758
2021-09-15,North_Zone,Semi_Arid,-0.033,0.524,147.0,0.776
2021-09-16,North_Zone,Semi_Arid,0.052,0.534,155.0,0.751
2021-09-17,North_Zone,Semi_Arid,0.003,0.501,164.0,0.735
2021-09-18,North_Zone,Semi_Arid,-0.025,0.629,166.0,0.755
2021-09-19,North_Zone,Semi_Arid,0.112,0.576,152.0,0.757
2021-09-20,North_Zone,Semi_Arid,0.0,0.523,147.0,0.724
2021-09-21,North_Zone,Semi_Arid,0.028,0.445,153.0,0.717
2021-09-22,North_Zone,Semi_Arid,0.311,0.711,134.0,0.767
2021-09-23,North_Zone,Semi_Arid,-0.001,0.679,160.0,0.755
2021-09-24,North_Zone,Semi_Arid,-0.07,0.647,164.0,0.734
2021-09-25,North_Zone,Semi_Arid,0.048,0.518,173.0,0.721
2021-09-26,North_Zone,Semi_Arid,0.073,0.53,168.0,0.722
2021-09-27,North_Zone,Semi_Arid,0.03,0.584,197.0,0.801
2021-09-28,North_Zone,Semi_Arid,0.016,0.506,180.0,0.756
2021-09-29,North_Zone,Semi_Arid,0.148,0.501,178.0,0.721
2021-09-30,North_Zone,Semi_Arid,0.136,0.648,172.0,0.749
2021-10-01,North_Zone,Semi_Arid,-0.012,0.557,175.0,0.758
2021-10-02,North_Zone,Semi_Arid,-0.064,0.493,161.0,0.782
2021-10-03,North_Zone,Semi_Arid,0.043,0.617,167.0,0.778
2021-10-04,North_Zone,Semi_Arid,-0.065,0.526,200.0,0.68
2021-10-05,North_Zone,Semi_Arid,0.089,0.441,164.0,0.736
2021-10-06,North_Zone,Semi_Arid,0.042,0.492,141.0,0.754
2021-10-07,North_Zone,Semi_Arid,0.267,0.529,178.0,0.798
2021-10-08,North_Zone,Semi_Arid,0.147,0.573,181.0,0.736
2021-10-09,North_Zone,Semi_Arid,-0.108,0.57,168.0,0.747
2021-10-10,North_Zone,Semi_Arid,-0.052,0.634,131.0,0.772
2021-10-11,North_Zone,Semi_Arid,-0.191,0.546,188.0,0.714
2021-10-12,North_Zone,Semi_Arid,-0.214,0.532,169.0,0.707
2021-10-13,North_Zone,Semi_Arid,0.011,0.635,159.0,0.771
2021-10-14,North_Zone,Semi_Arid,-0.119,0.619,186.0,0.708
2021-10-15,North_Zone,Semi_Arid,0.164,0.547,129.0,0.697
2021-10-16,North_Zone,Semi_Arid,0.116,0.578,167.0,0.769
2021-10-17,North_Zone,Semi_Arid,-0.027,0.531,155.0,0.748
2021-10-18,North_Zone,Semi_Arid,-0.033,0.49,192.0,0.76
2021-10-19,North_Zone,Semi_Arid,0.149,0.692,169.0,0.787
2021-10-20,North_Zone,Semi_Arid,0.171,0.527,149.0,0.732
2021-10-21,North_Zone,Semi_Arid,-0.093,0.578,185.0,0.783
2021-10-22,North_Zone,Semi_Arid,-0.106,0.469,121.0,0.705
2021-10-23,North_Zone,Semi_Arid,-0.03,0.604,174.0,0.741
2021-10-24,North_Zone,Semi_Arid,0.043,0.488,142.0,0.72
2021-10-25,North_Zone,Semi_Arid,-0.051,0.661,157.0,0.779
2021-10-26,North_Zone,Semi_Arid,0.045,0.668,161.0,0.765
2021-10-27,North_Zone,Semi_Arid,0.195,0.594,181.0,0.704
2021-10-28,North_Zone,Semi_Arid,-0.141,0.567,205.0,0.734
2021-10-29,North_Zone,Semi_Arid,-0.045,0.549,133.0,0.736
2021-10-30,North_Zone,Semi_Arid,-0.139,0.557,173.0,0.743
2021-10-31,North_Zone,Semi_Arid,-0.084,0.585,205.0,0.733
2021-11-01,North_Zone,Semi_Arid,-0.029,0.565,155.0,0.756
2021-11-02,North_Zone,Semi_Arid,-0.073,0.619,154.0,0.706
2021-11-03,North_Zone,Semi_Arid,0.052,0.505,169.0,0.739
2021-11-04,North_Zone,Semi_Arid,0.015,0.652,180.0,0.817
2021-11-05,North_Zone,Semi_Arid,0.03,0.535,177.0,0.716
2021-11-06,North_Zone,Semi_Arid,-0.031,0.515,159.0,0.73
2021-11-07,North_Zone,Semi_Arid,-0.021,0.582,151.0,0.738
2021-11-08,North_Zone,Semi_Arid,-0.035,0.586,189.0,0.74
2021-11-09,North_Zone,Semi_Arid,-0.025,0.456,151.0,0.683
2021-11-10,North_Zone,Semi_Arid,0.042,0.531,131.0,0.792
2021-11-11,North_Zone,Semi_Arid,-0.192,0.43,139.0,0.719
2021-11-12,North_Zone,Semi_Arid,0.029,0.519,155.0,0.71
2021-11-13,North_Zone,Semi_Arid,-0.087,0.522,192.0,0.707
2021-11-14,North_Zone,Semi_Arid,-0.034,0.578,144.0,0.746
2021-11-15,North_Zone,Semi_Arid,-0.156,0.513,192.0,0.663
2021-11-16,North_Zone,Semi_Arid,-0.036,0.527,189.0,0.763
2021-11-17,North_Zone,Semi_Arid,0.028,0.638,169.0,0.744
2021-11-18,North_Zone,Semi_Arid,0.046,0.684,119.0,0.783
2021-11-19,North_Zone,Semi_Arid,-0.119,0.505,144.0,0.739
2021-11-20,North_Zone,Semi_Arid,0.041,0.621,154.0,0.784
2021-11-21,North_Zone,Semi_Arid,0.114,0.583,196.0,0.761
2021-11-22,North_Zone,Semi_Arid,-0.049,0.456,155.0,0.736
2021-11-23,North_Zone,Semi_Arid,0.0,0.513,151.0,0.759
2021-11-24,North_Zone,Semi_Arid,-0.207,0.378,168.0,0.685
2021-11-25,North_Zone,Semi_Arid,-0.09,0.579,140.0,0.809
2021-11-26,North_Zone,Semi_Arid,0.027,0.495,165.0,0.734
2021-11-27,North_Zone,Semi_Arid,0.096,0.568,151.0,0.741
2021-11-28,North_Zone,Semi_Arid,-0.06,0.714,213.0,0.753
2021-11-29,North_Zone,Semi_Arid,0.267,0.656,148.0,0.758
2021-11-30,North_Zone,Semi_Arid,0.031,0.514,200.0,0.741
2021-12-01,North_Zone,Semi_Arid,-0.127,0.539,174.0,0.738
2021-12-02,North_Zone,Semi_Arid,0.129,0.678,200.0,0.824
2021-12-03,North_Zone,Semi_Arid,-0.125,0.54,204.0,0.723
2021-12-04,North_Zone,Semi_Arid,0.033,0.659,198.0,0.785
2021-12-05,North_Zone,Semi_Arid,-0.093,0.764,196.0,0.757
2021-12-06,North_Zone,Semi_Arid,-0.136,0.641,211.0,0.826
2021-12-07,North_Zone,Semi_Arid,0.096,0.671,203.0,0.732
2021-12-08,North_Zone,Semi_Arid,-0.026,0.664,192.0,0.828
2021-12-09,North_Zone,Semi_Arid,0.173,0.567,183.0,0.738
2021-12-10,North_Zone,Semi_Arid,-0.102,0.617,192.0,0.687
2021-12-11,North_Zone,Semi_Arid,-0.156,0.543,192.0,0.776
2021-12-12,North_Zone,Semi_Arid,-0.048,0.677,191.0,0.772
2021-12-13,North_Zone,Semi_Arid,0.289,0.535,196.0,0.72
2021-12-14,North_Zone,Semi_Arid,0.083,0.642,170.0,0.78
2021-12-15,North_Zone,Semi_Arid,0.055,0.668,177.0,0.787
2021-12-16,North_Zone,Semi_Arid,0.059,0.571,210.0,0.755
2021-12-17,North_Zone,Semi_Arid,-0.048,0.557,154.0,0.773
2021-12-18,North_Zone,Semi_Arid,0.273,0.59,217.0,0.755
2021-12-19,North_Zone,Semi_Arid,0.046,0.546,185.0,0.756
2021-12-20,North_Zone,Semi_Arid,0.036,0.609,225.0,0.737
2021-12-21,North_Zone,Semi_Arid,0.098,0.545,217.0,0.759
2021-12-22,North_Zone,Semi_Arid,-0.127,0.549,189.0,0.722
2021-12-23,North_Zone,Semi_Arid,-0.088,0.633,191.0,0.725
2021-12-24,North_Zone,Semi_Arid,-0.025,0.637,224.0,0.753
2021-12-25,North_Zone,Semi_Arid,0.099,0.582,218.0,0.737
2021-12-26,North_Zone,Semi_Arid,-0.13,0.501,213.0,0.753
2021-12-27,North_Zone,Semi_Arid,-0.007,0.67,216.0,0.724
2021-12-28,North_Zone,Semi_Arid,-0.021,0.573,175.0,0.776
2021-12-29,North_Zone,Semi_Arid,-0.157,0.724,199.0,0.762
2021-12-30,North_Zone,Semi_Arid,-0.051,0.592,181.0,0.674
2021-12-31,North_Zone,Semi_Arid,0.054,0.608,175.0,0.716
2022-01-01,North_Zone,Semi_Arid,0.002,0.574,198.0,0.734
2022-01-02,North_Zone,Semi_Arid,0.291,0.615,188.0,0.767
2022-01-03,North_Zone,Semi_Arid,0.197,0.809,192.0,0.798
2022-01-04,North_Zone,Semi_Arid,0.185,0.579,186.0,0.708
2022-01-05,North_Zone,Semi_Arid,0.151,0.677,172.0,0.746
2022-01-06,North_Zone,Semi_Arid,0.041,0.605,226.0,0.715
2022-01-07,North_Zone,Semi_Arid,0.085,0.67,198.0,0.775
2022-01-08,North_Zone,Semi_Arid,0.186,0.484,169.0,0.718
2022-01-09,North_Zone,Semi_Arid,0.085,0.717,198.0,0.798
2022-01-10,North_Zone,Semi_Arid,0.169,0.62,222.0,0.702
2022-01-11,North_Zone,Semi_Arid,0.06,0.584,212.0,0.73
2022-01-12,North_Zone,Semi_Arid,0.195,0.654,186.0,0.824
2022-01-13,North_Zone,Semi_Arid,0.203,0.609,186.0,0.771
2022-01-14,North_Zone,Semi_Arid,-0.013,0.531,178.0,0.724
2022-01-15,North_Zone,Semi_Arid,0.157,0.455,182.0,0.684
2022-01-16,North_Zone,Semi_Arid,-0.002,0.71,183.0,0.811
2022-01-17,North_Zone,Semi_Arid,-0.036,0.587,169.0,0.793
2022-01-18,North_Zone,Semi_Arid,0.091,0.563,187.0,0.706
2022-01-19,North_Zone,Semi_Arid,0.43,0.568,201.0,0.71
2022-01-20,North_Zone,Semi_Arid,0.228,0.688,188.0,0.78
2022-01-21,North_Zone,Semi_Arid,0.289,0.571,199.0,0.754
2022-01-22,North_Zone,Semi_Arid,0.211,0.639,224.0,0.774
2022-01-23,North_Zone,Semi_Arid,0.171,0.58,228.0,0.8
2022-01-24,North_Zone,Semi_Arid,0.24,0.525,194.0,0.702
2022-01-25,North_Zone,Semi_Arid,0.086,0.654,211.0,0.765
2022-01-26,North_Zone,Semi_Arid,0.197,0.666,192.0,0.788
2022-01-27,North_Zone,Semi_Arid,0.268,0.559,186.0,0.761
2022-01-28,North_Zone,Semi_Arid,0.22,0.598,175.0,0.73
2022-01-29,North_Zone,Semi_Arid,0.274,0.606,197.0,0.733
2022-01-30,North_Zone,Semi_Arid,0.168,0.627,215.0,0.743
2022-01-31,North_Zone,Semi_Arid,0.319,0.718,172.0,0.831
2022-02-01,North_Zone,Semi_Arid,0.129,0.581,190.0,0.716
2022-02-02,North_Zone,Semi_Arid,0.362,0.58,189.0,0.735
2022-02-03,North_Zone,Semi_Arid,0.207,0.589,199.0,0.771
2022-02-04,North_Zone,Semi_Arid,0.112,0.543,200.0,0.703
2022-02-05,North_Zone,Semi_Arid,0.032,0.497,205.0,0.732
2022-02-06,North_Zone,Semi_Arid,0.069,0.608,229.0,0.695
2022-02-07,North_Zone,Semi_Arid,0.054,0.632,179.0,0.764
2022-02-08,North_Zone,Semi_Arid,0.141,0.6,178.0,0.752
2022-02-09,North_Zone,Semi_Arid,0.023,0.596,199.0,0.754
2022-02-10,North_Zone,Semi_Arid,0.279,0.546,221.0,0.71
2022-02-11,North_Zone,Semi_Arid,0.161,0.615,169.0,0.761
2022-02-12,North_Zone,Semi_Arid,0.157,0.61,201.0,0.751
2022-02-13,North_Zone,Semi_Arid,0.033,0.628,191.0,0.796
2022-02-14,North_Zone,Semi_Arid,0.073,0.619,210.0,0.774
2022-02-15,North_Zone,Semi_Arid,-0.072,0.624,206.0,0.713
2022-02-16,North_Zone,Semi_Arid,0.312,0.679,196.0,0.745
2022-02-17,North_Zone,Semi_Arid,0.008,0.634,204.0,0.74
2022-02-18,North_Zone,Semi_Arid,0.016,0.629,183.0,0.763
2022-02-19,North_Zone,Semi_Arid,0.291,0.495,209.0,0.719
2022-02-20,North_Zone,Semi_Arid,0.189,0.663,220.0,0.761
2022-02-21,North_Zone,Semi_Arid,0.162,0.582,197.0,0.83
2022-02-22,North_Zone,Semi_Arid,0.184,0.605,188.0,0.736
2022-02-23,North_Zone,Semi_Arid,0.245,0.524,192.0,0.773
2022-02-24,North_Zone,Semi_Arid,0.16,0.725,209.0,0.777
2022-02-25,North_Zone,Semi_Arid,-0.004,0.452,194.0,0.648
2022-02-26,North_Zone,Semi_Arid,0.223,0.689,173.0,0.778
2022-02-27,North_Zone,Semi_Arid,0.192,0.626,212.0,0.79
2022-02-28,North_Zone,Semi_Arid,0.267,0.486,177.0,0.741
2022-03-01,North_Zone,Semi_Arid,0.025,0.922,148.0,0.838
2022-03-02,North_Zone,Semi_Arid,0.077,0.831,106.0,0.808
2022-03-03,North_Zone,Semi_Arid,0.189,0.659,142.0,0.75
2022-03-04,North_Zone,Semi_Arid,0.056,0.775,139.0,0.821
2022-03-05,North_Zone,Semi_Arid,-0.085,0.832,105.0,0.795
2022-03-06,North_Zone,Semi_Arid,0.17,0.903,146.0,0.807
2022-03-07,North_Zone,Semi_Arid,0.24,0.775,120.0,0.806
2022-03-08,North_Zone,Semi_Arid,0.137,0.641,142.0,0.751
2022-03-09,North_Zone,Semi_Arid,0.205,0.888,133.0,0.86
2022-03-10,North_Zone,Semi_Arid,0.19,0.83,113.0,0.822
2022-03-11,North_Zone,Semi_Arid,0.151,0.666,121.0,0.743
2022-03-12,North_Zone,Semi_Arid,0.164,0.821,123.0,0.771
2022-03-13,North_Zone,Semi_Arid,0.285,0.827,158.0,0.79
2022-03-14,North_Zone,Semi_Arid,0.054,0.781,155.0,0.865
2022-03-15,North_Zone,Semi_Arid,0.227,0.75,180.0,0.78
2022-03-16,North_Zone,Semi_Arid,0.032,0.763,131.0,0.813
2022-03-17,North_Zone,Semi_Arid,0.071,0.78,130.0,0.756
2022-03-18,North_Zone,Semi_Arid,0.27,0.821,142.0,0.773
2022-03-19,North_Zone,Semi_Arid,0.029,0.847,134.0,0.806
2022-03-20,North_Zone,Semi_Arid,0.126,0.671,130.0,0.819
2022-03-21,North_Zone,Semi_Arid,0.386,0.815,141.0,0.765
2022-03-22,North_Zone,Semi_Arid,0.253,0.829,153.0,0.788
2022-03-23,North_Zone,Semi_Arid,0.076,0.81,102.0,0.83
2022-03-24,North_Zone,Semi_Arid,0.093,0.776,130.0,0.842
2022-03-25,North_Zone,Semi_Arid,0.133,0.885,115.0,0.834
2022-03-26,North_Zone,Semi_Arid,0.281,0.881,137.0,0.841
2022-03-27,North_Zone,Semi_Arid,0.05,0.778,148.0,0.768
2022-03-28,North_Zone,Semi_Arid,0.044,0.795,160.0,0.759
2022-03-29,North_Zone,Semi_Arid,0.221,0.846,132.0,0.777
2022-03-30,North_Zone,Semi_Arid,-0.018,0.877,142.0,0.793
2022-03-31,North_Zone,Semi_Arid,0.059,0.751,110.0,0.795
2022-04-01,North_Zone,Semi_Arid,0.141,0.737,125.0,0.748
2022-04-02,North_Zone,Semi_Arid,0.147,0.816,144.0,0.812
2022-04-03,North_Zone,Semi_Arid,0.014,0.733,116.0,0.774
2022-04-04,North_Zone,Semi_Arid,0.185,0.683,162.0,0.754
2022-04-05,North_Zone,Semi_Arid,0.205,0.751,149.0,0.814
2022-04-06,North_Zone,Semi_Arid,0.084,0.825,124.0,0.777
2022-04-07,North_Zone,Semi_Arid,0.316,0.893,113.0,0.866
2022-04-08,North_Zone,Semi_Arid,0.184,0.757,127.0,0.814
2022-04-09,North_Zone,Semi_Arid,0.05,0.793,124.0,0.769
2022-04-10,North_Zone,Semi_Arid,0.312,0.809,118.0,0.838
2022-04-11,North_Zone,Semi_Arid,0.098,0.761,115.0,0.757
2022-04-12,North_Zone,Semi_Arid,0.168,0.756,136.0,0.828
2022-04-13,North_Zone,Semi_Arid,0.101,0.82,153.0,0.815
2022-04-14,North_Zone,Semi_Arid,0.212,0.728,127.0,0.735
2022-04-15,North_Zone,Semi_Arid,0.102,0.754,148.0,0.75
2022-04-16,North_Zone,Semi_Arid,0.108,0.788,134.0,0.785
2022-04-17,North_Zone,Semi_Arid,0.134,0.819,151.0,0.831
2022-04-18,North_Zone,Semi_Arid,0.1,0.709,126.0,0.772
2022-04-19,North_Zone,Semi_Arid,0.257,0.792,145.0,0.792
2022-04-20,North_Zone,Semi_Arid,0.024,0.723,142.0,0.782
2022-04-21,North_Zone,Semi_Arid,0.146,0.759,165.0,0.73
2022-04-22,North_Zone,Semi_Arid,0.159,0.847,150.0,0.836
2022-04-23,North_Zone,Semi_Arid,0.138,0.796,145.0,0.839
2022-04-24,North_Zone,Semi_Arid,0.247,0.9,114.0,0.849
2022-04-25,North_Zone,Semi_Arid,-0.0,0.796,131.0,0.786
2022-04-26,North_Zone,Semi_Arid,0.207,0.858,126.0,0.788
2022-04-27,North_Zone,Semi_Arid,0.026,0.848,125.0,0.78
2022-04-28,North_Zone,Semi_Arid,0.099,0.799,140.0,0.766
2022-04-29,North_Zone,Semi_Arid,0.015,0.721,144.0,0.848
2022-04-30,North_Zone,Semi_Arid,0.117,0.794,145.0,0.796
2022-05-01,North_Zone,Semi_Arid,0.092,0.768,163.0,0.819
2022-05-02,North_Zone,Semi_Arid,0.314,0.766,149.0,0.817
2022-05-03,North_Zone,Semi_Arid,0.174,0.809,118.0,0.807
2022-05-04,North_Zone,Semi_Arid,0.194,0.713,144.0,0.75
2022-05-05,North_Zone,Semi_Arid,0.039,0.748,151.0,0.803
2022-05-06,North_Zone,Semi_Arid,0.224,0.739,163.0,0.752
2022-05-07,North_Zone,Semi_Arid,0.314,0.785,137.0,0.814
2022-05-08,North_Zone,Semi_Arid,0.237,0.754,137.0,0.757
2022-05-09,North_Zone,Semi_Arid,0.019,0.758,159.0,0.776
2022-05-10,North_Zone,Semi_Arid,0.104,0.808,143.0,0.789
2022-05-11,North_Zone,Semi_Arid,0.161,0.773,111.0,0.835
2022-05-12,North_Zone,Semi_Arid,0.092,0.8,107.0,0.727
2022-05-13,North_Zone,Semi_Arid,0.403,0.733,173.0,0.853
2022-05-14,North_Zone,Semi_Arid,0.102,0.75,109.0,0.763
2022-05-15,North_Zone,Semi_Arid,0.146,0.922,137.0,0.827
2022-05-16,North_Zone,Semi_Arid,0.09,0.758,156.0,0.802
2022-05-17,North_Zone,Semi_Arid,0.173,0.674,108.0,0.778
2022-05-18,North_Zone,Semi_Arid,0.288,0.821,121.0,0.831
2022-05-19,North_Zone,Semi_Arid,0.161,0.758,118.0,0.808
2022-05-20,North_Zone,Semi_Arid,0.128,0.815,172.0,0.865
2022-05-21,North_Zone,Semi_Arid,0.043,0.795,176.0,0.821
2022-05-22,North_Zone,Semi_Arid,0.271,0.833,127.0,0.805
2022-05-23,North_Zone,Semi_Arid,0.136,0.794,150.0,0.782
2022-05-24,North_Zone,Semi_Arid,0.131,0.786,146.0,0.779
2022-05-25,North_Zone,Semi_Arid,-0.084,0.869,135.0,0.856
2022-05-26,North_Zone,Semi_Arid,0.137,0.667,111.0,0.819
2022-05-27,North_Zone,Semi_Arid,0.11,0.72,182.0,0.81
2022-05-28,North_Zone,Semi_Arid,-0.033,0.75,107.0,0.693
2022-05-29,North_Zone,Semi_Arid,0.249,0.698,144.0,0.707
2022-05-30,North_Zone,Semi_Arid,0.096,0.771,128.0,0.793
2022-05-31,North_Zone,Semi_Arid,0.34,0.765,158.0,0.786
2022-06-01,North_Zone,Semi_Arid,0.291,0.318,120.0,0.68
2022-06-02,North_Zone,Semi_Arid,0.078,0.255,87.0,0.701
2022-06-03,North_Zone,Semi_Arid,0.287,0.247,91.0,0.698
2022-06-04,North_Zone,Semi_Arid,0.311,0.237,77.0,0.664
2022-06-05,North_Zone,Semi_Arid,0.094,0.197,109.0,0.604
2022-06-06,North_Zone,Semi_Arid,0.047,0.313,118.0,0.641
2022-06-07,North_Zone,Semi_Arid,-0.066,0.333,97.0,0.685
2022-06-08,North_Zone,Semi_Arid,0.188,0.187,101.0,0.659
2022-06-09,North_Zone,Semi_Arid,0.053,0.357,139.0,0.653
2022-06-10,North_Zone,Semi_Arid,0.191,0.22,122.0,0.675
2022-06-11,North_Zone,Semi_Arid,0.093,0.215,129.0,0.601
2022-06-12,North_Zone,Semi_Arid,0.072,0.288,65.0,0.592
2022-06-13,North_Zone,Semi_Arid,0.094,0.294,115.0,0.647
2022-06-14,North_Zone,Semi_Arid,0.02,0.256,110.0,0.705
2022-06-15,North_Zone,Semi_Arid,0.094,0.239,82.0,0.705
2022-06-16,North_Zone,Semi_Arid,0.076,0.33,86.0,0.635
2022-06-17,North_Zone,Semi_Arid,0.149,0.223,101.0,0.61
2022-06-18,North_Zone,Semi_Arid,0.16,0.256,81.0,0.687
2022-06-19,North_Zone,Semi_Arid,0.043,0.362,91.0,0.677
2022-06-20,North_Zone,Semi_Arid,0.26,0.18,97.0,0.686
2022-06-21,North_Zone,Semi_Arid,0.134,0.232,115.0,0.68
2022-06-22,North_Zone,Semi_Arid,0.3,0.322,92.0,0.708
2022-06-23,North_Zone,Semi_Arid,0.174,0.292,97.0,0.648
2022-06-24,North_Zone,Semi_Arid,0.157,0.314,123.0,0.692
2022-06-25,North_Zone,Semi_Arid,0.101,0.181,73.0,0.706
2022-06-26,North_Zone,Semi_Arid,0.211,0.279,109.0,0.674
2022-06-27,North_Zone,Semi_Arid,0.153,0.243,112.0,0.659
2022-06-28,North_Zone,Semi_Arid,0.236,0.396,113.0,0.686
2022-06-29,North_Zone,Semi_Arid,0.31,0.309,96.0,0.629
2022-06-30,North_Zone,Semi_Arid,0.077,0.259,86.0,0.632
2022-07-01,North_Zone,Semi_Arid,0.211,0.277,132.0,0.642
2022-07-02,North_Zone,Semi_Arid,0.209,0.263,90.0,0.616
2022-07-03,North_Zone,Semi_Arid,0.196,0.302,85.0,0.629
2022-07-04,North_Zone,Semi_Arid,0.107,0.209,105.0,0.579
2022-07-05,North_Zone,Semi_Arid,0.109,0.342,92.0,0.662
2022-07-06,North_Zone,Semi_Arid,0.092,0.181,124.0,0.666
2022-07-07,North_Zone,Semi_Arid,0.09,0.272,100.0,0.659
2022-07-08,North_Zone,Semi_Arid,0.066,0.211,126.0,0.643
2022-07-09,North_Zone,Semi_Arid,0.14,0.263,113.0,0.689
2022-07-10,North_Zone,Semi_Arid,0.074,0.319,98.0,0.73
2022-07-11,North_Zone,Semi_Arid,0.194,0.157,125.0,0.707
2022-07-12,North_Zone,Semi_Arid,0.156,0.25,93.0,0.667
2022-07-13,North_Zone,Semi_Arid,0.167,0.174,99.0,0.635
2022-07-14,North_Zone,Semi_Arid,0.123,0.243,115.0,0.648
2022-07-15,North_Zone,Semi_Arid,0.157,0.173,109.0,0.661
2022-07-16,North_Zone,Semi_Arid,0.125,0.27,93.0,0.663
2022-07-17,North_Zone,Semi_Arid,0.228,0.234,77.0,0.654
2022-07-18,North_Zone,Semi_Arid,0.106,0.305,105.0,0.674
2022-07-19,North_Zone,Semi_Arid,0.188,0.334,92.0,0.655
2022-07-20,North_Zone,Semi_Arid,0.019,0.261,106.0,0.595
2022-07-21,North_Zone,Semi_Arid,0.221,0.314,97.0,0.658
2022-07-22,North_Zone,Semi_Arid,0.094,0.343,92.0,0.729
2022-07-23,North_Zone,Semi_Arid,0.059,0.205,100.0,0.694
2022-07-24,North_Zone,Semi_Arid,0.036,0.346,104.0,0.715
2022-07-25,North_Zone,Semi_Arid,0.028,0.258,118.0,0.65
2022-07-26,North_Zone,Semi_Arid,0.102,0.201,113.0,0.627
2022-07-27,North_Zone,Semi_Arid,0.3,0.278,143.0,0.718
2022-07-28,North_Zone,Semi_Arid,0.086,0.256,108.0,0.632
2022-07-29,North_Zone,Semi_Arid,-0.071,0.176,93.0,0.645
2022-07-30,North_Zone,Semi_Arid,0.187,0.194,102.0,0.699
2022-07-31,North_Zone,Semi_Arid,0.039,0.358,115.0,0.693
2022-08-01,North_Zone,Semi_Arid,0.231,0.277,123.0,0.66
2022-08-02,North_Zone,Semi_Arid,0.108,0.349,129.0,0.722
2022-08-03,North_Zone,Semi_Arid,0.123,0.235,87.0,0.661
2022-08-04,North_Zone,Semi_Arid,0.27,0.212,128.0,0.659
2022-08-05,North_Zone,Semi_Arid,0.212,0.159,104.0,0.685
2022-08-06,North_Zone,Semi_Arid,0.025,0.318,88.0,0.603
2022-08-07,North_Zone,Semi_Arid,0.04,0.285,101.0,0.682
2022-08-08,North_Zone,Semi_Arid,-0.028,0.236,127.0,0.636
2022-08-09,North_Zone,Semi_Arid,0.41,0.212,113.0,0.647
2022-08-10,North_Zone,Semi_Arid,0.064,0.328,83.0,0.685
2022-08-11,North_Zone,Semi_Arid,0.267,0.249,83.0,0.642
2022-08-12,North_Zone,Semi_Arid,0.097,0.25,83.0,0.669
2022-08-13,North_Zone,Semi_Arid,0.042,0.224,92.0,0.668
2022-08-14,North_Zone,Semi_Arid,0.152,0.236,106.0,0.665
2022-08-15,North_Zone,Semi_Arid,0.117,0.293,85.0,0.677
2022-08-16,North_Zone,Semi_Arid,0.23,0.175,97.0,0.64
2022-08-17,North_Zone,Semi_Arid,0.231,0.265,130.0,0.663
2022-08-18,North_Zone,Semi_Arid,0.091,0.317,134.0,0.682
2022-08-19,North_Zone,Semi_Arid,0.006,0.255,133.0,0.635
2022-08-20,North_Zone,Semi_Arid,0.03,0.323,73.0,0.719
2022-08-21,North_Zone,Semi_Arid,-0.078,0.34,135.0,0.682
2022-08-22,North_Zone,Semi_Arid,0.123,0.314,107.0,0.666
2022-08-23,North_Zone,Semi_Arid,0.149,0.228,106.0,0.669
2022-08-24,North_Zone,Semi_Arid,0.036,0.258,124.0,0.661
2022-08-25,North_Zone,Semi_Arid,0.024,0.281,118.0,0.708
2022-08-26,North_Zone,Semi_Arid,0.148,0.232,71.0,0.685
2022-08-27,North_Zone,Semi_Arid,0.087,0.23,94.0,0.66
2022-08-28,North_Zone,Semi_Arid,0.129,0.226,98.0,0.685
2022-08-29,North_Zone,Semi_Arid,0.113,0.413,81.0,0.71
2022-08-30,North_Zone,Semi_Arid,0.175,0.244,123.0,0.626
2022-08-31,North_Zone,Semi_Arid,0.093,0.324,131.0,0.708
2022-09-01,North_Zone,Semi_Arid,0.101,0.508,165.0,0.67
2022-09-02,North_Zone,Semi_Arid,-0.038,0.662,170.0,0.66
2022-09-03,North_Zone,Semi_Arid,0.145,0.537,165.0,0.755
2022-09-04,North_Zone,Semi_Arid,0.159,0.563,167.0,0.754
2022-09-05,North_Zone,Semi_Arid,0.132,0.45,185.0,0.724
2022-09-06,North_Zone,Semi_Arid,0.341,0.627,133.0,0.798
2022-09-07,North_Zone,Semi_Arid,0.166,0.64,174.0,0.759
2022-09-08,North_Zone,Semi_Arid,0.134,0.489,165.0,0.711
2022-09-09,North_Zone,Semi_Arid,0.2,0.63,152.0,0.781
2022-09-10,North_Zone,Semi_Arid,0.361,0.48,156.0,0.699
2022-09-11,North_Zone,Semi_Arid,0.175,0.598,198.0,0.742
2022-09-12,North_Zone,Semi_Arid,-0.072,0.543,141.0,0.743
2022-09-13,North_Zone,Semi_Arid,0.193,0.64,162.0,0.77
2022-09-14,North_Zone,Semi_Arid,0.062,0.575,194.0,0.734
2022-09-15,North_Zone,Semi_Arid,-0.042,0.616,142.0,0.739
2022-09-16,North_Zone,Semi_Arid,0.32,0.634,157.0,0.725
2022-09-17,North_Zone,Semi_Arid,0.298,0.543,166.0,0.712
2022-09-18,North_Zone,Semi_Arid,0.059,0.558,172.0,0.794
2022-09-19,North_Zone,Semi_Arid,0.06,0.493,164.0,0.715
2022-09-20,North_Zone,Semi_Arid,0.166,0.542,149.0,0.741
2022-09-21,North_Zone,Semi_Arid,0.061,0.676,173.0,0.724
2022-09-22,North_Zone,Semi_Arid,0.136,0.605,163.0,0.828
2022-09-23,North_Zone,Semi_Arid,0.079,0.497,176.0,0.698
2022-09-24,North_Zone,Semi_Arid,0.11,0.658,182.0,0.729
2022-09-25,North_Zone,Semi_Arid,0.01,0.583,138.0,0.744
2022-09-26,North_Zone,Semi_Arid,0.233,0.61,184.0,0.726
2022-09-27,North_Zone,Semi_Arid,0.27,0.589,160.0,0.758
2022-09-28,North_Zone,Semi_Arid,0.14,0.585,180.0,0.701
2022-09-29,North_Zone,Semi_Arid,0.146,0.44,174.0,0.744
2022-09-30,North_Zone,Semi_Arid,0.213,0.626,198.0,0.785
2022-10-01,North_Zone,Semi_Arid,0.15,0.425,165.0,0.703
2022-10-02,North_Zone,Semi_Arid,0.323,0.621,158.0,0.706
2022-10-03,North_Zone,Semi_Arid,0.018,0.566,156.0,0.717
2022-10-04,North_Zone,Semi_Arid,0.236,0.61,146.0,0.754
2022-10-05,North_Zone,Semi_Arid,0.139,0.57,180.0,0.706
2022-10-06,North_Zone,Semi_Arid,0.038,0.623,145.0,0.724
2022-10-07,North_Zone,Semi_Arid,0.375,0.561,179.0,0.772
2022-10-08,North_Zone,Semi_Arid,0.389,0.577,161.0,0.749
2022-10-09,North_Zone,Semi_Arid,0.129,0.584,133.0,0.75
2022-10-10,North_Zone,Semi_Arid,0.194,0.673,192.0,0.784
2022-10-11,North_Zone,Semi_Arid,0.103,0.596,104.0,0.744
2022-10-12,North_Zone,Semi_Arid,0.119,0.481,164.0,0.718
2022-10-13,North_Zone,Semi_Arid,0.037,0.526,169.0,0.745
2022-10-14,North_Zone,Semi_Arid,0.022,0.596,123.0,0.773
2022-10-15,North_Zone,Semi_Arid,0.334,0.636,173.0,0.774
2022-10-16,North_Zone,Semi_Arid,0.146,0.517,153.0,0.773
2022-10-17,North_Zone,Semi_Arid,0.155,0.694,161.0,0.774
2022-10-18,North_Zone,Semi_Arid,0.069,0.571,189.0,0.702
2022-10-19,North_Zone,Semi_Arid,0.169,0.585,168.0,0.779
2022-10-20,North_Zone,Semi_Arid,-0.0,0.485,159.0,0.714
2022-10-21,North_Zone,Semi_Arid,0.073,0.627,162.0,0.734
2022-10-22,North_Zone,Semi_Arid,0.03,0.533,197.0,0.755
2022-10-23,North_Zone,Semi_Arid,0.279,0.515,172.0,0.74
2022-10-24,North_Zone,Semi_Arid,-0.015,0.541,149.0,0.697
2022-10-25,North_Zone,Semi_Arid,0.032,0.643,156.0,0.781
2022-10-26,North_Zone,Semi_Arid,-0.055,0.588,144.0,0.803
2022-10-27,North_Zone,Semi_Arid,0.061,0.507,157.0,0.736
2022-10-28,North_Zone,Semi_Arid,0.104,0.528,194.0,0.724
2022-10-29,North_Zone,Semi_Arid,0.248,0.645,162.0,0.711
2022-10-30,North_Zone,Semi_Arid,0.128,0.546,141.0,0.798
2022-10-31,North_Zone,Semi_Arid,0.109,0.594,173.0,0.733
2022-11-01,North_Zone,Semi_Arid,0.18,0.608,158.0,0.71
2022-11-02,North_Zone,Semi_Arid,0.106,0.355,175.0,0.692
2022-11-03,North_Zone,Semi_Arid,0.391,0.636,161.0,0.789
2022-11-04,North_Zone,Semi_Arid,0.091,0.509,191.0,0.764
2022-11-05,North_Zone,Semi_Arid,0.191,0.538,149.0,0.714
2022-11-06,North_Zone,Semi_Arid,0.233,0.652,144.0,0.76
2022-11-07,North_Zone,Semi_Arid,0.088,0.647,182.0,0.762
2022-11-08,North_Zone,Semi_Arid,0.167,0.59,129.0,0.777
2022-11-09,North_Zone,Semi_Arid,0.1,0.604,162.0,0.769
2022-11-10,North_Zone,Semi_Arid,0.177,0.619,179.0,0.763
2022-11-11,North_Zone,Semi_Arid,0.16,0.646,126.0,0.789
2022-11-12,North_Zone,Semi_Arid,0.136,0.653,166.0,0.722
2022-11-13,North_Zone,Semi_Arid,0.034,0.566,138.0,0.754
2022-11-14,North_Zone,Semi_Arid,0.336,0.516,132.0,0.736
2022-11-15,North_Zone,Semi_Arid,0.209,0.545,146.0,0.735
2022-11-16,North_Zone,Semi_Arid,-0.009,0.568,162.0,0.735
2022-11-17,North_Zone,Semi_Arid,0.108,0.557,152.0,0.743
2022-11-18,North_Zone,Semi_Arid,-0.007,0.499,185.0,0.708
2022-11-19,North_Zone,Semi_Arid,0.226,0.586,166.0,0.828
2022-11-20,North_Zone,Semi_Arid,0.148,0.466,156.0,0.757
2022-11-21,North_Zone,Semi_Arid,0.15,0.565,141.0,0.774
2022-11-22,North_Zone,Semi_Arid,0.066,0.569,169.0,0.726
2022-11-23,North_Zone,Semi_Arid,0.118,0.567,202.0,0.713
2022-11-24,North_Zone,Semi_Arid,0.229,0.611,152.0,0.746
2022-11-25,North_Zone,Semi_Arid,0.256,0.603,154.0,0.754
2022-11-26,North_Zone,Semi_Arid,0.235,0.693,146.0,0.73
2022-11-27,North_Zone,Semi_Arid,-0.005,0.529,186.0,0.747
2022-11-28,North_Zone,Semi_Arid,0.131,0.577,182.0,0.777
2022-11-29,North_Zone,Semi_Arid,0.175,0.573,157.0,0.676
2022-11-30,North_Zone,Semi_Arid,0.077,0.57,154.0,0.715
2022-12-01,North_Zone,Semi_Arid,-0.016,0.524,178.0,0.768
2022-12-02,North_Zone,Semi_Arid,0.021,0.529,190.0,0.743
2022-12-03,North_Zone,Semi_Arid,0.3,0.6,213.0,0.724
2022-12-04,North_Zone,Semi_Arid,0.031,0.505,196.0,0.748
2022-12-05,North_Zone,Semi_Arid,0.155,0.58,218.0,0.727
2022-12-06,North_Zone,Semi_Arid,0.134,0.561,182.0,0.733
2022-12-07,North_Zone,Semi_Arid,0.135,0.582,153.0,0.711
2022-12-08,North_Zone,Semi_Arid,0.118,0.668,242.0,0.768
2022-12-09,North_Zone,Semi_Arid,0.229,0.535,199.0,0.764
2022-12-10,North_Zone,Semi_Arid,0.154,0.652,209.0,0.749
2022-12-11,North_Zone,Semi_Arid,0.087,0.566,181.0,0.761
2022-12-12,North_Zone,Semi_Arid,0.155,0.573,170.0,0.742
2022-12-13,North_Zone,Semi_Arid,0.022,0.628,198.0,0.789
2022-12-14,North_Zone,Semi_Arid,0.198,0.584,159.0,0.732
2022-12-15,North_Zone,Semi_Arid,0.082,0.546,190.0,0.783
2022-12-16,North_Zone,Semi_Arid,0.088,0.578,213.0,0.765
2022-12-17,North_Zone,Semi_Arid,0.201,0.493,203.0,0.731
2022-12-18,North_Zone,Semi_Arid,0.109,0.623,200.0,0.764
2022-12-19,North_Zone,Semi_Arid,0.115,0.414,226.0,0.69
2022-12-20,North_Zone,Semi_Arid,0.267,0.653,202.0,0.747
2022-12-21,North_Zone,Semi_Arid,0.053,0.637,161.0,0.767
2022-12-22,North_Zone,Semi_Arid,0.2,0.696,192.0,0.738
2022-12-23,North_Zone,Semi_Arid,0.245,0.731,230.0,0.765
2022-12-24,North_Zone,Semi_Arid,0.267,0.656,189.0,0.736
2022-12-25,North_Zone,Semi_Arid,0.368,0.562,229.0,0.758
2022-12-26,North_Zone,Semi_Arid,0.086,0.73,213.0,0.8
2022-12-27,North_Zone,Semi_Arid,0.063,0.528,188.0,0.77
2022-12-28,North_Zone,Semi_Arid,0.232,0.486,176.0,0.711
2022-12-29,North_Zone,Semi_Arid,0.244,0.711,201.0,0.754
2022-12-30,North_Zone,Semi_Arid,0.071,0.636,218.0,0.715
2022-12-31,North_Zone,Semi_Arid,0.198,0.487,167.0,0.73
2023-01-01,North_Zone,Semi_Arid,0.572,0.519,197.0,0.772
2023-01-02,North_Zone,Semi_Arid,0.31,0.633,158.0,0.756
2023-01-03,North_Zone,Semi_Arid,0.392,0.548,189.0,0.738
2023-01-04,North_Zone,Semi_Arid,0.458,0.556,165.0,0.739
2023-01-05,North_Zone,Semi_Arid,0.55,0.718,205.0,0.787
2023-01-06,North_Zone,Semi_Arid,0.325,0.729,183.0,0.812
2023-01-07,North_Zone,Semi_Arid,0.425,0.609,216.0,0.81
2023-01-08,North_Zone,Semi_Arid,0.221,0.591,185.0,0.763
2023-01-09,North_Zone,Semi_Arid,0.302,0.654,184.0,0.78
2023-01-10,North_Zone,Semi_Arid,0.255,0.566,166.0,0.734
2023-01-11,North_Zone,Semi_Arid,0.111,0.466,202.0,0.713
2023-01-12,North_Zone,Semi_Arid,0.14,0.434,204.0,0.705
2023-01-13,North_Zone,Semi_Arid,0.343,0.596,212.0,0.738
2023-01-14,North_Zone,Semi_Arid,0.345,0.653,207.0,0.767
2023-01-15,North_Zone,Semi_Arid,0.196,0.601,202.0,0.769
2023-01-16,North_Zone,Semi_Arid,0.456,0.649,206.0,0.764
2023-01-17,North_Zone,Semi_Arid,0.189,0.655,208.0,0.755
2023-01-18,North_Zone,Semi_Arid,0.326,0.683,211.0,0.775
2023-01-19,North_Zone,Semi_Arid,0.258,0.611,168.0,0.724
2023-01-20,North_Zone,Semi_Arid,0.311,0.617,187.0,0.778
2023-01-21,North_Zone,Semi_Arid,0.39,0.598,166.0,0.737
2023-01-22,North_Zone,Semi_Arid,0.376,0.584,201.0,0.711
2023-01-23,North_Zone,Semi_Arid,0.371,0.506,224.0,0.74
2023-01-24,North_Zone,Semi_Arid,0.358,0.67,211.0,0.783
2023-01-25,North_Zone,Semi_Arid,0.173,0.577,184.0,0.718
2023-01-26,North_Zone,Semi_Arid,0.413,0.574,204.0,0.762
2023-01-27,North_Zone,Semi_Arid,0.194,0.568,201.0,0.761
2023-01-28,North_Zone,Semi_Arid,0.289,0.52,199.0,0.789
2023-01-29,North_Zone,Semi_Arid,0.265,0.595,172.0,0.742
2023-01-30,North_Zone,Semi_Arid,0.335,0.631,219.0,0.756
2023-01-31,North_Zone,Semi_Arid,0.252,0.558,174.0,0.721
2023-02-01,North_Zone,Semi_Arid,0.284,0.662,188.0,0.78
2023-02-02,North_Zone,Semi_Arid,0.462,0.578,212.0,0.744
2023-02-03,North_Zone,Semi_Arid,0.17,0.508,188.0,0.757
2023-02-04,North_Zone,Semi_Arid,0.3,0.682,196.0,0.757
2023-02-05,North_Zone,Semi_Arid,0.189,0.612,197.0,0.767
2023-02-06,North_Zone,Semi_Arid,0.367,0.652,196.0,0.756
2023-02-07,North_Zone,Semi_Arid,0.227,0.653,197.0,0.708
2023-02-08,North_Zone,Semi_Arid,0.304,0.543,199.0,0.755
2023-02-09,North_Zone,Semi_Arid,0.168,0.569,196.0,0.69
2023-02-10,North_Zone,Semi_Arid,0.429,0.662,179.0,0.761
2023-02-11,North_Zone,Semi_Arid,0.307,0.71,167.0,0.773
2023-02-12,North_Zone,Semi_Arid,0.314,0.604,213.0,0.751
2023-02-13,North_Zone,Semi_Arid,0.383,0.562,214.0,0.742
2023-02-14,North_Zone,Semi_Arid,0.175,0.701,201.0,0.776
2023-02-15,North_Zone,Semi_Arid,0.238,0.562,201.0,0.751
2023-02-16,North_Zone,Semi_Arid,0.317,0.62,179.0,0.752
2023-02-17,North_Zone,Semi_Arid,0.124,0.574,151.0,0.822
2023-02-18,North_Zone,Semi_Arid,0.135,0.616,191.0,0.744
2023-02-19,North_Zone,Semi_Arid,0.218,0.543,161.0,0.699
2023-02-20,North_Zone,Semi_Arid,0.186,0.578,198.0,0.702
2023-02-21,North_Zone,Semi_Arid,0.266,0.562,218.0,0.76
2023-02-22,North_Zone,Semi_Arid,0.352,0.64,184.0,0.712
2023-02-23,North_Zone,Semi_Arid,0.375,0.61,185.0,0.716
2023-02-24,North_Zone,Semi_Arid,0.481,0.653,177.0,0.723
2023-02-25,North_Zone,Semi_Arid,0.298,0.55,196.0,0.751
2023-02-26,North_Zone,Semi_Arid,0.315,0.587,194.0,0.787
2023-02-27,North_Zone,Semi_Arid,0.298,0.638,177.0,0.731
2023-02-28,North_Zone,Semi_Arid,0.332,0.652,211.0,0.776
2023-03-01,North_Zone,Semi_Arid,0.34,0.713,189.0,0.699
2023-03-02,North_Zone,Semi_Arid,0.392,0.819,161.0,0.782
2023-03-03,North_Zone,Semi_Arid,0.392,0.751,138.0,0.806
2023-03-04,North_Zone,Semi_Arid,0.352,0.855,138.0,0.804
2023-03-05,North_Zone,Semi_Arid,0.451,0.912,131.0,0.858
2023-03-06,North_Zone,Semi_Arid,0.303,0.643,130.0,0.694
2023-03-07,North_Zone,Semi_Arid,0.239,0.761,157.0,0.768
2023-03-08,North_Zone,Semi_Arid,0.255,0.816,158.0,0.818
2023-03-09,North_Zone,Semi_Arid,0.289,0.8,119.0,0.813
2023-03-10,North_Zone,Semi_Arid,0.192,0.856,147.0,0.83
2023-03-11,North_Zone,Semi_Arid,0.239,0.805,160.0,0.807
2023-03-12,North_Zone,Semi_Arid,0.186,0.768,134.0,0.758
2023-03-13,North_Zone,Semi_Arid,0.334,0.739,136.0,0.761
2023-03-14,North_Zone,Semi_Arid,0.335,0.729,153.0,0.852
2023-03-15,North_Zone,Semi_Arid,0.123,0.755,153.0,0.751
2023-03-16,North_Zone,Semi_Arid,0.235,0.766,148.0,0.749
2023-03-17,North_Zone,Semi_Arid,0.483,0.823,145.0,0.826
2023-03-18,North_Zone,Semi_Arid,0.363,0.791,147.0,0.766
2023-03-19,North_Zone,Semi_Arid,0.345,0.761,135.0,0.844
2023-03-20,North_Zone,Semi_Arid,0.234,0.739,120.0,0.867
2023-03-21,North_Zone,Semi_Arid,0.329,0.758,112.0,0.782
2023-03-22,North_Zone,Semi_Arid,0.299,0.766,151.0,0.801
2023-03-23,North_Zone,Semi_Arid,0.22,0.755,142.0,0.734
2023-03-24,North_Zone,Semi_Arid,0.251,0.84,148.0,0.841
2023-03-25,North_Zone,Semi_Arid,0.253,0.882,125.0,0.753
2023-03-26,North_Zone,Semi_Arid,0.151,0.729,142.0,0.742
2023-03-27,North_Zone,Semi_Arid,0.168,0.867,141.0,0.82
2023-03-28,North_Zone,Semi_Arid,0.28,0.842,163.0,0.827
2023-03-29,North_Zone,Semi_Arid,0.215,0.811,155.0,0.758
2023-03-30,North_Zone,Semi_Arid,0.27,0.892,127.0,0.807
2023-03-31,North_Zone,Semi_Arid,0.139,0.79,149.0,0.748
2023-04-01,North_Zone,Semi_Arid,0.38,0.824,127.0,0.796
2023-04-02,North_Zone,Semi_Arid,0.508,0.807,93.0,0.778
2023-04-03,North_Zone,Semi_Arid,0.403,0.803,171.0,0.782
2023-04-04,North_Zone,Semi_Arid,0.413,0.828,133.0,0.827
2023-04-05,North_Zone,Semi_Arid,0.363,0.803,159.0,0.809
2023-04-06,North_Zone,Semi_Arid,0.327,0.828,128.0,0.824
2023-04-07,North_Zone,Semi_Arid,0.309,0.76,125.0,0.786
2023-04-08,North_Zone,Semi_Arid,0.209,0.762,130.0,0.812
2023-04-09,North_Zone,Semi_Arid,0.369,0.76,145.0,0.789
2023-04-10,North_Zone,Semi_Arid,0.363,0.778,143.0,0.78
2023-04-11,North_Zone,Semi_Arid,0.254,0.861,149.0,0.832
2023-04-12,North_Zone,Semi_Arid,0.353,0.772,131.0,0.78
2023-04-13,North_Zone,Semi_Arid,0.231,0.839,141.0,0.8
2023-04-14,North_Zone,Semi_Arid,0.237,0.816,125.0,0.836
2023-04-15,North_Zone,Semi_Arid,0.378,0.774,166.0,0.823
2023-04-16,North_Zone,Semi_Arid,0.343,0.879,116.0,0.811
2023-04-17,North_Zone,Semi_Arid,0.277,0.844,125.0,0.837
2023-04-18,North_Zone,Semi_Arid,0.265,0.8,132.0,0.762
2023-04-19,North_Zone,Semi_Arid,0.317,0.795,183.0,0.79
2023-04-20,North_Zone,Semi_Arid,0.116,0.806,154.0,0.779
2023-04-21,North_Zone,Semi_Arid,0.224,0.708,125.0,0.777
2023-04-22,North_Zone,Semi_Arid,0.173,0.751,155.0,0.81
2023-04-23,North_Zone,Semi_Arid,0.301,0.828,149.0,0.824
2023-04-24,North_Zone,Semi_Arid,0.409,0.705,145.0,0.789
2023-04-25,North_Zone,Semi_Arid,0.348,0.755,153.0,0.793
2023-04-26,North_Zone,Semi_Arid,0.249,0.776,141.0,0.789
2023-04-27,North_Zone,Semi_Arid,0.229,0.974,143.0,0.88
2023-04-28,North_Zone,Semi_Arid,0.225,0.84,112.0,0.764
2023-04-29,North_Zone,Semi_Arid,0.5,0.866,166.0,0.796
2023-04-30,North_Zone,Semi_Arid,0.307,0.752,132.0,0.8
2023-05-01,North_Zone,Semi_Arid,0.32,0.822,118.0,0.851
2023-05-02,North_Zone,Semi_Arid,0.089,0.694,131.0,0.763
2023-05-03,North_Zone,Semi_Arid,0.182,0.78,132.0,0.787
2023-05-04,North_Zone,Semi_Arid,0.296,0.83,126.0,0.769
2023-05-05,North_Zone,Semi_Arid,0.25,0.715,154.0,0.763
2023-05-06,North_Zone,Semi_Arid,0.313,0.824,158.0,0.827
2023-05-07,North_Zone,Semi_Arid,0.312,0.829,105.0,0.855
2023-05-08,North_Zone,Semi_Arid,0.36,0.764,131.0,0.782
2023-05-09,North_Zone,Semi_Arid,0.113,0.75,132.0,0.764
2023-05-10,North_Zone,Semi_Arid,0.189,0.757,137.0,0.791
2023-05-11,North_Zone,Semi_Arid,0.29,0.779,171.0,0.746
2023-05-12,North_Zone,Semi_Arid,0.235,0.781,125.0,0.832
2023-05-13,North_Zone,Semi_Arid,0.269,0.831,168.0,0.771
2023-05-14,North_Zone,Semi_Arid,0.311,0.768,137.0,0.801
2023-05-15,North_Zone,Semi_Arid,0.226,0.896,168.0,0.833
2023-05-16,North_Zone,Semi_Arid,0.319,0.896,134.0,0.843
2023-05-17,North_Zone,Semi_Arid,0.354,0.814,132.0,0.811
2023-05-18,North_Zone,Semi_Arid,0.307,0.779,140.0,0.795
2023-05-19,North_Zone,Semi_Arid,0.372,0.768,163.0,0.805
2023-05-20,North_Zone,Semi_Arid,0.083,0.819,143.0,0.83
2023-05-21,North_Zone,Semi_Arid,0.241,0.83,144.0,0.861
2023-05-22,North_Zone,Semi_Arid,0.389,0.788,151.0,0.764
2023-05-23,North_Zone,Semi_Arid,0.214,0.776,124.0,0.739
2023-05-24,North_Zone,Semi_Arid,0.2,0.821,146.0,0.759
2023-05-25,North_Zone,Semi_Arid,0.287,0.804,129.0,0.747
2023-05-26,North_Zone,Semi_Arid,0.298,0.766,166.0,0.756
2023-05-27,North_Zone,Semi_Arid,0.247,0.807,148.0,0.762
2023-05-28,North_Zone,Semi_Arid,0.484,0.764,152.0,0.779
2023-05-29,North_Zone,Semi_Arid,0.329,0.755,103.0,0.814
2023-05-30,North_Zone,Semi_Arid,0.21,0.8,153.0,0.819
2023-05-31,North_Zone,Semi_Arid,0.156,0.766,137.0,0.773
2023-06-01,North_Zone,Semi_Arid,0.341,0.216,79.0,0.638
2023-06-02,North_Zone,Semi_Arid,0.207,0.323,107.0,0.741
2023-06-03,North_Zone,Semi_Arid,0.515,0.236,78.0,0.677
2023-06-04,North_Zone,Semi_Arid,0.343,0.371,116.0,0.698
2023-06-05,North_Zone,Semi_Arid,0.356,0.298,131.0,0.678
2023-06-06,North_Zone,Semi_Arid,0.325,0.211,73.0,0.644
2023-06-07,North_Zone,Semi_Arid,0.412,0.33,104.0,0.743
2023-06-08,North_Zone,Semi_Arid,0.06,0.217,102.0,0.649
2023-06-09,North_Zone,Semi_Arid,0.18,0.378,69.0,0.699
2023-06-10,North_Zone,Semi_Arid,0.403,0.274,121.0,0.619
2023-06-11,North_Zone,Semi_Arid,0.45,0.293,116.0,0.654
2023-06-12,North_Zone,Semi_Arid,0.176,0.262,141.0,0.649
2023-06-13,North_Zone,Semi_Arid,0.118,0.276,114.0,0.684
2023-06-14,North_Zone,Semi_Arid,0.317,0.246,89.0,0.638
2023-06-15,North_Zone,Semi_Arid,0.349,0.204,114.0,0.652
2023-06-16,North_Zone,Semi_Arid,0.315,0.28,128.0,0.652
2023-06-17,North_Zone,Semi_Arid,0.294,0.321,97.0,0.647
2023-06-18,North_Zone,Semi_Arid,0.115,0.189,120.0,0.613
2023-06-19,North_Zone,Semi_Arid,0.262,0.352,63.0,0.683
2023-06-20,North_Zone,Semi_Arid,0.277,0.296,132.0,0.677
2023-06-21,North_Zone,Semi_Arid,0.245,0.234,119.0,0.653
2023-06-22,North_Zone,Semi_Arid,0.108,0.233,59.0,0.633
2023-06-23,North_Zone,Semi_Arid,0.358,0.372,112.0,0.689
2023-06-24,North_Zone,Semi_Arid,0.387,0.316,69.0,0.669
2023-06-25,North_Zone,Semi_Arid,0.221,0.328,94.0,0.651
2023-06-26,North_Zone,Semi_Arid,0.281,0.245,117.0,0.664
2023-06-27,North_Zone,Semi_Arid,0.25,0.293,103.0,0.728
2023-06-28,North_Zone,Semi_Arid,0.251,0.281,128.0,0.666
2023-06-29,North_Zone,Semi_Arid,0.349,0.25,106.0,0.619
2023-06-30,North_Zone,Semi_Arid,0.352,0.267,104.0,0.711
2023-07-01,North_Zone,Semi_Arid,0.407,0.327,125.0,0.719
2023-07-02,North_Zone,Semi_Arid,0.405,0.356,99.0,0.732
2023-07-03,North_Zone,Semi_Arid,0.283,0.245,105.0,0.66
2023-07-04,North_Zone,Semi_Arid,0.584,0.181,107.0,0.622
2023-07-05,North_Zone,Semi_Arid,0.455,0.359,104.0,0.663
2023-07-06,North_Zone,Semi_Arid,0.234,0.359,126.0,0.724
2023-07-07,North_Zone,Semi_Arid,0.313,0.284,93.0,0.719
2023-07-08,North_Zone,Semi_Arid,0.101,0.368,90.0,0.664
2023-07-09,North_Zone,Semi_Arid,0.303,0.28,86.0,0.594
2023-07-10,North_Zone,Semi_Arid,0.467,0.205,66.0,0.651
2023-07-11,North_Zone,Semi_Arid,0.578,0.181,132.0,0.618
2023-07-12,North_Zone,Semi_Arid,0.288,0.181,89.0,0.624
2023-07-13,North_Zone,Semi_Arid,0.333,0.26,101.0,0.658
2023-07-14,North_Zone,Semi_Arid,0.361,0.232,133.0,0.67
2023-07-15,North_Zone,Semi_Arid,0.498,0.225,102.0,0.633
2023-07-16,North_Zone,Semi_Arid,0.202,0.254,114.0,0.668
2023-07-17,North_Zone,Semi_Arid,0.566,0.311,79.0,0.674
2023-07-18,North_Zone,Semi_Arid,0.268,0.227,130.0,0.588
2023-07-19,North_Zone,Semi_Arid,0.183,0.217,103.0,0.671
2023-07-20,North_Zone,Semi_Arid,0.268,0.231,87.0,0.644
2023-07-21,North_Zone,Semi_Arid,0.219,0.315,87.0,0.641
2023-07-22,North_Zone,Semi_Arid,0.342,0.256,135.0,0.642
2023-07-23,North_Zone,Semi_Arid,0.135,0.277,94.0,0.675
2023-07-24,North_Zone,Semi_Arid,0.314,0.353,87.0,0.69
2023-07-25,North_Zone,Semi_Arid,0.366,0.431,97.0,0.727
2023-07-26,North_Zone,Semi_Arid,0.448,0.298,106.0,0.688
2023-07-27,North_Zone,Semi_Arid,0.368,0.292,108.0,0.638
2023-07-28,North_Zone,Semi_Arid,0.442,0.189,113.0,0.559
2023-07-29,North_Zone,Semi_Arid,0.239,0.282,109.0,0.674
2023-07-30,North_Zone,Semi_Arid,0.339,0.264,117.0,0.685
2023-07-31,North_Zone,Semi_Arid,0.077,0.314,100.0,0.672
2023-08-01,North_Zone,Semi_Arid,0.289,0.236,142.0,0.679
2023-08-02,North_Zone,Semi_Arid,0.339,0.272,96.0,0.638
2023-08-03,North_Zone,Semi_Arid,0.348,0.296,129.0,0.664
2023-08-04,North_Zone,Semi_Arid,0.143,0.374,94.0,0.666
2023-08-05,North_Zone,Semi_Arid,0.261,0.354,79.0,0.709
2023-08-06,North_Zone,Semi_Arid,0.275,0.336,75.0,0.657
2023-08-07,North_Zone,Semi_Arid,0.257,0.304,110.0,0.738
2023-08-08,North_Zone,Semi_Arid,0.373,0.234,126.0,0.643
2023-08-09,North_Zone,Semi_Arid,0.278,0.304,84.0,0.7
2023-08-10,North_Zone,Semi_Arid,0.31,0.214,89.0,0.639
2023-08-11,North_Zone,Semi_Arid,0.251,0.248,112.0,0.702
2023-08-12,North_Zone,Semi_Arid,0.406,0.367,105.0,0.731
2023-08-13,North_Zone,Semi_Arid,0.414,0.292,94.0,0.663
2023-08-14,North_Zone,Semi_Arid,0.269,0.274,82.0,0.677
2023-08-15,North_Zone,Semi_Arid,0.585,0.281,111.0,0.708
2023-08-16,North_Zone,Semi_Arid,0.223,0.254,117.0,0.673
2023-08-17,North_Zone,Semi_Arid,0.401,0.131,114.0,0.605
2023-08-18,North_Zone,Semi_Arid,0.205,0.184,105.0,0.648
2023-08-19,North_Zone,Semi_Arid,0.377,0.297,86.0,0.652
2023-08-20,North_Zone,Semi_Arid,0.37,0.205,111.0,0.656
2023-08-21,North_Zone,Semi_Arid,0.199,0.254,109.0,0.64
2023-08-22,North_Zone,Semi_Arid,0.287,0.186,81.0,0.658
2023-08-23,North_Zone,Semi_Arid,0.487,0.217,100.0,0.601
2023-08-24,North_Zone,Semi_Arid,0.219,0.26,112.0,0.631
2023-08-25,North_Zone,Semi_Arid,0.34,0.315,104.0,0.655
2023-08-26,North_Zone,Semi_Arid,0.334,0.327,70.0,0.677
2023-08-27,North_Zone,Semi_Arid,0.296,0.216,93.0,0.609
2023-08-28,North_Zone,Semi_Arid,0.127,0.278,92.0,0.643
2023-08-29,North_Zone,Semi_Arid,0.383,0.174,115.0,0.667
2023-08-30,North_Zone,Semi_Arid,0.301,0.263,152.0,0.693
2023-08-31,North_Zone,Semi_Arid,0.41,0.317,107.0,0.603
2023-09-01,North_Zone,Semi_Arid,0.323,0.556,143.0,0.721
2023-09-02,North_Zone,Semi_Arid,0.306,0.639,162.0,0.798
2023-09-03,North_Zone,Semi_Arid,0.337,0.61,165.0,0.764
2023-09-04,North_Zone,Semi_Arid,0.201,0.574,179.0,0.756
2023-09-05,North_Zone,Semi_Arid,0.456,0.545,187.0,0.753
2023-09-06,North_Zone,Semi_Arid,0.262,0.528,190.0,0.703
2023-09-07,North_Zone,Semi_Arid,0.264,0.473,175.0,0.725
2023-09-08,North_Zone,Semi_Arid,0.429,0.482,165.0,0.735
2023-09-09,North_Zone,Semi_Arid,0.325,0.62,192.0,0.758
2023-09-10,North_Zone,Semi_Arid,0.276,0.651,159.0,0.751
2023-09-11,North_Zone,Semi_Arid,0.341,0.495,166.0,0.722
2023-09-12,North_Zone,Semi_Arid,0.363,0.564,161.0,0.707
2023-09-13,North_Zone,Semi_Arid,0.288,0.466,127.0,0.735
2023-09-14,North_Zone,Semi_Arid,0.392,0.501,188.0,0.682
2023-09-15,North_Zone,Semi_Arid,0.173,0.576,177.0,0.72
2023-09-16,North_Zone,Semi_Arid,0.326,0.529,122.0,0.753
2023-09-17,North_Zone,Semi_Arid,0.38,0.445,183.0,0.72
2023-09-18,North_Zone,Semi_Arid,0.362,0.663,160.0,0.751
2023-09-19,North_Zone,Semi_Arid,0.076,0.557,183.0,0.688
2023-09-20,North_Zone,Semi_Arid,0.287,0.494,166.0,0.722
2023-09-21,North_Zone,Semi_Arid,0.179,0.568,141.0,0.723
2023-09-22,North_Zone,Semi_Arid,0.429,0.555,165.0,0.753
2023-09-23,North_Zone,Semi_Arid,0.261,0.585,149.0,0.731
2023-09-24,North_Zone,Semi_Arid,0.417,0.54,143.0,0.682
2023-09-25,North_Zone,Semi_Arid,0.178,0.579,181.0,0.703
2023-09-26,North_Zone,Semi_Arid,0.339,0.617,172.0,0.741
2023-09-27,North_Zone,Semi_Arid,0.301,0.481,192.0,0.724
2023-09-28,North_Zone,Semi_Arid,0.576,0.518,158.0,0.695
2023-09-29,North_Zone,Semi_Arid,0.418,0.61,148.0,0.73
2023-09-30,North_Zone,Semi_Arid,0.411,0.527,176.0,0.756
2023-10-01,North_Zone,Semi_Arid,0.503,0.555,150.0,0.772
2023-10-02,North_Zone,Semi_Arid,0.328,0.532,159.0,0.741
2023-10-03,North_Zone,Semi_Arid,0.29,0.536,174.0,0.725
2023-10-04,North_Zone,Semi_Arid,0.279,0.53,163.0,0.714
2023-10-05,North_Zone,Semi_Arid,0.333,0.484,156.0,0.737
2023-10-06,North_Zone,Semi_Arid,0.023,0.588,140.0,0.738
2023-10-07,North_Zone,Semi_Arid,0.3,0.624,182.0,0.784
2023-10-08,North_Zone,Semi_Arid,0.323,0.549,158.0,0.766
2023-10-09,North_Zone,Semi_Arid,0.284,0.617,176.0,0.767
2023-10-10,North_Zone,Semi_Arid,0.147,0.531,174.0,0.718
2023-10-11,North_Zone,Semi_Arid,0.285,0.527,185.0,0.719
2023-10-12,North_Zone,Semi_Arid,0.147,0.585,161.0,0.697
2023-10-13,North_Zone,Semi_Arid,0.477,0.586,159.0,0.745
2023-10-14,North_Zone,Semi_Arid,0.274,0.553,145.0,0.736
2023-10-15,North_Zone,Semi_Arid,0.094,0.601,155.0,0.709
2023-10-16,North_Zone,Semi_Arid,0.279,0.483,171.0,0.792
2023-10-17,North_Zone,Semi_Arid,0.39,0.542,150.0,0.752
2023-10-18,North_Zone,Semi_Arid,0.318,0.618,171.0,0.729
2023-10-19,North_Zone,Semi_Arid,0.209,0.618,191.0,0.816
2023-10-20,North_Zone,Semi_Arid,0.232,0.61,157.0,0.738
2023-10-21,North_Zone,Semi_Arid,0.271,0.621,141.0,0.78
2023-10-22,North_Zone,Semi_Arid,0.256,0.538,158.0,0.737
2023-10-23,North_Zone,Semi_Arid,0.174,0.458,139.0,0.701
2023-10-24,North_Zone,Semi_Arid,0.293,0.544,189.0,0.726
2023-10-25,North_Zone,Semi_Arid,0.167,0.598,167.0,0.793
2023-10-26,North_Zone,Semi_Arid,0.395,0.608,152.0,0.778
2023-10-27,North_Zone,Semi_Arid,0.407,0.528,155.0,0.728
2023-10-28,North_Zone,Semi_Arid,0.2,0.502,144.0,0.664
2023-10-29,North_Zone,Semi_Arid,0.228,0.508,183.0,0.736
2023-10-30,North_Zone,Semi_Arid,0.258,0.527,198.0,0.694
2023-10-31,North_Zone,Semi_Arid,0.297,0.446,138.0,0.728
2023-11-01,North_Zone,Semi_Arid,0.326,0.528,184.0,0.711
2023-11-02,North_Zone,Semi_Arid,0.346,0.563,161.0,0.722
2023-11-03,North_Zone,Semi_Arid,0.344,0.554,188.0,0.719
2023-11-04,North_Zone,Semi_Arid,0.455,0.54,132.0,0.766
2023-11-05,North_Zone,Semi_Arid,0.306,0.519,169.0,0.677
2023-11-06,North_Zone,Semi_Arid,0.17,0.526,158.0,0.754
2023-11-07,North_Zone,Semi_Arid,0.139,0.527,177.0,0.742
2023-11-08,North_Zone,Semi_Arid,0.464,0.602,166.0,0.748
2023-11-09,North_Zone,Semi_Arid,0.351,0.56,165.0,0.727
2023-11-10,North_Zone,Semi_Arid,0.321,0.75,163.0,0.802
2023-11-11,North_Zone,Semi_Arid,0.345,0.54,193.0,0.722
2023-11-12,North_Zone,Semi_Arid,0.316,0.586,162.0,0.733
2023-11-13,North_Zone,Semi_Arid,0.343,0.541,181.0,0.737
2023-11-14,North_Zone,Semi_Arid,0.263,0.54,176.0,0.787
2023-11-15,North_Zone,Semi_Arid,0.406,0.654,181.0,0.718
2023-11-16,North_Zone,Semi_Arid,0.248,0.62,147.0,0.77
2023-11-17,North_Zone,Semi_Arid,0.21,0.455,178.0,0.709
2023-11-18,North_Zone,Semi_Arid,0.131,0.499,171.0,0.718
2023-11-19,North_Zone,Semi_Arid,0.276,0.552,144.0,0.692
2023-11-20,North_Zone,Semi_Arid,0.427,0.529,161.0,0.68
2023-11-21,North_Zone,Semi_Arid,0.254,0.47,206.0,0.728
2023-11-22,North_Zone,Semi_Arid,0.162,0.567,158.0,0.704
2023-11-23,North_Zone,Semi_Arid,0.328,0.447,158.0,0.742
2023-11-24,North_Zone,Semi_Arid,0.235,0.568,173.0,0.712
2023-11-25,North_Zone,Semi_Arid,0.455,0.604,155.0,0.768
2023-11-26,North_Zone,Semi_Arid,0.407,0.612,168.0,0.736
2023-11-27,North_Zone,Semi_Arid,0.173,0.551,157.0,0.719
2023-11-28,North_Zone,Semi_Arid,0.283,0.651,172.0,0.735
2023-11-29,North_Zone,Semi_Arid,0.224,0.58,164.0,0.758
2023-11-30,North_Zone,Semi_Arid,0.184,0.611,200.0,0.774
2023-12-01,North_Zone,Semi_Arid,0.294,0.556,196.0,0.73
2023-12-02,North_Zone,Semi_Arid,0.382,0.691,191.0,0.79
2023-12-03,North_Zone,Semi_Arid,0.292,0.6,214.0,0.75
2023-12-04,North_Zone,Semi_Arid,0.248,0.695,170.0,0.734
2023-12-05,North_Zone,Semi_Arid,0.079,0.681,225.0,0.782
2023-12-06,North_Zone,Semi_Arid,0.233,0.615,177.0,0.745
2023-12-07,North_Zone,Semi_Arid,0.355,0.624,216.0,0.678
2023-12-08,North_Zone,Semi_Arid,0.166,0.589,221.0,0.736
2023-12-09,North_Zone,Semi_Arid,0.428,0.551,186.0,0.687
2023-12-10,North_Zone,Semi_Arid,0.242,0.636,187.0,0.722
2023-12-11,North_Zone,Semi_Arid,0.319,0.633,193.0,0.751
2023-12-12,North_Zone,Semi_Arid,0.26,0.503,206.0,0.723
2023-12-13,North_Zone,Semi_Arid,0.182,0.595,177.0,0.724
2023-12-14,North_Zone,Semi_Arid,0.344,0.652,193.0,0.779
2023-12-15,North_Zone,Semi_Arid,0.24,0.688,189.0,0.769
2023-12-16,North_Zone,Semi_Arid,0.217,0.644,174.0,0.748
2023-12-17,North_Zone,Semi_Arid,0.062,0.509,176.0,0.729
2023-12-18,North_Zone,Semi_Arid,0.43,0.537,197.0,0.77
2023-12-19,North_Zone,Semi_Arid,0.301,0.579,197.0,0.68
2023-12-20,North_Zone,Semi_Arid,0.411,0.684,181.0,0.81
2023-12-21,North_Zone,Semi_Arid,0.362,0.564,196.0,0.723
2023-12-22,North_Zone,Semi_Arid,0.411,0.664,183.0,0.743
2023-12-23,North_Zone,Semi_Arid,0.244,0.563,219.0,0.729
2023-12-24,North_Zone,Semi_Arid,0.163,0.632,193.0,0.731
2023-12-25,North_Zone,Semi_Arid,0.376,0.544,215.0,0.705
2023-12-26,North_Zone,Semi_Arid,0.313,0.588,165.0,0.772
2023-12-27,North_Zone,Semi_Arid,0.253,0.532,201.0,0.738
2023-12-28,North_Zone,Semi_Arid,0.374,0.687,206.0,0.714
2023-12-29,North_Zone,Semi_Arid,0.331,0.558,193.0,0.76
2023-12-30,North_Zone,Semi_Arid,0.364,0.507,185.0,0.743
2023-12-31,North_Zone,Semi_Arid,0.198,0.502,192.0,0.681
2021-01-01,South_Zone,Tropical_Wet_Dry,0.098,0.415,163.0,0.529
2021-01-02,South_Zone,Tropical_Wet_Dry,-0.0,0.393,128.0,0.537
2021-01-03,South_Zone,Tropical_Wet_Dry,0.108,0.459,163.0,0.487
2021-01-04,South_Zone,Tropical_Wet_Dry,0.097,0.406,156.0,0.53
2021-01-05,South_Zone,Tropical_Wet_Dry,0.069,0.49,145.0,0.522
2021-01-06,South_Zone,Tropical_Wet_Dry,-0.011,0.397,146.0,0.536
2021-01-07,South_Zone,Tropical_Wet_Dry,0.071,0.482,151.0,0.512
2021-01-08,South_Zone,Tropical_Wet_Dry,0.111,0.363,180.0,0.542
2021-01-09,South_Zone,Tropical_Wet_Dry,0.061,0.33,156.0,0.495
2021-01-10,South_Zone,Tropical_Wet_Dry,0.02,0.371,133.0,0.494
2021-01-11,South_Zone,Tropical_Wet_Dry,0.071,0.352,142.0,0.486
2021-01-12,South_Zone,Tropical_Wet_Dry,-0.053,0.346,129.0,0.533
2021-01-13,South_Zone,Tropical_Wet_Dry,0.151,0.445,116.0,0.51
2021-01-14,South_Zone,Tropical_Wet_Dry,-0.168,0.404,129.0,0.553
2021-01-15,South_Zone,Tropical_Wet_Dry,0.003,0.429,152.0,0.534
2021-01-16,South_Zone,Tropical_Wet_Dry,-0.041,0.452,173.0,0.491
2021-01-17,South_Zone,Tropical_Wet_Dry,-0.064,0.319,168.0,0.501
2021-01-18,South_Zone,Tropical_Wet_Dry,0.031,0.454,129.0,0.535
2021-01-19,South_Zone,Tropical_Wet_Dry,-0.113,0.348,136.0,0.464
2021-01-20,South_Zone,Tropical_Wet_Dry,0.215,0.385,133.0,0.516
2021-01-21,South_Zone,Tropical_Wet_Dry,-0.135,0.306,104.0,0.513
2021-01-22,South_Zone,Tropical_Wet_Dry,-0.095,0.459,147.0,0.569
2021-01-23,South_Zone,Tropical_Wet_Dry,-0.105,0.319,164.0,0.532
2021-01-24,South_Zone,Tropical_Wet_Dry,0.02,0.348,145.0,0.579
2021-01-25,South_Zone,Tropical_Wet_Dry,0.101,0.352,127.0,0.508
2021-01-26,South_Zone,Tropical_Wet_Dry,0.053,0.412,135.0,0.54
2021-01-27,South_Zone,Tropical_Wet_Dry,0.147,0.41,144.0,0.504
2021-01-28,South_Zone,Tropical_Wet_Dry,-0.083,0.469,164.0,0.594
2021-01-29,South_Zone,Tropical_Wet_Dry,0.066,0.414,147.0,0.497
2021-01-30,South_Zone,Tropical_Wet_Dry,-0.03,0.478,161.0,0.595
2021-01-31,South_Zone,Tropical_Wet_Dry,0.023,0.443,149.0,0.582
2021-02-01,South_Zone,Tropical_Wet_Dry,0.111,0.363,154.0,0.487
2021-02-02,South_Zone,Tropical_Wet_Dry,-0.169,0.38,133.0,0.546
2021-02-03,South_Zone,Tropical_Wet_Dry,0.199,0.511,138.0,0.561
2021-02-04,South_Zone,Tropical_Wet_Dry,-0.015,0.494,127.0,0.531
2021-02-05,South_Zone,Tropical_Wet_Dry,-0.161,0.469,161.0,0.533
2021-02-06,South_Zone,Tropical_Wet_Dry,-0.069,0.477,145.0,0.547
2021-02-07,South_Zone,Tropical_Wet_Dry,0.01,0.448,85.0,0.543
2021-02-08,South_Zone,Tropical_Wet_Dry,-0.069,0.44,159.0,0.575
2021-02-09,South_Zone,Tropical_Wet_Dry,-0.205,0.423,168.0,0.543
2021-02-10,South_Zone,Tropical_Wet_Dry,0.01,0.522,135.0,0.527
2021-02-11,South_Zone,Tropical_Wet_Dry,-0.072,0.392,159.0,0.54
2021-02-12,South_Zone,Tropical_Wet_Dry,0.065,0.434,146.0,0.476
2021-02-13,South_Zone,Tropical_Wet_Dry,-0.107,0.318,112.0,0.488
2021-02-14,South_Zone,Tropical_Wet_Dry,0.226,0.334,185.0,0.495
2021-02-15,South_Zone,Tropical_Wet_Dry,0.051,0.529,146.0,0.572
2021-02-16,South_Zone,Tropical_Wet_Dry,0.02,0.457,154.0,0.587
2021-02-17,South_Zone,Tropical_Wet_Dry,0.062,0.407,139.0,0.528
2021-02-18,South_Zone,Tropical_Wet_Dry,-0.182,0.425,145.0,0.515
2021-02-19,South_Zone,Tropical_Wet_Dry,-0.05,0.339,153.0,0.484
2021-02-20,South_Zone,Tropical_Wet_Dry,0.178,0.394,131.0,0.544
2021-02-21,South_Zone,Tropical_Wet_Dry,-0.032,0.333,180.0,0.497
2021-02-22,South_Zone,Tropical_Wet_Dry,-0.006,0.402,165.0,0.505
2021-02-23,South_Zone,Tropical_Wet_Dry,-0.047,0.461,159.0,0.564
2021-02-24,South_Zone,Tropical_Wet_Dry,0.146,0.447,147.0,0.567
2021-02-25,South_Zone,Tropical_Wet_Dry,-0.024,0.515,136.0,0.52
2021-02-26,South_Zone,Tropical_Wet_Dry,-0.125,0.438,169.0,0.485
2021-02-27,South_Zone,Tropical_Wet_Dry,0.258,0.271,161.0,0.485
2021-02-28,South_Zone,Tropical_Wet_Dry,-0.138,0.537,143.0,0.52
2021-03-01,South_Zone,Tropical_Wet_Dry,-0.01,0.57,75.0,0.524
2021-03-02,South_Zone,Tropical_Wet_Dry,-0.084,0.63,67.0,0.546
2021-03-03,South_Zone,Tropical_Wet_Dry,-0.07,0.626,96.0,0.608
2021-03-04,South_Zone,Tropical_Wet_Dry,-0.106,0.634,91.0,0.598
2021-03-05,South_Zone,Tropical_Wet_Dry,-0.054,0.623,116.0,0.649
2021-03-06,South_Zone,Tropical_Wet_Dry,0.098,0.624,113.0,0.557
2021-03-07,South_Zone,Tropical_Wet_Dry,-0.19,0.541,96.0,0.595
2021-03-08,South_Zone,Tropical_Wet_Dry,0.126,0.775,94.0,0.629
2021-03-09,South_Zone,Tropical_Wet_Dry,0.109,0.659,74.0,0.568
2021-03-10,South_Zone,Tropical_Wet_Dry,0.051,0.623,114.0,0.571
2021-03-11,South_Zone,Tropical_Wet_Dry,0.013,0.731,94.0,0.586
2021-03-12,South_Zone,Tropical_Wet_Dry,0.028,0.556,106.0,0.567
2021-03-13,South_Zone,Tropical_Wet_Dry,0.142,0.672,116.0,0.618
2021-03-14,South_Zone,Tropical_Wet_Dry,-0.175,0.587,85.0,0.556
2021-03-15,South_Zone,Tropical_Wet_Dry,0.073,0.644,80.0,0.606
2021-03-16,South_Zone,Tropical_Wet_Dry,-0.075,0.645,139.0,0.619
2021-03-17,South_Zone,Tropical_Wet_Dry,0.083,0.48,106.0,0.585
2021-03-18,South_Zone,Tropical_Wet_Dry,-0.061,0.534,90.0,0.518
2021-03-19,South_Zone,Tropical_Wet_Dry,0.071,0.715,117.0,0.597
2021-03-20,South_Zone,Tropical_Wet_Dry,-0.155,0.605,89.0,0.593
2021-03-21,South_Zone,Tropical_Wet_Dry,-0.169,0.74,101.0,0.572
2021-03-22,South_Zone,Tropical_Wet_Dry,-0.011,0.699,85.0,0.555
2021-03-23,South_Zone,Tropical_Wet_Dry,0.144,0.607,95.0,0.571
2021-03-24,South_Zone,Tropical_Wet_Dry,0.054,0.601,90.0,0.558
2021-03-25,South_Zone,Tropical_Wet_Dry,0.053,0.719,81.0,0.595
2021-03-26,South_Zone,Tropical_Wet_Dry,0.086,0.746,99.0,0.592
2021-03-27,South_Zone,Tropical_Wet_Dry,-0.04,0.603,84.0,0.636
2021-03-28,South_Zone,Tropical_Wet_Dry,0.061,0.712,105.0,0.584
2021-03-29,South_Zone,Tropical_Wet_Dry,-0.058,0.682,90.0,0.608
2021-03-30,South_Zone,Tropical_Wet_Dry,-0.031,0.692,64.0,0.609
2021-03-31,South_Zone,Tropical_Wet_Dry,-0.019,0.626,106.0,0.526
2021-04-01,South_Zone,Tropical_Wet_Dry,-0.055,0.58,106.0,0.609
2021-04-02,South_Zone,Tropical_Wet_Dry,-0.007,0.557,136.0,0.578
2021-04-03,South_Zone,Tropical_Wet_Dry,-0.025,0.542,95.0,0.56
2021-04-04,South_Zone,Tropical_Wet_Dry,-0.071,0.735,98.0,0.635
2021-04-05,South_Zone,Tropical_Wet_Dry,-0.014,0.621,104.0,0.574
2021-04-06,South_Zone,Tropical_Wet_Dry,0.016,0.551,113.0,0.584
2021-04-07,South_Zone,Tropical_Wet_Dry,-0.11,0.68,112.0,0.534
2021-04-08,South_Zone,Tropical_Wet_Dry,0.042,0.591,101.0,0.592
2021-04-09,South_Zone,Tropical_Wet_Dry,-0.049,0.581,94.0,0.571
2021-04-10,South_Zone,Tropical_Wet_Dry,0.02,0.744,110.0,0.612
2021-04-11,South_Zone,Tropical_Wet_Dry,-0.067,0.54,94.0,0.53
2021-04-12,South_Zone,Tropical_Wet_Dry,0.105,0.634,72.0,0.572
2021-04-13,South_Zone,Tropical_Wet_Dry,0.096,0.585,68.0,0.559
2021-04-14,South_Zone,Tropical_Wet_Dry,-0.105,0.575,90.0,0.53
2021-04-15,South_Zone,Tropical_Wet_Dry,0.052,0.532,97.0,0.564
2021-04-16,South_Zone,Tropical_Wet_Dry,0.145,0.624,139.0,0.623
2021-04-17,South_Zone,Tropical_Wet_Dry,-0.095,0.568,93.0,0.519
2021-04-18,South_Zone,Tropical_Wet_Dry,-0.087,0.655,96.0,0.598
2021-04-19,South_Zone,Tropical_Wet_Dry,0.074,0.617,88.0,0.562
2021-04-20,South_Zone,Tropical_Wet_Dry,-0.131,0.601,106.0,0.554
2021-04-21,South_Zone,Tropical_Wet_Dry,-0.078,0.568,100.0,0.564
2021-04-22,South_Zone,Tropical_Wet_Dry,-0.101,0.706,84.0,0.599
2021-04-23,South_Zone,Tropical_Wet_Dry,0.075,0.664,77.0,0.592
2021-04-24,South_Zone,Tropical_Wet_Dry,-0.069,0.579,88.0,0.531
2021-04-25,South_Zone,Tropical_Wet_Dry,-0.028,0.538,80.0,0.587
2021-04-26,South_Zone,Tropical_Wet_Dry,-0.075,0.507,91.0,0.549
2021-04-27,South_Zone,Tropical_Wet_Dry,0.115,0.688,98.0,0.61
2021-04-28,South_Zone,Tropical_Wet_Dry,-0.086,0.675,86.0,0.625
2021-04-29,South_Zone,Tropical_Wet_Dry,-0.141,0.683,121.0,0.533
2021-04-30,South_Zone,Tropical_Wet_Dry,-0.145,0.613,116.0,0.592
2021-05-01,South_Zone,Tropical_Wet_Dry,0.069,0.668,91.0,0.582
2021-05-02,South_Zone,Tropical_Wet_Dry,0.077,0.682,78.0,0.621
2021-05-03,South_Zone,Tropical_Wet_Dry,0.125,0.616,94.0,0.55
2021-05-04,South_Zone,Tropical_Wet_Dry,-0.126,0.599,93.0,0.598
2021-05-05,South_Zone,Tropical_Wet_Dry,-0.023,0.561,94.0,0.529
2021-05-06,South_Zone,Tropical_Wet_Dry,0.243,0.646,88.0,0.594
2021-05-07,South_Zone,Tropical_Wet_Dry,-0.03,0.654,76.0,0.592
2021-05-08,South_Zone,Tropical_Wet_Dry,-0.056,0.596,96.0,0.564
2021-05-09,South_Zone,Tropical_Wet_Dry,-0.002,0.603,89.0,0.54
2021-05-10,South_Zone,Tropical_Wet_Dry,0.053,0.607,90.0,0.561
2021-05-11,South_Zone,Tropical_Wet_Dry,0.051,0.667,97.0,0.614
2021-05-12,South_Zone,Tropical_Wet_Dry,-0.061,0.538,94.0,0.599
2021-05-13,South_Zone,Tropical_Wet_Dry,-0.059,0.554,96.0,0.617
2021-05-14,South_Zone,Tropical_Wet_Dry,-0.03,0.555,88.0,0.575
2021-05-15,South_Zone,Tropical_Wet_Dry,-0.073,0.611,101.0,0.58
2021-05-16,South_Zone,Tropical_Wet_Dry,-0.123,0.639,82.0,0.593
2021-05-17,South_Zone,Tropical_Wet_Dry,0.181,0.556,75.0,0.617
2021-05-18,South_Zone,Tropical_Wet_Dry,-0.041,0.675,79.0,0.604
2021-05-19,South_Zone,Tropical_Wet_Dry,-0.035,0.708,83.0,0.6
2021-05-20,South_Zone,Tropical_Wet_Dry,-0.032,0.645,72.0,0.573
2021-05-21,South_Zone,Tropical_Wet_Dry,-0.008,0.687,65.0,0.587
2021-05-22,South_Zone,Tropical_Wet_Dry,0.043,0.565,104.0,0.573
2021-05-23,South_Zone,Tropical_Wet_Dry,-0.047,0.567,118.0,0.539
2021-05-24,South_Zone,Tropical_Wet_Dry,0.114,0.651,105.0,0.564
2021-05-25,South_Zone,Tropical_Wet_Dry,0.06,0.618,86.0,0.573
2021-05-26,South_Zone,Tropical_Wet_Dry,-0.019,0.566,64.0,0.548
2021-05-27,South_Zone,Tropical_Wet_Dry,-0.067,0.706,98.0,0.614
2021-05-28,South_Zone,Tropical_Wet_Dry,0.108,0.638,66.0,0.6
2021-05-29,South_Zone,Tropical_Wet_Dry,-0.016,0.662,93.0,0.593
2021-05-30,South_Zone,Tropical_Wet_Dry,-0.124,0.58,81.0,0.58
2021-05-31,South_Zone,Tropical_Wet_Dry,0.102,0.721,54.0,0.604
2021-06-01,South_Zone,Tropical_Wet_Dry,-0.073,0.071,87.0,0.324
2021-06-02,South_Zone,Tropical_Wet_Dry,0.087,0.141,37.0,0.429
2021-06-03,South_Zone,Tropical_Wet_Dry,-0.251,0.045,54.0,0.452
2021-06-04,South_Zone,Tropical_Wet_Dry,-0.037,0.09,58.0,0.417
2021-06-05,South_Zone,Tropical_Wet_Dry,0.116,0.113,52.0,0.474
2021-06-06,South_Zone,Tropical_Wet_Dry,0.001,0.2,68.0,0.497
2021-06-07,South_Zone,Tropical_Wet_Dry,0.06,0.054,47.0,0.426
2021-06-08,South_Zone,Tropical_Wet_Dry,-0.09,0.092,67.0,0.425
2021-06-09,South_Zone,Tropical_Wet_Dry,0.035,0.116,66.0,0.449
2021-06-10,South_Zone,Tropical_Wet_Dry,0.0,0.0,35.0,0.419
2021-06-11,South_Zone,Tropical_Wet_Dry,0.024,0.0,64.0,0.439
2021-06-12,South_Zone,Tropical_Wet_Dry,0.204,0.02,41.0,0.355
2021-06-13,South_Zone,Tropical_Wet_Dry,0.13,0.138,39.0,0.432
2021-06-14,South_Zone,Tropical_Wet_Dry,0.079,0.183,65.0,0.435
2021-06-15,South_Zone,Tropical_Wet_Dry,0.08,0.025,53.0,0.351
2021-06-16,South_Zone,Tropical_Wet_Dry,-0.091,0.007,67.0,0.407
2021-06-17,South_Zone,Tropical_Wet_Dry,-0.047,0.172,67.0,0.418
2021-06-18,South_Zone,Tropical_Wet_Dry,-0.153,0.046,34.0,0.42
2021-06-19,South_Zone,Tropical_Wet_Dry,-0.127,0.058,73.0,0.42
2021-06-20,South_Zone,Tropical_Wet_Dry,-0.089,0.168,65.0,0.476
2021-06-21,South_Zone,Tropical_Wet_Dry,-0.003,0.158,49.0,0.452
2021-06-22,South_Zone,Tropical_Wet_Dry,-0.123,0.136,58.0,0.403
2021-06-23,South_Zone,Tropical_Wet_Dry,-0.004,0.0,74.0,0.43
2021-06-24,South_Zone,Tropical_Wet_Dry,-0.015,0.004,54.0,0.494
2021-06-25,South_Zone,Tropical_Wet_Dry,-0.113,0.147,98.0,0.489
2021-06-26,South_Zone,Tropical_Wet_Dry,0.153,0.099,87.0,0.465
2021-06-27,South_Zone,Tropical_Wet_Dry,-0.132,0.033,62.0,0.422
2021-06-28,South_Zone,Tropical_Wet_Dry,0.112,0.059,56.0,0.42
2021-06-29,South_Zone,Tropical_Wet_Dry,-0.225,0.147,57.0,0.44
2021-06-30,South_Zone,Tropical_Wet_Dry,-0.014,0.172,49.0,0.47
2021-07-01,South_Zone,Tropical_Wet_Dry,-0.12,0.08,62.0,0.406
2021-07-02,South_Zone,Tropical_Wet_Dry,-0.065,0.039,72.0,0.436
2021-07-03,South_Zone,Tropical_Wet_Dry,0.181,0.063,36.0,0.416
2021-07-04,South_Zone,Tropical_Wet_Dry,-0.035,0.161,72.0,0.409
2021-07-05,South_Zone,Tropical_Wet_Dry,-0.11,0.159,77.0,0.439
2021-07-06,South_Zone,Tropical_Wet_Dry,0.049,0.092,70.0,0.481
2021-07-07,South_Zone,Tropical_Wet_Dry,-0.036,0.048,58.0,0.436
2021-07-08,South_Zone,Tropical_Wet_Dry,0.015,0.145,70.0,0.35
2021-07-09,South_Zone,Tropical_Wet_Dry,-0.091,0.177,83.0,0.444
2021-07-10,South_Zone,Tropical_Wet_Dry,-0.087,0.0,59.0,0.447
2021-07-11,South_Zone,Tropical_Wet_Dry,-0.079,0.066,60.0,0.428
2021-07-12,South_Zone,Tropical_Wet_Dry,0.08,0.149,98.0,0.473
2021-07-13,South_Zone,Tropical_Wet_Dry,-0.023,0.084,66.0,0.429
2021-07-14,South_Zone,Tropical_Wet_Dry,-0.105,0.051,42.0,0.438
2021-07-15,South_Zone,Tropical_Wet_Dry,0.016,0.091,76.0,0.444
2021-07-16,South_Zone,Tropical_Wet_Dry,0.008,0.102,67.0,0.426
2021-07-17,South_Zone,Tropical_Wet_Dry,0.057,0.012,48.0,0.44
2021-07-18,South_Zone,Tropical_Wet_Dry,-0.048,0.085,40.0,0.487
2021-07-19,South_Zone,Tropical_Wet_Dry,-0.008,0.102,64.0,0.457
2021-07-20,South_Zone,Tropical_Wet_Dry,0.042,0.051,59.0,0.436
2021-07-21,South_Zone,Tropical_Wet_Dry,-0.101,0.033,38.0,0.403
2021-07-22,South_Zone,Tropical_Wet_Dry,0.089,0.048,58.0,0.46
2021-07-23,South_Zone,Tropical_Wet_Dry,0.002,0.022,57.0,0.41
2021-07-24,South_Zone,Tropical_Wet_Dry,-0.11,0.131,59.0,0.47
2021-07-25,South_Zone,Tropical_Wet_Dry,-0.111,0.021,69.0,0.448
2021-07-26,South_Zone,Tropical_Wet_Dry,-0.01,0.091,28.0,0.472
2021-07-27,South_Zone,Tropical_Wet_Dry,-0.055,0.058,40.0,0.465
2021-07-28,South_Zone,Tropical_Wet_Dry,0.075,0.038,51.0,0.459
2021-07-29,South_Zone,Tropical_Wet_Dry,-0.029,0.162,84.0,0.423
2021-07-30,South_Zone,Tropical_Wet_Dry,0.03,0.072,103.0,0.412
2021-07-31,South_Zone,Tropical_Wet_Dry,-0.085,0.04,60.0,0.389
2021-08-01,South_Zone,Tropical_Wet_Dry,-0.002,0.034,61.0,0.385
2021-08-02,South_Zone,Tropical_Wet_Dry,0.132,0.1,20.0,0.491
2021-08-03,South_Zone,Tropical_Wet_Dry,-0.015,0.13,76.0,0.423
2021-08-04,South_Zone,Tropical_Wet_Dry,-0.055,0.156,68.0,0.425
2021-08-05,South_Zone,Tropical_Wet_Dry,-0.086,0.07,65.0,0.436
2021-08-06,South_Zone,Tropical_Wet_Dry,-0.002,0.066,38.0,0.414
2021-08-07,South_Zone,Tropical_Wet_Dry,0.141,0.088,96.0,0.51
2021-08-08,South_Zone,Tropical_Wet_Dry,-0.136,0.09,87.0,0.434
2021-08-09,South_Zone,Tropical_Wet_Dry,-0.005,0.034,65.0,0.442
2021-08-10,South_Zone,Tropical_Wet_Dry,-0.171,0.168,78.0,0.439
2021-08-11,South_Zone,Tropical_Wet_Dry,-0.041,0.081,61.0,0.39
2021-08-12,South_Zone,Tropical_Wet_Dry,0.026,0.112,75.0,0.426
2021-08-13,South_Zone,Tropical_Wet_Dry,-0.158,0.105,36.0,0.425
2021-08-14,South_Zone,Tropical_Wet_Dry,-0.044,0.104,20.0,0.424
2021-08-15,South_Zone,Tropical_Wet_Dry,0.029,0.02,37.0,0.377
2021-08-16,South_Zone,Tropical_Wet_Dry,0.013,0.08,45.0,0.444
2021-08-17,South_Zone,Tropical_Wet_Dry,0.034,0.217,48.0,0.464
2021-08-18,South_Zone,Tropical_Wet_Dry,-0.097,0.175,68.0,0.417
2021-08-19,South_Zone,Tropical_Wet_Dry,0.029,0.089,55.0,0.445
2021-08-20,South_Zone,Tropical_Wet_Dry,-0.06,0.058,59.0,0.457
2021-08-21,South_Zone,Tropical_Wet_Dry,0.071,0.0,39.0,0.456
2021-08-22,South_Zone,Tropical_Wet_Dry,-0.231,0.05,37.0,0.36
2021-08-23,South_Zone,Tropical_Wet_Dry,-0.029,0.075,61.0,0.417
2021-08-24,South_Zone,Tropical_Wet_Dry,0.01,0.061,50.0,0.394
2021-08-25,South_Zone,Tropical_Wet_Dry,0.135,0.065,60.0,0.417
2021-08-26,South_Zone,Tropical_Wet_Dry,0.009,0.117,70.0,0.491
2021-08-27,South_Zone,Tropical_Wet_Dry,0.019,0.02,90.0,0.403
2021-08-28,South_Zone,Tropical_Wet_Dry,0.038,0.096,60.0,0.43
2021-08-29,South_Zone,Tropical_Wet_Dry,0.125,0.073,93.0,0.413
2021-08-30,South_Zone,Tropical_Wet_Dry,-0.038,0.027,67.0,0.476
2021-08-31,South_Zone,Tropical_Wet_Dry,-0.14,0.18,72.0,0.396
2021-09-01,South_Zone,Tropical_Wet_Dry,-0.159,0.425,139.0,0.51
2021-09-02,South_Zone,Tropical_Wet_Dry,0.066,0.333,133.0,0.477
2021-09-03,South_Zone,Tropical_Wet_Dry,0.022,0.411,106.0,0.471
2021-09-04,South_Zone,Tropical_Wet_Dry,-0.026,0.297,139.0,0.527
2021-09-05,South_Zone,Tropical_Wet_Dry,-0.059,0.34,113.0,0.451
2021-09-06,South_Zone,Tropical_Wet_Dry,0.018,0.46,125.0,0.521
2021-09-07,South_Zone,Tropical_Wet_Dry,0.021,0.401,122.0,0.518
2021-09-08,South_Zone,Tropical_Wet_Dry,0.048,0.396,141.0,0.496
2021-09-09,South_Zone,Tropical_Wet_Dry,-0.111,0.439,127.0,0.478
2021-09-10,South_Zone,Tropical_Wet_Dry,-0.176,0.417,95.0,0.519
2021-09-11,South_Zone,Tropical_Wet_Dry,-0.091,0.364,158.0,0.488
2021-09-12,South_Zone,Tropical_Wet_Dry,-0.135,0.436,135.0,0.553
2021-09-13,South_Zone,Tropical_Wet_Dry,-0.14,0.279,110.0,0.505
2021-09-14,South_Zone,Tropical_Wet_Dry,0.157,0.34,100.0,0.563
2021-09-15,South_Zone,Tropical_Wet_Dry,-0.227,0.374,137.0,0.517
2021-09-16,South_Zone,Tropical_Wet_Dry,0.047,0.413,102.0,0.541
2021-09-17,South_Zone,Tropical_Wet_Dry,0.091,0.361,134.0,0.499
2021-09-18,South_Zone,Tropical_Wet_Dry,0.099,0.273,139.0,0.54
2021-09-19,South_Zone,Tropical_Wet_Dry,0.028,0.265,108.0,0.487
2021-09-20,South_Zone,Tropical_Wet_Dry,0.132,0.376,107.0,0.511
2021-09-21,South_Zone,Tropical_Wet_Dry,0.178,0.351,112.0,0.524
2021-09-22,South_Zone,Tropical_Wet_Dry,-0.03,0.325,102.0,0.482
2021-09-23,South_Zone,Tropical_Wet_Dry,0.045,0.315,124.0,0.484
2021-09-24,South_Zone,Tropical_Wet_Dry,0.128,0.388,127.0,0.533
2021-09-25,South_Zone,Tropical_Wet_Dry,-0.086,0.458,133.0,0.556
2021-09-26,South_Zone,Tropical_Wet_Dry,-0.024,0.388,105.0,0.535
2021-09-27,South_Zone,Tropical_Wet_Dry,-0.063,0.459,135.0,0.532
2021-09-28,South_Zone,Tropical_Wet_Dry,0.046,0.358,102.0,0.518
2021-09-29,South_Zone,Tropical_Wet_Dry,-0.19,0.407,135.0,0.551
2021-09-30,South_Zone,Tropical_Wet_Dry,0.144,0.461,93.0,0.502
2021-10-01,South_Zone,Tropical_Wet_Dry,0.053,0.371,148.0,0.513
2021-10-02,South_Zone,Tropical_Wet_Dry,0.059,0.382,111.0,0.428
2021-10-03,South_Zone,Tropical_Wet_Dry,-0.236,0.358,131.0,0.532
2021-10-04,South_Zone,Tropical_Wet_Dry,-0.104,0.416,132.0,0.501
2021-10-05,South_Zone,Tropical_Wet_Dry,0.149,0.434,97.0,0.506
2021-10-06,South_Zone,Tropical_Wet_Dry,-0.018,0.401,135.0,0.517
2021-10-07,South_Zone,Tropical_Wet_Dry,-0.172,0.366,110.0,0.53
2021-10-08,South_Zone,Tropical_Wet_Dry,0.022,0.29,114.0,0.564
2021-10-09,South_Zone,Tropical_Wet_Dry,0.068,0.377,108.0,0.468
2021-10-10,South_Zone,Tropical_Wet_Dry,0.053,0.368,149.0,0.487
2021-10-11,South_Zone,Tropical_Wet_Dry,-0.015,0.394,99.0,0.525
2021-10-12,South_Zone,Tropical_Wet_Dry,0.114,0.387,128.0,0.495
2021-10-13,South_Zone,Tropical_Wet_Dry,-0.07,0.474,109.0,0.564
2021-10-14,South_Zone,Tropical_Wet_Dry,0.054,0.338,140.0,0.499
2021-10-15,South_Zone,Tropical_Wet_Dry,0.014,0.285,162.0,0.518
2021-10-16,South_Zone,Tropical_Wet_Dry,-0.013,0.311,109.0,0.49
2021-10-17,South_Zone,Tropical_Wet_Dry,-0.038,0.342,123.0,0.522
2021-10-18,South_Zone,Tropical_Wet_Dry,-0.034,0.445,113.0,0.503
2021-10-19,South_Zone,Tropical_Wet_Dry,0.003,0.302,139.0,0.554
2021-10-20,South_Zone,Tropical_Wet_Dry,-0.029,0.31,116.0,0.447
2021-10-21,South_Zone,Tropical_Wet_Dry,0.073,0.405,136.0,0.5
2021-10-22,South_Zone,Tropical_Wet_Dry,-0.054,0.431,113.0,0.485
2021-10-23,South_Zone,Tropical_Wet_Dry,0.157,0.287,160.0,0.516
2021-10-24,South_Zone,Tropical_Wet_Dry,-0.058,0.274,81.0,0.505
2021-10-25,South_Zone,Tropical_Wet_Dry,0.092,0.333,127.0,0.467
2021-10-26,South_Zone,Tropical_Wet_Dry,0.096,0.419,120.0,0.555
2021-10-27,South_Zone,Tropical_Wet_Dry,0.017,0.389,119.0,0.496
2021-10-28,South_Zone,Tropical_Wet_Dry,0.008,0.335,125.0,0.515
2021-10-29,South_Zone,Tropical_Wet_Dry,-0.073,0.424,121.0,0.545
2021-10-30,South_Zone,Tropical_Wet_Dry,-0.052,0.387,124.0,0.509
2021-10-31,South_Zone,Tropical_Wet_Dry,0.022,0.374,127.0,0.541
2021-11-01,South_Zone,Tropical_Wet_Dry,-0.005,0.283,151.0,0.486
2021-11-02,South_Zone,Tropical_Wet_Dry,0.118,0.334,70.0,0.514
2021-11-03,South_Zone,Tropical_Wet_Dry,-0.045,0.497,153.0,0.536
2021-11-04,South_Zone,Tropical_Wet_Dry,-0.039,0.36,166.0,0.454
2021-11-05,South_Zone,Tropical_Wet_Dry,-0.166,0.323,88.0,0.497
2021-11-06,South_Zone,Tropical_Wet_Dry,0.064,0.357,121.0,0.483
2021-11-07,South_Zone,Tropical_Wet_Dry,0.055,0.387,145.0,0.559
2021-11-08,South_Zone,Tropical_Wet_Dry,0.098,0.433,137.0,0.487
2021-11-09,South_Zone,Tropical_Wet_Dry,0.103,0.417,150.0,0.561
2021-11-10,South_Zone,Tropical_Wet_Dry,0.079,0.339,127.0,0.499
2021-11-11,South_Zone,Tropical_Wet_Dry,0.083,0.456,83.0,0.546
2021-11-12,South_Zone,Tropical_Wet_Dry,0.061,0.429,143.0,0.486
2021-11-13,South_Zone,Tropical_Wet_Dry,0.076,0.353,131.0,0.499
2021-11-14,South_Zone,Tropical_Wet_Dry,-0.184,0.372,146.0,0.493
2021-11-15,South_Zone,Tropical_Wet_Dry,-0.11,0.416,92.0,0.587
2021-11-16,South_Zone,Tropical_Wet_Dry,-0.126,0.444,98.0,0.51
2021-11-17,South_Zone,Tropical_Wet_Dry,0.127,0.289,120.0,0.527
2021-11-18,South_Zone,Tropical_Wet_Dry,-0.078,0.384,144.0,0.551
2021-11-19,South_Zone,Tropical_Wet_Dry,-0.062,0.378,149.0,0.549
2021-11-20,South_Zone,Tropical_Wet_Dry,0.001,0.346,107.0,0.489
2021-11-21,South_Zone,Tropical_Wet_Dry,-0.124,0.345,113.0,0.56
2021-11-22,South_Zone,Tropical_Wet_Dry,0.038,0.443,172.0,0.591
2021-11-23,South_Zone,Tropical_Wet_Dry,-0.213,0.412,110.0,0.534
2021-11-24,South_Zone,Tropical_Wet_Dry,-0.118,0.506,132.0,0.533
2021-11-25,South_Zone,Tropical_Wet_Dry,0.02,0.346,112.0,0.481
2021-11-26,South_Zone,Tropical_Wet_Dry,-0.124,0.388,129.0,0.531
2021-11-27,South_Zone,Tropical_Wet_Dry,0.13,0.399,104.0,0.522
2021-11-28,South_Zone,Tropical_Wet_Dry,0.005,0.434,105.0,0.534
2021-11-29,South_Zone,Tropical_Wet_Dry,0.113,0.462,113.0,0.495
2021-11-30,South_Zone,Tropical_Wet_Dry,0.036,0.386,110.0,0.517
2021-12-01,South_Zone,Tropical_Wet_Dry,-0.001,0.354,145.0,0.543
2021-12-02,South_Zone,Tropical_Wet_Dry,-0.1,0.377,159.0,0.539
2021-12-03,South_Zone,Tropical_Wet_Dry,0.093,0.429,184.0,0.515
2021-12-04,South_Zone,Tropical_Wet_Dry,0.044,0.487,139.0,0.538
2021-12-05,South_Zone,Tropical_Wet_Dry,0.208,0.333,132.0,0.459
2021-12-06,South_Zone,Tropical_Wet_Dry,0.083,0.35,150.0,0.488
2021-12-07,South_Zone,Tropical_Wet_Dry,-0.04,0.465,135.0,0.526
2021-12-08,South_Zone,Tropical_Wet_Dry,0.029,0.342,121.0,0.525
2021-12-09,South_Zone,Tropical_Wet_Dry,0.042,0.352,169.0,0.487
2021-12-10,South_Zone,Tropical_Wet_Dry,0.116,0.488,151.0,0.511
2021-12-11,South_Zone,Tropical_Wet_Dry,0.132,0.407,153.0,0.544
2021-12-12,South_Zone,Tropical_Wet_Dry,-0.016,0.402,115.0,0.508
2021-12-13,South_Zone,Tropical_Wet_Dry,-0.122,0.502,139.0,0.52
2021-12-14,South_Zone,Tropical_Wet_Dry,-0.185,0.356,125.0,0.533
2021-12-15,South_Zone,Tropical_Wet_Dry,-0.114,0.344,150.0,0.52
2021-12-16,South_Zone,Tropical_Wet_Dry,-0.059,0.518,152.0,0.543
2021-12-17,South_Zone,Tropical_Wet_Dry,0.15,0.434,152.0,0.518
2021-12-18,South_Zone,Tropical_Wet_Dry,0.152,0.461,138.0,0.547
2021-12-19,South_Zone,Tropical_Wet_Dry,0.096,0.401,135.0,0.536
2021-12-20,South_Zone,Tropical_Wet_Dry,0.123,0.414,147.0,0.53
2021-12-21,South_Zone,Tropical_Wet_Dry,-0.071,0.378,156.0,0.518
2021-12-22,South_Zone,Tropical_Wet_Dry,-0.152,0.439,140.0,0.512
2021-12-23,South_Zone,Tropical_Wet_Dry,-0.101,0.47,133.0,0.521
2021-12-24,South_Zone,Tropical_Wet_Dry,-0.203,0.432,134.0,0.523
2021-12-25,South_Zone,Tropical_Wet_Dry,-0.111,0.484,138.0,0.512
2021-12-26,South_Zone,Tropical_Wet_Dry,-0.051,0.46,142.0,0.503
2021-12-27,South_Zone,Tropical_Wet_Dry,0.017,0.357,130.0,0.507
2021-12-28,South_Zone,Tropical_Wet_Dry,0.014,0.411,142.0,0.552
2021-12-29,South_Zone,Tropical_Wet_Dry,-0.069,0.393,172.0,0.456
2021-12-30,South_Zone,Tropical_Wet_Dry,0.057,0.465,145.0,0.525
2021-12-31,South_Zone,Tropical_Wet_Dry,-0.067,0.448,128.0,0.54
2022-01-01,South_Zone,Tropical_Wet_Dry,0.151,0.428,109.0,0.559
2022-01-02,South_Zone,Tropical_Wet_Dry,0.039,0.481,183.0,0.594
2022-01-03,South_Zone,Tropical_Wet_Dry,0.259,0.308,171.0,0.489
2022-01-04,South_Zone,Tropical_Wet_Dry,0.152,0.384,155.0,0.575
2022-01-05,South_Zone,Tropical_Wet_Dry,0.218,0.389,171.0,0.531
2022-01-06,South_Zone,Tropical_Wet_Dry,0.028,0.435,159.0,0.553
2022-01-07,South_Zone,Tropical_Wet_Dry,0.167,0.453,149.0,0.501
2022-01-08,South_Zone,Tropical_Wet_Dry,0.207,0.42,128.0,0.539
2022-01-09,South_Zone,Tropical_Wet_Dry,-0.054,0.341,184.0,0.532
2022-01-10,South_Zone,Tropical_Wet_Dry,0.267,0.444,142.0,0.51
2022-01-11,South_Zone,Tropical_Wet_Dry,0.025,0.428,143.0,0.449
2022-01-12,South_Zone,Tropical_Wet_Dry,0.171,0.332,151.0,0.507
2022-01-13,South_Zone,Tropical_Wet_Dry,0.329,0.402,151.0,0.514
2022-01-14,South_Zone,Tropical_Wet_Dry,0.245,0.442,160.0,0.571
2022-01-15,South_Zone,Tropical_Wet_Dry,0.001,0.519,158.0,0.534
2022-01-16,South_Zone,Tropical_Wet_Dry,0.132,0.355,140.0,0.488
2022-01-17,South_Zone,Tropical_Wet_Dry,0.273,0.467,150.0,0.502
2022-01-18,South_Zone,Tropical_Wet_Dry,0.068,0.355,160.0,0.49
2022-01-19,South_Zone,Tropical_Wet_Dry,0.114,0.344,138.0,0.586
2022-01-20,South_Zone,Tropical_Wet_Dry,0.111,0.347,176.0,0.459
2022-01-21,South_Zone,Tropical_Wet_Dry,0.207,0.456,150.0,0.494
2022-01-22,South_Zone,Tropical_Wet_Dry,-0.004,0.428,179.0,0.525
2022-01-23,South_Zone,Tropical_Wet_Dry,0.213,0.401,125.0,0.579
2022-01-24,South_Zone,Tropical_Wet_Dry,0.088,0.447,162.0,0.554
2022-01-25,South_Zone,Tropical_Wet_Dry,0.149,0.422,134.0,0.572
2022-01-26,South_Zone,Tropical_Wet_Dry,0.128,0.427,139.0,0.515
2022-01-27,South_Zone,Tropical_Wet_Dry,0.21,0.402,166.0,0.479
2022-01-28,South_Zone,Tropical_Wet_Dry,0.148,0.358,146.0,0.496
2022-01-29,South_Zone,Tropical_Wet_Dry,0.294,0.521,197.0,0.547
2022-01-30,South_Zone,Tropical_Wet_Dry,0.249,0.504,159.0,0.546
2022-01-31,South_Zone,Tropical_Wet_Dry,0.07,0.515,137.0,0.542
2022-02-01,South_Zone,Tropical_Wet_Dry,0.287,0.388,159.0,0.535
2022-02-02,South_Zone,Tropical_Wet_Dry,0.182,0.379,146.0,0.493
2022-02-03,South_Zone,Tropical_Wet_Dry,0.167,0.395,165.0,0.491
2022-02-04,South_Zone,Tropical_Wet_Dry,0.235,0.484,145.0,0.505
2022-02-05,South_Zone,Tropical_Wet_Dry,0.046,0.42,157.0,0.531
2022-02-06,South_Zone,Tropical_Wet_Dry,0.012,0.387,154.0,0.52
2022-02-07,South_Zone,Tropical_Wet_Dry,0.152,0.442,151.0,0.563
2022-02-08,South_Zone,Tropical_Wet_Dry,0.089,0.376,169.0,0.56
2022-02-09,South_Zone,Tropical_Wet_Dry,0.357,0.339,118.0,0.469
2022-02-10,South_Zone,Tropical_Wet_Dry,0.074,0.428,152.0,0.528
2022-02-11,South_Zone,Tropical_Wet_Dry,0.154,0.389,137.0,0.511
2022-02-12,South_Zone,Tropical_Wet_Dry,0.169,0.419,126.0,0.479
2022-02-13,South_Zone,Tropical_Wet_Dry,0.273,0.259,135.0,0.469
2022-02-14,South_Zone,Tropical_Wet_Dry,0.051,0.366,139.0,0.558
2022-02-15,South_Zone,Tropical_Wet_Dry,-0.011,0.417,146.0,0.505
2022-02-16,South_Zone,Tropical_Wet_Dry,0.289,0.329,156.0,0.478
2022-02-17,South_Zone,Tropical_Wet_Dry,0.158,0.331,160.0,0.501
2022-02-18,South_Zone,Tropical_Wet_Dry,0.231,0.422,143.0,0.553
2022-02-19,South_Zone,Tropical_Wet_Dry,0.236,0.462,179.0,0.526
2022-02-20,South_Zone,Tropical_Wet_Dry,0.253,0.366,143.0,0.515
2022-02-21,South_Zone,Tropical_Wet_Dry,0.112,0.404,115.0,0.452
2022-02-22,South_Zone,Tropical_Wet_Dry,0.085,0.406,144.0,0.539
2022-02-23,South_Zone,Tropical_Wet_Dry,-0.05,0.326,151.0,0.508
2022-02-24,South_Zone,Tropical_Wet_Dry,0.051,0.491,91.0,0.569
2022-02-25,South_Zone,Tropical_Wet_Dry,0.156,0.409,172.0,0.466
2022-02-26,South_Zone,Tropical_Wet_Dry,0.08,0.41,148.0,0.513
2022-02-27,South_Zone,Tropical_Wet_Dry,0.036,0.442,129.0,0.559
2022-02-28,South_Zone,Tropical_Wet_Dry,0.155,0.326,133.0,0.485
2022-03-01,South_Zone,Tropical_Wet_Dry,0.284,0.675,109.0,0.59
2022-03-02,South_Zone,Tropical_Wet_Dry,0.144,0.683,111.0,0.578
2022-03-03,South_Zone,Tropical_Wet_Dry,0.037,0.628,83.0,0.565
2022-03-04,South_Zone,Tropical_Wet_Dry,0.277,0.648,71.0,0.617
2022-03-05,South_Zone,Tropical_Wet_Dry,0.073,0.6,97.0,0.527
2022-03-06,South_Zone,Tropical_Wet_Dry,0.298,0.672,101.0,0.586
2022-03-07,South_Zone,Tropical_Wet_Dry,0.124,0.571,105.0,0.57
2022-03-08,South_Zone,Tropical_Wet_Dry,0.16,0.618,85.0,0.603
2022-03-09,South_Zone,Tropical_Wet_Dry,0.306,0.622,93.0,0.572
2022-03-10,South_Zone,Tropical_Wet_Dry,0.015,0.618,95.0,0.604
2022-03-11,South_Zone,Tropical_Wet_Dry,0.045,0.684,112.0,0.589
2022-03-12,South_Zone,Tropical_Wet_Dry,0.117,0.751,119.0,0.611
2022-03-13,South_Zone,Tropical_Wet_Dry,0.136,0.613,124.0,0.576
2022-03-14,South_Zone,Tropical_Wet_Dry,0.414,0.648,118.0,0.602
2022-03-15,South_Zone,Tropical_Wet_Dry,0.061,0.572,128.0,0.579
2022-03-16,South_Zone,Tropical_Wet_Dry,0.02,0.682,113.0,0.557
2022-03-17,South_Zone,Tropical_Wet_Dry,0.056,0.589,84.0,0.574
2022-03-18,South_Zone,Tropical_Wet_Dry,0.173,0.809,123.0,0.638
2022-03-19,South_Zone,Tropical_Wet_Dry,0.199,0.52,70.0,0.594
2022-03-20,South_Zone,Tropical_Wet_Dry,0.079,0.749,138.0,0.577
2022-03-21,South_Zone,Tropical_Wet_Dry,0.152,0.679,77.0,0.606
2022-03-22,South_Zone,Tropical_Wet_Dry,0.345,0.553,111.0,0.548
2022-03-23,South_Zone,Tropical_Wet_Dry,0.154,0.759,121.0,0.616
2022-03-24,South_Zone,Tropical_Wet_Dry,0.182,0.564,103.0,0.529
2022-03-25,South_Zone,Tropical_Wet_Dry,0.339,0.601,58.0,0.57
2022-03-26,South_Zone,Tropical_Wet_Dry,0.08,0.542,78.0,0.565
2022-03-27,South_Zone,Tropical_Wet_Dry,0.074,0.611,101.0,0.544
2022-03-28,South_Zone,Tropical_Wet_Dry,0.103,0.617,106.0,0.618
2022-03-29,South_Zone,Tropical_Wet_Dry,0.097,0.67,92.0,0.541
2022-03-30,South_Zone,Tropical_Wet_Dry,-0.032,0.766,96.0,0.628
2022-03-31,South_Zone,Tropical_Wet_Dry,0.164,0.589,69.0,0.494
2022-04-01,South_Zone,Tropical_Wet_Dry,0.172,0.455,127.0,0.526
2022-04-02,South_Zone,Tropical_Wet_Dry,0.131,0.659,88.0,0.599
2022-04-03,South_Zone,Tropical_Wet_Dry,0.175,0.587,109.0,0.588
2022-04-04,South_Zone,Tropical_Wet_Dry,0.176,0.729,120.0,0.599
2022-04-05,South_Zone,Tropical_Wet_Dry,0.018,0.618,74.0,0.567
2022-04-06,South_Zone,Tropical_Wet_Dry,0.179,0.574,97.0,0.581
2022-04-07,South_Zone,Tropical_Wet_Dry,0.206,0.559,100.0,0.588
2022-04-08,South_Zone,Tropical_Wet_Dry,-0.01,0.657,90.0,0.626
2022-04-09,South_Zone,Tropical_Wet_Dry,0.296,0.603,112.0,0.532
2022-04-10,South_Zone,Tropical_Wet_Dry,0.026,0.708,83.0,0.591
2022-04-11,South_Zone,Tropical_Wet_Dry,0.036,0.607,96.0,0.506
2022-04-12,South_Zone,Tropical_Wet_Dry,0.17,0.705,88.0,0.555
2022-04-13,South_Zone,Tropical_Wet_Dry,0.203,0.537,137.0,0.533
2022-04-14,South_Zone,Tropical_Wet_Dry,0.228,0.516,83.0,0.575
2022-04-15,South_Zone,Tropical_Wet_Dry,0.206,0.67,108.0,0.573
2022-04-16,South_Zone,Tropical_Wet_Dry,0.098,0.592,127.0,0.559
2022-04-17,South_Zone,Tropical_Wet_Dry,0.161,0.604,78.0,0.58
2022-04-18,South_Zone,Tropical_Wet_Dry,0.118,0.559,97.0,0.54
2022-04-19,South_Zone,Tropical_Wet_Dry,0.167,0.555,77.0,0.499
2022-04-20,South_Zone,Tropical_Wet_Dry,0.157,0.658,59.0,0.562
2022-04-21,South_Zone,Tropical_Wet_Dry,0.1,0.619,81.0,0.571
2022-04-22,South_Zone,Tropical_Wet_Dry,0.115,0.556,85.0,0.573
2022-04-23,South_Zone,Tropical_Wet_Dry,-0.035,0.667,86.0,0.581
2022-04-24,South_Zone,Tropical_Wet_Dry,0.233,0.69,90.0,0.606
2022-04-25,South_Zone,Tropical_Wet_Dry,0.18,0.613,95.0,0.601
2022-04-26,South_Zone,Tropical_Wet_Dry,-0.081,0.68,73.0,0.624
2022-04-27,South_Zone,Tropical_Wet_Dry,0.229,0.56,101.0,0.565
2022-04-28,South_Zone,Tropical_Wet_Dry,0.145,0.655,117.0,0.55
2022-04-29,South_Zone,Tropical_Wet_Dry,0.056,0.63,119.0,0.54
2022-04-30,South_Zone,Tropical_Wet_Dry,0.047,0.573,90.0,0.529
2022-05-01,South_Zone,Tropical_Wet_Dry,0.081,0.743,111.0,0.574
2022-05-02,South_Zone,Tropical_Wet_Dry,0.057,0.634,83.0,0.581
2022-05-03,South_Zone,Tropical_Wet_Dry,0.07,0.585,89.0,0.623
2022-05-04,South_Zone,Tropical_Wet_Dry,0.32,0.621,102.0,0.582
2022-05-05,South_Zone,Tropical_Wet_Dry,0.187,0.568,89.0,0.559
2022-05-06,South_Zone,Tropical_Wet_Dry,0.354,0.551,72.0,0.587
2022-05-07,South_Zone,Tropical_Wet_Dry,0.173,0.593,110.0,0.543
2022-05-08,South_Zone,Tropical_Wet_Dry,0.208,0.597,80.0,0.601
2022-05-09,South_Zone,Tropical_Wet_Dry,0.062,0.572,86.0,0.592
2022-05-10,South_Zone,Tropical_Wet_Dry,0.133,0.695,114.0,0.596
2022-05-11,South_Zone,Tropical_Wet_Dry,0.142,0.574,105.0,0.626
2022-05-12,South_Zone,Tropical_Wet_Dry,0.212,0.564,98.0,0.594
2022-05-13,South_Zone,Tropical_Wet_Dry,0.145,0.549,69.0,0.559
2022-05-14,South_Zone,Tropical_Wet_Dry,0.185,0.543,74.0,0.551
2022-05-15,South_Zone,Tropical_Wet_Dry,0.182,0.682,102.0,0.578
2022-05-16,South_Zone,Tropical_Wet_Dry,0.12,0.635,106.0,0.575
2022-05-17,South_Zone,Tropical_Wet_Dry,0.109,0.661,100.0,0.582
2022-05-18,South_Zone,Tropical_Wet_Dry,0.083,0.681,86.0,0.581
2022-05-19,South_Zone,Tropical_Wet_Dry,0.258,0.6,86.0,0.564
2022-05-20,South_Zone,Tropical_Wet_Dry,0.12,0.708,99.0,0.561
2022-05-21,South_Zone,Tropical_Wet_Dry,0.183,0.582,72.0,0.548
2022-05-22,South_Zone,Tropical_Wet_Dry,0.134,0.554,97.0,0.511
2022-05-23,South_Zone,Tropical_Wet_Dry,0.256,0.642,70.0,0.593
2022-05-24,South_Zone,Tropical_Wet_Dry,-0.049,0.629,76.0,0.58
2022-05-25,South_Zone,Tropical_Wet_Dry,0.18,0.629,98.0,0.574
2022-05-26,South_Zone,Tropical_Wet_Dry,0.025,0.681,105.0,0.617
2022-05-27,South_Zone,Tropical_Wet_Dry,0.189,0.626,101.0,0.551
2022-05-28,South_Zone,Tropical_Wet_Dry,0.135,0.639,75.0,0.558
2022-05-29,South_Zone,Tropical_Wet_Dry,0.002,0.702,61.0,0.551
2022-05-30,South_Zone,Tropical_Wet_Dry,0.184,0.636,95.0,0.61
2022-05-31,South_Zone,Tropical_Wet_Dry,0.172,0.65,61.0,0.601
2022-06-01,South_Zone,Tropical_Wet_Dry,0.127,0.0,77.0,0.46
2022-06-02,South_Zone,Tropical_Wet_Dry,0.14,0.303,41.0,0.543
2022-06-03,South_Zone,Tropical_Wet_Dry,0.166,0.0,100.0,0.407
2022-06-04,South_Zone,Tropical_Wet_Dry,0.268,0.048,43.0,0.411
2022-06-05,South_Zone,Tropical_Wet_Dry,0.119,0.046,68.0,0.378
2022-06-06,South_Zone,Tropical_Wet_Dry,0.251,0.206,47.0,0.439
2022-06-07,South_Zone,Tropical_Wet_Dry,0.146,0.044,57.0,0.421
2022-06-08,South_Zone,Tropical_Wet_Dry,0.28,0.107,63.0,0.385
2022-06-09,South_Zone,Tropical_Wet_Dry,0.126,0.046,75.0,0.399
2022-06-10,South_Zone,Tropical_Wet_Dry,0.083,0.018,78.0,0.422
2022-06-11,South_Zone,Tropical_Wet_Dry,0.04,0.114,73.0,0.475
2022-06-12,South_Zone,Tropical_Wet_Dry,0.147,0.037,79.0,0.408
2022-06-13,South_Zone,Tropical_Wet_Dry,0.071,0.092,49.0,0.447
2022-06-14,South_Zone,Tropical_Wet_Dry,0.29,0.118,72.0,0.505
2022-06-15,South_Zone,Tropical_Wet_Dry,0.063,0.194,54.0,0.414
2022-06-16,South_Zone,Tropical_Wet_Dry,0.081,0.004,78.0,0.454
2022-06-17,South_Zone,Tropical_Wet_Dry,0.208,0.071,62.0,0.449
2022-06-18,South_Zone,Tropical_Wet_Dry,0.269,0.073,71.0,0.476
2022-06-19,South_Zone,Tropical_Wet_Dry,0.223,0.08,65.0,0.469
2022-06-20,South_Zone,Tropical_Wet_Dry,0.256,0.234,74.0,0.459
2022-06-21,South_Zone,Tropical_Wet_Dry,0.142,0.07,45.0,0.438
2022-06-22,South_Zone,Tropical_Wet_Dry,0.143,0.0,32.0,0.376
2022-06-23,South_Zone,Tropical_Wet_Dry,0.351,0.068,78.0,0.421
2022-06-24,South_Zone,Tropical_Wet_Dry,0.319,0.073,84.0,0.439
2022-06-25,South_Zone,Tropical_Wet_Dry,0.221,0.066,58.0,0.446
2022-06-26,South_Zone,Tropical_Wet_Dry,0.261,0.037,75.0,0.453
2022-06-27,South_Zone,Tropical_Wet_Dry,0.236,0.001,31.0,0.468
2022-06-28,South_Zone,Tropical_Wet_Dry,0.029,0.21,49.0,0.459
2022-06-29,South_Zone,Tropical_Wet_Dry,0.146,0.099,61.0,0.479
2022-06-30,South_Zone,Tropical_Wet_Dry,0.3,0.068,29.0,0.445
2022-07-01,South_Zone,Tropical_Wet_Dry,0.222,0.208,32.0,0.433
2022-07-02,South_Zone,Tropical_Wet_Dry,0.144,0.028,63.0,0.422
2022-07-03,South_Zone,Tropical_Wet_Dry,0.301,0.116,49.0,0.452
2022-07-04,South_Zone,Tropical_Wet_Dry,0.187,0.005,54.0,0.396
2022-07-05,South_Zone,Tropical_Wet_Dry,0.226,0.125,53.0,0.42
2022-07-06,South_Zone,Tropical_Wet_Dry,0.187,0.012,37.0,0.391
2022-07-07,South_Zone,Tropical_Wet_Dry,0.204,0.108,56.0,0.431
2022-07-08,South_Zone,Tropical_Wet_Dry,0.211,0.197,60.0,0.443
2022-07-09,South_Zone,Tropical_Wet_Dry,0.28,0.086,50.0,0.478
2022-07-10,South_Zone,Tropical_Wet_Dry,0.293,0.0,51.0,0.346
2022-07-11,South_Zone,Tropical_Wet_Dry,0.105,0.082,56.0,0.444
2022-07-12,South_Zone,Tropical_Wet_Dry,0.186,0.109,75.0,0.463
2022-07-13,South_Zone,Tropical_Wet_Dry,0.277,0.134,58.0,0.425
2022-07-14,South_Zone,Tropical_Wet_Dry,0.137,0.168,25.0,0.455
2022-07-15,South_Zone,Tropical_Wet_Dry,0.019,0.171,39.0,0.452
2022-07-16,South_Zone,Tropical_Wet_Dry,0.059,0.072,77.0,0.436
2022-07-17,South_Zone,Tropical_Wet_Dry,0.066,0.04,48.0,0.45
2022-07-18,South_Zone,Tropical_Wet_Dry,0.104,0.013,58.0,0.44
2022-07-19,South_Zone,Tropical_Wet_Dry,0.075,0.048,95.0,0.414
2022-07-20,South_Zone,Tropical_Wet_Dry,0.253,0.109,71.0,0.402
2022-07-21,South_Zone,Tropical_Wet_Dry,0.122,0.0,21.0,0.425
2022-07-22,South_Zone,Tropical_Wet_Dry,0.276,0.024,86.0,0.406
2022-07-23,South_Zone,Tropical_Wet_Dry,0.037,0.114,63.0,0.433
2022-07-24,South_Zone,Tropical_Wet_Dry,0.115,0.041,67.0,0.437
2022-07-25,South_Zone,Tropical_Wet_Dry,0.16,0.102,65.0,0.432
2022-07-26,South_Zone,Tropical_Wet_Dry,0.231,0.031,76.0,0.437
2022-07-27,South_Zone,Tropical_Wet_Dry,0.264,0.097,59.0,0.52
2022-07-28,South_Zone,Tropical_Wet_Dry,0.096,0.034,33.0,0.449
2022-07-29,South_Zone,Tropical_Wet_Dry,0.249,0.0,66.0,0.46
2022-07-30,South_Zone,Tropical_Wet_Dry,-0.018,0.137,35.0,0.47
2022-07-31,South_Zone,Tropical_Wet_Dry,0.237,0.038,93.0,0.432
2022-08-01,South_Zone,Tropical_Wet_Dry,0.016,0.065,53.0,0.452
2022-08-02,South_Zone,Tropical_Wet_Dry,0.195,0.039,59.0,0.444
2022-08-03,South_Zone,Tropical_Wet_Dry,0.263,0.113,48.0,0.474
2022-08-04,South_Zone,Tropical_Wet_Dry,0.239,0.1,66.0,0.447
2022-08-05,South_Zone,Tropical_Wet_Dry,-0.014,0.113,68.0,0.409
2022-08-06,South_Zone,Tropical_Wet_Dry,0.105,0.047,48.0,0.388
2022-08-07,South_Zone,Tropical_Wet_Dry,0.222,0.077,68.0,0.453
2022-08-08,South_Zone,Tropical_Wet_Dry,0.219,0.105,61.0,0.412
2022-08-09,South_Zone,Tropical_Wet_Dry,0.178,0.173,58.0,0.484
2022-08-10,South_Zone,Tropical_Wet_Dry,-0.07,0.098,46.0,0.485
2022-08-11,South_Zone,Tropical_Wet_Dry,0.27,0.02,102.0,0.418
2022-08-12,South_Zone,Tropical_Wet_Dry,0.288,0.096,81.0,0.48
2022-08-13,South_Zone,Tropical_Wet_Dry,0.166,0.07,73.0,0.445
2022-08-14,South_Zone,Tropical_Wet_Dry,0.173,0.0,80.0,0.421
2022-08-15,South_Zone,Tropical_Wet_Dry,0.2,0.0,65.0,0.422
2022-08-16,South_Zone,Tropical_Wet_Dry,0.296,0.076,54.0,0.414
2022-08-17,South_Zone,Tropical_Wet_Dry,0.175,0.081,20.0,0.411
2022-08-18,South_Zone,Tropical_Wet_Dry,0.131,0.062,38.0,0.386
2022-08-19,South_Zone,Tropical_Wet_Dry,0.188,0.133,99.0,0.431
2022-08-20,South_Zone,Tropical_Wet_Dry,0.149,0.024,81.0,0.49
2022-08-21,South_Zone,Tropical_Wet_Dry,0.15,0.0,64.0,0.375
2022-08-22,South_Zone,Tropical_Wet_Dry,-0.027,0.03,32.0,0.392
2022-08-23,South_Zone,Tropical_Wet_Dry,0.202,0.043,71.0,0.407
2022-08-24,South_Zone,Tropical_Wet_Dry,0.267,0.077,55.0,0.416
2022-08-25,South_Zone,Tropical_Wet_Dry,0.252,0.032,73.0,0.436
2022-08-26,South_Zone,Tropical_Wet_Dry,0.245,0.0,40.0,0.402
2022-08-27,South_Zone,Tropical_Wet_Dry,0.145,0.0,51.0,0.414
2022-08-28,South_Zone,Tropical_Wet_Dry,0.165,0.087,76.0,0.416
2022-08-29,South_Zone,Tropical_Wet_Dry,0.269,0.012,95.0,0.409
2022-08-30,South_Zone,Tropical_Wet_Dry,0.237,0.0,48.0,0.418
2022-08-31,South_Zone,Tropical_Wet_Dry,0.299,0.117,42.0,0.445
2022-09-01,South_Zone,Tropical_Wet_Dry,0.083,0.473,138.0,0.598
2022-09-02,South_Zone,Tropical_Wet_Dry,0.082,0.374,97.0,0.513
2022-09-03,South_Zone,Tropical_Wet_Dry,0.117,0.396,99.0,0.513
2022-09-04,South_Zone,Tropical_Wet_Dry,0.056,0.397,125.0,0.444
2022-09-05,South_Zone,Tropical_Wet_Dry,0.018,0.241,158.0,0.487
2022-09-06,South_Zone,Tropical_Wet_Dry,0.197,0.433,105.0,0.469
2022-09-07,South_Zone,Tropical_Wet_Dry,0.19,0.454,113.0,0.55
2022-09-08,South_Zone,Tropical_Wet_Dry,0.175,0.49,122.0,0.547
2022-09-09,South_Zone,Tropical_Wet_Dry,0.185,0.354,111.0,0.532
2022-09-10,South_Zone,Tropical_Wet_Dry,0.004,0.312,88.0,0.479
2022-09-11,South_Zone,Tropical_Wet_Dry,0.102,0.462,134.0,0.536
2022-09-12,South_Zone,Tropical_Wet_Dry,0.121,0.41,123.0,0.543
2022-09-13,South_Zone,Tropical_Wet_Dry,0.155,0.432,127.0,0.5
2022-09-14,South_Zone,Tropical_Wet_Dry,0.004,0.341,117.0,0.524
2022-09-15,South_Zone,Tropical_Wet_Dry,0.057,0.396,147.0,0.536
2022-09-16,South_Zone,Tropical_Wet_Dry,0.106,0.317,111.0,0.495
2022-09-17,South_Zone,Tropical_Wet_Dry,0.256,0.38,101.0,0.562
2022-09-18,South_Zone,Tropical_Wet_Dry,0.176,0.359,150.0,0.525
2022-09-19,South_Zone,Tropical_Wet_Dry,0.252,0.521,80.0,0.5
2022-09-20,South_Zone,Tropical_Wet_Dry,0.138,0.413,117.0,0.553
2022-09-21,South_Zone,Tropical_Wet_Dry,0.15,0.251,119.0,0.463
2022-09-22,South_Zone,Tropical_Wet_Dry,0.2,0.38,118.0,0.539
2022-09-23,South_Zone,Tropical_Wet_Dry,0.132,0.402,92.0,0.529
2022-09-24,South_Zone,Tropical_Wet_Dry,0.088,0.352,99.0,0.429
2022-09-25,South_Zone,Tropical_Wet_Dry,0.001,0.314,137.0,0.517
2022-09-26,South_Zone,Tropical_Wet_Dry,0.09,0.42,145.0,0.518
2022-09-27,South_Zone,Tropical_Wet_Dry,0.234,0.322,112.0,0.487
2022-09-28,South_Zone,Tropical_Wet_Dry,0.276,0.415,103.0,0.511
2022-09-29,South_Zone,Tropical_Wet_Dry,0.073,0.317,88.0,0.523
2022-09-30,South_Zone,Tropical_Wet_Dry,-0.023,0.348,137.0,0.479
2022-10-01,South_Zone,Tropical_Wet_Dry,0.243,0.437,138.0,0.563
2022-10-02,South_Zone,Tropical_Wet_Dry,0.157,0.409,69.0,0.477
2022-10-03,South_Zone,Tropical_Wet_Dry,0.015,0.382,76.0,0.524
2022-10-04,South_Zone,Tropical_Wet_Dry,-0.161,0.378,122.0,0.538
2022-10-05,South_Zone,Tropical_Wet_Dry,0.054,0.385,125.0,0.539
2022-10-06,South_Zone,Tropical_Wet_Dry,0.104,0.333,111.0,0.509
2022-10-07,South_Zone,Tropical_Wet_Dry,0.035,0.289,119.0,0.486
2022-10-08,South_Zone,Tropical_Wet_Dry,0.219,0.414,116.0,0.507
2022-10-09,South_Zone,Tropical_Wet_Dry,0.069,0.472,120.0,0.501
2022-10-10,South_Zone,Tropical_Wet_Dry,0.151,0.416,104.0,0.503
2022-10-11,South_Zone,Tropical_Wet_Dry,0.387,0.395,120.0,0.49
2022-10-12,South_Zone,Tropical_Wet_Dry,0.162,0.307,108.0,0.463
2022-10-13,South_Zone,Tropical_Wet_Dry,0.138,0.433,106.0,0.582
2022-10-14,South_Zone,Tropical_Wet_Dry,0.141,0.409,86.0,0.471
2022-10-15,South_Zone,Tropical_Wet_Dry,0.217,0.426,117.0,0.56
2022-10-16,South_Zone,Tropical_Wet_Dry,0.205,0.442,134.0,0.493
2022-10-17,South_Zone,Tropical_Wet_Dry,0.05,0.475,114.0,0.508
2022-10-18,South_Zone,Tropical_Wet_Dry,0.109,0.313,114.0,0.467
2022-10-19,South_Zone,Tropical_Wet_Dry,0.083,0.303,143.0,0.462
2022-10-20,South_Zone,Tropical_Wet_Dry,0.122,0.389,138.0,0.545
2022-10-21,South_Zone,Tropical_Wet_Dry,0.333,0.325,151.0,0.519
2022-10-22,South_Zone,Tropical_Wet_Dry,0.212,0.314,161.0,0.492
2022-10-23,South_Zone,Tropical_Wet_Dry,0.142,0.453,121.0,0.614
2022-10-24,South_Zone,Tropical_Wet_Dry,0.274,0.319,99.0,0.499
2022-10-25,South_Zone,Tropical_Wet_Dry,0.169,0.379,111.0,0.517
2022-10-26,South_Zone,Tropical_Wet_Dry,-0.014,0.282,130.0,0.47
2022-10-27,South_Zone,Tropical_Wet_Dry,0.316,0.384,146.0,0.492
2022-10-28,South_Zone,Tropical_Wet_Dry,0.134,0.451,101.0,0.517
2022-10-29,South_Zone,Tropical_Wet_Dry,-0.076,0.453,125.0,0.559
2022-10-30,South_Zone,Tropical_Wet_Dry,-0.01,0.443,106.0,0.548
2022-10-31,South_Zone,Tropical_Wet_Dry,0.263,0.375,117.0,0.552
2022-11-01,South_Zone,Tropical_Wet_Dry,-0.008,0.447,117.0,0.51
2022-11-02,South_Zone,Tropical_Wet_Dry,0.285,0.406,127.0,0.539
2022-11-03,South_Zone,Tropical_Wet_Dry,0.158,0.354,157.0,0.518
2022-11-04,South_Zone,Tropical_Wet_Dry,0.221,0.403,129.0,0.534
2022-11-05,South_Zone,Tropical_Wet_Dry,0.124,0.433,112.0,0.502
2022-11-06,South_Zone,Tropical_Wet_Dry,0.202,0.3,109.0,0.464
2022-11-07,South_Zone,Tropical_Wet_Dry,0.182,0.316,117.0,0.515
2022-11-08,South_Zone,Tropical_Wet_Dry,0.146,0.371,104.0,0.539
2022-11-09,South_Zone,Tropical_Wet_Dry,0.043,0.307,123.0,0.478
2022-11-10,South_Zone,Tropical_Wet_Dry,0.186,0.306,77.0,0.515
2022-11-11,South_Zone,Tropical_Wet_Dry,-0.032,0.355,116.0,0.545
2022-11-12,South_Zone,Tropical_Wet_Dry,0.243,0.44,118.0,0.519
2022-11-13,South_Zone,Tropical_Wet_Dry,0.17,0.438,99.0,0.486
2022-11-14,South_Zone,Tropical_Wet_Dry,0.196,0.399,113.0,0.48
2022-11-15,South_Zone,Tropical_Wet_Dry,-0.112,0.391,140.0,0.497
2022-11-16,South_Zone,Tropical_Wet_Dry,0.037,0.505,141.0,0.533
2022-11-17,South_Zone,Tropical_Wet_Dry,0.099,0.348,110.0,0.506
2022-11-18,South_Zone,Tropical_Wet_Dry,0.217,0.394,129.0,0.518
2022-11-19,South_Zone,Tropical_Wet_Dry,0.056,0.345,93.0,0.498
2022-11-20,South_Zone,Tropical_Wet_Dry,0.405,0.303,115.0,0.516
2022-11-21,South_Zone,Tropical_Wet_Dry,0.124,0.451,124.0,0.51
2022-11-22,South_Zone,Tropical_Wet_Dry,0.048,0.362,147.0,0.548
2022-11-23,South_Zone,Tropical_Wet_Dry,0.131,0.422,141.0,0.554
2022-11-24,South_Zone,Tropical_Wet_Dry,0.055,0.365,124.0,0.537
2022-11-25,South_Zone,Tropical_Wet_Dry,0.032,0.455,104.0,0.514
2022-11-26,South_Zone,Tropical_Wet_Dry,0.251,0.32,144.0,0.497
2022-11-27,South_Zone,Tropical_Wet_Dry,0.201,0.45,114.0,0.554
2022-11-28,South_Zone,Tropical_Wet_Dry,0.202,0.434,128.0,0.523
2022-11-29,South_Zone,Tropical_Wet_Dry,0.278,0.272,118.0,0.467
2022-11-30,South_Zone,Tropical_Wet_Dry,0.199,0.349,156.0,0.485
2022-12-01,South_Zone,Tropical_Wet_Dry,0.043,0.481,139.0,0.52
2022-12-02,South_Zone,Tropical_Wet_Dry,0.221,0.518,166.0,0.515
2022-12-03,South_Zone,Tropical_Wet_Dry,0.037,0.463,148.0,0.622
2022-12-04,South_Zone,Tropical_Wet_Dry,0.102,0.396,160.0,0.46
2022-12-05,South_Zone,Tropical_Wet_Dry,0.145,0.362,179.0,0.481
2022-12-06,South_Zone,Tropical_Wet_Dry,0.135,0.454,114.0,0.551
2022-12-07,South_Zone,Tropical_Wet_Dry,-0.029,0.394,149.0,0.498
2022-12-08,South_Zone,Tropical_Wet_Dry,0.053,0.397,134.0,0.509
2022-12-09,South_Zone,Tropical_Wet_Dry,0.148,0.407,158.0,0.534
2022-12-10,South_Zone,Tropical_Wet_Dry,0.089,0.473,162.0,0.569
2022-12-11,South_Zone,Tropical_Wet_Dry,0.263,0.528,142.0,0.544
2022-12-12,South_Zone,Tropical_Wet_Dry,0.28,0.482,141.0,0.568
2022-12-13,South_Zone,Tropical_Wet_Dry,0.038,0.421,154.0,0.474
2022-12-14,South_Zone,Tropical_Wet_Dry,0.156,0.366,127.0,0.493
2022-12-15,South_Zone,Tropical_Wet_Dry,0.308,0.46,156.0,0.55
2022-12-16,South_Zone,Tropical_Wet_Dry,0.137,0.52,135.0,0.609
2022-12-17,South_Zone,Tropical_Wet_Dry,0.109,0.48,163.0,0.511
2022-12-18,South_Zone,Tropical_Wet_Dry,0.236,0.432,126.0,0.494
2022-12-19,South_Zone,Tropical_Wet_Dry,0.123,0.391,140.0,0.528
2022-12-20,South_Zone,Tropical_Wet_Dry,0.277,0.441,136.0,0.532
2022-12-21,South_Zone,Tropical_Wet_Dry,0.091,0.489,145.0,0.521
2022-12-22,South_Zone,Tropical_Wet_Dry,0.103,0.434,175.0,0.492
2022-12-23,South_Zone,Tropical_Wet_Dry,0.229,0.414,165.0,0.508
2022-12-24,South_Zone,Tropical_Wet_Dry,0.16,0.379,141.0,0.53
2022-12-25,South_Zone,Tropical_Wet_Dry,0.161,0.575,141.0,0.554
2022-12-26,South_Zone,Tropical_Wet_Dry,-0.041,0.367,166.0,0.547
2022-12-27,South_Zone,Tropical_Wet_Dry,0.115,0.361,129.0,0.506
2022-12-28,South_Zone,Tropical_Wet_Dry,0.236,0.43,150.0,0.546
2022-12-29,South_Zone,Tropical_Wet_Dry,0.072,0.408,139.0,0.53
2022-12-30,South_Zone,Tropical_Wet_Dry,0.22,0.481,147.0,0.528
2022-12-31,South_Zone,Tropical_Wet_Dry,0.177,0.483,165.0,0.566
2023-01-01,South_Zone,Tropical_Wet_Dry,0.28,0.347,138.0,0.47
2023-01-02,South_Zone,Tropical_Wet_Dry,0.436,0.375,168.0,0.497
2023-01-03,South_Zone,Tropical_Wet_Dry,0.266,0.367,190.0,0.499
2023-01-04,South_Zone,Tropical_Wet_Dry,0.273,0.467,161.0,0.548
2023-01-05,South_Zone,Tropical_Wet_Dry,0.279,0.446,148.0,0.55
2023-01-06,South_Zone,Tropical_Wet_Dry,0.308,0.398,171.0,0.495
2023-01-07,South_Zone,Tropical_Wet_Dry,0.377,0.433,130.0,0.5
2023-01-08,South_Zone,Tropical_Wet_Dry,0.153,0.352,177.0,0.51
2023-01-09,South_Zone,Tropical_Wet_Dry,0.387,0.375,136.0,0.468
2023-01-10,South_Zone,Tropical_Wet_Dry,0.307,0.342,189.0,0.536
2023-01-11,South_Zone,Tropical_Wet_Dry,0.355,0.429,137.0,0.521
2023-01-12,South_Zone,Tropical_Wet_Dry,0.539,0.429,162.0,0.492
2023-01-13,South_Zone,Tropical_Wet_Dry,0.249,0.361,122.0,0.475
2023-01-14,South_Zone,Tropical_Wet_Dry,0.178,0.445,146.0,0.541
2023-01-15,South_Zone,Tropical_Wet_Dry,0.319,0.483,131.0,0.549
2023-01-16,South_Zone,Tropical_Wet_Dry,0.335,0.358,124.0,0.486
2023-01-17,South_Zone,Tropical_Wet_Dry,0.387,0.4,172.0,0.517
2023-01-18,South_Zone,Tropical_Wet_Dry,0.246,0.451,128.0,0.499
2023-01-19,South_Zone,Tropical_Wet_Dry,0.217,0.42,137.0,0.517
2023-01-20,South_Zone,Tropical_Wet_Dry,0.147,0.338,135.0,0.549
2023-01-21,South_Zone,Tropical_Wet_Dry,0.163,0.394,171.0,0.582
2023-01-22,South_Zone,Tropical_Wet_Dry,0.258,0.392,168.0,0.512
2023-01-23,South_Zone,Tropical_Wet_Dry,0.288,0.41,173.0,0.535
2023-01-24,South_Zone,Tropical_Wet_Dry,0.507,0.412,136.0,0.535
2023-01-25,South_Zone,Tropical_Wet_Dry,0.131,0.514,174.0,0.497
2023-01-26,South_Zone,Tropical_Wet_Dry,0.334,0.407,136.0,0.487
2023-01-27,South_Zone,Tropical_Wet_Dry,0.227,0.317,136.0,0.43
2023-01-28,South_Zone,Tropical_Wet_Dry,0.322,0.425,137.0,0.54
2023-01-29,South_Zone,Tropical_Wet_Dry,0.245,0.525,138.0,0.61
2023-01-30,South_Zone,Tropical_Wet_Dry,0.404,0.41,148.0,0.554
2023-01-31,South_Zone,Tropical_Wet_Dry,0.403,0.394,135.0,0.52
2023-02-01,South_Zone,Tropical_Wet_Dry,0.289,0.402,154.0,0.518
2023-02-02,South_Zone,Tropical_Wet_Dry,0.444,0.455,103.0,0.523
2023-02-03,South_Zone,Tropical_Wet_Dry,0.376,0.401,154.0,0.552
2023-02-04,South_Zone,Tropical_Wet_Dry,0.439,0.329,130.0,0.509
2023-02-05,South_Zone,Tropical_Wet_Dry,0.296,0.38,138.0,0.517
2023-02-06,South_Zone,Tropical_Wet_Dry,0.395,0.416,138.0,0.491
2023-02-07,South_Zone,Tropical_Wet_Dry,0.223,0.452,167.0,0.551
2023-02-08,South_Zone,Tropical_Wet_Dry,0.213,0.385,159.0,0.512
2023-02-09,South_Zone,Tropical_Wet_Dry,0.518,0.402,147.0,0.532
2023-02-10,South_Zone,Tropical_Wet_Dry,0.191,0.423,137.0,0.556
2023-02-11,South_Zone,Tropical_Wet_Dry,0.256,0.373,164.0,0.464
2023-02-12,South_Zone,Tropical_Wet_Dry,0.11,0.414,182.0,0.515
2023-02-13,South_Zone,Tropical_Wet_Dry,0.215,0.448,149.0,0.519
2023-02-14,South_Zone,Tropical_Wet_Dry,0.201,0.349,121.0,0.491
2023-02-15,South_Zone,Tropical_Wet_Dry,0.233,0.438,137.0,0.496
2023-02-16,South_Zone,Tropical_Wet_Dry,0.33,0.355,160.0,0.487
2023-02-17,South_Zone,Tropical_Wet_Dry,0.354,0.356,142.0,0.476
2023-02-18,South_Zone,Tropical_Wet_Dry,0.199,0.38,135.0,0.54
2023-02-19,South_Zone,Tropical_Wet_Dry,0.221,0.502,134.0,0.557
2023-02-20,South_Zone,Tropical_Wet_Dry,0.408,0.317,152.0,0.508
2023-02-21,South_Zone,Tropical_Wet_Dry,0.471,0.392,122.0,0.46
2023-02-22,South_Zone,Tropical_Wet_Dry,0.426,0.418,149.0,0.583
2023-02-23,South_Zone,Tropical_Wet_Dry,0.135,0.49,152.0,0.53
2023-02-24,South_Zone,Tropical_Wet_Dry,0.419,0.537,142.0,0.607
2023-02-25,South_Zone,Tropical_Wet_Dry,0.485,0.395,131.0,0.541
2023-02-26,South_Zone,Tropical_Wet_Dry,0.13,0.452,168.0,0.526
2023-02-27,South_Zone,Tropical_Wet_Dry,0.408,0.414,126.0,0.585
2023-02-28,South_Zone,Tropical_Wet_Dry,0.323,0.414,153.0,0.541
2023-03-01,South_Zone,Tropical_Wet_Dry,0.267,0.636,108.0,0.572
2023-03-02,South_Zone,Tropical_Wet_Dry,0.311,0.525,98.0,0.54
2023-03-03,South_Zone,Tropical_Wet_Dry,0.344,0.617,117.0,0.605
2023-03-04,South_Zone,Tropical_Wet_Dry,0.416,0.647,75.0,0.566
2023-03-05,South_Zone,Tropical_Wet_Dry,0.411,0.568,81.0,0.551
2023-03-06,South_Zone,Tropical_Wet_Dry,0.149,0.647,87.0,0.564
2023-03-07,South_Zone,Tropical_Wet_Dry,0.235,0.516,154.0,0.526
2023-03-08,South_Zone,Tropical_Wet_Dry,0.309,0.626,104.0,0.556
2023-03-09,South_Zone,Tropical_Wet_Dry,0.457,0.701,108.0,0.648
2023-03-10,South_Zone,Tropical_Wet_Dry,0.027,0.607,107.0,0.602
2023-03-11,South_Zone,Tropical_Wet_Dry,0.239,0.561,96.0,0.567
2023-03-12,South_Zone,Tropical_Wet_Dry,0.147,0.534,114.0,0.537
2023-03-13,South_Zone,Tropical_Wet_Dry,0.163,0.643,61.0,0.564
2023-03-14,South_Zone,Tropical_Wet_Dry,0.399,0.676,100.0,0.578
2023-03-15,South_Zone,Tropical_Wet_Dry,0.247,0.617,103.0,0.628
2023-03-16,South_Zone,Tropical_Wet_Dry,0.067,0.592,113.0,0.577
2023-03-17,South_Zone,Tropical_Wet_Dry,0.284,0.504,74.0,0.568
2023-03-18,South_Zone,Tropical_Wet_Dry,0.504,0.627,76.0,0.583
2023-03-19,South_Zone,Tropical_Wet_Dry,0.119,0.579,77.0,0.538
2023-03-20,South_Zone,Tropical_Wet_Dry,0.353,0.582,104.0,0.569
2023-03-21,South_Zone,Tropical_Wet_Dry,0.457,0.717,105.0,0.567
2023-03-22,South_Zone,Tropical_Wet_Dry,0.295,0.512,78.0,0.584
2023-03-23,South_Zone,Tropical_Wet_Dry,0.493,0.52,129.0,0.528
2023-03-24,South_Zone,Tropical_Wet_Dry,0.234,0.634,100.0,0.561
2023-03-25,South_Zone,Tropical_Wet_Dry,0.445,0.597,97.0,0.594
2023-03-26,South_Zone,Tropical_Wet_Dry,0.421,0.589,91.0,0.546
2023-03-27,South_Zone,Tropical_Wet_Dry,0.297,0.636,112.0,0.572
2023-03-28,South_Zone,Tropical_Wet_Dry,0.151,0.635,102.0,0.5
2023-03-29,South_Zone,Tropical_Wet_Dry,0.2,0.562,129.0,0.551
2023-03-30,South_Zone,Tropical_Wet_Dry,0.066,0.584,73.0,0.584
2023-03-31,South_Zone,Tropical_Wet_Dry,0.359,0.623,67.0,0.557
2023-04-01,South_Zone,Tropical_Wet_Dry,0.347,0.63,82.0,0.594
2023-04-02,South_Zone,Tropical_Wet_Dry,0.308,0.649,105.0,0.582
2023-04-03,South_Zone,Tropical_Wet_Dry,0.288,0.585,87.0,0.599
2023-04-04,South_Zone,Tropical_Wet_Dry,0.436,0.641,118.0,0.558
2023-04-05,South_Zone,Tropical_Wet_Dry,0.33,0.677,88.0,0.582
2023-04-06,South_Zone,Tropical_Wet_Dry,0.245,0.623,114.0,0.532
2023-04-07,South_Zone,Tropical_Wet_Dry,0.315,0.614,80.0,0.571
2023-04-08,South_Zone,Tropical_Wet_Dry,0.505,0.606,116.0,0.559
2023-04-09,South_Zone,Tropical_Wet_Dry,0.362,0.583,120.0,0.595
2023-04-10,South_Zone,Tropical_Wet_Dry,0.261,0.564,85.0,0.542
2023-04-11,South_Zone,Tropical_Wet_Dry,0.296,0.602,104.0,0.558
2023-04-12,South_Zone,Tropical_Wet_Dry,0.346,0.647,100.0,0.561
2023-04-13,South_Zone,Tropical_Wet_Dry,0.258,0.567,104.0,0.563
2023-04-14,South_Zone,Tropical_Wet_Dry,0.249,0.615,118.0,0.633
2023-04-15,South_Zone,Tropical_Wet_Dry,0.299,0.609,113.0,0.467
2023-04-16,South_Zone,Tropical_Wet_Dry,0.452,0.727,104.0,0.6
2023-04-17,South_Zone,Tropical_Wet_Dry,0.379,0.663,107.0,0.621
2023-04-18,South_Zone,Tropical_Wet_Dry,0.259,0.662,72.0,0.57
2023-04-19,South_Zone,Tropical_Wet_Dry,0.387,0.675,94.0,0.605
2023-04-20,South_Zone,Tropical_Wet_Dry,0.301,0.587,75.0,0.602
2023-04-21,South_Zone,Tropical_Wet_Dry,0.334,0.703,95.0,0.587
2023-04-22,South_Zone,Tropical_Wet_Dry,0.325,0.63,115.0,0.558
2023-04-23,South_Zone,Tropical_Wet_Dry,0.089,0.617,95.0,0.602
2023-04-24,South_Zone,Tropical_Wet_Dry,-0.005,0.547,50.0,0.572
2023-04-25,South_Zone,Tropical_Wet_Dry,0.323,0.596,76.0,0.567
2023-04-26,South_Zone,Tropical_Wet_Dry,0.215,0.514,105.0,0.567
2023-04-27,South_Zone,Tropical_Wet_Dry,0.136,0.605,85.0,0.6
2023-04-28,South_Zone,Tropical_Wet_Dry,0.218,0.585,109.0,0.565
2023-04-29,South_Zone,Tropical_Wet_Dry,0.392,0.596,73.0,0.578
2023-04-30,South_Zone,Tropical_Wet_Dry,0.336,0.537,102.0,0.57
2023-05-01,South_Zone,Tropical_Wet_Dry,0.377,0.662,103.0,0.572
2023-05-02,South_Zone,Tropical_Wet_Dry,0.345,0.656,109.0,0.62
2023-05-03,South_Zone,Tropical_Wet_Dry,0.208,0.721,83.0,0.569
2023-05-04,South_Zone,Tropical_Wet_Dry,0.378,0.72,109.0,0.596
2023-05-05,South_Zone,Tropical_Wet_Dry,0.359,0.629,122.0,0.6
2023-05-06,South_Zone,Tropical_Wet_Dry,0.288,0.681,54.0,0.559
2023-05-07,South_Zone,Tropical_Wet_Dry,0.306,0.636,96.0,0.605
2023-05-08,South_Zone,Tropical_Wet_Dry,0.379,0.594,62.0,0.574
2023-05-09,South_Zone,Tropical_Wet_Dry,0.225,0.603,80.0,0.611
2023-05-10,South_Zone,Tropical_Wet_Dry,0.409,0.658,81.0,0.603
2023-05-11,South_Zone,Tropical_Wet_Dry,0.357,0.865,94.0,0.631
2023-05-12,South_Zone,Tropical_Wet_Dry,0.3,0.69,102.0,0.599
2023-05-13,South_Zone,Tropical_Wet_Dry,0.453,0.635,111.0,0.587
2023-05-14,South_Zone,Tropical_Wet_Dry,0.171,0.649,100.0,0.643
2023-05-15,South_Zone,Tropical_Wet_Dry,0.254,0.648,107.0,0.585
2023-05-16,South_Zone,Tropical_Wet_Dry,0.232,0.615,76.0,0.57
2023-05-17,South_Zone,Tropical_Wet_Dry,0.336,0.665,114.0,0.58
2023-05-18,South_Zone,Tropical_Wet_Dry,0.418,0.611,36.0,0.578
2023-05-19,South_Zone,Tropical_Wet_Dry,0.202,0.559,122.0,0.526
2023-05-20,South_Zone,Tropical_Wet_Dry,0.631,0.649,119.0,0.571
2023-05-21,South_Zone,Tropical_Wet_Dry,0.234,0.657,109.0,0.554
2023-05-22,South_Zone,Tropical_Wet_Dry,0.336,0.611,135.0,0.546
2023-05-23,South_Zone,Tropical_Wet_Dry,0.3,0.639,63.0,0.604
2023-05-24,South_Zone,Tropical_Wet_Dry,0.305,0.678,109.0,0.59
2023-05-25,South_Zone,Tropical_Wet_Dry,0.221,0.617,97.0,0.552
2023-05-26,South_Zone,Tropical_Wet_Dry,0.407,0.593,99.0,0.564
2023-05-27,South_Zone,Tropical_Wet_Dry,0.215,0.577,74.0,0.557
2023-05-28,South_Zone,Tropical_Wet_Dry,0.123,0.605,102.0,0.573
2023-05-29,South_Zone,Tropical_Wet_Dry,0.188,0.712,101.0,0.553
2023-05-30,South_Zone,Tropical_Wet_Dry,0.445,0.608,83.0,0.539
2023-05-31,South_Zone,Tropical_Wet_Dry,0.425,0.642,94.0,0.537
2023-06-01,South_Zone,Tropical_Wet_Dry,0.099,0.061,36.0,0.408
2023-06-02,South_Zone,Tropical_Wet_Dry,0.381,0.055,53.0,0.412
2023-06-03,South_Zone,Tropical_Wet_Dry,0.102,0.027,77.0,0.396
2023-06-04,South_Zone,Tropical_Wet_Dry,0.297,0.086,78.0,0.464
2023-06-05,South_Zone,Tropical_Wet_Dry,0.179,0.049,74.0,0.487
2023-06-06,South_Zone,Tropical_Wet_Dry,0.389,0.156,77.0,0.484
2023-06-07,South_Zone,Tropical_Wet_Dry,0.355,0.074,78.0,0.422
2023-06-08,South_Zone,Tropical_Wet_Dry,0.398,0.077,48.0,0.446
2023-06-09,South_Zone,Tropical_Wet_Dry,0.27,0.069,66.0,0.435
2023-06-10,South_Zone,Tropical_Wet_Dry,0.281,0.102,80.0,0.427
2023-06-11,South_Zone,Tropical_Wet_Dry,0.15,0.169,35.0,0.502
2023-06-12,South_Zone,Tropical_Wet_Dry,0.197,0.018,35.0,0.485
2023-06-13,South_Zone,Tropical_Wet_Dry,0.395,0.097,34.0,0.4
2023-06-14,South_Zone,Tropical_Wet_Dry,0.337,0.0,28.0,0.463
2023-06-15,South_Zone,Tropical_Wet_Dry,0.31,0.153,41.0,0.441
2023-06-16,South_Zone,Tropical_Wet_Dry,0.426,0.074,51.0,0.431
2023-06-17,South_Zone,Tropical_Wet_Dry,0.17,0.0,87.0,0.428
2023-06-18,South_Zone,Tropical_Wet_Dry,0.372,0.003,52.0,0.467
2023-06-19,South_Zone,Tropical_Wet_Dry,0.182,0.129,33.0,0.461
2023-06-20,South_Zone,Tropical_Wet_Dry,0.448,0.0,63.0,0.432
2023-06-21,South_Zone,Tropical_Wet_Dry,0.354,0.097,57.0,0.47
2023-06-22,South_Zone,Tropical_Wet_Dry,0.396,0.054,46.0,0.464
2023-06-23,South_Zone,Tropical_Wet_Dry,0.23,0.068,49.0,0.452
2023-06-24,South_Zone,Tropical_Wet_Dry,0.518,0.04,79.0,0.461
2023-06-25,South_Zone,Tropical_Wet_Dry,0.5,0.023,35.0,0.408
2023-06-26,South_Zone,Tropical_Wet_Dry,0.343,0.051,30.0,0.381
2023-06-27,South_Zone,Tropical_Wet_Dry,0.418,0.114,68.0,0.503
2023-06-28,South_Zone,Tropical_Wet_Dry,0.27,0.062,49.0,0.404
2023-06-29,South_Zone,Tropical_Wet_Dry,0.173,0.105,88.0,0.43
2023-06-30,South_Zone,Tropical_Wet_Dry,0.38,0.065,57.0,0.426
2023-07-01,South_Zone,Tropical_Wet_Dry,0.208,0.117,58.0,0.434
2023-07-02,South_Zone,Tropical_Wet_Dry,0.431,0.105,74.0,0.424
2023-07-03,South_Zone,Tropical_Wet_Dry,0.405,0.048,30.0,0.446
2023-07-04,South_Zone,Tropical_Wet_Dry,0.324,0.023,66.0,0.44
2023-07-05,South_Zone,Tropical_Wet_Dry,0.318,0.137,53.0,0.473
2023-07-06,South_Zone,Tropical_Wet_Dry,0.399,0.031,78.0,0.444
2023-07-07,South_Zone,Tropical_Wet_Dry,0.327,0.11,48.0,0.435
2023-07-08,South_Zone,Tropical_Wet_Dry,0.26,0.082,63.0,0.428
2023-07-09,South_Zone,Tropical_Wet_Dry,0.149,0.052,54.0,0.467
2023-07-10,South_Zone,Tropical_Wet_Dry,0.396,0.106,67.0,0.431
2023-07-11,South_Zone,Tropical_Wet_Dry,0.337,0.162,55.0,0.444
2023-07-12,South_Zone,Tropical_Wet_Dry,0.576,0.118,65.0,0.477
2023-07-13,South_Zone,Tropical_Wet_Dry,0.29,0.088,92.0,0.441
2023-07-14,South_Zone,Tropical_Wet_Dry,0.33,0.177,55.0,0.449
2023-07-15,South_Zone,Tropical_Wet_Dry,0.333,0.0,67.0,0.405
2023-07-16,South_Zone,Tropical_Wet_Dry,0.365,0.013,101.0,0.457
2023-07-17,South_Zone,Tropical_Wet_Dry,0.203,0.052,67.0,0.451
2023-07-18,South_Zone,Tropical_Wet_Dry,0.292,0.165,20.0,0.468
2023-07-19,South_Zone,Tropical_Wet_Dry,0.383,0.137,48.0,0.419
2023-07-20,South_Zone,Tropical_Wet_Dry,0.267,0.0,38.0,0.427
2023-07-21,South_Zone,Tropical_Wet_Dry,0.379,0.054,77.0,0.427
2023-07-22,South_Zone,Tropical_Wet_Dry,0.31,0.001,58.0,0.393
2023-07-23,South_Zone,Tropical_Wet_Dry,0.34,0.078,79.0,0.421
2023-07-24,South_Zone,Tropical_Wet_Dry,0.415,0.134,71.0,0.474
2023-07-25,South_Zone,Tropical_Wet_Dry,0.277,0.139,71.0,0.492
2023-07-26,South_Zone,Tropical_Wet_Dry,0.155,0.096,38.0,0.412
2023-07-27,South_Zone,Tropical_Wet_Dry,0.273,0.054,69.0,0.406
2023-07-28,South_Zone,Tropical_Wet_Dry,0.217,0.074,85.0,0.459
2023-07-29,South_Zone,Tropical_Wet_Dry,0.087,0.121,34.0,0.438
2023-07-30,South_Zone,Tropical_Wet_Dry,0.289,0.221,54.0,0.492
2023-07-31,South_Zone,Tropical_Wet_Dry,0.32,0.009,66.0,0.41
2023-08-01,South_Zone,Tropical_Wet_Dry,0.402,0.175,62.0,0.481
2023-08-02,South_Zone,Tropical_Wet_Dry,0.186,0.095,86.0,0.403
2023-08-03,South_Zone,Tropical_Wet_Dry,0.309,0.129,73.0,0.469
2023-08-04,South_Zone,Tropical_Wet_Dry,0.413,0.091,67.0,0.38
2023-08-05,South_Zone,Tropical_Wet_Dry,0.243,0.164,75.0,0.489
2023-08-06,South_Zone,Tropical_Wet_Dry,0.354,0.1,74.0,0.444
2023-08-07,South_Zone,Tropical_Wet_Dry,0.46,0.041,61.0,0.443
2023-08-08,South_Zone,Tropical_Wet_Dry,0.114,0.107,54.0,0.454
2023-08-09,South_Zone,Tropical_Wet_Dry,0.327,0.148,78.0,0.406
2023-08-10,South_Zone,Tropical_Wet_Dry,0.416,0.08,47.0,0.481
2023-08-11,South_Zone,Tropical_Wet_Dry,0.265,0.0,59.0,0.43
2023-08-12,South_Zone,Tropical_Wet_Dry,0.439,0.073,39.0,0.461
2023-08-13,South_Zone,Tropical_Wet_Dry,0.363,0.086,73.0,0.418
2023-08-14,South_Zone,Tropical_Wet_Dry,0.477,0.077,82.0,0.446
2023-08-15,South_Zone,Tropical_Wet_Dry,0.358,0.05,43.0,0.393
2023-08-16,South_Zone,Tropical_Wet_Dry,0.485,0.159,57.0,0.464
2023-08-17,South_Zone,Tropical_Wet_Dry,0.33,0.0,51.0,0.392
2023-08-18,South_Zone,Tropical_Wet_Dry,0.163,0.086,79.0,0.592
2023-08-19,South_Zone,Tropical_Wet_Dry,0.237,0.086,86.0,0.46
2023-08-20,South_Zone,Tropical_Wet_Dry,0.402,0.206,51.0,0.511
2023-08-21,South_Zone,Tropical_Wet_Dry,0.4,0.079,20.0,0.432
2023-08-22,South_Zone,Tropical_Wet_Dry,0.269,0.107,81.0,0.459
2023-08-23,South_Zone,Tropical_Wet_Dry,0.48,0.088,61.0,0.469
2023-08-24,South_Zone,Tropical_Wet_Dry,0.265,0.086,61.0,0.409
2023-08-25,South_Zone,Tropical_Wet_Dry,0.346,0.186,77.0,0.446
2023-08-26,South_Zone,Tropical_Wet_Dry,0.343,0.013,53.0,0.452
2023-08-27,South_Zone,Tropical_Wet_Dry,0.167,0.04,49.0,0.423
2023-08-28,South_Zone,Tropical_Wet_Dry,0.289,0.125,54.0,0.429
2023-08-29,South_Zone,Tropical_Wet_Dry,0.538,0.095,69.0,0.425
2023-08-30,South_Zone,Tropical_Wet_Dry,0.208,0.063,76.0,0.399
2023-08-31,South_Zone,Tropical_Wet_Dry,0.363,0.076,89.0,0.38
2023-09-01,South_Zone,Tropical_Wet_Dry,0.185,0.435,127.0,0.478
2023-09-02,South_Zone,Tropical_Wet_Dry,0.207,0.409,117.0,0.524
2023-09-03,South_Zone,Tropical_Wet_Dry,0.159,0.337,136.0,0.524
2023-09-04,South_Zone,Tropical_Wet_Dry,0.394,0.394,103.0,0.594
2023-09-05,South_Zone,Tropical_Wet_Dry,0.213,0.377,146.0,0.513
2023-09-06,South_Zone,Tropical_Wet_Dry,0.427,0.408,124.0,0.484
2023-09-07,South_Zone,Tropical_Wet_Dry,0.247,0.361,116.0,0.509
2023-09-08,South_Zone,Tropical_Wet_Dry,0.313,0.308,103.0,0.518
2023-09-09,South_Zone,Tropical_Wet_Dry,0.341,0.42,131.0,0.556
2023-09-10,South_Zone,Tropical_Wet_Dry,0.138,0.413,115.0,0.551
2023-09-11,South_Zone,Tropical_Wet_Dry,0.32,0.465,118.0,0.553
2023-09-12,South_Zone,Tropical_Wet_Dry,0.335,0.301,90.0,0.498
2023-09-13,South_Zone,Tropical_Wet_Dry,0.414,0.376,112.0,0.536
2023-09-14,South_Zone,Tropical_Wet_Dry,0.204,0.366,110.0,0.476
2023-09-15,South_Zone,Tropical_Wet_Dry,0.218,0.356,128.0,0.449
2023-09-16,South_Zone,Tropical_Wet_Dry,0.366,0.288,115.0,0.555
2023-09-17,South_Zone,Tropical_Wet_Dry,0.441,0.316,72.0,0.498
2023-09-18,South_Zone,Tropical_Wet_Dry,0.241,0.396,113.0,0.535
2023-09-19,South_Zone,Tropical_Wet_Dry,0.176,0.35,94.0,0.423
2023-09-20,South_Zone,Tropical_Wet_Dry,0.268,0.33,101.0,0.549
2023-09-21,South_Zone,Tropical_Wet_Dry,0.199,0.466,138.0,0.571
2023-09-22,South_Zone,Tropical_Wet_Dry,0.34,0.522,90.0,0.504
2023-09-23,South_Zone,Tropical_Wet_Dry,0.192,0.377,125.0,0.505
2023-09-24,South_Zone,Tropical_Wet_Dry,0.397,0.29,111.0,0.5
2023-09-25,South_Zone,Tropical_Wet_Dry,0.321,0.404,107.0,0.483
2023-09-26,South_Zone,Tropical_Wet_Dry,0.4,0.255,102.0,0.498
2023-09-27,South_Zone,Tropical_Wet_Dry,0.058,0.299,126.0,0.526
2023-09-28,South_Zone,Tropical_Wet_Dry,0.124,0.405,128.0,0.531
2023-09-29,South_Zone,Tropical_Wet_Dry,0.429,0.297,89.0,0.447
2023-09-30,South_Zone,Tropical_Wet_Dry,0.228,0.362,141.0,0.479
2023-10-01,South_Zone,Tropical_Wet_Dry,0.153,0.291,99.0,0.489
2023-10-02,South_Zone,Tropical_Wet_Dry,0.28,0.383,127.0,0.508
2023-10-03,South_Zone,Tropical_Wet_Dry,0.324,0.447,99.0,0.525
2023-10-04,South_Zone,Tropical_Wet_Dry,0.284,0.343,112.0,0.498
2023-10-05,South_Zone,Tropical_Wet_Dry,0.347,0.379,97.0,0.461
2023-10-06,South_Zone,Tropical_Wet_Dry,0.333,0.331,110.0,0.527
2023-10-07,South_Zone,Tropical_Wet_Dry,0.328,0.335,116.0,0.523
2023-10-08,South_Zone,Tropical_Wet_Dry,0.435,0.33,99.0,0.518
2023-10-09,South_Zone,Tropical_Wet_Dry,0.299,0.427,126.0,0.54
2023-10-10,South_Zone,Tropical_Wet_Dry,0.296,0.295,128.0,0.485
2023-10-11,South_Zone,Tropical_Wet_Dry,0.38,0.36,169.0,0.492
2023-10-12,South_Zone,Tropical_Wet_Dry,0.355,0.405,137.0,0.491
2023-10-13,South_Zone,Tropical_Wet_Dry,0.21,0.435,141.0,0.575
2023-10-14,South_Zone,Tropical_Wet_Dry,0.291,0.406,88.0,0.521
2023-10-15,South_Zone,Tropical_Wet_Dry,0.344,0.376,85.0,0.464
2023-10-16,South_Zone,Tropical_Wet_Dry,0.241,0.346,115.0,0.506
2023-10-17,South_Zone,Tropical_Wet_Dry,0.246,0.436,152.0,0.466
2023-10-18,South_Zone,Tropical_Wet_Dry,0.161,0.328,165.0,0.509
2023-10-19,South_Zone,Tropical_Wet_Dry,0.012,0.329,108.0,0.507
2023-10-20,South_Zone,Tropical_Wet_Dry,0.263,0.461,109.0,0.519
2023-10-21,South_Zone,Tropical_Wet_Dry,0.313,0.402,130.0,0.492
2023-10-22,South_Zone,Tropical_Wet_Dry,0.19,0.404,116.0,0.538
2023-10-23,South_Zone,Tropical_Wet_Dry,0.438,0.416,117.0,0.522
2023-10-24,South_Zone,Tropical_Wet_Dry,0.195,0.374,131.0,0.455
2023-10-25,South_Zone,Tropical_Wet_Dry,0.391,0.294,169.0,0.53
2023-10-26,South_Zone,Tropical_Wet_Dry,0.342,0.395,143.0,0.491
2023-10-27,South_Zone,Tropical_Wet_Dry,0.518,0.379,154.0,0.475
2023-10-28,South_Zone,Tropical_Wet_Dry,0.354,0.328,87.0,0.543
2023-10-29,South_Zone,Tropical_Wet_Dry,0.155,0.315,139.0,0.531
2023-10-30,South_Zone,Tropical_Wet_Dry,0.405,0.377,103.0,0.502
2023-10-31,South_Zone,Tropical_Wet_Dry,0.47,0.299,150.0,0.457
2023-11-01,South_Zone,Tropical_Wet_Dry,0.123,0.371,144.0,0.485
2023-11-02,South_Zone,Tropical_Wet_Dry,0.364,0.364,131.0,0.498
2023-11-03,South_Zone,Tropical_Wet_Dry,0.386,0.373,107.0,0.55
2023-11-04,South_Zone,Tropical_Wet_Dry,0.279,0.404,111.0,0.56
2023-11-05,South_Zone,Tropical_Wet_Dry,0.058,0.417,113.0,0.529
2023-11-06,South_Zone,Tropical_Wet_Dry,0.27,0.337,134.0,0.524
2023-11-07,South_Zone,Tropical_Wet_Dry,0.242,0.432,127.0,0.522
2023-11-08,South_Zone,Tropical_Wet_Dry,0.453,0.367,146.0,0.486
2023-11-09,South_Zone,Tropical_Wet_Dry,0.291,0.485,149.0,0.496
2023-11-10,South_Zone,Tropical_Wet_Dry,0.259,0.345,105.0,0.516
2023-11-11,South_Zone,Tropical_Wet_Dry,0.241,0.283,129.0,0.518
2023-11-12,South_Zone,Tropical_Wet_Dry,0.333,0.43,128.0,0.512
2023-11-13,South_Zone,Tropical_Wet_Dry,0.306,0.406,118.0,0.557
2023-11-14,South_Zone,Tropical_Wet_Dry,0.221,0.452,137.0,0.521
2023-11-15,South_Zone,Tropical_Wet_Dry,0.326,0.399,129.0,0.522
2023-11-16,South_Zone,Tropical_Wet_Dry,0.244,0.52,110.0,0.543
2023-11-17,South_Zone,Tropical_Wet_Dry,0.041,0.369,117.0,0.549
2023-11-18,South_Zone,Tropical_Wet_Dry,0.367,0.443,114.0,0.546
2023-11-19,South_Zone,Tropical_Wet_Dry,0.357,0.348,107.0,0.505
2023-11-20,South_Zone,Tropical_Wet_Dry,0.32,0.41,118.0,0.525
2023-11-21,South_Zone,Tropical_Wet_Dry,0.256,0.421,97.0,0.49
2023-11-22,South_Zone,Tropical_Wet_Dry,0.293,0.43,129.0,0.46
2023-11-23,South_Zone,Tropical_Wet_Dry,0.382,0.427,145.0,0.511
2023-11-24,South_Zone,Tropical_Wet_Dry,0.237,0.186,121.0,0.461
2023-11-25,South_Zone,Tropical_Wet_Dry,0.386,0.376,137.0,0.53
2023-11-26,South_Zone,Tropical_Wet_Dry,0.153,0.345,123.0,0.501
2023-11-27,South_Zone,Tropical_Wet_Dry,0.317,0.357,102.0,0.495
2023-11-28,South_Zone,Tropical_Wet_Dry,0.303,0.363,156.0,0.422
2023-11-29,South_Zone,Tropical_Wet_Dry,0.4,0.439,76.0,0.546
2023-11-30,South_Zone,Tropical_Wet_Dry,0.208,0.392,120.0,0.524
2023-12-01,South_Zone,Tropical_Wet_Dry,0.219,0.39,136.0,0.542
2023-12-02,South_Zone,Tropical_Wet_Dry,0.161,0.332,178.0,0.504
2023-12-03,South_Zone,Tropical_Wet_Dry,0.243,0.512,154.0,0.582
2023-12-04,South_Zone,Tropical_Wet_Dry,0.326,0.381,196.0,0.499
2023-12-05,South_Zone,Tropical_Wet_Dry,0.12,0.412,151.0,0.522
2023-12-06,South_Zone,Tropical_Wet_Dry,0.256,0.548,136.0,0.564
2023-12-07,South_Zone,Tropical_Wet_Dry,0.361,0.383,119.0,0.536
2023-12-08,South_Zone,Tropical_Wet_Dry,0.29,0.403,170.0,0.533
2023-12-09,South_Zone,Tropical_Wet_Dry,0.308,0.434,135.0,0.543
2023-12-10,South_Zone,Tropical_Wet_Dry,0.149,0.324,142.0,0.509
2023-12-11,South_Zone,Tropical_Wet_Dry,0.29,0.317,172.0,0.493
2023-12-12,South_Zone,Tropical_Wet_Dry,0.303,0.391,169.0,0.545
2023-12-13,South_Zone,Tropical_Wet_Dry,0.284,0.393,139.0,0.468
2023-12-14,South_Zone,Tropical_Wet_Dry,0.315,0.428,142.0,0.508
2023-12-15,South_Zone,Tropical_Wet_Dry,0.269,0.361,118.0,0.558
2023-12-16,South_Zone,Tropical_Wet_Dry,0.254,0.446,113.0,0.511
2023-12-17,South_Zone,Tropical_Wet_Dry,0.196,0.291,164.0,0.49
2023-12-18,South_Zone,Tropical_Wet_Dry,0.397,0.416,166.0,0.566
2023-12-19,South_Zone,Tropical_Wet_Dry,0.177,0.442,156.0,0.527
2023-12-20,South_Zone,Tropical_Wet_Dry,0.316,0.44,153.0,0.505
2023-12-21,South_Zone,Tropical_Wet_Dry,0.481,0.41,137.0,0.558
2023-12-22,South_Zone,Tropical_Wet_Dry,0.41,0.38,176.0,0.506
2023-12-23,South_Zone,Tropical_Wet_Dry,0.351,0.408,118.0,0.515
2023-12-24,South_Zone,Tropical_Wet_Dry,0.325,0.494,142.0,0.484
2023-12-25,South_Zone,Tropical_Wet_Dry,0.287,0.384,153.0,0.512
2023-12-26,South_Zone,Tropical_Wet_Dry,0.21,0.479,150.0,0.56
2023-12-27,South_Zone,Tropical_Wet_Dry,0.275,0.488,150.0,0.529
2023-12-28,South_Zone,Tropical_Wet_Dry,0.357,0.316,141.0,0.461
2023-12-29,South_Zone,Tropical_Wet_Dry,0.339,0.412,160.0,0.509
2023-12-30,South_Zone,Tropical_Wet_Dry,0.379,0.361,128.0,0.492
2023-12-31,South_Zone,Tropical_Wet_Dry,0.422,0.33,147.0,0.495
2021-01-01,West_Zone,Tropical_Monsoon,-0.016,0.468,158.0,0.561
2021-01-02,West_Zone,Tropical_Monsoon,0.019,0.448,144.0,0.622
2021-01-03,West_Zone,Tropical_Monsoon,-0.19,0.436,150.0,0.578
2021-01-04,West_Zone,Tropical_Monsoon,0.226,0.355,154.0,0.497
2021-01-05,West_Zone,Tropical_Monsoon,-0.041,0.433,118.0,0.57
2021-01-06,West_Zone,Tropical_Monsoon,0.065,0.341,120.0,0.544
2021-01-07,West_Zone,Tropical_Monsoon,-0.041,0.425,152.0,0.602
2021-01-08,West_Zone,Tropical_Monsoon,-0.044,0.38,139.0,0.55
2021-01-09,West_Zone,Tropical_Monsoon,-0.024,0.483,140.0,0.575
2021-01-10,West_Zone,Tropical_Monsoon,-0.125,0.398,160.0,0.615
2021-01-11,West_Zone,Tropical_Monsoon,-0.248,0.434,132.0,0.536
2021-01-12,West_Zone,Tropical_Monsoon,0.116,0.434,107.0,0.592
2021-01-13,West_Zone,Tropical_Monsoon,0.055,0.415,180.0,0.566
2021-01-14,West_Zone,Tropical_Monsoon,-0.092,0.426,172.0,0.551
2021-01-15,West_Zone,Tropical_Monsoon,0.045,0.438,172.0,0.55
2021-01-16,West_Zone,Tropical_Monsoon,0.082,0.366,130.0,0.592
2021-01-17,West_Zone,Tropical_Monsoon,-0.069,0.444,149.0,0.585
2021-01-18,West_Zone,Tropical_Monsoon,0.041,0.472,127.0,0.596
2021-01-19,West_Zone,Tropical_Monsoon,0.101,0.444,149.0,0.598
2021-01-20,West_Zone,Tropical_Monsoon,-0.144,0.399,144.0,0.57
2021-01-21,West_Zone,Tropical_Monsoon,0.053,0.43,131.0,0.536
2021-01-22,West_Zone,Tropical_Monsoon,0.036,0.398,159.0,0.512
2021-01-23,West_Zone,Tropical_Monsoon,0.188,0.413,145.0,0.609
2021-01-24,West_Zone,Tropical_Monsoon,0.056,0.349,181.0,0.553
2021-01-25,West_Zone,Tropical_Monsoon,-0.041,0.503,152.0,0.588
2021-01-26,West_Zone,Tropical_Monsoon,-0.03,0.536,104.0,0.648
2021-01-27,West_Zone,Tropical_Monsoon,0.202,0.378,117.0,0.523
2021-01-28,West_Zone,Tropical_Monsoon,-0.035,0.467,188.0,0.501
2021-01-29,West_Zone,Tropical_Monsoon,0.059,0.507,144.0,0.532
2021-01-30,West_Zone,Tropical_Monsoon,-0.024,0.363,154.0,0.535
2021-01-31,West_Zone,Tropical_Monsoon,0.108,0.29,150.0,0.536
2021-02-01,West_Zone,Tropical_Monsoon,0.113,0.511,175.0,0.629
2021-02-02,West_Zone,Tropical_Monsoon,-0.002,0.419,116.0,0.59
2021-02-03,West_Zone,Tropical_Monsoon,-0.041,0.389,174.0,0.48
2021-02-04,West_Zone,Tropical_Monsoon,-0.043,0.423,173.0,0.65
2021-02-05,West_Zone,Tropical_Monsoon,-0.173,0.398,150.0,0.547
2021-02-06,West_Zone,Tropical_Monsoon,0.01,0.598,157.0,0.646
2021-02-07,West_Zone,Tropical_Monsoon,0.008,0.388,143.0,0.573
2021-02-08,West_Zone,Tropical_Monsoon,-0.082,0.44,120.0,0.57
2021-02-09,West_Zone,Tropical_Monsoon,-0.183,0.498,160.0,0.577
2021-02-10,West_Zone,Tropical_Monsoon,0.021,0.497,154.0,0.551
2021-02-11,West_Zone,Tropical_Monsoon,0.033,0.486,155.0,0.543
2021-02-12,West_Zone,Tropical_Monsoon,0.039,0.394,159.0,0.554
2021-02-13,West_Zone,Tropical_Monsoon,-0.099,0.411,139.0,0.521
2021-02-14,West_Zone,Tropical_Monsoon,0.04,0.29,177.0,0.582
2021-02-15,West_Zone,Tropical_Monsoon,-0.018,0.416,150.0,0.567
2021-02-16,West_Zone,Tropical_Monsoon,0.086,0.422,160.0,0.628
2021-02-17,West_Zone,Tropical_Monsoon,-0.097,0.465,145.0,0.563
2021-02-18,West_Zone,Tropical_Monsoon,0.115,0.528,169.0,0.574
2021-02-19,West_Zone,Tropical_Monsoon,0.151,0.463,152.0,0.593
2021-02-20,West_Zone,Tropical_Monsoon,0.012,0.484,148.0,0.573
2021-02-21,West_Zone,Tropical_Monsoon,0.04,0.419,172.0,0.594
2021-02-22,West_Zone,Tropical_Monsoon,0.078,0.497,119.0,0.627
2021-02-23,West_Zone,Tropical_Monsoon,-0.103,0.421,145.0,0.598
2021-02-24,West_Zone,Tropical_Monsoon,-0.049,0.488,139.0,0.623
2021-02-25,West_Zone,Tropical_Monsoon,0.018,0.468,157.0,0.602
2021-02-26,West_Zone,Tropical_Monsoon,0.203,0.444,156.0,0.555
2021-02-27,West_Zone,Tropical_Monsoon,-0.12,0.328,150.0,0.576
2021-02-28,West_Zone,Tropical_Monsoon,0.164,0.486,137.0,0.602
2021-03-01,West_Zone,Tropical_Monsoon,-0.019,0.643,95.0,0.602
2021-03-02,West_Zone,Tropical_Monsoon,-0.003,0.662,101.0,0.611
2021-03-03,West_Zone,Tropical_Monsoon,0.122,0.639,92.0,0.617
2021-03-04,West_Zone,Tropical_Monsoon,0.202,0.649,115.0,0.656
2021-03-05,West_Zone,Tropical_Monsoon,0.042,0.698,106.0,0.638
2021-03-06,West_Zone,Tropical_Monsoon,0.116,0.592,95.0,0.608
2021-03-07,West_Zone,Tropical_Monsoon,-0.092,0.648,53.0,0.617
2021-03-08,West_Zone,Tropical_Monsoon,-0.053,0.573,91.0,0.593
2021-03-09,West_Zone,Tropical_Monsoon,-0.135,0.655,106.0,0.589
2021-03-10,West_Zone,Tropical_Monsoon,-0.052,0.635,90.0,0.643
2021-03-11,West_Zone,Tropical_Monsoon,0.057,0.582,100.0,0.575
2021-03-12,West_Zone,Tropical_Monsoon,0.021,0.626,91.0,0.619
2021-03-13,West_Zone,Tropical_Monsoon,0.173,0.586,99.0,0.594
2021-03-14,West_Zone,Tropical_Monsoon,0.205,0.597,120.0,0.632
2021-03-15,West_Zone,Tropical_Monsoon,-0.014,0.641,109.0,0.61
2021-03-16,West_Zone,Tropical_Monsoon,-0.068,0.636,72.0,0.589
2021-03-17,West_Zone,Tropical_Monsoon,0.116,0.505,65.0,0.616
2021-03-18,West_Zone,Tropical_Monsoon,0.126,0.642,103.0,0.596
2021-03-19,West_Zone,Tropical_Monsoon,0.044,0.602,116.0,0.615
2021-03-20,West_Zone,Tropical_Monsoon,0.071,0.595,65.0,0.647
2021-03-21,West_Zone,Tropical_Monsoon,0.055,0.552,91.0,0.576
2021-03-22,West_Zone,Tropical_Monsoon,-0.099,0.617,138.0,0.611
2021-03-23,West_Zone,Tropical_Monsoon,-0.122,0.589,90.0,0.594
2021-03-24,West_Zone,Tropical_Monsoon,-0.005,0.696,140.0,0.638
2021-03-25,West_Zone,Tropical_Monsoon,-0.02,0.515,80.0,0.587
2021-03-26,West_Zone,Tropical_Monsoon,0.028,0.562,83.0,0.628
2021-03-27,West_Zone,Tropical_Monsoon,-0.013,0.558,82.0,0.581
2021-03-28,West_Zone,Tropical_Monsoon,-0.17,0.636,72.0,0.657
2021-03-29,West_Zone,Tropical_Monsoon,-0.211,0.69,65.0,0.681
2021-03-30,West_Zone,Tropical_Monsoon,0.074,0.65,91.0,0.63
2021-03-31,West_Zone,Tropical_Monsoon,-0.066,0.554,98.0,0.575
2021-04-01,West_Zone,Tropical_Monsoon,-0.023,0.594,82.0,0.607
2021-04-02,West_Zone,Tropical_Monsoon,-0.056,0.571,86.0,0.599
2021-04-03,West_Zone,Tropical_Monsoon,-0.091,0.65,121.0,0.676
2021-04-04,West_Zone,Tropical_Monsoon,-0.094,0.593,112.0,0.605
2021-04-05,West_Zone,Tropical_Monsoon,0.102,0.535,90.0,0.635
2021-04-06,West_Zone,Tropical_Monsoon,-0.024,0.655,103.0,0.627
2021-04-07,West_Zone,Tropical_Monsoon,0.063,0.696,66.0,0.635
2021-04-08,West_Zone,Tropical_Monsoon,0.077,0.609,100.0,0.602
2021-04-09,West_Zone,Tropical_Monsoon,0.032,0.627,94.0,0.609
2021-04-10,West_Zone,Tropical_Monsoon,0.08,0.53,88.0,0.619
2021-04-11,West_Zone,Tropical_Monsoon,0.001,0.496,96.0,0.562
2021-04-12,West_Zone,Tropical_Monsoon,0.136,0.509,93.0,0.616
2021-04-13,West_Zone,Tropical_Monsoon,0.082,0.617,71.0,0.657
2021-04-14,West_Zone,Tropical_Monsoon,0.096,0.602,125.0,0.593
2021-04-15,West_Zone,Tropical_Monsoon,-0.094,0.653,112.0,0.659
2021-04-16,West_Zone,Tropical_Monsoon,0.026,0.608,88.0,0.643
2021-04-17,West_Zone,Tropical_Monsoon,-0.184,0.679,63.0,0.656
2021-04-18,West_Zone,Tropical_Monsoon,0.14,0.672,51.0,0.609
2021-04-19,West_Zone,Tropical_Monsoon,-0.062,0.601,131.0,0.607
2021-04-20,West_Zone,Tropical_Monsoon,-0.048,0.56,92.0,0.596
2021-04-21,West_Zone,Tropical_Monsoon,-0.137,0.505,109.0,0.649
2021-04-22,West_Zone,Tropical_Monsoon,-0.004,0.706,78.0,0.636
2021-04-23,West_Zone,Tropical_Monsoon,-0.027,0.563,89.0,0.595
2021-04-24,West_Zone,Tropical_Monsoon,0.182,0.53,90.0,0.558
2021-04-25,West_Zone,Tropical_Monsoon,0.086,0.628,99.0,0.588
2021-04-26,West_Zone,Tropical_Monsoon,-0.051,0.531,97.0,0.572
2021-04-27,West_Zone,Tropical_Monsoon,-0.167,0.628,78.0,0.628
2021-04-28,West_Zone,Tropical_Monsoon,-0.228,0.6,78.0,0.567
2021-04-29,West_Zone,Tropical_Monsoon,-0.103,0.675,94.0,0.609
2021-04-30,West_Zone,Tropical_Monsoon,-0.133,0.67,63.0,0.572
2021-05-01,West_Zone,Tropical_Monsoon,0.035,0.686,80.0,0.674
2021-05-02,West_Zone,Tropical_Monsoon,-0.014,0.632,92.0,0.621
2021-05-03,West_Zone,Tropical_Monsoon,0.002,0.568,102.0,0.611
2021-05-04,West_Zone,Tropical_Monsoon,-0.095,0.558,122.0,0.567
2021-05-05,West_Zone,Tropical_Monsoon,0.015,0.588,86.0,0.642
2021-05-06,West_Zone,Tropical_Monsoon,-0.142,0.74,96.0,0.69
2021-05-07,West_Zone,Tropical_Monsoon,-0.009,0.605,61.0,0.613
2021-05-08,West_Zone,Tropical_Monsoon,0.083,0.63,101.0,0.603
2021-05-09,West_Zone,Tropical_Monsoon,-0.037,0.711,79.0,0.654
2021-05-10,West_Zone,Tropical_Monsoon,0.044,0.635,89.0,0.641
2021-05-11,West_Zone,Tropical_Monsoon,-0.198,0.575,104.0,0.63
2021-05-12,West_Zone,Tropical_Monsoon,-0.206,0.664,104.0,0.646
2021-05-13,West_Zone,Tropical_Monsoon,0.033,0.594,69.0,0.637
2021-05-14,West_Zone,Tropical_Monsoon,0.105,0.637,109.0,0.598
2021-05-15,West_Zone,Tropical_Monsoon,-0.024,0.651,94.0,0.65
2021-05-16,West_Zone,Tropical_Monsoon,0.215,0.59,118.0,0.594
2021-05-17,West_Zone,Tropical_Monsoon,-0.144,0.631,121.0,0.542
2021-05-18,West_Zone,Tropical_Monsoon,-0.068,0.716,124.0,0.625
2021-05-19,West_Zone,Tropical_Monsoon,0.014,0.582,69.0,0.589
2021-05-20,West_Zone,Tropical_Monsoon,0.046,0.699,102.0,0.642
2021-05-21,West_Zone,Tropical_Monsoon,-0.058,0.585,67.0,0.631
2021-05-22,West_Zone,Tropical_Monsoon,-0.106,0.728,118.0,0.648
2021-05-23,West_Zone,Tropical_Monsoon,0.062,0.569,121.0,0.663
2021-05-24,West_Zone,Tropical_Monsoon,0.013,0.596,113.0,0.593
2021-05-25,West_Zone,Tropical_Monsoon,-0.034,0.71,87.0,0.578
2021-05-26,West_Zone,Tropical_Monsoon,0.05,0.713,105.0,0.647
2021-05-27,West_Zone,Tropical_Monsoon,-0.014,0.669,85.0,0.611
2021-05-28,West_Zone,Tropical_Monsoon,-0.014,0.555,95.0,0.566
2021-05-29,West_Zone,Tropical_Monsoon,-0.018,0.625,93.0,0.607
2021-05-30,West_Zone,Tropical_Monsoon,-0.082,0.62,59.0,0.591
2021-05-31,West_Zone,Tropical_Monsoon,-0.092,0.569,80.0,0.582
2021-06-01,West_Zone,Tropical_Monsoon,-0.053,0.122,101.0,0.536
2021-06-02,West_Zone,Tropical_Monsoon,0.003,0.033,58.0,0.472
2021-06-03,West_Zone,Tropical_Monsoon,-0.187,0.003,63.0,0.453
2021-06-04,West_Zone,Tropical_Monsoon,0.094,0.0,60.0,0.508
2021-06-05,West_Zone,Tropical_Monsoon,0.002,0.183,53.0,0.497
2021-06-06,West_Zone,Tropical_Monsoon,-0.107,0.049,61.0,0.435
2021-06-07,West_Zone,Tropical_Monsoon,0.162,0.051,53.0,0.433
2021-06-08,West_Zone,Tropical_Monsoon,0.004,0.018,20.0,0.462
2021-06-09,West_Zone,Tropical_Monsoon,-0.134,0.162,74.0,0.451
2021-06-10,West_Zone,Tropical_Monsoon,0.157,0.0,89.0,0.425
2021-06-11,West_Zone,Tropical_Monsoon,0.135,0.008,39.0,0.451
2021-06-12,West_Zone,Tropical_Monsoon,-0.091,0.061,53.0,0.509
2021-06-13,West_Zone,Tropical_Monsoon,-0.032,0.079,87.0,0.519
2021-06-14,West_Zone,Tropical_Monsoon,-0.046,0.12,46.0,0.51
2021-06-15,West_Zone,Tropical_Monsoon,-0.189,0.039,67.0,0.47
2021-06-16,West_Zone,Tropical_Monsoon,0.032,0.173,138.0,0.486
2021-06-17,West_Zone,Tropical_Monsoon,0.085,0.04,71.0,0.482
2021-06-18,West_Zone,Tropical_Monsoon,0.066,0.019,61.0,0.518
2021-06-19,West_Zone,Tropical_Monsoon,0.003,0.014,76.0,0.468
2021-06-20,West_Zone,Tropical_Monsoon,0.094,0.034,74.0,0.455
2021-06-21,West_Zone,Tropical_Monsoon,-0.114,0.01,48.0,0.458
2021-06-22,West_Zone,Tropical_Monsoon,0.182,0.125,29.0,0.483
2021-06-23,West_Zone,Tropical_Monsoon,-0.077,0.02,71.0,0.481
2021-06-24,West_Zone,Tropical_Monsoon,-0.066,0.072,73.0,0.455
2021-06-25,West_Zone,Tropical_Monsoon,-0.058,0.018,55.0,0.477
2021-06-26,West_Zone,Tropical_Monsoon,-0.065,0.01,90.0,0.48
2021-06-27,West_Zone,Tropical_Monsoon,-0.019,0.146,86.0,0.507
2021-06-28,West_Zone,Tropical_Monsoon,-0.023,0.176,74.0,0.471
2021-06-29,West_Zone,Tropical_Monsoon,0.013,0.156,55.0,0.495
2021-06-30,West_Zone,Tropical_Monsoon,-0.082,0.0,22.0,0.444
2021-07-01,West_Zone,Tropical_Monsoon,0.017,0.0,57.0,0.458
2021-07-02,West_Zone,Tropical_Monsoon,-0.109,0.199,27.0,0.49
2021-07-03,West_Zone,Tropical_Monsoon,0.073,0.065,20.0,0.514
2021-07-04,West_Zone,Tropical_Monsoon,0.072,0.0,72.0,0.466
2021-07-05,West_Zone,Tropical_Monsoon,-0.001,0.145,81.0,0.448
2021-07-06,West_Zone,Tropical_Monsoon,-0.065,0.084,25.0,0.441
2021-07-07,West_Zone,Tropical_Monsoon,0.031,0.114,55.0,0.525
2021-07-08,West_Zone,Tropical_Monsoon,-0.089,0.0,60.0,0.455
2021-07-09,West_Zone,Tropical_Monsoon,0.003,0.06,55.0,0.463
2021-07-10,West_Zone,Tropical_Monsoon,-0.015,0.137,35.0,0.528
2021-07-11,West_Zone,Tropical_Monsoon,0.263,0.042,84.0,0.466
2021-07-12,West_Zone,Tropical_Monsoon,-0.123,0.154,36.0,0.463
2021-07-13,West_Zone,Tropical_Monsoon,-0.267,0.001,25.0,0.426
2021-07-14,West_Zone,Tropical_Monsoon,-0.064,0.073,35.0,0.497
2021-07-15,West_Zone,Tropical_Monsoon,-0.172,0.179,69.0,0.566
2021-07-16,West_Zone,Tropical_Monsoon,-0.073,0.011,55.0,0.488
2021-07-17,West_Zone,Tropical_Monsoon,-0.13,0.096,46.0,0.473
2021-07-18,West_Zone,Tropical_Monsoon,-0.09,0.115,69.0,0.482
2021-07-19,West_Zone,Tropical_Monsoon,-0.106,0.085,66.0,0.483
2021-07-20,West_Zone,Tropical_Monsoon,0.096,0.065,20.0,0.416
2021-07-21,West_Zone,Tropical_Monsoon,-0.005,0.027,69.0,0.467
2021-07-22,West_Zone,Tropical_Monsoon,0.108,0.092,81.0,0.501
2021-07-23,West_Zone,Tropical_Monsoon,0.004,0.074,58.0,0.532
2021-07-24,West_Zone,Tropical_Monsoon,0.093,0.0,56.0,0.493
2021-07-25,West_Zone,Tropical_Monsoon,-0.03,0.146,94.0,0.554
2021-07-26,West_Zone,Tropical_Monsoon,0.159,0.025,47.0,0.517
2021-07-27,West_Zone,Tropical_Monsoon,0.047,0.0,57.0,0.502
2021-07-28,West_Zone,Tropical_Monsoon,-0.078,0.044,66.0,0.472
2021-07-29,West_Zone,Tropical_Monsoon,0.062,0.026,61.0,0.477
2021-07-30,West_Zone,Tropical_Monsoon,0.003,0.065,55.0,0.426
2021-07-31,West_Zone,Tropical_Monsoon,-0.02,0.005,62.0,0.465
2021-08-01,West_Zone,Tropical_Monsoon,0.01,0.107,88.0,0.504
2021-08-02,West_Zone,Tropical_Monsoon,0.075,0.163,75.0,0.492
2021-08-03,West_Zone,Tropical_Monsoon,-0.212,0.086,59.0,0.435
2021-08-04,West_Zone,Tropical_Monsoon,-0.035,0.0,44.0,0.507
2021-08-05,West_Zone,Tropical_Monsoon,0.068,0.025,47.0,0.478
2021-08-06,West_Zone,Tropical_Monsoon,0.025,0.093,77.0,0.535
2021-08-07,West_Zone,Tropical_Monsoon,-0.113,0.0,31.0,0.482
2021-08-08,West_Zone,Tropical_Monsoon,-0.237,0.006,103.0,0.503
2021-08-09,West_Zone,Tropical_Monsoon,0.17,0.0,59.0,0.495
2021-08-10,West_Zone,Tropical_Monsoon,-0.019,0.087,35.0,0.461
2021-08-11,West_Zone,Tropical_Monsoon,0.151,0.21,63.0,0.497
2021-08-12,West_Zone,Tropical_Monsoon,0.079,0.004,46.0,0.448
2021-08-13,West_Zone,Tropical_Monsoon,-0.079,0.129,52.0,0.463
2021-08-14,West_Zone,Tropical_Monsoon,-0.25,0.046,33.0,0.524
2021-08-15,West_Zone,Tropical_Monsoon,-0.046,0.001,56.0,0.462
2021-08-16,West_Zone,Tropical_Monsoon,-0.004,0.174,22.0,0.517
2021-08-17,West_Zone,Tropical_Monsoon,0.045,0.21,49.0,0.473
2021-08-18,West_Zone,Tropical_Monsoon,-0.111,0.105,45.0,0.511
2021-08-19,West_Zone,Tropical_Monsoon,0.018,0.102,51.0,0.473
2021-08-20,West_Zone,Tropical_Monsoon,0.018,0.084,46.0,0.519
2021-08-21,West_Zone,Tropical_Monsoon,0.099,0.071,61.0,0.457
2021-08-22,West_Zone,Tropical_Monsoon,-0.031,0.1,76.0,0.525
2021-08-23,West_Zone,Tropical_Monsoon,0.044,0.121,66.0,0.518
2021-08-24,West_Zone,Tropical_Monsoon,0.029,0.18,83.0,0.491
2021-08-25,West_Zone,Tropical_Monsoon,0.088,0.049,51.0,0.515
2021-08-26,West_Zone,Tropical_Monsoon,-0.082,0.088,66.0,0.516
2021-08-27,West_Zone,Tropical_Monsoon,-0.307,0.075,67.0,0.493
2021-08-28,West_Zone,Tropical_Monsoon,-0.024,0.141,81.0,0.465
2021-08-29,West_Zone,Tropical_Monsoon,-0.023,0.224,47.0,0.54
2021-08-30,West_Zone,Tropical_Monsoon,-0.116,0.144,74.0,0.498
2021-08-31,West_Zone,Tropical_Monsoon,-0.151,0.128,45.0,0.493
2021-09-01,West_Zone,Tropical_Monsoon,-0.057,0.434,110.0,0.571
2021-09-02,West_Zone,Tropical_Monsoon,-0.011,0.456,114.0,0.573
2021-09-03,West_Zone,Tropical_Monsoon,0.01,0.525,128.0,0.565
2021-09-04,West_Zone,Tropical_Monsoon,-0.229,0.279,100.0,0.484
2021-09-05,West_Zone,Tropical_Monsoon,-0.175,0.416,103.0,0.512
2021-09-06,West_Zone,Tropical_Monsoon,0.113,0.225,108.0,0.525
2021-09-07,West_Zone,Tropical_Monsoon,-0.019,0.437,121.0,0.497
2021-09-08,West_Zone,Tropical_Monsoon,-0.0,0.413,103.0,0.585
2021-09-09,West_Zone,Tropical_Monsoon,-0.133,0.347,125.0,0.562
2021-09-10,West_Zone,Tropical_Monsoon,-0.0,0.22,114.0,0.506
2021-09-11,West_Zone,Tropical_Monsoon,-0.038,0.379,132.0,0.586
2021-09-12,West_Zone,Tropical_Monsoon,-0.062,0.393,121.0,0.55
2021-09-13,West_Zone,Tropical_Monsoon,-0.146,0.376,152.0,0.567
2021-09-14,West_Zone,Tropical_Monsoon,-0.087,0.343,122.0,0.487
2021-09-15,West_Zone,Tropical_Monsoon,0.197,0.326,98.0,0.474
2021-09-16,West_Zone,Tropical_Monsoon,-0.035,0.377,116.0,0.547
2021-09-17,West_Zone,Tropical_Monsoon,0.079,0.332,120.0,0.556
2021-09-18,West_Zone,Tropical_Monsoon,-0.02,0.429,104.0,0.596
2021-09-19,West_Zone,Tropical_Monsoon,-0.031,0.375,147.0,0.548
2021-09-20,West_Zone,Tropical_Monsoon,-0.064,0.277,114.0,0.537
2021-09-21,West_Zone,Tropical_Monsoon,0.135,0.391,108.0,0.581
2021-09-22,West_Zone,Tropical_Monsoon,0.037,0.405,123.0,0.557
2021-09-23,West_Zone,Tropical_Monsoon,-0.079,0.477,104.0,0.597
2021-09-24,West_Zone,Tropical_Monsoon,-0.039,0.436,137.0,0.535
2021-09-25,West_Zone,Tropical_Monsoon,0.108,0.326,134.0,0.492
2021-09-26,West_Zone,Tropical_Monsoon,-0.284,0.466,122.0,0.56
2021-09-27,West_Zone,Tropical_Monsoon,0.031,0.297,131.0,0.557
2021-09-28,West_Zone,Tropical_Monsoon,0.054,0.382,111.0,0.534
2021-09-29,West_Zone,Tropical_Monsoon,-0.075,0.425,93.0,0.586
2021-09-30,West_Zone,Tropical_Monsoon,0.015,0.468,114.0,0.546
2021-10-01,West_Zone,Tropical_Monsoon,0.05,0.493,111.0,0.566
2021-10-02,West_Zone,Tropical_Monsoon,-0.123,0.456,83.0,0.581
2021-10-03,West_Zone,Tropical_Monsoon,0.084,0.372,101.0,0.533
2021-10-04,West_Zone,Tropical_Monsoon,0.03,0.415,98.0,0.549
2021-10-05,West_Zone,Tropical_Monsoon,-0.015,0.393,101.0,0.48
2021-10-06,West_Zone,Tropical_Monsoon,0.01,0.337,144.0,0.569
2021-10-07,West_Zone,Tropical_Monsoon,0.071,0.373,129.0,0.55
2021-10-08,West_Zone,Tropical_Monsoon,0.232,0.488,137.0,0.554
2021-10-09,West_Zone,Tropical_Monsoon,0.061,0.419,129.0,0.62
2021-10-10,West_Zone,Tropical_Monsoon,0.081,0.504,139.0,0.562
2021-10-11,West_Zone,Tropical_Monsoon,0.019,0.315,120.0,0.523
2021-10-12,West_Zone,Tropical_Monsoon,0.19,0.357,147.0,0.52
2021-10-13,West_Zone,Tropical_Monsoon,-0.147,0.405,98.0,0.594
2021-10-14,West_Zone,Tropical_Monsoon,-0.174,0.425,119.0,0.609
2021-10-15,West_Zone,Tropical_Monsoon,0.015,0.373,102.0,0.593
2021-10-16,West_Zone,Tropical_Monsoon,0.066,0.428,142.0,0.607
2021-10-17,West_Zone,Tropical_Monsoon,-0.257,0.428,128.0,0.549
2021-10-18,West_Zone,Tropical_Monsoon,-0.0,0.297,141.0,0.584
2021-10-19,West_Zone,Tropical_Monsoon,-0.018,0.425,95.0,0.56
2021-10-20,West_Zone,Tropical_Monsoon,0.074,0.444,109.0,0.525
2021-10-21,West_Zone,Tropical_Monsoon,0.043,0.398,88.0,0.547
2021-10-22,West_Zone,Tropical_Monsoon,-0.181,0.27,127.0,0.537
2021-10-23,West_Zone,Tropical_Monsoon,-0.108,0.363,112.0,0.531
2021-10-24,West_Zone,Tropical_Monsoon,-0.081,0.406,134.0,0.566
2021-10-25,West_Zone,Tropical_Monsoon,0.074,0.328,121.0,0.558
2021-10-26,West_Zone,Tropical_Monsoon,0.037,0.435,82.0,0.581
2021-10-27,West_Zone,Tropical_Monsoon,-0.062,0.424,90.0,0.586
2021-10-28,West_Zone,Tropical_Monsoon,0.014,0.388,121.0,0.552
2021-10-29,West_Zone,Tropical_Monsoon,-0.106,0.381,128.0,0.533
2021-10-30,West_Zone,Tropical_Monsoon,0.205,0.392,80.0,0.514
2021-10-31,West_Zone,Tropical_Monsoon,0.057,0.38,118.0,0.552
2021-11-01,West_Zone,Tropical_Monsoon,0.079,0.303,102.0,0.52
2021-11-02,West_Zone,Tropical_Monsoon,0.138,0.354,100.0,0.545
2021-11-03,West_Zone,Tropical_Monsoon,0.102,0.384,108.0,0.494
2021-11-04,West_Zone,Tropical_Monsoon,0.003,0.465,122.0,0.531
2021-11-05,West_Zone,Tropical_Monsoon,-0.018,0.422,107.0,0.581
2021-11-06,West_Zone,Tropical_Monsoon,0.129,0.468,84.0,0.528
2021-11-07,West_Zone,Tropical_Monsoon,0.003,0.296,122.0,0.528
2021-11-08,West_Zone,Tropical_Monsoon,-0.075,0.359,114.0,0.525
2021-11-09,West_Zone,Tropical_Monsoon,0.197,0.504,103.0,0.559
2021-11-10,West_Zone,Tropical_Monsoon,-0.094,0.335,114.0,0.546
2021-11-11,West_Zone,Tropical_Monsoon,-0.173,0.334,114.0,0.544
2021-11-12,West_Zone,Tropical_Monsoon,0.099,0.364,121.0,0.567
2021-11-13,West_Zone,Tropical_Monsoon,-0.073,0.501,116.0,0.552
2021-11-14,West_Zone,Tropical_Monsoon,0.044,0.34,123.0,0.518
2021-11-15,West_Zone,Tropical_Monsoon,0.182,0.413,119.0,0.597
2021-11-16,West_Zone,Tropical_Monsoon,-0.137,0.404,135.0,0.554
2021-11-17,West_Zone,Tropical_Monsoon,-0.004,0.264,149.0,0.537
2021-11-18,West_Zone,Tropical_Monsoon,0.148,0.379,120.0,0.54
2021-11-19,West_Zone,Tropical_Monsoon,0.068,0.347,109.0,0.56
2021-11-20,West_Zone,Tropical_Monsoon,-0.018,0.421,94.0,0.491
2021-11-21,West_Zone,Tropical_Monsoon,0.239,0.484,132.0,0.616
2021-11-22,West_Zone,Tropical_Monsoon,-0.01,0.359,104.0,0.536
2021-11-23,West_Zone,Tropical_Monsoon,0.04,0.359,162.0,0.512
2021-11-24,West_Zone,Tropical_Monsoon,0.165,0.531,170.0,0.561
2021-11-25,West_Zone,Tropical_Monsoon,0.098,0.337,116.0,0.536
2021-11-26,West_Zone,Tropical_Monsoon,0.132,0.299,90.0,0.531
2021-11-27,West_Zone,Tropical_Monsoon,-0.09,0.463,132.0,0.58
2021-11-28,West_Zone,Tropical_Monsoon,0.123,0.377,158.0,0.518
2021-11-29,West_Zone,Tropical_Monsoon,0.017,0.397,96.0,0.585
2021-11-30,West_Zone,Tropical_Monsoon,-0.075,0.514,154.0,0.573
2021-12-01,West_Zone,Tropical_Monsoon,0.022,0.336,117.0,0.527
2021-12-02,West_Zone,Tropical_Monsoon,0.019,0.408,124.0,0.555
2021-12-03,West_Zone,Tropical_Monsoon,0.187,0.346,156.0,0.566
2021-12-04,West_Zone,Tropical_Monsoon,0.038,0.44,168.0,0.569
2021-12-05,West_Zone,Tropical_Monsoon,-0.078,0.387,149.0,0.54
2021-12-06,West_Zone,Tropical_Monsoon,-0.101,0.35,158.0,0.538
2021-12-07,West_Zone,Tropical_Monsoon,-0.005,0.464,170.0,0.613
2021-12-08,West_Zone,Tropical_Monsoon,-0.135,0.421,172.0,0.597
2021-12-09,West_Zone,Tropical_Monsoon,-0.072,0.345,139.0,0.557
2021-12-10,West_Zone,Tropical_Monsoon,-0.024,0.349,134.0,0.552
2021-12-11,West_Zone,Tropical_Monsoon,-0.042,0.432,169.0,0.637
2021-12-12,West_Zone,Tropical_Monsoon,0.073,0.32,158.0,0.554
2021-12-13,West_Zone,Tropical_Monsoon,-0.074,0.434,161.0,0.574
2021-12-14,West_Zone,Tropical_Monsoon,-0.247,0.5,138.0,0.579
2021-12-15,West_Zone,Tropical_Monsoon,-0.169,0.46,161.0,0.586
2021-12-16,West_Zone,Tropical_Monsoon,-0.002,0.383,130.0,0.464
2021-12-17,West_Zone,Tropical_Monsoon,-0.059,0.436,154.0,0.6
2021-12-18,West_Zone,Tropical_Monsoon,-0.124,0.345,152.0,0.508
2021-12-19,West_Zone,Tropical_Monsoon,0.196,0.428,152.0,0.545
2021-12-20,West_Zone,Tropical_Monsoon,0.083,0.4,164.0,0.518
2021-12-21,West_Zone,Tropical_Monsoon,-0.006,0.358,132.0,0.527
2021-12-22,West_Zone,Tropical_Monsoon,0.023,0.457,162.0,0.564
2021-12-23,West_Zone,Tropical_Monsoon,-0.027,0.301,150.0,0.562
2021-12-24,West_Zone,Tropical_Monsoon,-0.125,0.349,136.0,0.586
2021-12-25,West_Zone,Tropical_Monsoon,0.103,0.356,126.0,0.607
2021-12-26,West_Zone,Tropical_Monsoon,0.085,0.39,184.0,0.561
2021-12-27,West_Zone,Tropical_Monsoon,-0.198,0.498,149.0,0.578
2021-12-28,West_Zone,Tropical_Monsoon,0.023,0.465,144.0,0.6
2021-12-29,West_Zone,Tropical_Monsoon,0.034,0.426,129.0,0.541
2021-12-30,West_Zone,Tropical_Monsoon,-0.032,0.423,170.0,0.537
2021-12-31,West_Zone,Tropical_Monsoon,0.21,0.419,168.0,0.554
2022-01-01,West_Zone,Tropical_Monsoon,0.349,0.502,165.0,0.584
2022-01-02,West_Zone,Tropical_Monsoon,0.112,0.311,149.0,0.476
2022-01-03,West_Zone,Tropical_Monsoon,0.128,0.466,164.0,0.609
2022-01-04,West_Zone,Tropical_Monsoon,0.116,0.39,135.0,0.565
2022-01-05,West_Zone,Tropical_Monsoon,0.089,0.45,154.0,0.596
2022-01-06,West_Zone,Tropical_Monsoon,0.058,0.45,149.0,0.525
2022-01-07,West_Zone,Tropical_Monsoon,0.201,0.464,155.0,0.556
2022-01-08,West_Zone,Tropical_Monsoon,0.346,0.515,117.0,0.567
2022-01-09,West_Zone,Tropical_Monsoon,0.305,0.338,184.0,0.538
2022-01-10,West_Zone,Tropical_Monsoon,0.229,0.48,179.0,0.579
2022-01-11,West_Zone,Tropical_Monsoon,-0.091,0.416,129.0,0.59
2022-01-12,West_Zone,Tropical_Monsoon,-0.036,0.392,160.0,0.561
2022-01-13,West_Zone,Tropical_Monsoon,0.256,0.542,123.0,0.573
2022-01-14,West_Zone,Tropical_Monsoon,0.312,0.462,152.0,0.641
2022-01-15,West_Zone,Tropical_Monsoon,0.205,0.395,110.0,0.551
2022-01-16,West_Zone,Tropical_Monsoon,0.119,0.477,145.0,0.552
2022-01-17,West_Zone,Tropical_Monsoon,0.285,0.417,141.0,0.508
2022-01-18,West_Zone,Tropical_Monsoon,0.225,0.394,171.0,0.561
2022-01-19,West_Zone,Tropical_Monsoon,0.264,0.384,180.0,0.577
2022-01-20,West_Zone,Tropical_Monsoon,-0.036,0.438,180.0,0.535
2022-01-21,West_Zone,Tropical_Monsoon,0.184,0.383,171.0,0.574
2022-01-22,West_Zone,Tropical_Monsoon,0.327,0.429,151.0,0.57
2022-01-23,West_Zone,Tropical_Monsoon,0.203,0.473,157.0,0.525
2022-01-24,West_Zone,Tropical_Monsoon,0.245,0.427,157.0,0.586
2022-01-25,West_Zone,Tropical_Monsoon,0.154,0.539,129.0,0.587
2022-01-26,West_Zone,Tropical_Monsoon,0.161,0.421,171.0,0.531
2022-01-27,West_Zone,Tropical_Monsoon,0.29,0.501,162.0,0.614
2022-01-28,West_Zone,Tropical_Monsoon,0.083,0.479,163.0,0.608
2022-01-29,West_Zone,Tropical_Monsoon,0.073,0.512,109.0,0.554
2022-01-30,West_Zone,Tropical_Monsoon,0.102,0.538,158.0,0.603
2022-01-31,West_Zone,Tropical_Monsoon,0.152,0.314,168.0,0.545
2022-02-01,West_Zone,Tropical_Monsoon,-0.011,0.436,150.0,0.567
2022-02-02,West_Zone,Tropical_Monsoon,0.223,0.413,141.0,0.548
2022-02-03,West_Zone,Tropical_Monsoon,0.134,0.427,125.0,0.562
2022-02-04,West_Zone,Tropical_Monsoon,0.235,0.396,124.0,0.587
2022-02-05,West_Zone,Tropical_Monsoon,-0.062,0.387,153.0,0.569
2022-02-06,West_Zone,Tropical_Monsoon,0.236,0.354,146.0,0.491
2022-02-07,West_Zone,Tropical_Monsoon,0.284,0.426,146.0,0.502
2022-02-08,West_Zone,Tropical_Monsoon,0.194,0.476,178.0,0.523
2022-02-09,West_Zone,Tropical_Monsoon,0.153,0.39,127.0,0.517
2022-02-10,West_Zone,Tropical_Monsoon,0.237,0.4,144.0,0.537
2022-02-11,West_Zone,Tropical_Monsoon,0.277,0.378,180.0,0.541
2022-02-12,West_Zone,Tropical_Monsoon,0.202,0.36,144.0,0.548
2022-02-13,West_Zone,Tropical_Monsoon,0.21,0.406,151.0,0.56
2022-02-14,West_Zone,Tropical_Monsoon,0.316,0.441,147.0,0.569
2022-02-15,West_Zone,Tropical_Monsoon,0.226,0.495,163.0,0.618
2022-02-16,West_Zone,Tropical_Monsoon,0.07,0.348,113.0,0.497
2022-02-17,West_Zone,Tropical_Monsoon,0.277,0.418,146.0,0.575
2022-02-18,West_Zone,Tropical_Monsoon,0.138,0.491,151.0,0.593
2022-02-19,West_Zone,Tropical_Monsoon,0.153,0.349,132.0,0.509
2022-02-20,West_Zone,Tropical_Monsoon,0.161,0.496,156.0,0.6
2022-02-21,West_Zone,Tropical_Monsoon,0.247,0.394,164.0,0.57
2022-02-22,West_Zone,Tropical_Monsoon,0.325,0.463,158.0,0.574
2022-02-23,West_Zone,Tropical_Monsoon,0.152,0.407,182.0,0.489
2022-02-24,West_Zone,Tropical_Monsoon,0.323,0.448,142.0,0.601
2022-02-25,West_Zone,Tropical_Monsoon,0.166,0.517,159.0,0.596
2022-02-26,West_Zone,Tropical_Monsoon,0.29,0.413,159.0,0.575
2022-02-27,West_Zone,Tropical_Monsoon,0.17,0.48,146.0,0.478
2022-02-28,West_Zone,Tropical_Monsoon,0.101,0.436,170.0,0.553
2022-03-01,West_Zone,Tropical_Monsoon,0.342,0.573,100.0,0.56
2022-03-02,West_Zone,Tropical_Monsoon,0.091,0.611,73.0,0.652
2022-03-03,West_Zone,Tropical_Monsoon,0.085,0.608,109.0,0.579
2022-03-04,West_Zone,Tropical_Monsoon,0.024,0.535,86.0,0.638
2022-03-05,West_Zone,Tropical_Monsoon,0.277,0.648,89.0,0.651
2022-03-06,West_Zone,Tropical_Monsoon,0.3,0.659,91.0,0.631
2022-03-07,West_Zone,Tropical_Monsoon,0.187,0.669,108.0,0.661
2022-03-08,West_Zone,Tropical_Monsoon,0.052,0.706,114.0,0.608
2022-03-09,West_Zone,Tropical_Monsoon,0.149,0.677,92.0,0.606
2022-03-10,West_Zone,Tropical_Monsoon,0.12,0.584,91.0,0.634
2022-03-11,West_Zone,Tropical_Monsoon,0.047,0.597,58.0,0.581
2022-03-12,West_Zone,Tropical_Monsoon,0.101,0.67,82.0,0.588
2022-03-13,West_Zone,Tropical_Monsoon,0.201,0.643,78.0,0.611
2022-03-14,West_Zone,Tropical_Monsoon,0.089,0.619,101.0,0.588
2022-03-15,West_Zone,Tropical_Monsoon,0.179,0.568,93.0,0.658
2022-03-16,West_Zone,Tropical_Monsoon,-0.028,0.588,79.0,0.63
2022-03-17,West_Zone,Tropical_Monsoon,0.318,0.655,98.0,0.606
2022-03-18,West_Zone,Tropical_Monsoon,0.111,0.503,94.0,0.556
2022-03-19,West_Zone,Tropical_Monsoon,0.237,0.48,49.0,0.59
2022-03-20,West_Zone,Tropical_Monsoon,0.169,0.662,115.0,0.661
2022-03-21,West_Zone,Tropical_Monsoon,0.19,0.588,113.0,0.616
2022-03-22,West_Zone,Tropical_Monsoon,0.037,0.648,91.0,0.593
2022-03-23,West_Zone,Tropical_Monsoon,0.074,0.715,101.0,0.596
2022-03-24,West_Zone,Tropical_Monsoon,0.076,0.559,89.0,0.588
2022-03-25,West_Zone,Tropical_Monsoon,0.153,0.52,66.0,0.599
2022-03-26,West_Zone,Tropical_Monsoon,0.283,0.603,134.0,0.597
2022-03-27,West_Zone,Tropical_Monsoon,0.193,0.579,108.0,0.635
2022-03-28,West_Zone,Tropical_Monsoon,0.06,0.618,112.0,0.63
2022-03-29,West_Zone,Tropical_Monsoon,0.159,0.652,90.0,0.63
2022-03-30,West_Zone,Tropical_Monsoon,0.142,0.64,115.0,0.635
2022-03-31,West_Zone,Tropical_Monsoon,0.115,0.623,70.0,0.574
2022-04-01,West_Zone,Tropical_Monsoon,0.148,0.683,91.0,0.616
2022-04-02,West_Zone,Tropical_Monsoon,0.226,0.66,108.0,0.594
2022-04-03,West_Zone,Tropical_Monsoon,0.078,0.609,84.0,0.624
2022-04-04,West_Zone,Tropical_Monsoon,0.115,0.658,111.0,0.594
2022-04-05,West_Zone,Tropical_Monsoon,0.248,0.527,100.0,0.594
2022-04-06,West_Zone,Tropical_Monsoon,0.197,0.684,99.0,0.626
2022-04-07,West_Zone,Tropical_Monsoon,0.278,0.621,82.0,0.633
2022-04-08,West_Zone,Tropical_Monsoon,0.294,0.548,102.0,0.561
2022-04-09,West_Zone,Tropical_Monsoon,0.014,0.595,130.0,0.622
2022-04-10,West_Zone,Tropical_Monsoon,0.179,0.682,98.0,0.598
2022-04-11,West_Zone,Tropical_Monsoon,0.099,0.574,105.0,0.575
2022-04-12,West_Zone,Tropical_Monsoon,0.03,0.645,108.0,0.617
2022-04-13,West_Zone,Tropical_Monsoon,0.071,0.673,74.0,0.664
2022-04-14,West_Zone,Tropical_Monsoon,0.12,0.621,93.0,0.59
2022-04-15,West_Zone,Tropical_Monsoon,0.121,0.568,92.0,0.549
2022-04-16,West_Zone,Tropical_Monsoon,0.089,0.616,57.0,0.586
2022-04-17,West_Zone,Tropical_Monsoon,0.149,0.535,109.0,0.582
2022-04-18,West_Zone,Tropical_Monsoon,0.395,0.591,78.0,0.664
2022-04-19,West_Zone,Tropical_Monsoon,-0.023,0.554,107.0,0.61
2022-04-20,West_Zone,Tropical_Monsoon,0.264,0.617,81.0,0.592
2022-04-21,West_Zone,Tropical_Monsoon,0.148,0.544,132.0,0.592
2022-04-22,West_Zone,Tropical_Monsoon,0.106,0.625,90.0,0.663
2022-04-23,West_Zone,Tropical_Monsoon,-0.052,0.688,130.0,0.625
2022-04-24,West_Zone,Tropical_Monsoon,0.226,0.692,92.0,0.626
2022-04-25,West_Zone,Tropical_Monsoon,0.006,0.545,94.0,0.584
2022-04-26,West_Zone,Tropical_Monsoon,0.233,0.58,123.0,0.626
2022-04-27,West_Zone,Tropical_Monsoon,0.324,0.671,78.0,0.612
2022-04-28,West_Zone,Tropical_Monsoon,0.022,0.662,96.0,0.652
2022-04-29,West_Zone,Tropical_Monsoon,0.267,0.583,105.0,0.638
2022-04-30,West_Zone,Tropical_Monsoon,0.153,0.591,102.0,0.626
2022-05-01,West_Zone,Tropical_Monsoon,-0.059,0.625,96.0,0.61
2022-05-02,West_Zone,Tropical_Monsoon,0.03,0.51,93.0,0.546
2022-05-03,West_Zone,Tropical_Monsoon,0.168,0.652,110.0,0.616
2022-05-04,West_Zone,Tropical_Monsoon,0.19,0.685,98.0,0.611
2022-05-05,West_Zone,Tropical_Monsoon,-0.008,0.597,112.0,0.586
2022-05-06,West_Zone,Tropical_Monsoon,0.153,0.535,102.0,0.587
2022-05-07,West_Zone,Tropical_Monsoon,0.232,0.705,107.0,0.651
2022-05-08,West_Zone,Tropical_Monsoon,0.25,0.633,115.0,0.6
2022-05-09,West_Zone,Tropical_Monsoon,0.109,0.663,89.0,0.585
2022-05-10,West_Zone,Tropical_Monsoon,0.194,0.541,115.0,0.566
2022-05-11,West_Zone,Tropical_Monsoon,0.257,0.541,92.0,0.646
2022-05-12,West_Zone,Tropical_Monsoon,0.235,0.645,70.0,0.638
2022-05-13,West_Zone,Tropical_Monsoon,0.239,0.682,89.0,0.602
2022-05-14,West_Zone,Tropical_Monsoon,0.161,0.552,82.0,0.637
2022-05-15,West_Zone,Tropical_Monsoon,0.141,0.614,102.0,0.606
2022-05-16,West_Zone,Tropical_Monsoon,0.177,0.525,90.0,0.66
2022-05-17,West_Zone,Tropical_Monsoon,0.074,0.578,97.0,0.612
2022-05-18,West_Zone,Tropical_Monsoon,0.261,0.605,113.0,0.628
2022-05-19,West_Zone,Tropical_Monsoon,-0.003,0.649,122.0,0.647
2022-05-20,West_Zone,Tropical_Monsoon,0.1,0.494,100.0,0.628
2022-05-21,West_Zone,Tropical_Monsoon,0.146,0.699,115.0,0.622
2022-05-22,West_Zone,Tropical_Monsoon,0.197,0.61,92.0,0.654
2022-05-23,West_Zone,Tropical_Monsoon,0.216,0.698,67.0,0.616
2022-05-24,West_Zone,Tropical_Monsoon,0.299,0.662,74.0,0.615
2022-05-25,West_Zone,Tropical_Monsoon,0.158,0.671,91.0,0.628
2022-05-26,West_Zone,Tropical_Monsoon,0.078,0.741,109.0,0.673
2022-05-27,West_Zone,Tropical_Monsoon,0.135,0.573,92.0,0.593
2022-05-28,West_Zone,Tropical_Monsoon,0.118,0.628,116.0,0.667
2022-05-29,West_Zone,Tropical_Monsoon,0.202,0.561,128.0,0.64
2022-05-30,West_Zone,Tropical_Monsoon,0.043,0.614,79.0,0.615
2022-05-31,West_Zone,Tropical_Monsoon,0.132,0.663,133.0,0.597
2022-06-01,West_Zone,Tropical_Monsoon,0.312,0.148,31.0,0.527
2022-06-02,West_Zone,Tropical_Monsoon,0.168,0.057,93.0,0.411
2022-06-03,West_Zone,Tropical_Monsoon,0.045,0.008,59.0,0.484
2022-06-04,West_Zone,Tropical_Monsoon,0.116,0.084,56.0,0.456
2022-06-05,West_Zone,Tropical_Monsoon,-0.073,0.029,60.0,0.505
2022-06-06,West_Zone,Tropical_Monsoon,0.144,0.045,46.0,0.43
2022-06-07,West_Zone,Tropical_Monsoon,0.315,0.12,87.0,0.47
2022-06-08,West_Zone,Tropical_Monsoon,0.031,0.109,48.0,0.5
2022-06-09,West_Zone,Tropical_Monsoon,0.004,0.13,50.0,0.511
2022-06-10,West_Zone,Tropical_Monsoon,0.085,0.06,35.0,0.456
2022-06-11,West_Zone,Tropical_Monsoon,0.242,0.141,47.0,0.485
2022-06-12,West_Zone,Tropical_Monsoon,0.32,0.081,47.0,0.509
2022-06-13,West_Zone,Tropical_Monsoon,0.195,0.063,46.0,0.506
2022-06-14,West_Zone,Tropical_Monsoon,0.021,0.014,57.0,0.453
2022-06-15,West_Zone,Tropical_Monsoon,0.148,0.0,40.0,0.442
2022-06-16,West_Zone,Tropical_Monsoon,0.329,0.0,89.0,0.419
2022-06-17,West_Zone,Tropical_Monsoon,0.119,0.093,57.0,0.491
2022-06-18,West_Zone,Tropical_Monsoon,0.164,0.026,67.0,0.491
2022-06-19,West_Zone,Tropical_Monsoon,0.174,0.0,76.0,0.465
2022-06-20,West_Zone,Tropical_Monsoon,-0.005,0.055,96.0,0.446
2022-06-21,West_Zone,Tropical_Monsoon,0.25,0.097,76.0,0.538
2022-06-22,West_Zone,Tropical_Monsoon,0.235,0.105,56.0,0.423
2022-06-23,West_Zone,Tropical_Monsoon,-0.049,0.078,41.0,0.506
2022-06-24,West_Zone,Tropical_Monsoon,0.017,0.076,66.0,0.486
2022-06-25,West_Zone,Tropical_Monsoon,0.053,0.048,79.0,0.486
2022-06-26,West_Zone,Tropical_Monsoon,0.225,0.118,63.0,0.466
2022-06-27,West_Zone,Tropical_Monsoon,0.075,0.069,61.0,0.473
2022-06-28,West_Zone,Tropical_Monsoon,0.19,0.075,64.0,0.488
2022-06-29,West_Zone,Tropical_Monsoon,0.132,0.142,26.0,0.493
2022-06-30,West_Zone,Tropical_Monsoon,0.157,0.128,63.0,0.438
2022-07-01,West_Zone,Tropical_Monsoon,0.2,0.069,73.0,0.529
2022-07-02,West_Zone,Tropical_Monsoon,0.177,0.06,59.0,0.495
2022-07-03,West_Zone,Tropical_Monsoon,0.148,0.06,80.0,0.476
2022-07-04,West_Zone,Tropical_Monsoon,0.183,0.0,81.0,0.463
2022-07-05,West_Zone,Tropical_Monsoon,0.172,0.146,51.0,0.547
2022-07-06,West_Zone,Tropical_Monsoon,0.129,0.039,68.0,0.447
2022-07-07,West_Zone,Tropical_Monsoon,0.107,0.131,61.0,0.464
2022-07-08,West_Zone,Tropical_Monsoon,0.338,0.082,23.0,0.506
2022-07-09,West_Zone,Tropical_Monsoon,0.106,0.164,57.0,0.515
2022-07-10,West_Zone,Tropical_Monsoon,0.287,0.112,41.0,0.458
2022-07-11,West_Zone,Tropical_Monsoon,0.081,0.135,62.0,0.526
2022-07-12,West_Zone,Tropical_Monsoon,0.231,0.044,72.0,0.48
2022-07-13,West_Zone,Tropical_Monsoon,0.328,0.003,56.0,0.434
2022-07-14,West_Zone,Tropical_Monsoon,0.116,0.089,44.0,0.497
2022-07-15,West_Zone,Tropical_Monsoon,0.083,0.0,64.0,0.47
2022-07-16,West_Zone,Tropical_Monsoon,0.107,0.052,104.0,0.47
2022-07-17,West_Zone,Tropical_Monsoon,0.148,0.009,21.0,0.474
2022-07-18,West_Zone,Tropical_Monsoon,0.182,0.03,64.0,0.486
2022-07-19,West_Zone,Tropical_Monsoon,0.146,0.116,50.0,0.516
2022-07-20,West_Zone,Tropical_Monsoon,0.108,0.112,52.0,0.491
2022-07-21,West_Zone,Tropical_Monsoon,0.345,0.07,58.0,0.469
2022-07-22,West_Zone,Tropical_Monsoon,0.13,0.099,54.0,0.492
2022-07-23,West_Zone,Tropical_Monsoon,0.088,0.048,71.0,0.508
2022-07-24,West_Zone,Tropical_Monsoon,0.233,0.226,56.0,0.535
2022-07-25,West_Zone,Tropical_Monsoon,0.235,0.098,21.0,0.475
2022-07-26,West_Zone,Tropical_Monsoon,0.291,0.045,83.0,0.473
2022-07-27,West_Zone,Tropical_Monsoon,0.343,0.133,80.0,0.543
2022-07-28,West_Zone,Tropical_Monsoon,0.185,0.154,49.0,0.521
2022-07-29,West_Zone,Tropical_Monsoon,0.121,0.034,61.0,0.473
2022-07-30,West_Zone,Tropical_Monsoon,-0.04,0.0,82.0,0.494
2022-07-31,West_Zone,Tropical_Monsoon,0.056,0.007,79.0,0.445
2022-08-01,West_Zone,Tropical_Monsoon,0.171,0.04,84.0,0.48
2022-08-02,West_Zone,Tropical_Monsoon,0.032,0.077,67.0,0.536
2022-08-03,West_Zone,Tropical_Monsoon,-0.009,0.0,74.0,0.48
2022-08-04,West_Zone,Tropical_Monsoon,0.157,0.055,85.0,0.522
2022-08-05,West_Zone,Tropical_Monsoon,0.228,0.068,54.0,0.474
2022-08-06,West_Zone,Tropical_Monsoon,0.125,0.099,68.0,0.47
2022-08-07,West_Zone,Tropical_Monsoon,0.24,0.117,21.0,0.524
2022-08-08,West_Zone,Tropical_Monsoon,0.212,0.104,32.0,0.431
2022-08-09,West_Zone,Tropical_Monsoon,0.265,0.188,69.0,0.512
2022-08-10,West_Zone,Tropical_Monsoon,0.367,0.146,72.0,0.527
2022-08-11,West_Zone,Tropical_Monsoon,0.411,0.093,53.0,0.5
2022-08-12,West_Zone,Tropical_Monsoon,0.223,0.022,49.0,0.402
2022-08-13,West_Zone,Tropical_Monsoon,0.104,0.039,54.0,0.429
2022-08-14,West_Zone,Tropical_Monsoon,0.156,0.0,63.0,0.457
2022-08-15,West_Zone,Tropical_Monsoon,0.307,0.089,20.0,0.496
2022-08-16,West_Zone,Tropical_Monsoon,0.061,0.1,68.0,0.5
2022-08-17,West_Zone,Tropical_Monsoon,0.295,0.134,61.0,0.493
2022-08-18,West_Zone,Tropical_Monsoon,0.133,0.096,64.0,0.506
2022-08-19,West_Zone,Tropical_Monsoon,0.173,0.143,58.0,0.509
2022-08-20,West_Zone,Tropical_Monsoon,0.069,0.144,35.0,0.492
2022-08-21,West_Zone,Tropical_Monsoon,0.018,0.018,40.0,0.481
2022-08-22,West_Zone,Tropical_Monsoon,0.122,0.049,87.0,0.453
2022-08-23,West_Zone,Tropical_Monsoon,0.28,0.079,48.0,0.499
2022-08-24,West_Zone,Tropical_Monsoon,0.08,0.038,75.0,0.444
2022-08-25,West_Zone,Tropical_Monsoon,0.311,0.065,41.0,0.491
2022-08-26,West_Zone,Tropical_Monsoon,0.093,0.098,60.0,0.498
2022-08-27,West_Zone,Tropical_Monsoon,0.043,0.073,52.0,0.469
2022-08-28,West_Zone,Tropical_Monsoon,0.175,0.08,55.0,0.499
2022-08-29,West_Zone,Tropical_Monsoon,0.218,0.023,54.0,0.512
2022-08-30,West_Zone,Tropical_Monsoon,0.169,0.11,86.0,0.457
2022-08-31,West_Zone,Tropical_Monsoon,0.165,0.106,95.0,0.515
2022-09-01,West_Zone,Tropical_Monsoon,0.31,0.334,124.0,0.576
2022-09-02,West_Zone,Tropical_Monsoon,0.159,0.302,113.0,0.529
2022-09-03,West_Zone,Tropical_Monsoon,0.103,0.454,96.0,0.598
2022-09-04,West_Zone,Tropical_Monsoon,0.037,0.485,95.0,0.574
2022-09-05,West_Zone,Tropical_Monsoon,0.277,0.394,146.0,0.596
2022-09-06,West_Zone,Tropical_Monsoon,0.107,0.358,94.0,0.467
2022-09-07,West_Zone,Tropical_Monsoon,0.117,0.443,112.0,0.614
2022-09-08,West_Zone,Tropical_Monsoon,0.255,0.408,123.0,0.529
2022-09-09,West_Zone,Tropical_Monsoon,0.355,0.367,73.0,0.554
2022-09-10,West_Zone,Tropical_Monsoon,0.175,0.438,97.0,0.545
2022-09-11,West_Zone,Tropical_Monsoon,0.136,0.331,96.0,0.588
2022-09-12,West_Zone,Tropical_Monsoon,0.149,0.339,108.0,0.538
2022-09-13,West_Zone,Tropical_Monsoon,0.104,0.402,125.0,0.544
2022-09-14,West_Zone,Tropical_Monsoon,0.114,0.387,138.0,0.59
2022-09-15,West_Zone,Tropical_Monsoon,0.115,0.418,108.0,0.586
2022-09-16,West_Zone,Tropical_Monsoon,0.241,0.452,112.0,0.563
2022-09-17,West_Zone,Tropical_Monsoon,0.141,0.287,118.0,0.502
2022-09-18,West_Zone,Tropical_Monsoon,0.286,0.382,106.0,0.522
2022-09-19,West_Zone,Tropical_Monsoon,0.138,0.494,128.0,0.622
2022-09-20,West_Zone,Tropical_Monsoon,0.113,0.344,128.0,0.559
2022-09-21,West_Zone,Tropical_Monsoon,0.278,0.337,71.0,0.549
2022-09-22,West_Zone,Tropical_Monsoon,0.152,0.246,132.0,0.536
2022-09-23,West_Zone,Tropical_Monsoon,0.137,0.386,122.0,0.498
2022-09-24,West_Zone,Tropical_Monsoon,0.153,0.415,125.0,0.554
2022-09-25,West_Zone,Tropical_Monsoon,0.297,0.415,141.0,0.555
2022-09-26,West_Zone,Tropical_Monsoon,0.181,0.318,88.0,0.569
2022-09-27,West_Zone,Tropical_Monsoon,0.275,0.379,97.0,0.511
2022-09-28,West_Zone,Tropical_Monsoon,0.127,0.393,119.0,0.59
2022-09-29,West_Zone,Tropical_Monsoon,0.259,0.383,78.0,0.61
2022-09-30,West_Zone,Tropical_Monsoon,0.174,0.314,116.0,0.487
2022-10-01,West_Zone,Tropical_Monsoon,0.238,0.385,135.0,0.557
2022-10-02,West_Zone,Tropical_Monsoon,0.247,0.331,127.0,0.558
2022-10-03,West_Zone,Tropical_Monsoon,0.056,0.268,121.0,0.553
2022-10-04,West_Zone,Tropical_Monsoon,0.157,0.421,116.0,0.5
2022-10-05,West_Zone,Tropical_Monsoon,0.246,0.388,112.0,0.567
2022-10-06,West_Zone,Tropical_Monsoon,0.262,0.416,111.0,0.557
2022-10-07,West_Zone,Tropical_Monsoon,0.275,0.348,124.0,0.539
2022-10-08,West_Zone,Tropical_Monsoon,0.16,0.418,92.0,0.627
2022-10-09,West_Zone,Tropical_Monsoon,0.304,0.441,146.0,0.564
2022-10-10,West_Zone,Tropical_Monsoon,0.084,0.485,107.0,0.595
2022-10-11,West_Zone,Tropical_Monsoon,0.001,0.429,130.0,0.564
2022-10-12,West_Zone,Tropical_Monsoon,0.122,0.403,121.0,0.568
2022-10-13,West_Zone,Tropical_Monsoon,0.27,0.297,99.0,0.551
2022-10-14,West_Zone,Tropical_Monsoon,0.041,0.374,143.0,0.58
2022-10-15,West_Zone,Tropical_Monsoon,0.003,0.295,139.0,0.51
2022-10-16,West_Zone,Tropical_Monsoon,-0.022,0.331,92.0,0.547
2022-10-17,West_Zone,Tropical_Monsoon,0.224,0.497,119.0,0.59
2022-10-18,West_Zone,Tropical_Monsoon,0.005,0.319,124.0,0.49
2022-10-19,West_Zone,Tropical_Monsoon,0.205,0.239,83.0,0.491
2022-10-20,West_Zone,Tropical_Monsoon,0.117,0.429,82.0,0.594
2022-10-21,West_Zone,Tropical_Monsoon,0.073,0.34,105.0,0.531
2022-10-22,West_Zone,Tropical_Monsoon,0.05,0.426,96.0,0.645
2022-10-23,West_Zone,Tropical_Monsoon,0.171,0.31,101.0,0.566
2022-10-24,West_Zone,Tropical_Monsoon,0.075,0.354,96.0,0.562
2022-10-25,West_Zone,Tropical_Monsoon,0.15,0.452,118.0,0.618
2022-10-26,West_Zone,Tropical_Monsoon,0.19,0.301,104.0,0.558
2022-10-27,West_Zone,Tropical_Monsoon,0.211,0.37,140.0,0.558
2022-10-28,West_Zone,Tropical_Monsoon,0.243,0.397,123.0,0.517
2022-10-29,West_Zone,Tropical_Monsoon,0.166,0.337,134.0,0.564
2022-10-30,West_Zone,Tropical_Monsoon,0.045,0.395,90.0,0.601
2022-10-31,West_Zone,Tropical_Monsoon,0.197,0.381,109.0,0.537
2022-11-01,West_Zone,Tropical_Monsoon,0.216,0.412,122.0,0.508
2022-11-02,West_Zone,Tropical_Monsoon,0.132,0.491,128.0,0.551
2022-11-03,West_Zone,Tropical_Monsoon,0.121,0.541,108.0,0.648
2022-11-04,West_Zone,Tropical_Monsoon,0.398,0.408,111.0,0.564
2022-11-05,West_Zone,Tropical_Monsoon,0.021,0.373,113.0,0.597
2022-11-06,West_Zone,Tropical_Monsoon,0.199,0.406,115.0,0.562
2022-11-07,West_Zone,Tropical_Monsoon,0.255,0.366,159.0,0.537
2022-11-08,West_Zone,Tropical_Monsoon,0.116,0.285,126.0,0.595
2022-11-09,West_Zone,Tropical_Monsoon,0.133,0.377,121.0,0.543
2022-11-10,West_Zone,Tropical_Monsoon,0.11,0.445,97.0,0.564
2022-11-11,West_Zone,Tropical_Monsoon,0.15,0.292,98.0,0.547
2022-11-12,West_Zone,Tropical_Monsoon,0.24,0.321,116.0,0.532
2022-11-13,West_Zone,Tropical_Monsoon,0.13,0.345,140.0,0.57
2022-11-14,West_Zone,Tropical_Monsoon,0.461,0.402,116.0,0.574
2022-11-15,West_Zone,Tropical_Monsoon,0.105,0.523,117.0,0.605
2022-11-16,West_Zone,Tropical_Monsoon,0.288,0.331,107.0,0.524
2022-11-17,West_Zone,Tropical_Monsoon,0.204,0.385,89.0,0.506
2022-11-18,West_Zone,Tropical_Monsoon,0.161,0.38,128.0,0.53
2022-11-19,West_Zone,Tropical_Monsoon,0.297,0.362,115.0,0.528
2022-11-20,West_Zone,Tropical_Monsoon,-0.01,0.377,128.0,0.563
2022-11-21,West_Zone,Tropical_Monsoon,0.193,0.352,123.0,0.524
2022-11-22,West_Zone,Tropical_Monsoon,0.078,0.545,103.0,0.552
2022-11-23,West_Zone,Tropical_Monsoon,0.106,0.425,124.0,0.532
2022-11-24,West_Zone,Tropical_Monsoon,0.102,0.353,97.0,0.56
2022-11-25,West_Zone,Tropical_Monsoon,0.054,0.451,124.0,0.593
2022-11-26,West_Zone,Tropical_Monsoon,-0.015,0.395,119.0,0.544
2022-11-27,West_Zone,Tropical_Monsoon,0.189,0.383,148.0,0.544
2022-11-28,West_Zone,Tropical_Monsoon,0.143,0.369,104.0,0.571
2022-11-29,West_Zone,Tropical_Monsoon,0.12,0.365,96.0,0.556
2022-11-30,West_Zone,Tropical_Monsoon,0.226,0.307,113.0,0.572
2022-12-01,West_Zone,Tropical_Monsoon,0.195,0.32,161.0,0.535
2022-12-02,West_Zone,Tropical_Monsoon,0.123,0.442,100.0,0.546
2022-12-03,West_Zone,Tropical_Monsoon,0.455,0.408,166.0,0.595
2022-12-04,West_Zone,Tropical_Monsoon,0.252,0.473,146.0,0.569
2022-12-05,West_Zone,Tropical_Monsoon,0.394,0.367,129.0,0.528
2022-12-06,West_Zone,Tropical_Monsoon,0.109,0.354,143.0,0.575
2022-12-07,West_Zone,Tropical_Monsoon,0.175,0.467,137.0,0.62
2022-12-08,West_Zone,Tropical_Monsoon,0.026,0.402,128.0,0.566
2022-12-09,West_Zone,Tropical_Monsoon,0.117,0.471,115.0,0.548
2022-12-10,West_Zone,Tropical_Monsoon,0.092,0.422,163.0,0.612
2022-12-11,West_Zone,Tropical_Monsoon,0.45,0.533,140.0,0.605
2022-12-12,West_Zone,Tropical_Monsoon,0.081,0.465,143.0,0.583
2022-12-13,West_Zone,Tropical_Monsoon,0.127,0.445,165.0,0.559
2022-12-14,West_Zone,Tropical_Monsoon,0.005,0.468,151.0,0.611
2022-12-15,West_Zone,Tropical_Monsoon,0.203,0.404,122.0,0.528
2022-12-16,West_Zone,Tropical_Monsoon,0.06,0.321,162.0,0.504
2022-12-17,West_Zone,Tropical_Monsoon,0.242,0.442,177.0,0.627
2022-12-18,West_Zone,Tropical_Monsoon,-0.029,0.536,159.0,0.568
2022-12-19,West_Zone,Tropical_Monsoon,0.138,0.283,134.0,0.56
2022-12-20,West_Zone,Tropical_Monsoon,-0.035,0.448,123.0,0.613
2022-12-21,West_Zone,Tropical_Monsoon,0.101,0.328,134.0,0.548
2022-12-22,West_Zone,Tropical_Monsoon,0.121,0.419,152.0,0.538
2022-12-23,West_Zone,Tropical_Monsoon,0.09,0.425,176.0,0.585
2022-12-24,West_Zone,Tropical_Monsoon,0.1,0.465,136.0,0.618
2022-12-25,West_Zone,Tropical_Monsoon,0.247,0.433,138.0,0.579
2022-12-26,West_Zone,Tropical_Monsoon,0.367,0.502,168.0,0.563
2022-12-27,West_Zone,Tropical_Monsoon,0.184,0.49,142.0,0.592
2022-12-28,West_Zone,Tropical_Monsoon,0.064,0.408,181.0,0.52
2022-12-29,West_Zone,Tropical_Monsoon,0.156,0.486,147.0,0.552
2022-12-30,West_Zone,Tropical_Monsoon,0.115,0.401,171.0,0.552
2022-12-31,West_Zone,Tropical_Monsoon,0.239,0.391,157.0,0.56
2023-01-01,West_Zone,Tropical_Monsoon,0.329,0.348,163.0,0.511
2023-01-02,West_Zone,Tropical_Monsoon,0.142,0.499,147.0,0.592
2023-01-03,West_Zone,Tropical_Monsoon,0.41,0.402,148.0,0.576
2023-01-04,West_Zone,Tropical_Monsoon,0.397,0.275,158.0,0.522
2023-01-05,West_Zone,Tropical_Monsoon,0.45,0.453,164.0,0.509
2023-01-06,West_Zone,Tropical_Monsoon,0.248,0.394,159.0,0.562
2023-01-07,West_Zone,Tropical_Monsoon,0.33,0.402,118.0,0.615
2023-01-08,West_Zone,Tropical_Monsoon,0.182,0.406,155.0,0.575
2023-01-09,West_Zone,Tropical_Monsoon,0.295,0.4,138.0,0.56
2023-01-10,West_Zone,Tropical_Monsoon,0.34,0.584,140.0,0.595
2023-01-11,West_Zone,Tropical_Monsoon,0.236,0.52,158.0,0.607
2023-01-12,West_Zone,Tropical_Monsoon,0.334,0.462,181.0,0.582
2023-01-13,West_Zone,Tropical_Monsoon,0.317,0.434,146.0,0.59
2023-01-14,West_Zone,Tropical_Monsoon,0.255,0.488,186.0,0.549
2023-01-15,West_Zone,Tropical_Monsoon,0.44,0.435,130.0,0.572
2023-01-16,West_Zone,Tropical_Monsoon,0.277,0.469,172.0,0.563
2023-01-17,West_Zone,Tropical_Monsoon,0.313,0.453,158.0,0.584
2023-01-18,West_Zone,Tropical_Monsoon,0.153,0.428,154.0,0.509
2023-01-19,West_Zone,Tropical_Monsoon,0.352,0.476,175.0,0.567
2023-01-20,West_Zone,Tropical_Monsoon,0.252,0.395,139.0,0.575
2023-01-21,West_Zone,Tropical_Monsoon,0.396,0.424,173.0,0.587
2023-01-22,West_Zone,Tropical_Monsoon,0.169,0.361,146.0,0.549
2023-01-23,West_Zone,Tropical_Monsoon,0.343,0.368,138.0,0.487
2023-01-24,West_Zone,Tropical_Monsoon,0.082,0.268,126.0,0.546
2023-01-25,West_Zone,Tropical_Monsoon,0.362,0.447,179.0,0.619
2023-01-26,West_Zone,Tropical_Monsoon,0.283,0.464,171.0,0.551
2023-01-27,West_Zone,Tropical_Monsoon,0.34,0.485,141.0,0.568
2023-01-28,West_Zone,Tropical_Monsoon,0.24,0.354,160.0,0.573
2023-01-29,West_Zone,Tropical_Monsoon,0.205,0.446,152.0,0.596
2023-01-30,West_Zone,Tropical_Monsoon,0.257,0.42,144.0,0.598
2023-01-31,West_Zone,Tropical_Monsoon,0.319,0.464,167.0,0.606
2023-02-01,West_Zone,Tropical_Monsoon,0.358,0.381,139.0,0.509
2023-02-02,West_Zone,Tropical_Monsoon,0.33,0.4,111.0,0.546
2023-02-03,West_Zone,Tropical_Monsoon,0.206,0.327,155.0,0.561
2023-02-04,West_Zone,Tropical_Monsoon,0.484,0.377,151.0,0.552
2023-02-05,West_Zone,Tropical_Monsoon,0.333,0.42,139.0,0.576
2023-02-06,West_Zone,Tropical_Monsoon,0.238,0.43,134.0,0.564
2023-02-07,West_Zone,Tropical_Monsoon,0.342,0.319,122.0,0.527
2023-02-08,West_Zone,Tropical_Monsoon,0.326,0.389,143.0,0.55
2023-02-09,West_Zone,Tropical_Monsoon,0.282,0.43,134.0,0.534
2023-02-10,West_Zone,Tropical_Monsoon,0.271,0.504,167.0,0.564
2023-02-11,West_Zone,Tropical_Monsoon,0.398,0.369,159.0,0.55
2023-02-12,West_Zone,Tropical_Monsoon,0.473,0.449,141.0,0.571
2023-02-13,West_Zone,Tropical_Monsoon,0.096,0.386,159.0,0.574
2023-02-14,West_Zone,Tropical_Monsoon,0.423,0.393,148.0,0.55
2023-02-15,West_Zone,Tropical_Monsoon,0.302,0.367,145.0,0.602
2023-02-16,West_Zone,Tropical_Monsoon,0.324,0.357,149.0,0.586
2023-02-17,West_Zone,Tropical_Monsoon,0.435,0.392,182.0,0.543
2023-02-18,West_Zone,Tropical_Monsoon,0.035,0.483,162.0,0.587
2023-02-19,West_Zone,Tropical_Monsoon,0.381,0.375,145.0,0.59
2023-02-20,West_Zone,Tropical_Monsoon,0.428,0.365,166.0,0.532
2023-02-21,West_Zone,Tropical_Monsoon,0.231,0.433,165.0,0.546
2023-02-22,West_Zone,Tropical_Monsoon,0.161,0.42,155.0,0.604
2023-02-23,West_Zone,Tropical_Monsoon,0.464,0.416,144.0,0.585
2023-02-24,West_Zone,Tropical_Monsoon,0.124,0.435,143.0,0.601
2023-02-25,West_Zone,Tropical_Monsoon,0.342,0.359,131.0,0.559
2023-02-26,West_Zone,Tropical_Monsoon,0.402,0.366,153.0,0.544
2023-02-27,West_Zone,Tropical_Monsoon,0.34,0.479,139.0,0.539
2023-02-28,West_Zone,Tropical_Monsoon,0.356,0.411,142.0,0.567
2023-03-01,West_Zone,Tropical_Monsoon,0.273,0.656,106.0,0.661
2023-03-02,West_Zone,Tropical_Monsoon,0.346,0.693,125.0,0.671
2023-03-03,West_Zone,Tropical_Monsoon,0.229,0.671,102.0,0.66
2023-03-04,West_Zone,Tropical_Monsoon,0.242,0.538,93.0,0.618
2023-03-05,West_Zone,Tropical_Monsoon,0.304,0.613,95.0,0.68
2023-03-06,West_Zone,Tropical_Monsoon,0.146,0.682,115.0,0.584
2023-03-07,West_Zone,Tropical_Monsoon,0.358,0.651,102.0,0.63
2023-03-08,West_Zone,Tropical_Monsoon,0.052,0.631,98.0,0.59
2023-03-09,West_Zone,Tropical_Monsoon,0.336,0.522,100.0,0.637
2023-03-10,West_Zone,Tropical_Monsoon,0.346,0.583,69.0,0.589
2023-03-11,West_Zone,Tropical_Monsoon,0.221,0.624,102.0,0.646
2023-03-12,West_Zone,Tropical_Monsoon,0.177,0.534,79.0,0.58
2023-03-13,West_Zone,Tropical_Monsoon,0.259,0.668,102.0,0.64
2023-03-14,West_Zone,Tropical_Monsoon,0.364,0.613,82.0,0.61
2023-03-15,West_Zone,Tropical_Monsoon,0.335,0.501,106.0,0.585
2023-03-16,West_Zone,Tropical_Monsoon,0.189,0.586,92.0,0.617
2023-03-17,West_Zone,Tropical_Monsoon,0.311,0.603,74.0,0.638
2023-03-18,West_Zone,Tropical_Monsoon,0.326,0.612,90.0,0.61
2023-03-19,West_Zone,Tropical_Monsoon,0.322,0.705,135.0,0.663
2023-03-20,West_Zone,Tropical_Monsoon,0.201,0.655,54.0,0.655
2023-03-21,West_Zone,Tropical_Monsoon,0.316,0.538,98.0,0.582
2023-03-22,West_Zone,Tropical_Monsoon,0.392,0.531,77.0,0.649
2023-03-23,West_Zone,Tropical_Monsoon,0.354,0.604,120.0,0.633
2023-03-24,West_Zone,Tropical_Monsoon,0.341,0.628,110.0,0.604
2023-03-25,West_Zone,Tropical_Monsoon,0.464,0.68,98.0,0.648
2023-03-26,West_Zone,Tropical_Monsoon,0.317,0.724,112.0,0.672
2023-03-27,West_Zone,Tropical_Monsoon,0.216,0.727,99.0,0.659
2023-03-28,West_Zone,Tropical_Monsoon,0.216,0.593,95.0,0.614
2023-03-29,West_Zone,Tropical_Monsoon,0.318,0.676,84.0,0.525
2023-03-30,West_Zone,Tropical_Monsoon,0.156,0.646,89.0,0.592
2023-03-31,West_Zone,Tropical_Monsoon,0.269,0.555,87.0,0.619
2023-04-01,West_Zone,Tropical_Monsoon,0.346,0.507,95.0,0.557
2023-04-02,West_Zone,Tropical_Monsoon,0.417,0.629,61.0,0.633
2023-04-03,West_Zone,Tropical_Monsoon,0.146,0.53,114.0,0.619
2023-04-04,West_Zone,Tropical_Monsoon,0.31,0.569,130.0,0.599
2023-04-05,West_Zone,Tropical_Monsoon,0.293,0.579,87.0,0.552
2023-04-06,West_Zone,Tropical_Monsoon,0.304,0.633,116.0,0.596
2023-04-07,West_Zone,Tropical_Monsoon,0.314,0.697,93.0,0.655
2023-04-08,West_Zone,Tropical_Monsoon,0.297,0.621,84.0,0.653
2023-04-09,West_Zone,Tropical_Monsoon,0.439,0.588,88.0,0.545
2023-04-10,West_Zone,Tropical_Monsoon,0.424,0.496,97.0,0.586
2023-04-11,West_Zone,Tropical_Monsoon,0.514,0.648,82.0,0.578
2023-04-12,West_Zone,Tropical_Monsoon,0.299,0.622,106.0,0.618
2023-04-13,West_Zone,Tropical_Monsoon,0.259,0.587,86.0,0.602
2023-04-14,West_Zone,Tropical_Monsoon,0.203,0.69,76.0,0.703
2023-04-15,West_Zone,Tropical_Monsoon,0.248,0.549,95.0,0.581
2023-04-16,West_Zone,Tropical_Monsoon,0.371,0.579,83.0,0.636
2023-04-17,West_Zone,Tropical_Monsoon,0.387,0.605,89.0,0.642
2023-04-18,West_Zone,Tropical_Monsoon,0.368,0.586,94.0,0.601
2023-04-19,West_Zone,Tropical_Monsoon,0.234,0.653,71.0,0.627
2023-04-20,West_Zone,Tropical_Monsoon,0.234,0.648,121.0,0.622
2023-04-21,West_Zone,Tropical_Monsoon,0.496,0.683,110.0,0.608
2023-04-22,West_Zone,Tropical_Monsoon,0.217,0.65,84.0,0.598
2023-04-23,West_Zone,Tropical_Monsoon,0.442,0.613,95.0,0.601
2023-04-24,West_Zone,Tropical_Monsoon,0.34,0.6,106.0,0.576
2023-04-25,West_Zone,Tropical_Monsoon,0.227,0.647,99.0,0.607
2023-04-26,West_Zone,Tropical_Monsoon,0.182,0.609,129.0,0.606
2023-04-27,West_Zone,Tropical_Monsoon,0.231,0.623,91.0,0.621
2023-04-28,West_Zone,Tropical_Monsoon,0.342,0.651,116.0,0.636
2023-04-29,West_Zone,Tropical_Monsoon,0.209,0.628,71.0,0.611
2023-04-30,West_Zone,Tropical_Monsoon,0.455,0.639,74.0,0.597
2023-05-01,West_Zone,Tropical_Monsoon,0.279,0.573,125.0,0.616
2023-05-02,West_Zone,Tropical_Monsoon,0.37,0.701,87.0,0.659
2023-05-03,West_Zone,Tropical_Monsoon,0.362,0.554,74.0,0.584
2023-05-04,West_Zone,Tropical_Monsoon,0.462,0.646,94.0,0.592
2023-05-05,West_Zone,Tropical_Monsoon,0.256,0.591,118.0,0.594
2023-05-06,West_Zone,Tropical_Monsoon,0.311,0.685,81.0,0.626
2023-05-07,West_Zone,Tropical_Monsoon,0.16,0.673,94.0,0.663
2023-05-08,West_Zone,Tropical_Monsoon,0.31,0.62,62.0,0.636
2023-05-09,West_Zone,Tropical_Monsoon,0.414,0.713,87.0,0.638
2023-05-10,West_Zone,Tropical_Monsoon,0.322,0.609,113.0,0.669
2023-05-11,West_Zone,Tropical_Monsoon,0.531,0.673,81.0,0.627
2023-05-12,West_Zone,Tropical_Monsoon,0.352,0.576,72.0,0.646
2023-05-13,West_Zone,Tropical_Monsoon,0.246,0.644,81.0,0.658
2023-05-14,West_Zone,Tropical_Monsoon,0.346,0.564,84.0,0.636
2023-05-15,West_Zone,Tropical_Monsoon,0.154,0.621,109.0,0.625
2023-05-16,West_Zone,Tropical_Monsoon,0.22,0.617,102.0,0.618
2023-05-17,West_Zone,Tropical_Monsoon,0.178,0.673,105.0,0.628
2023-05-18,West_Zone,Tropical_Monsoon,0.302,0.58,96.0,0.631
2023-05-19,West_Zone,Tropical_Monsoon,0.294,0.804,84.0,0.637
2023-05-20,West_Zone,Tropical_Monsoon,0.421,0.537,81.0,0.586
2023-05-21,West_Zone,Tropical_Monsoon,0.29,0.634,103.0,0.669
2023-05-22,West_Zone,Tropical_Monsoon,0.2,0.637,124.0,0.638
2023-05-23,West_Zone,Tropical_Monsoon,0.456,0.652,78.0,0.652
2023-05-24,West_Zone,Tropical_Monsoon,0.006,0.589,77.0,0.571
2023-05-25,West_Zone,Tropical_Monsoon,0.304,0.635,75.0,0.606
2023-05-26,West_Zone,Tropical_Monsoon,0.322,0.586,110.0,0.617
2023-05-27,West_Zone,Tropical_Monsoon,0.299,0.732,94.0,0.642
2023-05-28,West_Zone,Tropical_Monsoon,0.35,0.582,105.0,0.569
2023-05-29,West_Zone,Tropical_Monsoon,0.311,0.611,86.0,0.636
2023-05-30,West_Zone,Tropical_Monsoon,0.35,0.58,106.0,0.637
2023-05-31,West_Zone,Tropical_Monsoon,0.24,0.572,90.0,0.594
2023-06-01,West_Zone,Tropical_Monsoon,0.154,0.0,32.0,0.484
2023-06-02,West_Zone,Tropical_Monsoon,0.295,0.12,77.0,0.551
2023-06-03,West_Zone,Tropical_Monsoon,0.197,0.04,59.0,0.516
2023-06-04,West_Zone,Tropical_Monsoon,0.227,0.032,54.0,0.461
2023-06-05,West_Zone,Tropical_Monsoon,0.416,0.022,65.0,0.432
2023-06-06,West_Zone,Tropical_Monsoon,0.456,0.098,34.0,0.491
2023-06-07,West_Zone,Tropical_Monsoon,0.414,0.081,68.0,0.551
2023-06-08,West_Zone,Tropical_Monsoon,0.396,0.082,49.0,0.521
2023-06-09,West_Zone,Tropical_Monsoon,0.306,0.034,57.0,0.468
2023-06-10,West_Zone,Tropical_Monsoon,0.402,0.106,81.0,0.533
2023-06-11,West_Zone,Tropical_Monsoon,0.336,0.04,72.0,0.505
2023-06-12,West_Zone,Tropical_Monsoon,0.495,0.084,57.0,0.424
2023-06-13,West_Zone,Tropical_Monsoon,0.208,0.072,58.0,0.51
2023-06-14,West_Zone,Tropical_Monsoon,0.367,0.0,20.0,0.464
2023-06-15,West_Zone,Tropical_Monsoon,0.174,0.202,45.0,0.485
2023-06-16,West_Zone,Tropical_Monsoon,0.368,0.114,63.0,0.491
2023-06-17,West_Zone,Tropical_Monsoon,0.128,0.091,46.0,0.495
2023-06-18,West_Zone,Tropical_Monsoon,0.179,0.1,36.0,0.461
2023-06-19,West_Zone,Tropical_Monsoon,0.172,0.203,69.0,0.507
2023-06-20,West_Zone,Tropical_Monsoon,0.325,0.148,84.0,0.487
2023-06-21,West_Zone,Tropical_Monsoon,0.335,0.101,47.0,0.509
2023-06-22,West_Zone,Tropical_Monsoon,0.545,0.038,76.0,0.46
2023-06-23,West_Zone,Tropical_Monsoon,0.291,0.047,73.0,0.421
2023-06-24,West_Zone,Tropical_Monsoon,0.377,0.0,42.0,0.447
2023-06-25,West_Zone,Tropical_Monsoon,0.316,0.058,47.0,0.446
2023-06-26,West_Zone,Tropical_Monsoon,0.369,0.12,92.0,0.451
2023-06-27,West_Zone,Tropical_Monsoon,0.314,0.118,40.0,0.525
2023-06-28,West_Zone,Tropical_Monsoon,0.41,0.117,49.0,0.513
2023-06-29,West_Zone,Tropical_Monsoon,0.195,0.049,95.0,0.443
2023-06-30,West_Zone,Tropical_Monsoon,0.055,0.113,50.0,0.45
2023-07-01,West_Zone,Tropical_Monsoon,0.342,0.129,84.0,0.489
2023-07-02,West_Zone,Tropical_Monsoon,0.119,0.0,42.0,0.42
2023-07-03,West_Zone,Tropical_Monsoon,0.431,0.098,62.0,0.477
2023-07-04,West_Zone,Tropical_Monsoon,0.245,0.205,80.0,0.513
2023-07-05,West_Zone,Tropical_Monsoon,0.196,0.063,52.0,0.485
2023-07-06,West_Zone,Tropical_Monsoon,0.57,0.0,62.0,0.47
2023-07-07,West_Zone,Tropical_Monsoon,0.298,0.031,73.0,0.444
2023-07-08,West_Zone,Tropical_Monsoon,0.279,0.0,44.0,0.462
2023-07-09,West_Zone,Tropical_Monsoon,0.375,0.042,100.0,0.509
2023-07-10,West_Zone,Tropical_Monsoon,0.382,0.007,79.0,0.399
2023-07-11,West_Zone,Tropical_Monsoon,0.414,0.136,54.0,0.504
2023-07-12,West_Zone,Tropical_Monsoon,0.167,0.127,56.0,0.456
2023-07-13,West_Zone,Tropical_Monsoon,0.354,0.101,94.0,0.527
2023-07-14,West_Zone,Tropical_Monsoon,0.271,0.154,54.0,0.523
2023-07-15,West_Zone,Tropical_Monsoon,0.208,0.046,52.0,0.495
2023-07-16,West_Zone,Tropical_Monsoon,0.305,0.084,81.0,0.455
2023-07-17,West_Zone,Tropical_Monsoon,0.119,0.212,35.0,0.521
2023-07-18,West_Zone,Tropical_Monsoon,0.392,0.115,59.0,0.5
2023-07-19,West_Zone,Tropical_Monsoon,0.271,0.115,62.0,0.418
2023-07-20,West_Zone,Tropical_Monsoon,0.252,0.034,47.0,0.473
2023-07-21,West_Zone,Tropical_Monsoon,0.286,0.055,32.0,0.492
2023-07-22,West_Zone,Tropical_Monsoon,0.283,0.02,61.0,0.423
2023-07-23,West_Zone,Tropical_Monsoon,0.414,0.181,72.0,0.523
2023-07-24,West_Zone,Tropical_Monsoon,0.19,0.0,48.0,0.463
2023-07-25,West_Zone,Tropical_Monsoon,0.262,0.135,39.0,0.535
2023-07-26,West_Zone,Tropical_Monsoon,0.278,0.115,83.0,0.476
2023-07-27,West_Zone,Tropical_Monsoon,0.193,0.0,70.0,0.465
2023-07-28,West_Zone,Tropical_Monsoon,0.316,0.149,53.0,0.507
2023-07-29,West_Zone,Tropical_Monsoon,0.228,0.064,77.0,0.392
2023-07-30,West_Zone,Tropical_Monsoon,0.16,0.001,64.0,0.45
2023-07-31,West_Zone,Tropical_Monsoon,0.353,0.102,92.0,0.488
2023-08-01,West_Zone,Tropical_Monsoon,0.455,0.031,72.0,0.397
2023-08-02,West_Zone,Tropical_Monsoon,0.305,0.068,35.0,0.497
2023-08-03,West_Zone,Tropical_Monsoon,0.29,0.05,48.0,0.475
2023-08-04,West_Zone,Tropical_Monsoon,0.288,0.027,49.0,0.469
2023-08-05,West_Zone,Tropical_Monsoon,0.248,0.009,66.0,0.484
2023-08-06,West_Zone,Tropical_Monsoon,0.417,0.128,55.0,0.48
2023-08-07,West_Zone,Tropical_Monsoon,0.309,0.099,40.0,0.486
2023-08-08,West_Zone,Tropical_Monsoon,0.082,0.096,71.0,0.51
2023-08-09,West_Zone,Tropical_Monsoon,0.42,0.058,78.0,0.476
2023-08-10,West_Zone,Tropical_Monsoon,0.395,0.083,58.0,0.425
2023-08-11,West_Zone,Tropical_Monsoon,0.36,0.036,64.0,0.471
2023-08-12,West_Zone,Tropical_Monsoon,0.024,0.035,43.0,0.471
2023-08-13,West_Zone,Tropical_Monsoon,0.3,0.183,51.0,0.533
2023-08-14,West_Zone,Tropical_Monsoon,0.389,0.133,51.0,0.483
2023-08-15,West_Zone,Tropical_Monsoon,0.338,0.046,70.0,0.442
2023-08-16,West_Zone,Tropical_Monsoon,0.321,0.0,65.0,0.431
2023-08-17,West_Zone,Tropical_Monsoon,0.39,0.0,54.0,0.503
2023-08-18,West_Zone,Tropical_Monsoon,0.314,0.042,53.0,0.479
2023-08-19,West_Zone,Tropical_Monsoon,0.42,0.086,25.0,0.523
2023-08-20,West_Zone,Tropical_Monsoon,0.316,0.087,89.0,0.528
2023-08-21,West_Zone,Tropical_Monsoon,0.308,0.089,22.0,0.46
2023-08-22,West_Zone,Tropical_Monsoon,0.389,0.1,68.0,0.46
2023-08-23,West_Zone,Tropical_Monsoon,0.26,0.018,61.0,0.461
2023-08-24,West_Zone,Tropical_Monsoon,0.19,0.17,55.0,0.521
2023-08-25,West_Zone,Tropical_Monsoon,0.3,0.068,60.0,0.435
2023-08-26,West_Zone,Tropical_Monsoon,0.359,0.098,48.0,0.498
2023-08-27,West_Zone,Tropical_Monsoon,0.393,0.041,72.0,0.482
2023-08-28,West_Zone,Tropical_Monsoon,0.393,0.099,36.0,0.451
2023-08-29,West_Zone,Tropical_Monsoon,0.293,0.205,66.0,0.479
2023-08-30,West_Zone,Tropical_Monsoon,0.283,0.021,48.0,0.479
2023-08-31,West_Zone,Tropical_Monsoon,0.241,0.013,52.0,0.525
2023-09-01,West_Zone,Tropical_Monsoon,0.325,0.328,113.0,0.533
2023-09-02,West_Zone,Tropical_Monsoon,0.136,0.36,117.0,0.56
2023-09-03,West_Zone,Tropical_Monsoon,0.302,0.349,129.0,0.529
2023-09-04,West_Zone,Tropical_Monsoon,0.585,0.318,119.0,0.547
2023-09-05,West_Zone,Tropical_Monsoon,0.15,0.377,137.0,0.535
2023-09-06,West_Zone,Tropical_Monsoon,0.316,0.474,139.0,0.571
2023-09-07,West_Zone,Tropical_Monsoon,0.338,0.371,126.0,0.626
2023-09-08,West_Zone,Tropical_Monsoon,0.351,0.374,132.0,0.557
2023-09-09,West_Zone,Tropical_Monsoon,0.203,0.401,156.0,0.513
2023-09-10,West_Zone,Tropical_Monsoon,0.352,0.419,95.0,0.584
2023-09-11,West_Zone,Tropical_Monsoon,0.247,0.462,139.0,0.609
2023-09-12,West_Zone,Tropical_Monsoon,0.157,0.394,148.0,0.579
2023-09-13,West_Zone,Tropical_Monsoon,0.395,0.38,128.0,0.55
2023-09-14,West_Zone,Tropical_Monsoon,0.366,0.321,154.0,0.513
2023-09-15,West_Zone,Tropical_Monsoon,0.203,0.424,152.0,0.539
2023-09-16,West_Zone,Tropical_Monsoon,0.246,0.329,114.0,0.537
2023-09-17,West_Zone,Tropical_Monsoon,0.242,0.327,115.0,0.531
2023-09-18,West_Zone,Tropical_Monsoon,0.136,0.392,130.0,0.541
2023-09-19,West_Zone,Tropical_Monsoon,0.376,0.472,109.0,0.614
2023-09-20,West_Zone,Tropical_Monsoon,0.38,0.424,169.0,0.594
2023-09-21,West_Zone,Tropical_Monsoon,0.267,0.378,134.0,0.593
2023-09-22,West_Zone,Tropical_Monsoon,0.297,0.321,121.0,0.517
2023-09-23,West_Zone,Tropical_Monsoon,0.311,0.471,95.0,0.55
2023-09-24,West_Zone,Tropical_Monsoon,0.324,0.377,125.0,0.557
2023-09-25,West_Zone,Tropical_Monsoon,0.165,0.363,99.0,0.563
2023-09-26,West_Zone,Tropical_Monsoon,0.349,0.413,134.0,0.565
2023-09-27,West_Zone,Tropical_Monsoon,0.182,0.353,75.0,0.559
2023-09-28,West_Zone,Tropical_Monsoon,0.368,0.335,145.0,0.591
2023-09-29,West_Zone,Tropical_Monsoon,0.194,0.341,112.0,0.539
2023-09-30,West_Zone,Tropical_Monsoon,0.17,0.34,90.0,0.569
2023-10-01,West_Zone,Tropical_Monsoon,0.297,0.312,120.0,0.554
2023-10-02,West_Zone,Tropical_Monsoon,0.295,0.306,120.0,0.539
2023-10-03,West_Zone,Tropical_Monsoon,0.31,0.438,119.0,0.592
2023-10-04,West_Zone,Tropical_Monsoon,0.211,0.42,145.0,0.542
2023-10-05,West_Zone,Tropical_Monsoon,0.32,0.331,127.0,0.514
2023-10-06,West_Zone,Tropical_Monsoon,0.33,0.433,134.0,0.581
2023-10-07,West_Zone,Tropical_Monsoon,0.417,0.399,116.0,0.511
2023-10-08,West_Zone,Tropical_Monsoon,0.319,0.361,128.0,0.566
2023-10-09,West_Zone,Tropical_Monsoon,0.24,0.306,96.0,0.503
2023-10-10,West_Zone,Tropical_Monsoon,0.165,0.4,125.0,0.606
2023-10-11,West_Zone,Tropical_Monsoon,0.147,0.492,106.0,0.571
2023-10-12,West_Zone,Tropical_Monsoon,0.332,0.381,144.0,0.599
2023-10-13,West_Zone,Tropical_Monsoon,0.379,0.44,121.0,0.564
2023-10-14,West_Zone,Tropical_Monsoon,0.211,0.367,132.0,0.544
2023-10-15,West_Zone,Tropical_Monsoon,0.326,0.435,125.0,0.595
2023-10-16,West_Zone,Tropical_Monsoon,0.283,0.371,153.0,0.562
2023-10-17,West_Zone,Tropical_Monsoon,0.372,0.236,92.0,0.517
2023-10-18,West_Zone,Tropical_Monsoon,0.387,0.337,118.0,0.532
2023-10-19,West_Zone,Tropical_Monsoon,0.073,0.388,103.0,0.545
2023-10-20,West_Zone,Tropical_Monsoon,0.403,0.445,83.0,0.642
2023-10-21,West_Zone,Tropical_Monsoon,0.325,0.371,102.0,0.502
2023-10-22,West_Zone,Tropical_Monsoon,0.247,0.382,141.0,0.519
2023-10-23,West_Zone,Tropical_Monsoon,0.25,0.345,119.0,0.582
2023-10-24,West_Zone,Tropical_Monsoon,0.303,0.474,116.0,0.612
2023-10-25,West_Zone,Tropical_Monsoon,0.25,0.47,134.0,0.55
2023-10-26,West_Zone,Tropical_Monsoon,0.206,0.339,122.0,0.492
2023-10-27,West_Zone,Tropical_Monsoon,0.229,0.289,131.0,0.57
2023-10-28,West_Zone,Tropical_Monsoon,0.196,0.272,126.0,0.497
2023-10-29,West_Zone,Tropical_Monsoon,0.435,0.416,130.0,0.549
2023-10-30,West_Zone,Tropical_Monsoon,0.306,0.388,112.0,0.56
2023-10-31,West_Zone,Tropical_Monsoon,0.525,0.333,139.0,0.511
2023-11-01,West_Zone,Tropical_Monsoon,0.337,0.396,98.0,0.587
2023-11-02,West_Zone,Tropical_Monsoon,0.359,0.306,118.0,0.537
2023-11-03,West_Zone,Tropical_Monsoon,0.194,0.428,140.0,0.541
2023-11-04,West_Zone,Tropical_Monsoon,0.278,0.357,117.0,0.525
2023-11-05,West_Zone,Tropical_Monsoon,0.307,0.315,112.0,0.578
2023-11-06,West_Zone,Tropical_Monsoon,0.236,0.358,161.0,0.541
2023-11-07,West_Zone,Tropical_Monsoon,0.254,0.356,146.0,0.567
2023-11-08,West_Zone,Tropical_Monsoon,0.342,0.402,123.0,0.56
2023-11-09,West_Zone,Tropical_Monsoon,0.344,0.45,103.0,0.52
2023-11-10,West_Zone,Tropical_Monsoon,0.166,0.447,83.0,0.594
2023-11-11,West_Zone,Tropical_Monsoon,0.328,0.39,133.0,0.59
2023-11-12,West_Zone,Tropical_Monsoon,0.355,0.369,143.0,0.608
2023-11-13,West_Zone,Tropical_Monsoon,0.241,0.346,127.0,0.489
2023-11-14,West_Zone,Tropical_Monsoon,0.231,0.274,89.0,0.434
2023-11-15,West_Zone,Tropical_Monsoon,0.344,0.379,123.0,0.574
2023-11-16,West_Zone,Tropical_Monsoon,0.043,0.329,111.0,0.524
2023-11-17,West_Zone,Tropical_Monsoon,0.3,0.453,123.0,0.53
2023-11-18,West_Zone,Tropical_Monsoon,0.463,0.368,155.0,0.555
2023-11-19,West_Zone,Tropical_Monsoon,0.04,0.425,134.0,0.553
2023-11-20,West_Zone,Tropical_Monsoon,0.382,0.351,130.0,0.509
2023-11-21,West_Zone,Tropical_Monsoon,0.354,0.339,119.0,0.542
2023-11-22,West_Zone,Tropical_Monsoon,0.156,0.416,127.0,0.581
2023-11-23,West_Zone,Tropical_Monsoon,0.352,0.397,107.0,0.564
2023-11-24,West_Zone,Tropical_Monsoon,0.4,0.399,130.0,0.565
2023-11-25,West_Zone,Tropical_Monsoon,0.182,0.374,117.0,0.567
2023-11-26,West_Zone,Tropical_Monsoon,0.229,0.427,105.0,0.516
2023-11-27,West_Zone,Tropical_Monsoon,0.303,0.419,135.0,0.563
2023-11-28,West_Zone,Tropical_Monsoon,0.398,0.249,80.0,0.529
2023-11-29,West_Zone,Tropical_Monsoon,0.246,0.365,110.0,0.54
2023-11-30,West_Zone,Tropical_Monsoon,0.296,0.441,131.0,0.545
2023-12-01,West_Zone,Tropical_Monsoon,0.234,0.359,172.0,0.527
2023-12-02,West_Zone,Tropical_Monsoon,0.302,0.318,158.0,0.531
2023-12-03,West_Zone,Tropical_Monsoon,0.405,0.412,138.0,0.59
2023-12-04,West_Zone,Tropical_Monsoon,0.311,0.451,149.0,0.619
2023-12-05,West_Zone,Tropical_Monsoon,0.264,0.392,155.0,0.598
2023-12-06,West_Zone,Tropical_Monsoon,0.297,0.498,178.0,0.538
2023-12-07,West_Zone,Tropical_Monsoon,0.22,0.531,167.0,0.565
2023-12-08,West_Zone,Tropical_Monsoon,0.201,0.304,167.0,0.556
2023-12-09,West_Zone,Tropical_Monsoon,0.42,0.397,151.0,0.598
2023-12-10,West_Zone,Tropical_Monsoon,0.464,0.283,131.0,0.502
2023-12-11,West_Zone,Tropical_Monsoon,0.121,0.46,125.0,0.58
2023-12-12,West_Zone,Tropical_Monsoon,0.358,0.379,145.0,0.521
2023-12-13,West_Zone,Tropical_Monsoon,0.386,0.391,163.0,0.566
2023-12-14,West_Zone,Tropical_Monsoon,0.179,0.489,141.0,0.563
2023-12-15,West_Zone,Tropical_Monsoon,0.253,0.34,160.0,0.55
2023-12-16,West_Zone,Tropical_Monsoon,0.242,0.325,136.0,0.505
2023-12-17,West_Zone,Tropical_Monsoon,0.49,0.283,138.0,0.482
2023-12-18,West_Zone,Tropical_Monsoon,0.465,0.496,175.0,0.677
2023-12-19,West_Zone,Tropical_Monsoon,0.208,0.482,164.0,0.583
2023-12-20,West_Zone,Tropical_Monsoon,0.154,0.402,144.0,0.625
2023-12-21,West_Zone,Tropical_Monsoon,0.377,0.343,135.0,0.591
2023-12-22,West_Zone,Tropical_Monsoon,0.354,0.47,167.0,0.528
2023-12-23,West_Zone,Tropical_Monsoon,0.424,0.585,166.0,0.617
2023-12-24,West_Zone,Tropical_Monsoon,0.194,0.406,162.0,0.523
2023-12-25,West_Zone,Tropical_Monsoon,0.372,0.348,147.0,0.538
2023-12-26,West_Zone,Tropical_Monsoon,0.227,0.495,130.0,0.527
2023-12-27,West_Zone,Tropical_Monsoon,0.362,0.352,150.0,0.501
2023-12-28,West_Zone,Tropical_Monsoon,0.296,0.398,175.0,0.534
2023-12-29,West_Zone,Tropical_Monsoon,0.49,0.262,134.0,0.509
2023-12-30,West_Zone,Tropical_Monsoon,0.345,0.402,151.0,0.562
2023-12-31,West_Zone,Tropical_Monsoon,0.269,0.343,179.0,0.515
