Date,Region,Political_Stability_Index,Plastic_Ban_Active,Economic_Index,Consumer_Confidence,Tourism_Index,Election_Period,Water_Tax_Rate,Govt_Subsidy_Active
2021-01-01,East_Zone,77.8,0,100.18,52.9,67.1,0,3.5,0
2021-01-02,East_Zone,68.7,0,101.2,57.8,62.7,0,3.5,0
2021-01-03,East_Zone,76.8,0,100.38,53.7,79.0,0,3.5,0
2021-01-04,East_Zone,74.0,0,100.07,55.1,73.4,0,3.5,0
2021-01-05,East_Zone,73.7,0,100.51,49.3,74.7,0,3.5,0
2021-01-06,East_Zone,74.4,0,98.77,50.9,74.2,0,3.5,0
2021-01-07,East_Zone,69.7,0,101.19,50.0,73.1,0,3.5,0
2021-01-08,East_Zone,77.4,0,99.08,52.3,71.9,0,3.5,0
2021-01-09,East_Zone,72.7,0,101.86,53.0,71.6,0,3.5,0
2021-01-10,East_Zone,71.5,0,101.11,51.3,67.1,0,3.5,0
2021-01-11,East_Zone,80.5,0,100.93,55.9,63.2,0,3.5,0
2021-01-12,East_Zone,73.0,0,101.01,49.1,83.2,0,3.5,0
2021-01-13,East_Zone,71.4,0,100.44,44.6,72.2,0,3.5,0
2021-01-14,East_Zone,76.4,0,99.69,50.6,69.8,0,3.5,0
2021-01-15,East_Zone,74.8,0,99.57,61.4,68.0,0,3.5,0
2021-01-16,East_Zone,77.0,0,102.3,56.0,77.2,0,3.5,0
2021-01-17,East_Zone,74.3,0,100.68,49.9,72.7,0,3.5,0
2021-01-18,East_Zone,76.9,0,99.49,54.6,67.7,0,3.5,0
2021-01-19,East_Zone,80.2,0,101.16,52.9,70.5,0,3.5,0
2021-01-20,East_Zone,71.7,0,101.02,55.0,73.6,0,3.5,0
2021-01-21,East_Zone,72.6,0,100.38,56.7,70.1,0,3.5,0
2021-01-22,East_Zone,69.2,0,99.84,53.7,76.1,0,3.5,0
2021-01-23,East_Zone,75.1,0,101.51,54.1,82.6,0,3.5,0
2021-01-24,East_Zone,74.4,0,101.75,59.6,69.9,0,3.5,0
2021-01-25,East_Zone,77.8,0,101.16,55.6,70.6,0,3.5,0
2021-01-26,East_Zone,73.9,0,100.94,54.2,67.9,0,3.5,0
2021-01-27,East_Zone,73.7,0,100.11,53.2,71.2,0,3.5,0
2021-01-28,East_Zone,74.6,0,101.41,51.3,62.2,0,3.5,0
2021-01-29,East_Zone,73.3,0,100.32,48.1,77.5,0,3.5,0
2021-01-30,East_Zone,75.1,0,99.72,55.6,65.3,0,3.5,0
2021-01-31,East_Zone,74.7,0,102.14,59.0,68.0,0,3.5,0
2021-02-01,East_Zone,75.6,0,100.02,54.7,72.4,0,3.5,0
2021-02-02,East_Zone,73.3,0,99.18,54.9,78.9,0,3.5,0
2021-02-03,East_Zone,75.7,0,102.41,50.4,67.7,0,3.5,0
2021-02-04,East_Zone,75.9,0,99.39,50.4,71.1,0,3.5,0
2021-02-05,East_Zone,73.0,0,100.77,48.2,73.5,0,3.5,0
2021-02-06,East_Zone,73.8,0,100.09,52.0,68.6,0,3.5,0
2021-02-07,East_Zone,73.5,0,100.49,57.1,71.4,0,3.5,0
2021-02-08,East_Zone,70.3,0,103.47,51.6,64.0,0,3.5,0
2021-02-09,East_Zone,72.5,0,101.17,53.2,69.4,0,3.5,0
2021-02-10,East_Zone,76.3,0,101.66,56.5,78.2,0,3.5,0
2021-02-11,East_Zone,76.5,0,102.11,58.7,76.1,0,3.5,0
2021-02-12,East_Zone,75.0,0,100.7,46.7,69.8,0,3.5,0
2021-02-13,East_Zone,71.0,0,102.45,52.1,66.9,0,3.5,0
2021-02-14,East_Zone,76.9,0,101.77,50.8,70.9,0,3.5,0
2021-02-15,East_Zone,79.6,0,102.18,50.4,64.7,0,3.5,0
2021-02-16,East_Zone,75.8,0,100.72,51.8,71.0,0,3.5,0
2021-02-17,East_Zone,74.0,0,101.91,46.0,69.9,0,3.5,0
2021-02-18,East_Zone,71.4,0,101.49,52.1,69.8,0,3.5,0
2021-02-19,East_Zone,74.0,0,102.65,54.2,71.3,0,3.5,0
2021-02-20,East_Zone,72.5,0,101.0,49.2,74.7,0,3.5,0
2021-02-21,East_Zone,73.4,0,103.59,52.5,66.8,0,3.5,0
2021-02-22,East_Zone,77.9,0,101.92,53.8,76.8,0,3.5,0
2021-02-23,East_Zone,76.6,0,101.48,54.1,77.6,0,3.5,0
2021-02-24,East_Zone,73.0,0,101.38,47.0,83.0,0,3.5,0
2021-02-25,East_Zone,74.3,0,101.64,56.5,73.5,0,3.5,0
2021-02-26,East_Zone,74.0,0,101.03,56.3,79.4,0,3.5,0
2021-02-27,East_Zone,72.7,0,102.35,51.0,76.9,0,3.5,0
2021-02-28,East_Zone,70.0,0,101.69,60.4,73.0,0,3.5,0
2021-03-01,East_Zone,76.5,0,103.66,56.3,38.9,0,3.5,0
2021-03-02,East_Zone,77.5,0,101.3,54.8,49.5,0,3.5,0
2021-03-03,East_Zone,72.2,0,101.63,56.4,46.2,0,3.5,0
2021-03-04,East_Zone,72.0,0,101.33,49.4,53.9,0,3.5,1
2021-03-05,East_Zone,76.7,0,103.65,53.0,48.7,0,3.5,0
2021-03-06,East_Zone,72.0,0,100.35,55.6,50.3,0,3.5,1
2021-03-07,East_Zone,69.8,0,101.91,50.6,42.1,0,3.5,1
2021-03-08,East_Zone,72.7,0,102.14,52.4,46.2,0,3.5,1
2021-03-09,East_Zone,78.1,0,100.71,55.7,35.4,0,3.5,0
2021-03-10,East_Zone,72.4,0,104.5,56.0,59.8,0,3.5,1
2021-03-11,East_Zone,72.1,0,100.94,53.5,51.1,0,3.5,1
2021-03-12,East_Zone,72.6,0,101.91,54.0,52.0,0,3.5,1
2021-03-13,East_Zone,70.5,0,103.58,53.7,43.2,0,3.5,1
2021-03-14,East_Zone,70.0,0,101.53,57.0,35.9,0,3.5,1
2021-03-15,East_Zone,73.2,0,102.06,62.2,42.3,0,3.5,1
2021-03-16,East_Zone,69.8,0,101.58,54.8,44.6,0,3.5,1
2021-03-17,East_Zone,72.8,0,101.88,58.9,47.0,0,3.5,1
2021-03-18,East_Zone,74.8,0,103.02,52.5,34.9,0,3.5,0
2021-03-19,East_Zone,75.1,0,101.53,50.9,44.5,0,3.5,0
2021-03-20,East_Zone,73.6,0,99.3,49.6,39.8,0,3.5,0
2021-03-21,East_Zone,70.4,0,101.93,50.1,52.2,0,3.5,1
2021-03-22,East_Zone,72.8,0,102.03,52.6,33.3,0,3.5,1
2021-03-23,East_Zone,75.0,0,102.17,57.4,50.1,0,3.5,0
2021-03-24,East_Zone,75.9,0,101.8,57.7,44.2,0,3.5,0
2021-03-25,East_Zone,73.2,0,101.12,51.4,34.8,0,3.5,1
2021-03-26,East_Zone,71.9,0,101.74,52.4,53.4,0,3.5,1
2021-03-27,East_Zone,74.2,0,103.76,54.5,51.8,0,3.5,0
2021-03-28,East_Zone,72.9,0,101.95,54.7,51.2,0,3.5,0
2021-03-29,East_Zone,70.9,0,102.65,56.4,45.5,0,3.5,1
2021-03-30,East_Zone,74.9,0,100.96,51.8,41.6,0,3.5,1
2021-03-31,East_Zone,74.1,0,101.71,52.9,45.3,0,3.5,0
2021-04-01,East_Zone,70.7,0,101.0,58.8,47.7,0,3.5,1
2021-04-02,East_Zone,72.1,0,103.29,53.2,42.3,0,3.5,0
2021-04-03,East_Zone,73.4,0,100.44,50.9,40.7,0,3.5,1
2021-04-04,East_Zone,69.4,0,102.37,53.6,47.5,0,3.5,1
2021-04-05,East_Zone,71.8,0,102.34,54.2,46.0,0,3.5,0
2021-04-06,East_Zone,75.9,0,102.27,47.7,49.6,0,3.5,0
2021-04-07,East_Zone,72.5,0,99.65,51.1,52.6,0,3.5,0
2021-04-08,East_Zone,71.6,0,99.96,54.7,49.3,0,3.5,0
2021-04-09,East_Zone,77.2,0,102.1,61.9,39.2,0,3.5,0
2021-04-10,East_Zone,75.0,0,101.05,51.3,44.9,0,3.5,0
2021-04-11,East_Zone,76.1,0,101.33,56.6,46.9,0,3.5,1
2021-04-12,East_Zone,71.6,0,101.54,54.3,49.0,0,3.5,0
2021-04-13,East_Zone,73.1,0,100.91,58.0,49.3,0,3.5,0
2021-04-14,East_Zone,74.0,0,100.73,50.8,44.7,0,3.5,0
2021-04-15,East_Zone,74.7,0,101.94,58.2,42.5,0,3.5,1
2021-04-16,East_Zone,80.9,0,100.03,58.6,50.0,0,3.5,0
2021-04-17,East_Zone,74.3,0,101.42,59.3,46.9,0,3.5,0
2021-04-18,East_Zone,77.3,0,101.25,59.2,46.4,0,3.5,1
2021-04-19,East_Zone,80.9,0,101.88,54.5,41.5,0,3.5,0
2021-04-20,East_Zone,79.1,0,104.28,57.1,55.5,0,3.5,1
2021-04-21,East_Zone,74.5,0,100.9,51.7,46.2,0,3.5,0
2021-04-22,East_Zone,77.4,0,102.28,45.0,44.6,0,3.5,0
2021-04-23,East_Zone,74.4,0,102.08,54.9,46.2,0,3.5,0
2021-04-24,East_Zone,73.9,0,102.41,53.3,44.3,0,3.5,0
2021-04-25,East_Zone,76.5,0,101.62,57.5,38.6,0,3.5,0
2021-04-26,East_Zone,76.7,0,103.26,57.8,46.5,0,3.5,0
2021-04-27,East_Zone,75.5,0,102.49,49.7,37.7,0,3.5,1
2021-04-28,East_Zone,73.5,0,102.49,63.4,45.5,0,3.5,0
2021-04-29,East_Zone,72.6,0,100.36,54.7,37.0,0,3.5,0
2021-04-30,East_Zone,70.4,0,101.86,48.6,34.2,0,3.5,1
2021-05-01,East_Zone,74.5,0,101.23,48.9,48.1,0,3.5,1
2021-05-02,East_Zone,74.7,0,100.86,44.6,39.5,0,3.5,0
2021-05-03,East_Zone,76.5,0,101.08,56.5,47.2,0,3.5,0
2021-05-04,East_Zone,69.6,0,101.63,51.5,45.8,0,3.5,1
2021-05-05,East_Zone,74.3,0,102.13,50.5,45.7,0,3.5,0
2021-05-06,East_Zone,73.4,0,102.63,51.5,41.9,0,3.5,1
2021-05-07,East_Zone,73.8,0,102.57,52.8,44.3,0,3.5,0
2021-05-08,East_Zone,77.7,0,101.91,56.1,41.7,0,3.5,1
2021-05-09,East_Zone,77.8,0,101.65,47.1,49.7,0,3.5,0
2021-05-10,East_Zone,77.0,0,101.25,49.2,42.6,0,3.5,1
2021-05-11,East_Zone,74.3,0,101.3,55.4,43.8,0,3.5,1
2021-05-12,East_Zone,73.4,0,100.75,50.9,48.7,0,3.5,1
2021-05-13,East_Zone,77.6,0,101.08,55.8,41.9,0,3.5,0
2021-05-14,East_Zone,79.1,0,101.84,51.7,36.0,0,3.5,1
2021-05-15,East_Zone,78.8,0,103.0,60.5,39.7,0,3.5,0
2021-05-16,East_Zone,75.5,0,101.29,54.4,50.3,0,3.5,0
2021-05-17,East_Zone,74.1,0,100.6,58.1,45.4,0,3.5,0
2021-05-18,East_Zone,76.1,0,102.36,56.0,46.5,0,3.5,1
2021-05-19,East_Zone,76.3,0,99.36,55.1,46.5,0,3.5,1
2021-05-20,East_Zone,72.8,0,102.38,50.9,53.9,0,3.5,0
2021-05-21,East_Zone,73.4,0,99.88,57.6,34.6,0,3.5,0
2021-05-22,East_Zone,83.1,0,101.94,54.6,44.4,0,3.5,1
2021-05-23,East_Zone,72.8,0,100.78,49.5,45.2,0,3.5,0
2021-05-24,East_Zone,76.6,0,101.55,45.2,44.9,0,3.5,1
2021-05-25,East_Zone,72.5,0,103.29,54.9,49.0,0,3.5,1
2021-05-26,East_Zone,73.6,0,100.34,59.2,49.1,0,3.5,0
2021-05-27,East_Zone,71.2,0,100.15,49.4,43.9,0,3.5,1
2021-05-28,East_Zone,71.2,0,101.2,49.7,36.6,0,3.5,1
2021-05-29,East_Zone,75.9,0,102.62,52.8,57.5,0,3.5,1
2021-05-30,East_Zone,75.5,0,101.24,57.9,45.0,0,3.5,1
2021-05-31,East_Zone,79.5,0,101.08,46.1,45.4,0,3.5,0
2021-06-01,East_Zone,74.1,0,101.17,50.9,40.3,0,3.5,0
2021-06-02,East_Zone,74.5,0,99.97,49.0,32.0,0,3.5,0
2021-06-03,East_Zone,73.9,0,101.12,55.7,40.5,0,3.5,0
2021-06-04,East_Zone,71.1,0,100.52,52.6,32.5,0,3.5,0
2021-06-05,East_Zone,75.8,0,102.2,52.5,43.1,0,3.5,0
2021-06-06,East_Zone,73.5,0,101.65,52.9,36.3,0,3.5,0
2021-06-07,East_Zone,69.7,0,99.49,55.9,30.6,0,3.5,0
2021-06-08,East_Zone,77.3,0,100.5,57.7,44.9,0,3.5,0
2021-06-09,East_Zone,72.3,0,101.28,57.6,37.0,0,3.5,0
2021-06-10,East_Zone,75.0,0,99.74,55.2,31.0,0,3.5,0
2021-06-11,East_Zone,75.1,0,99.61,58.4,27.0,0,3.5,0
2021-06-12,East_Zone,74.6,0,100.2,49.4,37.5,0,3.5,0
2021-06-13,East_Zone,71.0,0,100.97,54.9,40.9,0,3.5,0
2021-06-14,East_Zone,78.2,0,101.63,63.0,35.9,0,3.5,0
2021-06-15,East_Zone,71.8,0,100.79,46.0,35.7,0,3.5,0
2021-06-16,East_Zone,66.6,0,102.99,52.1,41.8,0,3.5,0
2021-06-17,East_Zone,76.5,0,99.82,48.8,37.0,0,3.5,0
2021-06-18,East_Zone,76.4,0,101.2,54.6,30.7,0,3.5,0
2021-06-19,East_Zone,70.4,0,99.32,58.5,30.9,0,3.5,0
2021-06-20,East_Zone,74.0,0,102.0,56.0,36.8,0,3.5,0
2021-06-21,East_Zone,77.2,0,101.72,52.8,36.5,0,3.5,0
2021-06-22,East_Zone,78.2,0,101.04,55.6,39.4,0,3.5,0
2021-06-23,East_Zone,75.8,0,98.56,51.3,35.8,0,3.5,0
2021-06-24,East_Zone,76.5,0,100.96,54.2,37.4,0,3.5,0
2021-06-25,East_Zone,76.2,0,99.4,55.2,35.7,0,3.5,0
2021-06-26,East_Zone,73.6,0,100.64,60.3,38.8,0,3.5,0
2021-06-27,East_Zone,70.7,0,98.7,54.3,37.7,0,3.5,0
2021-06-28,East_Zone,73.2,0,100.39,54.0,32.7,0,3.5,0
2021-06-29,East_Zone,77.4,0,99.73,61.0,33.1,0,3.5,0
2021-06-30,East_Zone,77.3,0,99.27,44.9,35.6,0,3.5,0
2021-07-01,East_Zone,74.6,0,100.61,52.9,34.6,0,3.5,0
2021-07-02,East_Zone,73.0,0,99.93,50.0,40.6,0,3.5,0
2021-07-03,East_Zone,79.2,0,99.74,51.9,35.1,0,3.5,0
2021-07-04,East_Zone,74.4,0,100.65,55.7,26.9,0,3.5,0
2021-07-05,East_Zone,75.9,0,101.78,57.6,28.1,0,3.5,0
2021-07-06,East_Zone,70.4,0,100.12,51.0,32.8,0,3.5,0
2021-07-07,East_Zone,73.8,0,98.0,54.9,37.6,0,3.5,0
2021-07-08,East_Zone,77.3,0,98.22,48.7,30.4,0,3.5,0
2021-07-09,East_Zone,69.9,0,99.81,47.8,37.3,0,3.5,0
2021-07-10,East_Zone,73.9,0,100.73,53.6,30.2,0,3.5,0
2021-07-11,East_Zone,75.2,0,99.81,52.0,34.8,0,3.5,0
2021-07-12,East_Zone,78.3,0,100.15,59.0,36.1,0,3.5,0
2021-07-13,East_Zone,76.9,0,99.55,61.3,28.3,0,3.5,0
2021-07-14,East_Zone,79.1,0,100.54,50.8,36.0,0,3.5,0
2021-07-15,East_Zone,76.5,0,100.16,45.8,42.1,0,3.5,0
2021-07-16,East_Zone,76.7,0,98.49,46.9,33.0,0,3.5,0
2021-07-17,East_Zone,71.1,0,99.92,49.6,34.4,0,3.5,0
2021-07-18,East_Zone,71.0,0,97.9,53.0,35.3,0,3.5,0
2021-07-19,East_Zone,79.0,0,99.85,51.9,34.5,0,3.5,0
2021-07-20,East_Zone,72.6,0,99.09,47.6,34.1,0,3.5,0
2021-07-21,East_Zone,72.4,0,99.5,59.9,33.7,0,3.5,0
2021-07-22,East_Zone,67.1,0,99.63,55.5,26.2,0,3.5,0
2021-07-23,East_Zone,77.2,0,99.56,59.9,36.3,0,3.5,0
2021-07-24,East_Zone,70.6,0,100.66,46.1,28.6,0,3.5,0
2021-07-25,East_Zone,71.5,0,99.25,57.8,35.9,0,3.5,0
2021-07-26,East_Zone,77.3,0,99.37,52.2,37.5,0,3.5,0
2021-07-27,East_Zone,67.4,0,100.48,51.6,36.0,0,3.5,0
2021-07-28,East_Zone,78.1,0,101.02,53.5,29.6,0,3.5,0
2021-07-29,East_Zone,71.5,0,99.07,49.8,35.6,0,3.5,0
2021-07-30,East_Zone,73.6,0,98.55,51.8,32.9,0,3.5,0
2021-07-31,East_Zone,71.7,0,98.56,56.2,31.1,0,3.5,0
2021-08-01,East_Zone,70.0,0,99.45,44.9,44.3,0,3.5,0
2021-08-02,East_Zone,71.7,0,98.76,58.5,29.5,0,3.5,0
2021-08-03,East_Zone,71.5,0,97.19,53.4,36.5,0,3.5,0
2021-08-04,East_Zone,70.3,0,100.03,52.6,41.6,0,3.5,0
2021-08-05,East_Zone,78.6,0,99.7,56.6,35.9,0,3.5,0
2021-08-06,East_Zone,71.1,0,100.0,54.5,30.9,0,3.5,0
2021-08-07,East_Zone,68.3,0,100.17,51.1,31.2,0,3.5,0
2021-08-08,East_Zone,67.8,0,98.99,49.5,27.0,0,3.5,0
2021-08-09,East_Zone,75.3,0,99.03,58.6,34.5,0,3.5,0
2021-08-10,East_Zone,68.8,0,99.75,47.0,34.7,0,3.5,0
2021-08-11,East_Zone,73.5,0,97.5,51.2,32.7,0,3.5,0
2021-08-12,East_Zone,79.9,0,98.34,46.7,41.1,0,3.5,0
2021-08-13,East_Zone,74.5,0,98.6,54.4,33.8,0,3.5,0
2021-08-14,East_Zone,75.0,0,99.56,52.4,26.2,0,3.5,0
2021-08-15,East_Zone,72.4,0,98.07,47.2,41.6,0,3.5,0
2021-08-16,East_Zone,74.0,0,97.88,48.7,28.3,0,3.5,0
2021-08-17,East_Zone,73.4,0,98.13,52.4,36.7,0,3.5,0
2021-08-18,East_Zone,74.9,0,99.01,53.7,37.4,0,3.5,0
2021-08-19,East_Zone,79.0,0,98.45,44.6,33.8,0,3.5,0
2021-08-20,East_Zone,72.7,0,97.04,49.0,38.9,0,3.5,0
2021-08-21,East_Zone,71.6,0,97.22,52.5,34.6,0,3.5,0
2021-08-22,East_Zone,73.8,0,98.59,57.3,32.4,0,3.5,0
2021-08-23,East_Zone,76.9,0,98.6,55.8,23.8,0,3.5,0
2021-08-24,East_Zone,73.0,0,98.44,50.6,25.6,0,3.5,0
2021-08-25,East_Zone,74.8,0,97.92,56.2,48.0,0,3.5,0
2021-08-26,East_Zone,75.5,0,99.15,51.4,37.9,0,3.5,0
2021-08-27,East_Zone,80.5,0,98.72,40.0,40.5,0,3.5,0
2021-08-28,East_Zone,76.8,0,98.66,58.2,46.8,0,3.5,0
2021-08-29,East_Zone,71.4,0,98.68,54.3,32.4,0,3.5,0
2021-08-30,East_Zone,67.4,0,99.89,53.7,33.5,0,3.5,0
2021-08-31,East_Zone,74.5,0,97.25,51.9,26.0,0,3.5,0
2021-09-01,East_Zone,71.9,0,97.84,53.3,58.8,0,3.5,0
2021-09-02,East_Zone,72.5,0,97.9,52.2,58.7,0,3.5,0
2021-09-03,East_Zone,71.0,0,99.48,51.6,58.3,0,3.5,0
2021-09-04,East_Zone,72.5,0,97.83,49.5,65.5,0,3.5,0
2021-09-05,East_Zone,72.4,0,97.4,52.3,63.8,0,3.5,0
2021-09-06,East_Zone,73.7,0,98.07,48.7,64.8,0,3.5,0
2021-09-07,East_Zone,72.0,0,98.27,47.7,54.1,0,3.5,0
2021-09-08,East_Zone,71.8,0,99.35,53.8,60.4,0,3.5,0
2021-09-09,East_Zone,75.6,0,97.76,56.0,62.0,0,3.5,0
2021-09-10,East_Zone,74.0,0,97.44,48.8,69.6,0,3.5,0
2021-09-11,East_Zone,74.0,0,97.2,49.4,60.8,0,3.5,0
2021-09-12,East_Zone,73.9,0,97.76,45.3,59.4,0,3.5,0
2021-09-13,East_Zone,71.3,0,100.66,48.0,65.7,0,3.5,0
2021-09-14,East_Zone,78.3,0,98.46,47.3,59.0,0,3.5,0
2021-09-15,East_Zone,80.1,0,98.67,56.4,62.6,0,3.5,0
2021-09-16,East_Zone,77.7,0,98.06,45.3,62.4,0,3.5,0
2021-09-17,East_Zone,68.7,0,98.19,54.1,57.6,0,3.5,0
2021-09-18,East_Zone,72.0,0,98.83,51.5,56.8,0,3.5,0
2021-09-19,East_Zone,76.1,0,98.6,54.9,59.8,0,3.5,0
2021-09-20,East_Zone,71.7,0,98.38,57.0,57.8,0,3.5,0
2021-09-21,East_Zone,71.9,0,98.04,52.1,52.5,0,3.5,0
2021-09-22,East_Zone,69.9,0,97.67,56.6,63.6,0,3.5,0
2021-09-23,East_Zone,72.9,0,98.44,58.6,62.9,0,3.5,0
2021-09-24,East_Zone,71.5,0,98.1,57.6,56.3,0,3.5,0
2021-09-25,East_Zone,66.8,0,100.14,50.4,55.8,0,3.5,0
2021-09-26,East_Zone,77.5,0,99.06,44.7,62.4,0,3.5,0
2021-09-27,East_Zone,75.3,0,97.33,51.4,68.8,0,3.5,0
2021-09-28,East_Zone,70.0,0,96.83,52.4,65.1,0,3.5,0
2021-09-29,East_Zone,76.6,0,97.6,44.2,66.0,0,3.5,0
2021-09-30,East_Zone,74.4,0,96.92,52.0,58.5,0,3.5,0
2021-10-01,East_Zone,77.5,0,97.54,41.7,62.1,0,3.5,0
2021-10-02,East_Zone,76.2,0,97.03,58.0,59.3,0,3.5,0
2021-10-03,East_Zone,71.7,0,97.67,54.0,56.4,0,3.5,0
2021-10-04,East_Zone,76.0,0,97.69,48.8,61.0,0,3.5,0
2021-10-05,East_Zone,76.1,0,98.15,52.8,55.7,0,3.5,0
2021-10-06,East_Zone,77.2,0,97.8,53.1,56.3,0,3.5,0
2021-10-07,East_Zone,77.0,0,97.11,53.8,69.8,0,3.5,0
2021-10-08,East_Zone,80.2,0,99.23,53.0,58.3,0,3.5,0
2021-10-09,East_Zone,76.9,0,98.42,56.1,71.9,0,3.5,0
2021-10-10,East_Zone,71.6,0,97.48,46.9,49.7,0,3.5,0
2021-10-11,East_Zone,74.5,0,97.14,51.3,67.3,0,3.5,0
2021-10-12,East_Zone,70.9,0,96.57,58.8,67.9,0,3.5,0
2021-10-13,East_Zone,77.6,0,96.5,50.2,60.0,0,3.5,0
2021-10-14,East_Zone,71.4,0,99.1,53.6,62.8,0,3.5,0
2021-10-15,East_Zone,80.7,0,99.0,48.6,62.1,0,3.5,0
2021-10-16,East_Zone,73.1,0,97.48,60.6,59.5,0,3.5,0
2021-10-17,East_Zone,73.9,0,99.44,53.9,55.6,0,3.5,0
2021-10-18,East_Zone,72.6,0,98.7,47.4,57.3,0,3.5,0
2021-10-19,East_Zone,71.8,0,98.3,56.7,69.8,0,3.5,0
2021-10-20,East_Zone,72.4,0,98.97,48.3,57.3,0,3.5,0
2021-10-21,East_Zone,74.7,0,98.74,55.2,68.6,0,3.5,0
2021-10-22,East_Zone,74.1,0,98.29,56.4,57.9,0,3.5,0
2021-10-23,East_Zone,72.7,0,97.9,60.3,58.4,0,3.5,0
2021-10-24,East_Zone,74.9,0,98.05,53.1,72.4,0,3.5,0
2021-10-25,East_Zone,72.4,0,96.56,51.8,59.1,0,3.5,0
2021-10-26,East_Zone,74.0,0,97.39,43.8,67.3,0,3.5,0
2021-10-27,East_Zone,79.3,0,100.0,51.2,59.9,0,3.5,0
2021-10-28,East_Zone,72.3,0,97.39,49.1,52.6,0,3.5,0
2021-10-29,East_Zone,73.1,0,96.38,50.8,73.8,0,3.5,0
2021-10-30,East_Zone,70.5,0,99.15,50.6,61.1,0,3.5,0
2021-10-31,East_Zone,73.0,0,98.51,55.5,63.6,0,3.5,0
2021-11-01,East_Zone,75.1,0,98.59,50.2,57.5,0,3.5,0
2021-11-02,East_Zone,72.4,0,98.14,54.2,63.7,0,3.5,0
2021-11-03,East_Zone,70.6,0,99.23,52.2,74.2,0,3.5,0
2021-11-04,East_Zone,75.1,0,99.87,50.5,60.6,0,3.5,0
2021-11-05,East_Zone,75.4,0,97.84,49.3,69.9,0,3.5,0
2021-11-06,East_Zone,75.8,0,99.01,53.5,62.4,0,3.5,0
2021-11-07,East_Zone,70.3,0,99.52,58.3,69.7,0,3.5,0
2021-11-08,East_Zone,78.1,0,97.84,49.2,67.7,0,3.5,0
2021-11-09,East_Zone,72.5,0,99.95,53.2,62.6,0,3.5,0
2021-11-10,East_Zone,71.0,0,99.58,54.8,68.9,0,3.5,0
2021-11-11,East_Zone,77.1,0,97.24,51.8,62.7,0,3.5,0
2021-11-12,East_Zone,78.0,0,100.1,46.0,58.5,0,3.5,0
2021-11-13,East_Zone,73.1,0,97.34,53.9,58.5,0,3.5,0
2021-11-14,East_Zone,71.5,0,97.87,46.1,50.6,0,3.5,0
2021-11-15,East_Zone,75.3,0,99.26,46.7,60.8,0,3.5,0
2021-11-16,East_Zone,70.0,0,99.64,47.6,58.1,0,3.5,0
2021-11-17,East_Zone,81.7,0,98.72,51.8,62.0,0,3.5,0
2021-11-18,East_Zone,70.9,0,98.02,48.4,56.2,0,3.5,0
2021-11-19,East_Zone,75.1,0,98.42,46.6,66.9,0,3.5,0
2021-11-20,East_Zone,73.5,0,98.32,53.8,64.5,0,3.5,0
2021-11-21,East_Zone,71.2,0,99.57,52.7,56.4,0,3.5,0
2021-11-22,East_Zone,71.2,0,98.35,55.4,56.3,0,3.5,0
2021-11-23,East_Zone,77.4,0,98.13,49.3,64.3,0,3.5,0
2021-11-24,East_Zone,75.1,0,97.33,51.7,50.2,0,3.5,0
2021-11-25,East_Zone,71.9,0,98.24,55.5,63.0,0,3.5,0
2021-11-26,East_Zone,72.3,0,98.75,47.2,50.8,0,3.5,0
2021-11-27,East_Zone,71.6,0,97.76,49.5,80.2,0,3.5,0
2021-11-28,East_Zone,76.6,0,97.18,55.8,63.3,0,3.5,0
2021-11-29,East_Zone,76.8,0,99.93,53.1,50.8,0,3.5,0
2021-11-30,East_Zone,75.6,0,97.98,51.6,58.1,0,3.5,0
2021-12-01,East_Zone,74.8,0,97.7,51.9,73.6,0,3.5,0
2021-12-02,East_Zone,75.9,0,100.61,58.1,62.1,0,3.5,0
2021-12-03,East_Zone,69.1,0,99.92,52.9,71.8,0,3.5,0
2021-12-04,East_Zone,74.8,0,100.13,53.2,74.4,0,3.5,0
2021-12-05,East_Zone,77.2,0,99.64,52.8,61.7,0,3.5,0
2021-12-06,East_Zone,74.7,0,100.48,46.7,75.7,0,3.5,0
2021-12-07,East_Zone,74.2,0,100.08,55.0,71.4,0,3.5,0
2021-12-08,East_Zone,72.1,0,98.88,49.3,76.6,0,3.5,0
2021-12-09,East_Zone,72.3,0,98.2,47.2,70.8,0,3.5,0
2021-12-10,East_Zone,72.4,0,98.01,45.2,66.7,0,3.5,0
2021-12-11,East_Zone,74.7,0,99.19,46.5,66.2,0,3.5,0
2021-12-12,East_Zone,72.5,0,98.26,43.2,70.4,0,3.5,0
2021-12-13,East_Zone,68.5,0,98.59,48.3,71.1,0,3.5,0
2021-12-14,East_Zone,76.4,0,99.27,51.0,77.3,0,3.5,0
2021-12-15,East_Zone,75.6,0,100.85,57.6,70.6,0,3.5,0
2021-12-16,East_Zone,75.1,0,97.98,52.4,64.2,0,3.5,0
2021-12-17,East_Zone,71.2,0,99.55,53.8,69.7,0,3.5,0
2021-12-18,East_Zone,72.5,0,98.3,57.4,64.4,0,3.5,0
2021-12-19,East_Zone,75.6,0,99.03,41.2,73.7,0,3.5,0
2021-12-20,East_Zone,74.1,0,100.55,54.8,74.9,0,3.5,0
2021-12-21,East_Zone,71.9,0,98.81,53.8,75.8,0,3.5,0
2021-12-22,East_Zone,77.9,0,99.43,56.1,70.5,0,3.5,0
2021-12-23,East_Zone,71.5,0,99.87,45.8,68.5,0,3.5,0
2021-12-24,East_Zone,65.0,0,100.46,50.9,69.4,0,3.5,0
2021-12-25,East_Zone,74.3,0,99.25,49.0,71.5,0,3.5,0
2021-12-26,East_Zone,74.4,0,101.09,48.3,69.5,0,3.5,0
2021-12-27,East_Zone,74.2,0,99.42,62.0,80.0,0,3.5,0
2021-12-28,East_Zone,75.2,0,100.38,50.9,70.2,0,3.5,0
2021-12-29,East_Zone,72.3,0,99.74,56.6,71.5,0,3.5,0
2021-12-30,East_Zone,77.1,0,100.71,56.1,68.2,0,3.5,0
2021-12-31,East_Zone,69.9,0,102.03,48.1,68.4,0,3.5,0
2022-01-01,East_Zone,73.9,0,103.76,52.4,65.6,0,3.75,0
2022-01-02,East_Zone,72.1,0,104.05,54.9,66.9,0,3.75,0
2022-01-03,East_Zone,77.0,0,103.67,56.0,81.4,0,3.75,0
2022-01-04,East_Zone,71.6,0,103.55,55.7,74.7,0,3.75,0
2022-01-05,East_Zone,74.2,0,103.47,61.4,70.3,0,3.75,0
2022-01-06,East_Zone,74.3,0,104.19,58.3,68.7,0,3.75,0
2022-01-07,East_Zone,74.6,0,103.46,57.0,78.2,0,3.75,0
2022-01-08,East_Zone,71.8,0,103.53,58.3,67.8,0,3.75,0
2022-01-09,East_Zone,75.1,0,101.14,58.9,63.5,0,3.75,0
2022-01-10,East_Zone,74.1,0,105.73,52.8,74.4,0,3.75,0
2022-01-11,East_Zone,75.0,0,106.02,49.1,67.4,0,3.75,0
2022-01-12,East_Zone,78.7,0,105.06,52.6,65.6,0,3.75,0
2022-01-13,East_Zone,74.3,0,103.57,48.9,66.5,0,3.75,0
2022-01-14,East_Zone,71.0,0,103.21,50.4,74.1,0,3.75,0
2022-01-15,East_Zone,79.9,0,102.95,54.6,71.5,0,3.75,0
2022-01-16,East_Zone,76.9,0,105.18,52.9,67.1,0,3.75,0
2022-01-17,East_Zone,76.0,0,105.84,57.9,74.3,0,3.75,0
2022-01-18,East_Zone,73.5,0,104.78,56.1,67.9,0,3.75,0
2022-01-19,East_Zone,76.2,0,105.5,56.7,63.8,0,3.75,0
2022-01-20,East_Zone,67.8,0,105.12,50.0,65.5,0,3.75,0
2022-01-21,East_Zone,78.6,0,103.94,51.1,72.1,0,3.75,0
2022-01-22,East_Zone,76.7,0,105.75,47.7,68.1,0,3.75,0
2022-01-23,East_Zone,73.5,0,105.72,57.6,72.5,0,3.75,0
2022-01-24,East_Zone,76.6,0,103.81,62.2,77.6,0,3.75,0
2022-01-25,East_Zone,75.9,0,105.64,56.0,68.8,0,3.75,0
2022-01-26,East_Zone,71.0,0,104.72,56.0,85.3,0,3.75,0
2022-01-27,East_Zone,74.5,0,104.64,52.7,73.4,0,3.75,0
2022-01-28,East_Zone,75.1,0,105.32,54.3,71.1,0,3.75,0
2022-01-29,East_Zone,73.6,0,105.32,60.2,65.3,0,3.75,0
2022-01-30,East_Zone,73.3,0,105.88,55.7,70.3,0,3.75,0
2022-01-31,East_Zone,76.7,0,104.17,57.2,70.8,0,3.75,0
2022-02-01,East_Zone,74.5,0,105.61,60.4,75.8,1,3.75,0
2022-02-02,East_Zone,79.6,0,103.92,59.0,69.0,1,3.75,0
2022-02-03,East_Zone,72.0,0,104.93,55.1,74.2,1,3.75,0
2022-02-04,East_Zone,75.2,0,105.02,55.4,72.2,1,3.75,0
2022-02-05,East_Zone,71.2,0,106.13,53.9,76.9,1,3.75,0
2022-02-06,East_Zone,76.0,0,105.2,57.1,77.3,1,3.75,0
2022-02-07,East_Zone,70.7,0,104.96,53.3,73.7,1,3.75,0
2022-02-08,East_Zone,74.9,0,106.67,57.1,75.8,1,3.75,0
2022-02-09,East_Zone,77.5,0,104.84,59.1,77.6,1,3.75,0
2022-02-10,East_Zone,74.2,0,104.83,48.2,74.7,1,3.75,0
2022-02-11,East_Zone,71.0,0,103.45,47.0,73.4,1,3.75,0
2022-02-12,East_Zone,76.8,0,105.13,54.9,74.0,1,3.75,0
2022-02-13,East_Zone,75.1,0,104.43,57.4,80.1,1,3.75,0
2022-02-14,East_Zone,73.7,0,105.15,56.2,72.6,1,3.75,0
2022-02-15,East_Zone,71.1,0,105.66,50.4,75.6,1,3.75,0
2022-02-16,East_Zone,69.2,0,104.36,58.3,68.6,1,3.75,0
2022-02-17,East_Zone,80.8,0,104.65,62.5,79.5,1,3.75,0
2022-02-18,East_Zone,72.3,0,103.89,51.1,74.2,1,3.75,0
2022-02-19,East_Zone,71.0,0,105.01,52.1,70.3,1,3.75,0
2022-02-20,East_Zone,74.9,0,104.59,54.9,71.6,1,3.75,0
2022-02-21,East_Zone,70.9,0,107.7,55.6,70.9,1,3.75,0
2022-02-22,East_Zone,75.5,0,107.09,60.6,72.0,1,3.75,0
2022-02-23,East_Zone,78.1,0,106.94,56.9,73.0,1,3.75,0
2022-02-24,East_Zone,70.8,0,104.33,53.6,71.0,1,3.75,0
2022-02-25,East_Zone,73.1,0,105.47,52.8,64.1,1,3.75,0
2022-02-26,East_Zone,75.3,0,104.46,48.7,80.9,1,3.75,0
2022-02-27,East_Zone,70.3,0,107.52,61.5,73.3,1,3.75,0
2022-02-28,East_Zone,71.3,0,106.53,58.1,73.4,1,3.75,0
2022-03-01,East_Zone,73.6,0,104.66,54.5,44.8,1,3.75,0
2022-03-02,East_Zone,79.9,0,106.1,55.9,49.5,1,3.75,1
2022-03-03,East_Zone,71.4,0,104.27,54.3,45.2,1,3.75,1
2022-03-04,East_Zone,73.2,0,105.63,48.2,43.4,1,3.75,0
2022-03-05,East_Zone,81.4,0,105.61,49.6,43.8,1,3.75,0
2022-03-06,East_Zone,76.4,0,106.54,54.8,51.3,1,3.75,0
2022-03-07,East_Zone,68.9,0,106.8,54.8,58.0,1,3.75,1
2022-03-08,East_Zone,73.3,0,105.85,55.3,44.8,1,3.75,1
2022-03-09,East_Zone,75.8,0,105.62,62.0,42.8,1,3.75,0
2022-03-10,East_Zone,78.3,0,102.62,52.9,43.4,1,3.75,1
2022-03-11,East_Zone,78.2,0,107.43,52.9,50.4,1,3.75,1
2022-03-12,East_Zone,75.7,0,105.22,55.3,40.4,1,3.75,0
2022-03-13,East_Zone,76.2,0,105.99,49.8,48.3,1,3.75,1
2022-03-14,East_Zone,70.1,0,108.16,56.9,48.5,1,3.75,0
2022-03-15,East_Zone,71.9,0,104.72,52.0,58.1,1,3.75,0
2022-03-16,East_Zone,70.1,0,105.94,56.3,44.1,0,3.75,0
2022-03-17,East_Zone,77.1,0,106.43,54.9,37.6,0,3.75,0
2022-03-18,East_Zone,75.1,0,107.03,55.2,48.3,0,3.75,0
2022-03-19,East_Zone,74.3,0,105.95,57.9,37.0,0,3.75,0
2022-03-20,East_Zone,78.6,0,107.13,58.8,45.8,0,3.75,0
2022-03-21,East_Zone,75.6,0,105.55,63.4,45.3,0,3.75,1
2022-03-22,East_Zone,77.4,0,106.51,58.4,48.8,0,3.75,1
2022-03-23,East_Zone,76.3,0,106.39,54.6,40.5,0,3.75,0
2022-03-24,East_Zone,76.6,0,105.89,52.8,40.3,0,3.75,1
2022-03-25,East_Zone,70.9,0,106.31,56.9,47.7,0,3.75,1
2022-03-26,East_Zone,76.9,0,105.11,60.9,56.1,0,3.75,0
2022-03-27,East_Zone,75.4,0,105.69,58.7,34.9,0,3.75,1
2022-03-28,East_Zone,72.8,0,104.71,52.0,57.0,0,3.75,0
2022-03-29,East_Zone,76.1,0,105.56,57.0,54.0,0,3.75,0
2022-03-30,East_Zone,77.9,0,107.14,56.7,47.7,0,3.75,1
2022-03-31,East_Zone,73.7,0,106.42,59.8,51.1,0,3.75,1
2022-04-01,East_Zone,71.8,0,106.31,56.7,47.3,0,3.75,0
2022-04-02,East_Zone,71.9,0,104.4,55.8,49.9,0,3.75,1
2022-04-03,East_Zone,69.8,0,106.32,50.8,36.4,0,3.75,1
2022-04-04,East_Zone,73.5,0,105.93,58.5,43.6,0,3.75,1
2022-04-05,East_Zone,75.8,0,106.53,50.0,51.5,0,3.75,1
2022-04-06,East_Zone,79.2,0,107.38,56.3,37.4,0,3.75,0
2022-04-07,East_Zone,71.6,0,105.58,53.0,43.6,0,3.75,1
2022-04-08,East_Zone,75.1,0,105.67,52.8,43.9,0,3.75,0
2022-04-09,East_Zone,74.1,0,106.9,58.1,42.9,0,3.75,0
2022-04-10,East_Zone,74.0,0,105.37,55.1,51.9,0,3.75,1
2022-04-11,East_Zone,69.4,0,106.06,45.9,51.1,0,3.75,1
2022-04-12,East_Zone,71.0,0,103.97,53.8,43.5,0,3.75,1
2022-04-13,East_Zone,79.4,0,105.65,53.7,39.9,0,3.75,0
2022-04-14,East_Zone,77.0,0,107.26,60.9,51.4,0,3.75,1
2022-04-15,East_Zone,74.8,0,106.28,50.5,48.9,0,3.75,0
2022-04-16,East_Zone,75.4,0,106.84,63.4,44.9,0,3.75,0
2022-04-17,East_Zone,76.2,0,106.88,59.2,48.3,0,3.75,0
2022-04-18,East_Zone,72.7,0,107.27,54.8,48.2,0,3.75,0
2022-04-19,East_Zone,72.8,0,105.56,53.5,40.6,0,3.75,1
2022-04-20,East_Zone,72.2,0,106.84,53.2,42.0,0,3.75,1
2022-04-21,East_Zone,74.5,0,108.13,57.5,45.0,0,3.75,1
2022-04-22,East_Zone,70.5,0,105.85,52.2,35.3,0,3.75,0
2022-04-23,East_Zone,72.0,0,104.54,54.3,43.3,0,3.75,1
2022-04-24,East_Zone,75.5,0,105.25,50.8,41.0,0,3.75,0
2022-04-25,East_Zone,72.9,0,106.3,58.4,45.9,0,3.75,0
2022-04-26,East_Zone,68.7,0,104.16,55.3,39.4,0,3.75,0
2022-04-27,East_Zone,72.9,0,105.04,53.1,47.1,0,3.75,1
2022-04-28,East_Zone,75.6,0,105.46,54.2,46.1,0,3.75,1
2022-04-29,East_Zone,74.3,0,105.89,52.6,44.5,0,3.75,1
2022-04-30,East_Zone,68.9,0,107.56,57.3,47.3,0,3.75,1
2022-05-01,East_Zone,77.1,0,103.43,49.4,48.0,0,3.75,0
2022-05-02,East_Zone,73.3,0,101.61,57.3,43.8,0,3.75,1
2022-05-03,East_Zone,75.0,0,106.58,56.3,45.2,0,3.75,0
2022-05-04,East_Zone,77.1,0,102.67,52.3,41.6,0,3.75,0
2022-05-05,East_Zone,73.6,0,100.99,55.7,41.5,0,3.75,1
2022-05-06,East_Zone,68.3,0,101.61,55.2,52.9,0,3.75,0
2022-05-07,East_Zone,79.3,0,101.6,49.5,44.0,0,3.75,1
2022-05-08,East_Zone,67.4,0,101.26,58.7,44.9,0,3.75,0
2022-05-09,East_Zone,73.0,0,103.11,44.3,44.6,0,3.75,0
2022-05-10,East_Zone,77.9,0,99.9,57.3,46.9,0,3.75,0
2022-05-11,East_Zone,71.9,0,103.53,53.8,42.3,0,3.75,0
2022-05-12,East_Zone,72.1,0,103.34,58.3,42.8,0,3.75,1
2022-05-13,East_Zone,73.3,0,102.05,59.6,49.7,0,3.75,1
2022-05-14,East_Zone,73.5,0,103.4,52.7,37.6,0,3.75,0
2022-05-15,East_Zone,71.4,0,101.37,52.0,45.9,0,3.75,0
2022-05-16,East_Zone,72.1,0,101.59,54.9,40.9,0,3.75,0
2022-05-17,East_Zone,77.2,0,102.96,49.6,35.0,0,3.75,1
2022-05-18,East_Zone,72.4,0,102.18,52.5,44.6,0,3.75,0
2022-05-19,East_Zone,75.5,0,101.74,52.0,39.2,0,3.75,1
2022-05-20,East_Zone,71.3,0,102.22,49.1,38.3,0,3.75,0
2022-05-21,East_Zone,78.2,0,103.63,52.6,58.0,0,3.75,1
2022-05-22,East_Zone,76.8,0,103.56,57.4,47.7,0,3.75,0
2022-05-23,East_Zone,73.7,0,102.68,56.8,47.8,0,3.75,0
2022-05-24,East_Zone,75.9,0,101.88,53.0,44.7,0,3.75,0
2022-05-25,East_Zone,78.6,0,102.72,54.3,39.0,0,3.75,0
2022-05-26,East_Zone,71.0,0,101.31,52.3,44.2,0,3.75,1
2022-05-27,East_Zone,70.8,0,103.32,47.3,43.2,0,3.75,1
2022-05-28,East_Zone,75.1,0,103.07,50.2,35.4,0,3.75,0
2022-05-29,East_Zone,70.1,0,104.02,58.4,54.0,0,3.75,1
2022-05-30,East_Zone,69.3,0,101.26,58.3,44.6,0,3.75,0
2022-05-31,East_Zone,69.2,0,101.11,50.0,40.8,0,3.75,1
2022-06-01,East_Zone,74.4,0,102.55,58.5,34.6,0,3.75,0
2022-06-02,East_Zone,67.9,0,101.7,48.9,27.1,0,3.75,0
2022-06-03,East_Zone,72.8,0,102.94,52.1,29.3,0,3.75,0
2022-06-04,East_Zone,63.7,0,103.23,53.8,41.7,0,3.75,0
2022-06-05,East_Zone,75.3,0,103.58,53.3,31.4,0,3.75,0
2022-06-06,East_Zone,75.5,0,101.91,51.0,33.9,0,3.75,0
2022-06-07,East_Zone,73.4,0,102.7,54.6,34.5,0,3.75,0
2022-06-08,East_Zone,77.5,0,101.27,56.6,33.1,0,3.75,0
2022-06-09,East_Zone,76.4,0,101.97,48.0,31.3,0,3.75,0
2022-06-10,East_Zone,71.6,0,101.67,54.2,45.3,0,3.75,0
2022-06-11,East_Zone,71.4,0,101.58,57.5,30.3,0,3.75,0
2022-06-12,East_Zone,76.7,0,103.48,52.7,29.5,0,3.75,0
2022-06-13,East_Zone,76.1,0,100.28,50.9,36.5,0,3.75,0
2022-06-14,East_Zone,73.2,0,101.59,50.2,27.6,0,3.75,0
2022-06-15,East_Zone,68.7,0,101.61,61.6,39.1,0,3.75,0
2022-06-16,East_Zone,76.8,0,102.17,59.8,33.0,0,3.75,0
2022-06-17,East_Zone,74.2,0,100.4,52.0,34.6,0,3.75,0
2022-06-18,East_Zone,73.8,0,101.16,58.2,35.5,0,3.75,0
2022-06-19,East_Zone,65.5,0,100.83,51.2,32.3,0,3.75,0
2022-06-20,East_Zone,75.6,0,99.14,52.0,38.6,0,3.75,0
2022-06-21,East_Zone,73.8,0,102.52,49.8,37.2,0,3.75,0
2022-06-22,East_Zone,72.4,0,99.86,45.6,36.6,0,3.75,0
2022-06-23,East_Zone,71.5,0,99.69,50.6,26.4,0,3.75,0
2022-06-24,East_Zone,74.3,0,102.21,52.2,32.3,0,3.75,0
2022-06-25,East_Zone,75.4,0,100.89,55.1,33.4,0,3.75,0
2022-06-26,East_Zone,72.9,0,100.89,56.0,42.7,0,3.75,0
2022-06-27,East_Zone,75.7,0,100.87,52.9,26.9,0,3.75,0
2022-06-28,East_Zone,70.5,0,102.19,49.9,30.8,0,3.75,0
2022-06-29,East_Zone,72.0,0,100.53,50.6,39.4,0,3.75,0
2022-06-30,East_Zone,76.1,0,101.65,60.0,29.3,0,3.75,0
2022-07-01,East_Zone,72.8,0,99.88,55.5,30.7,0,3.75,0
2022-07-02,East_Zone,79.2,0,101.31,59.2,42.4,0,3.75,0
2022-07-03,East_Zone,74.8,0,101.85,60.8,35.8,0,3.75,0
2022-07-04,East_Zone,70.5,0,102.32,51.3,38.3,0,3.75,0
2022-07-05,East_Zone,69.3,0,99.33,56.0,37.6,0,3.75,0
2022-07-06,East_Zone,76.4,0,100.55,49.6,34.6,0,3.75,0
2022-07-07,East_Zone,72.2,0,102.41,58.1,34.5,0,3.75,0
2022-07-08,East_Zone,76.8,0,101.7,57.0,38.4,0,3.75,0
2022-07-09,East_Zone,72.4,0,100.54,44.8,29.8,0,3.75,0
2022-07-10,East_Zone,74.7,0,100.71,54.9,42.7,0,3.75,0
2022-07-11,East_Zone,73.0,0,100.97,50.0,31.3,0,3.75,0
2022-07-12,East_Zone,74.8,0,100.27,51.7,39.1,0,3.75,0
2022-07-13,East_Zone,76.2,0,101.15,50.8,36.5,0,3.75,0
2022-07-14,East_Zone,74.1,0,101.06,57.1,31.3,0,3.75,0
2022-07-15,East_Zone,76.0,0,99.42,50.0,36.4,0,3.75,0
2022-07-16,East_Zone,68.9,0,100.02,47.9,34.6,0,3.75,0
2022-07-17,East_Zone,75.2,0,100.02,49.8,25.2,0,3.75,0
2022-07-18,East_Zone,74.1,0,100.18,52.2,33.6,0,3.75,0
2022-07-19,East_Zone,73.2,0,100.68,54.9,27.8,0,3.75,0
2022-07-20,East_Zone,66.8,0,100.55,58.0,36.5,0,3.75,0
2022-07-21,East_Zone,69.0,0,99.62,54.9,33.3,0,3.75,0
2022-07-22,East_Zone,74.7,0,101.65,56.0,38.4,0,3.75,0
2022-07-23,East_Zone,75.1,0,100.28,56.1,30.5,0,3.75,0
2022-07-24,East_Zone,75.2,0,101.71,57.0,27.5,0,3.75,0
2022-07-25,East_Zone,74.0,0,101.65,57.8,28.6,0,3.75,0
2022-07-26,East_Zone,70.4,0,99.12,62.7,44.1,0,3.75,0
2022-07-27,East_Zone,70.9,0,99.66,56.1,49.1,0,3.75,0
2022-07-28,East_Zone,67.7,0,99.7,54.0,44.0,0,3.75,0
2022-07-29,East_Zone,74.4,0,100.4,51.3,26.3,0,3.75,0
2022-07-30,East_Zone,79.7,0,100.78,54.6,27.1,0,3.75,0
2022-07-31,East_Zone,73.7,0,100.17,57.7,28.7,0,3.75,0
2022-08-01,East_Zone,71.7,0,99.45,47.9,37.9,0,3.75,0
2022-08-02,East_Zone,74.1,0,101.62,58.7,44.5,0,3.75,0
2022-08-03,East_Zone,73.6,0,99.5,51.1,38.5,0,3.75,0
2022-08-04,East_Zone,68.8,0,100.65,52.3,34.9,0,3.75,0
2022-08-05,East_Zone,74.8,0,99.84,55.0,29.4,0,3.75,0
2022-08-06,East_Zone,73.7,0,99.79,50.8,32.6,0,3.75,0
2022-08-07,East_Zone,73.5,0,100.5,55.0,34.4,0,3.75,0
2022-08-08,East_Zone,80.0,0,101.34,48.9,38.4,0,3.75,0
2022-08-09,East_Zone,73.7,0,100.07,56.5,31.5,0,3.75,0
2022-08-10,East_Zone,79.5,0,99.25,53.5,36.0,0,3.75,0
2022-08-11,East_Zone,71.5,0,101.2,53.5,35.4,0,3.75,0
2022-08-12,East_Zone,69.5,0,100.18,54.2,34.5,0,3.75,0
2022-08-13,East_Zone,71.6,0,99.83,52.9,32.0,0,3.75,0
2022-08-14,East_Zone,77.5,0,100.67,55.0,34.6,0,3.75,0
2022-08-15,East_Zone,71.7,0,99.94,52.1,33.5,0,3.75,0
2022-08-16,East_Zone,69.7,0,102.05,52.7,30.1,0,3.75,0
2022-08-17,East_Zone,75.0,0,99.57,45.8,38.4,0,3.75,0
2022-08-18,East_Zone,72.8,0,100.69,58.7,41.9,0,3.75,0
2022-08-19,East_Zone,75.7,0,99.96,48.3,34.9,0,3.75,0
2022-08-20,East_Zone,72.0,0,99.93,59.4,33.8,0,3.75,0
2022-08-21,East_Zone,71.2,0,99.11,51.7,37.8,0,3.75,0
2022-08-22,East_Zone,79.0,0,99.09,57.5,34.9,0,3.75,0
2022-08-23,East_Zone,71.5,0,99.93,57.1,39.7,0,3.75,0
2022-08-24,East_Zone,71.5,0,98.54,56.3,34.5,0,3.75,0
2022-08-25,East_Zone,75.4,0,98.81,52.7,36.9,0,3.75,0
2022-08-26,East_Zone,65.6,0,99.38,48.0,42.7,0,3.75,0
2022-08-27,East_Zone,76.2,0,100.59,52.5,40.3,0,3.75,0
2022-08-28,East_Zone,79.4,0,99.41,51.5,33.2,0,3.75,0
2022-08-29,East_Zone,76.6,0,99.37,52.3,39.4,0,3.75,0
2022-08-30,East_Zone,70.9,0,98.23,47.4,28.7,0,3.75,0
2022-08-31,East_Zone,71.8,0,100.97,52.2,33.0,0,3.75,0
2022-09-01,East_Zone,74.2,0,100.36,41.5,64.2,0,3.75,0
2022-09-02,East_Zone,75.1,0,100.46,52.0,67.6,0,3.75,0
2022-09-03,East_Zone,78.8,0,97.77,52.6,56.2,0,3.75,0
2022-09-04,East_Zone,78.7,0,99.56,49.7,59.9,0,3.75,0
2022-09-05,East_Zone,73.4,0,98.26,51.2,60.0,0,3.75,0
2022-09-06,East_Zone,72.4,0,99.95,53.6,59.5,0,3.75,0
2022-09-07,East_Zone,71.7,0,99.49,56.8,53.9,0,3.75,0
2022-09-08,East_Zone,75.9,0,99.67,57.1,62.5,0,3.75,0
2022-09-09,East_Zone,77.2,0,98.42,53.6,53.6,0,3.75,0
2022-09-10,East_Zone,74.2,0,98.09,52.1,65.7,0,3.75,0
2022-09-11,East_Zone,74.0,0,98.47,53.8,66.7,0,3.75,0
2022-09-12,East_Zone,80.3,0,99.41,60.0,56.8,0,3.75,0
2022-09-13,East_Zone,76.0,0,98.85,54.5,53.7,0,3.75,0
2022-09-14,East_Zone,67.8,0,99.34,53.8,59.8,0,3.75,0
2022-09-15,East_Zone,73.9,0,98.05,56.5,57.4,0,3.75,0
2022-09-16,East_Zone,74.6,0,99.06,52.8,59.0,0,3.75,0
2022-09-17,East_Zone,73.2,0,100.45,49.8,60.5,0,3.75,0
2022-09-18,East_Zone,77.8,0,99.38,54.6,55.3,0,3.75,0
2022-09-19,East_Zone,73.0,0,99.44,53.5,68.3,0,3.75,0
2022-09-20,East_Zone,71.0,0,99.44,51.9,56.8,0,3.75,0
2022-09-21,East_Zone,71.9,0,98.52,54.6,64.7,0,3.75,0
2022-09-22,East_Zone,76.0,0,100.65,46.0,55.6,0,3.75,0
2022-09-23,East_Zone,69.9,0,99.37,50.6,60.3,0,3.75,0
2022-09-24,East_Zone,72.5,0,99.19,49.2,62.3,0,3.75,0
2022-09-25,East_Zone,76.5,0,99.7,49.8,60.7,0,3.75,0
2022-09-26,East_Zone,69.9,0,99.95,52.4,58.7,0,3.75,0
2022-09-27,East_Zone,70.9,0,97.76,48.5,57.5,0,3.75,0
2022-09-28,East_Zone,68.9,0,99.06,59.3,58.0,0,3.75,0
2022-09-29,East_Zone,71.3,0,101.24,55.3,56.6,0,3.75,0
2022-09-30,East_Zone,72.4,0,100.66,50.1,61.7,0,3.75,0
2022-10-01,East_Zone,73.3,0,98.89,45.6,69.2,0,3.75,0
2022-10-02,East_Zone,71.2,0,102.73,51.8,73.8,0,3.75,0
2022-10-03,East_Zone,72.9,0,101.67,52.3,63.0,0,3.75,0
2022-10-04,East_Zone,76.9,0,102.36,51.4,77.4,0,3.75,0
2022-10-05,East_Zone,75.0,0,101.55,63.8,57.7,0,3.75,0
2022-10-06,East_Zone,80.4,0,101.53,47.0,51.0,0,3.75,0
2022-10-07,East_Zone,72.0,0,101.42,53.8,72.0,0,3.75,0
2022-10-08,East_Zone,72.7,0,103.7,54.0,64.3,0,3.75,0
2022-10-09,East_Zone,74.5,0,101.54,52.6,70.1,0,3.75,0
2022-10-10,East_Zone,72.5,0,103.17,46.5,55.1,0,3.75,0
2022-10-11,East_Zone,73.9,0,101.6,53.5,65.5,0,3.75,0
2022-10-12,East_Zone,68.2,0,101.49,54.3,61.3,0,3.75,0
2022-10-13,East_Zone,72.9,0,102.43,56.8,70.1,0,3.75,0
2022-10-14,East_Zone,76.6,0,100.75,55.2,54.8,0,3.75,0
2022-10-15,East_Zone,79.7,0,102.72,59.0,57.1,0,3.75,0
2022-10-16,East_Zone,78.3,0,101.93,45.6,62.9,0,3.75,0
2022-10-17,East_Zone,74.4,0,101.53,52.7,66.1,0,3.75,0
2022-10-18,East_Zone,75.4,0,101.32,63.5,46.4,0,3.75,0
2022-10-19,East_Zone,75.0,0,104.07,58.9,62.6,0,3.75,0
2022-10-20,East_Zone,72.3,0,102.07,48.0,69.1,0,3.75,0
2022-10-21,East_Zone,71.1,0,102.04,54.2,57.6,0,3.75,0
2022-10-22,East_Zone,74.7,0,103.01,50.0,62.1,0,3.75,0
2022-10-23,East_Zone,73.7,0,101.3,51.8,69.6,0,3.75,0
2022-10-24,East_Zone,76.5,0,103.29,62.3,56.4,0,3.75,0
2022-10-25,East_Zone,66.9,0,102.14,57.7,59.5,0,3.75,0
2022-10-26,East_Zone,73.5,0,100.8,47.2,52.1,0,3.75,0
2022-10-27,East_Zone,77.6,0,101.67,50.6,62.2,0,3.75,0
2022-10-28,East_Zone,75.7,0,101.12,53.5,56.5,0,3.75,0
2022-10-29,East_Zone,71.1,0,102.31,52.9,67.9,0,3.75,0
2022-10-30,East_Zone,70.1,0,101.45,54.8,61.8,0,3.75,0
2022-10-31,East_Zone,73.9,0,101.36,50.4,58.6,0,3.75,0
2022-11-01,East_Zone,76.4,0,102.57,52.6,70.6,0,3.75,0
2022-11-02,East_Zone,75.5,0,102.34,50.8,61.8,0,3.75,0
2022-11-03,East_Zone,74.3,0,103.53,52.9,63.5,0,3.75,0
2022-11-04,East_Zone,75.9,0,103.5,57.2,54.2,0,3.75,0
2022-11-05,East_Zone,74.8,0,102.42,55.2,59.3,0,3.75,0
2022-11-06,East_Zone,75.8,0,102.88,51.3,60.0,0,3.75,0
2022-11-07,East_Zone,76.8,0,100.99,57.9,61.1,0,3.75,0
2022-11-08,East_Zone,72.7,0,103.11,58.5,66.5,0,3.75,0
2022-11-09,East_Zone,71.3,0,102.85,54.1,52.9,0,3.75,0
2022-11-10,East_Zone,76.2,0,103.42,53.3,64.8,0,3.75,0
2022-11-11,East_Zone,72.5,0,102.18,60.9,61.8,0,3.75,0
2022-11-12,East_Zone,68.2,0,102.21,60.3,57.5,0,3.75,0
2022-11-13,East_Zone,78.3,0,102.24,47.8,76.0,0,3.75,0
2022-11-14,East_Zone,74.8,0,103.99,59.4,58.1,0,3.75,0
2022-11-15,East_Zone,74.6,0,102.86,61.0,50.9,0,3.75,0
2022-11-16,East_Zone,73.4,0,101.11,56.1,42.8,0,3.75,0
2022-11-17,East_Zone,76.5,0,103.27,52.4,53.9,0,3.75,0
2022-11-18,East_Zone,70.2,0,102.19,52.5,57.3,0,3.75,0
2022-11-19,East_Zone,74.0,0,103.76,61.3,60.9,0,3.75,0
2022-11-20,East_Zone,74.8,0,103.24,57.6,63.0,0,3.75,0
2022-11-21,East_Zone,75.7,0,103.97,56.8,58.7,0,3.75,0
2022-11-22,East_Zone,68.9,0,103.79,63.8,52.9,0,3.75,0
2022-11-23,East_Zone,75.8,0,103.72,50.5,58.1,0,3.75,0
2022-11-24,East_Zone,72.7,0,103.95,54.2,58.9,0,3.75,0
2022-11-25,East_Zone,72.0,0,103.65,55.2,68.7,0,3.75,0
2022-11-26,East_Zone,69.3,0,102.17,53.0,62.8,0,3.75,0
2022-11-27,East_Zone,80.7,0,101.75,46.3,51.7,0,3.75,0
2022-11-28,East_Zone,73.6,0,102.09,57.9,70.4,0,3.75,0
2022-11-29,East_Zone,74.7,0,103.68,51.5,63.5,0,3.75,0
2022-11-30,East_Zone,70.8,0,100.76,50.2,60.1,0,3.75,0
2022-12-01,East_Zone,69.4,0,103.0,52.8,63.9,0,3.75,0
2022-12-02,East_Zone,76.4,0,102.78,53.2,76.1,0,3.75,0
2022-12-03,East_Zone,70.0,0,104.3,54.2,73.8,0,3.75,0
2022-12-04,East_Zone,77.9,0,102.99,58.1,71.2,0,3.75,0
2022-12-05,East_Zone,79.4,0,102.77,58.8,68.0,0,3.75,0
2022-12-06,East_Zone,71.7,0,104.48,53.8,77.1,0,3.75,0
2022-12-07,East_Zone,72.6,0,103.11,51.9,62.9,0,3.75,0
2022-12-08,East_Zone,66.4,0,102.98,53.7,64.2,0,3.75,0
2022-12-09,East_Zone,68.8,0,102.77,50.5,68.3,0,3.75,0
2022-12-10,East_Zone,75.9,0,103.58,54.3,73.5,0,3.75,0
2022-12-11,East_Zone,77.8,0,102.99,50.4,65.2,0,3.75,0
2022-12-12,East_Zone,71.7,0,103.03,62.7,69.3,0,3.75,0
2022-12-13,East_Zone,72.1,0,104.84,55.4,70.3,0,3.75,0
2022-12-14,East_Zone,69.3,0,103.47,52.2,73.7,0,3.75,0
2022-12-15,East_Zone,70.6,0,103.01,57.0,70.6,0,3.75,0
2022-12-16,East_Zone,78.0,0,102.49,49.1,70.6,0,3.75,0
2022-12-17,East_Zone,74.9,0,103.72,51.6,68.5,0,3.75,0
2022-12-18,East_Zone,68.6,0,103.0,55.9,77.4,0,3.75,0
2022-12-19,East_Zone,75.7,0,103.22,54.8,75.3,0,3.75,0
2022-12-20,East_Zone,81.1,0,102.77,58.3,75.1,0,3.75,0
2022-12-21,East_Zone,72.8,0,103.85,43.6,68.1,0,3.75,0
2022-12-22,East_Zone,72.0,0,102.39,57.2,69.4,0,3.75,0
2022-12-23,East_Zone,75.7,0,104.14,52.5,74.4,0,3.75,0
2022-12-24,East_Zone,77.0,0,103.21,49.6,69.1,0,3.75,0
2022-12-25,East_Zone,76.5,0,104.51,47.9,67.4,0,3.75,0
2022-12-26,East_Zone,73.0,0,104.31,52.5,73.4,0,3.75,0
2022-12-27,East_Zone,72.7,0,103.97,60.9,65.5,0,3.75,0
2022-12-28,East_Zone,68.8,0,104.74,58.8,71.0,0,3.75,0
2022-12-29,East_Zone,70.3,0,105.49,61.7,76.5,0,3.75,0
2022-12-30,East_Zone,75.1,0,105.23,54.6,72.7,0,3.75,0
2022-12-31,East_Zone,72.4,0,102.69,54.5,66.8,0,3.75,0
2023-01-01,East_Zone,74.7,0,107.43,49.7,74.4,0,4.0,0
2023-01-02,East_Zone,73.3,0,107.59,49.7,69.0,0,4.0,0
2023-01-03,East_Zone,74.2,0,108.74,55.9,76.2,0,4.0,0
2023-01-04,East_Zone,74.1,0,107.62,50.5,74.5,0,4.0,0
2023-01-05,East_Zone,76.2,0,107.61,52.6,70.3,0,4.0,0
2023-01-06,East_Zone,76.5,0,107.47,56.2,68.3,0,4.0,0
2023-01-07,East_Zone,73.9,0,108.54,61.5,67.8,0,4.0,0
2023-01-08,East_Zone,73.4,0,108.91,56.6,84.9,0,4.0,0
2023-01-09,East_Zone,73.9,0,107.1,50.4,60.5,0,4.0,0
2023-01-10,East_Zone,71.6,0,107.83,48.8,63.2,0,4.0,0
2023-01-11,East_Zone,77.3,0,106.48,56.1,77.5,0,4.0,0
2023-01-12,East_Zone,72.3,0,106.02,52.9,76.4,0,4.0,0
2023-01-13,East_Zone,73.5,0,108.93,57.0,73.8,0,4.0,0
2023-01-14,East_Zone,74.5,0,108.79,55.7,62.0,0,4.0,0
2023-01-15,East_Zone,74.9,0,108.68,56.2,74.7,0,4.0,0
2023-01-16,East_Zone,74.8,0,110.13,61.9,67.1,0,4.0,0
2023-01-17,East_Zone,73.6,0,106.9,60.0,71.5,0,4.0,0
2023-01-18,East_Zone,78.9,0,106.53,57.1,74.0,0,4.0,0
2023-01-19,East_Zone,74.2,0,107.52,52.4,74.5,0,4.0,0
2023-01-20,East_Zone,73.2,0,106.56,53.4,68.7,0,4.0,0
2023-01-21,East_Zone,79.4,0,108.09,59.3,78.4,0,4.0,0
2023-01-22,East_Zone,71.7,0,109.32,61.9,76.1,0,4.0,0
2023-01-23,East_Zone,79.4,0,109.07,51.5,67.2,0,4.0,0
2023-01-24,East_Zone,68.0,0,109.83,63.0,69.6,0,4.0,0
2023-01-25,East_Zone,72.8,0,109.21,53.6,68.2,0,4.0,0
2023-01-26,East_Zone,69.0,0,108.46,59.1,71.7,0,4.0,0
2023-01-27,East_Zone,69.9,0,108.37,67.6,75.1,0,4.0,0
2023-01-28,East_Zone,75.4,0,109.36,50.4,62.7,0,4.0,0
2023-01-29,East_Zone,74.9,0,107.43,58.0,62.1,0,4.0,0
2023-01-30,East_Zone,72.2,0,105.81,54.1,67.8,0,4.0,0
2023-01-31,East_Zone,78.9,0,109.41,58.6,78.8,0,4.0,0
2023-02-01,East_Zone,77.4,0,109.28,54.2,73.2,0,4.0,0
2023-02-02,East_Zone,73.8,0,110.65,47.3,79.9,0,4.0,0
2023-02-03,East_Zone,68.6,0,109.8,53.9,71.2,0,4.0,0
2023-02-04,East_Zone,76.9,0,109.44,58.2,67.8,0,4.0,0
2023-02-05,East_Zone,72.6,0,108.85,61.9,63.6,0,4.0,0
2023-02-06,East_Zone,74.9,0,108.38,58.0,67.9,0,4.0,0
2023-02-07,East_Zone,76.4,0,108.94,62.5,68.9,0,4.0,0
2023-02-08,East_Zone,72.8,0,110.2,55.1,59.9,0,4.0,0
2023-02-09,East_Zone,77.8,0,109.73,54.6,67.8,0,4.0,0
2023-02-10,East_Zone,72.9,0,110.23,58.5,67.8,0,4.0,0
2023-02-11,East_Zone,75.6,0,109.43,55.3,72.1,0,4.0,0
2023-02-12,East_Zone,76.3,0,108.45,60.9,71.8,0,4.0,0
2023-02-13,East_Zone,76.7,0,110.53,51.6,73.6,0,4.0,0
2023-02-14,East_Zone,79.2,0,110.47,60.6,63.9,0,4.0,0
2023-02-15,East_Zone,71.5,0,109.61,61.7,66.3,0,4.0,0
2023-02-16,East_Zone,70.6,0,110.0,58.5,76.6,0,4.0,0
2023-02-17,East_Zone,73.0,0,109.97,60.6,70.7,0,4.0,0
2023-02-18,East_Zone,83.1,0,109.03,54.0,76.2,0,4.0,0
2023-02-19,East_Zone,78.1,0,109.26,53.4,71.3,0,4.0,0
2023-02-20,East_Zone,72.3,0,108.63,57.9,72.9,0,4.0,0
2023-02-21,East_Zone,73.0,0,109.3,53.8,74.6,0,4.0,0
2023-02-22,East_Zone,74.0,0,110.61,58.4,69.2,0,4.0,0
2023-02-23,East_Zone,74.8,0,110.44,58.4,68.7,0,4.0,0
2023-02-24,East_Zone,75.9,0,110.18,56.8,68.6,0,4.0,0
2023-02-25,East_Zone,76.0,0,110.6,58.4,71.6,0,4.0,0
2023-02-26,East_Zone,77.6,0,109.3,59.3,74.9,0,4.0,0
2023-02-27,East_Zone,80.0,0,108.51,56.0,70.0,0,4.0,0
2023-02-28,East_Zone,73.6,0,109.54,54.9,77.8,0,4.0,0
2023-03-01,East_Zone,73.4,0,109.64,60.1,53.7,0,4.0,0
2023-03-02,East_Zone,72.9,0,110.41,58.3,52.6,0,4.0,1
2023-03-03,East_Zone,73.2,0,110.26,58.9,50.9,0,4.0,1
2023-03-04,East_Zone,75.1,0,110.78,59.6,44.9,0,4.0,1
2023-03-05,East_Zone,75.9,0,107.77,56.7,46.9,0,4.0,1
2023-03-06,East_Zone,79.2,0,109.0,55.2,44.3,0,4.0,0
2023-03-07,East_Zone,71.9,0,109.72,54.4,51.1,0,4.0,0
2023-03-08,East_Zone,75.1,0,110.31,56.8,46.7,0,4.0,1
2023-03-09,East_Zone,71.5,0,111.94,59.7,43.3,0,4.0,1
2023-03-10,East_Zone,75.2,0,108.88,58.7,42.9,0,4.0,1
2023-03-11,East_Zone,82.0,0,109.16,57.2,39.0,0,4.0,1
2023-03-12,East_Zone,73.6,0,109.46,58.2,42.1,0,4.0,1
2023-03-13,East_Zone,81.4,0,109.15,52.2,51.1,0,4.0,0
2023-03-14,East_Zone,71.5,0,109.01,54.7,50.4,0,4.0,0
2023-03-15,East_Zone,72.6,0,109.96,59.7,41.8,0,4.0,0
2023-03-16,East_Zone,73.0,0,110.91,54.0,39.5,0,4.0,1
2023-03-17,East_Zone,74.5,0,110.05,57.6,49.8,0,4.0,0
2023-03-18,East_Zone,73.5,0,109.08,56.8,47.1,0,4.0,0
2023-03-19,East_Zone,76.3,0,109.75,56.4,35.1,0,4.0,0
2023-03-20,East_Zone,65.8,0,108.92,59.3,59.4,0,4.0,1
2023-03-21,East_Zone,71.1,0,110.95,58.3,45.1,0,4.0,1
2023-03-22,East_Zone,79.7,0,111.44,52.8,53.5,0,4.0,1
2023-03-23,East_Zone,69.8,0,108.38,58.4,45.9,0,4.0,1
2023-03-24,East_Zone,72.9,0,110.21,55.1,39.8,0,4.0,1
2023-03-25,East_Zone,75.8,0,109.21,51.2,46.0,0,4.0,0
2023-03-26,East_Zone,73.9,0,110.05,60.0,37.7,0,4.0,0
2023-03-27,East_Zone,71.5,0,109.91,52.2,44.4,0,4.0,0
2023-03-28,East_Zone,75.3,0,108.65,55.0,39.6,0,4.0,1
2023-03-29,East_Zone,76.5,0,111.21,58.7,44.0,0,4.0,1
2023-03-30,East_Zone,72.2,0,109.85,56.6,46.2,0,4.0,1
2023-03-31,East_Zone,75.2,0,109.53,54.3,46.5,0,4.0,1
2023-04-01,East_Zone,76.6,0,110.12,53.1,37.7,0,4.0,1
2023-04-02,East_Zone,77.2,0,109.13,53.6,41.8,0,4.0,1
2023-04-03,East_Zone,75.1,0,109.82,52.6,35.1,0,4.0,1
2023-04-04,East_Zone,79.1,0,108.16,55.8,48.1,0,4.0,1
2023-04-05,East_Zone,74.1,0,107.64,53.9,46.0,0,4.0,0
2023-04-06,East_Zone,71.1,0,109.02,51.1,39.1,0,4.0,0
2023-04-07,East_Zone,73.3,0,109.46,55.6,52.0,0,4.0,0
2023-04-08,East_Zone,77.6,0,108.23,53.7,47.3,0,4.0,0
2023-04-09,East_Zone,71.3,0,109.48,57.9,44.5,0,4.0,1
2023-04-10,East_Zone,67.3,0,109.44,58.2,42.6,0,4.0,1
2023-04-11,East_Zone,75.4,0,109.91,62.3,41.8,0,4.0,0
2023-04-12,East_Zone,72.7,0,110.58,59.8,41.1,0,4.0,1
2023-04-13,East_Zone,80.7,0,111.67,53.3,50.9,0,4.0,0
2023-04-14,East_Zone,74.8,0,110.38,48.5,46.4,0,4.0,1
2023-04-15,East_Zone,77.7,0,108.96,50.5,39.8,0,4.0,0
2023-04-16,East_Zone,72.5,0,110.6,55.2,51.5,0,4.0,1
2023-04-17,East_Zone,75.8,0,111.33,51.1,44.5,0,4.0,1
2023-04-18,East_Zone,75.1,0,108.8,54.1,40.4,0,4.0,0
2023-04-19,East_Zone,78.1,0,108.84,56.7,54.9,0,4.0,1
2023-04-20,East_Zone,74.6,0,108.48,54.1,39.5,0,4.0,0
2023-04-21,East_Zone,72.4,0,109.32,57.8,40.9,0,4.0,0
2023-04-22,East_Zone,77.1,0,110.25,54.7,45.0,0,4.0,0
2023-04-23,East_Zone,71.9,0,111.34,54.5,46.6,0,4.0,1
2023-04-24,East_Zone,71.5,0,110.74,64.1,41.2,0,4.0,0
2023-04-25,East_Zone,73.9,0,110.22,57.0,33.9,0,4.0,1
2023-04-26,East_Zone,73.0,0,109.87,57.4,45.2,0,4.0,1
2023-04-27,East_Zone,74.1,0,110.2,60.5,39.8,0,4.0,0
2023-04-28,East_Zone,72.0,0,110.24,60.6,43.2,0,4.0,1
2023-04-29,East_Zone,77.4,0,111.08,56.0,40.9,0,4.0,0
2023-04-30,East_Zone,77.3,0,109.74,61.1,39.6,0,4.0,0
2023-05-01,East_Zone,76.5,0,110.01,55.2,43.7,1,4.0,0
2023-05-02,East_Zone,76.2,0,109.32,60.8,41.8,1,4.0,1
2023-05-03,East_Zone,68.5,0,109.82,52.0,40.8,1,4.0,1
2023-05-04,East_Zone,74.3,0,109.43,55.5,49.8,1,4.0,0
2023-05-05,East_Zone,76.6,0,108.48,57.3,40.0,1,4.0,1
2023-05-06,East_Zone,78.0,0,110.53,58.7,43.7,1,4.0,1
2023-05-07,East_Zone,73.4,0,111.12,54.1,44.8,1,4.0,1
2023-05-08,East_Zone,77.9,0,109.58,50.2,36.5,1,4.0,1
2023-05-09,East_Zone,74.9,0,109.92,58.8,39.4,1,4.0,1
2023-05-10,East_Zone,66.3,0,110.43,56.3,44.8,1,4.0,0
2023-05-11,East_Zone,73.7,0,109.41,55.2,44.6,1,4.0,0
2023-05-12,East_Zone,71.5,0,109.72,63.5,41.1,1,4.0,1
2023-05-13,East_Zone,72.2,0,109.29,55.5,44.9,1,4.0,1
2023-05-14,East_Zone,77.2,0,108.93,54.5,46.3,1,4.0,1
2023-05-15,East_Zone,74.9,0,109.98,49.8,47.9,1,4.0,0
2023-05-16,East_Zone,72.4,0,109.95,52.6,48.3,1,4.0,1
2023-05-17,East_Zone,72.0,0,110.33,60.6,51.0,1,4.0,1
2023-05-18,East_Zone,75.3,0,109.38,53.9,45.5,1,4.0,0
2023-05-19,East_Zone,73.4,0,108.16,58.8,38.1,1,4.0,0
2023-05-20,East_Zone,76.1,0,110.44,52.0,43.5,1,4.0,1
2023-05-21,East_Zone,71.5,0,108.58,53.0,38.7,1,4.0,0
2023-05-22,East_Zone,72.9,0,108.53,52.8,49.2,1,4.0,1
2023-05-23,East_Zone,70.6,0,108.73,58.4,51.9,1,4.0,0
2023-05-24,East_Zone,72.3,0,107.49,55.1,45.0,1,4.0,0
2023-05-25,East_Zone,80.5,0,108.99,52.2,50.8,1,4.0,1
2023-05-26,East_Zone,71.8,0,109.79,59.8,50.5,1,4.0,0
2023-05-27,East_Zone,72.6,0,108.71,58.5,46.5,1,4.0,0
2023-05-28,East_Zone,71.5,0,110.46,58.5,47.6,1,4.0,0
2023-05-29,East_Zone,73.5,0,110.37,58.3,49.7,1,4.0,1
2023-05-30,East_Zone,73.8,0,109.95,53.6,38.0,1,4.0,0
2023-05-31,East_Zone,77.7,0,107.1,60.9,46.2,1,4.0,1
2023-06-01,East_Zone,72.8,0,110.44,56.8,36.8,0,4.0,0
2023-06-02,East_Zone,74.3,0,108.74,57.6,26.8,0,4.0,0
2023-06-03,East_Zone,68.4,0,110.62,58.8,43.6,0,4.0,0
2023-06-04,East_Zone,71.4,0,108.31,52.5,39.5,0,4.0,0
2023-06-05,East_Zone,77.3,0,108.74,64.1,39.5,0,4.0,0
2023-06-06,East_Zone,71.4,0,108.94,56.5,36.0,0,4.0,0
2023-06-07,East_Zone,76.3,0,107.89,56.3,29.3,0,4.0,0
2023-06-08,East_Zone,71.2,0,107.17,54.2,27.7,0,4.0,0
2023-06-09,East_Zone,73.5,0,106.36,60.1,33.5,0,4.0,0
2023-06-10,East_Zone,79.1,0,111.68,62.4,37.5,0,4.0,0
2023-06-11,East_Zone,76.2,0,107.02,56.4,36.7,0,4.0,0
2023-06-12,East_Zone,68.1,0,107.0,49.9,42.6,0,4.0,0
2023-06-13,East_Zone,83.7,0,109.2,56.0,32.4,0,4.0,0
2023-06-14,East_Zone,70.9,0,107.17,55.6,32.2,0,4.0,0
2023-06-15,East_Zone,79.6,0,106.95,54.0,34.0,0,4.0,0
2023-06-16,East_Zone,72.7,0,105.65,51.3,28.2,0,4.0,0
2023-06-17,East_Zone,70.3,0,108.79,50.3,41.5,0,4.0,0
2023-06-18,East_Zone,72.6,0,107.39,61.8,32.7,0,4.0,0
2023-06-19,East_Zone,72.0,0,109.07,59.6,35.3,0,4.0,0
2023-06-20,East_Zone,72.4,0,108.32,56.5,38.1,0,4.0,0
2023-06-21,East_Zone,74.2,0,108.45,53.8,30.2,0,4.0,0
2023-06-22,East_Zone,75.4,0,107.87,57.6,35.4,0,4.0,0
2023-06-23,East_Zone,78.3,0,108.02,57.0,34.0,0,4.0,0
2023-06-24,East_Zone,74.6,0,107.36,54.3,38.9,0,4.0,0
2023-06-25,East_Zone,74.2,0,107.42,57.5,34.0,0,4.0,0
2023-06-26,East_Zone,71.8,0,107.09,57.9,19.7,0,4.0,0
2023-06-27,East_Zone,73.2,0,109.67,59.6,29.3,0,4.0,0
2023-06-28,East_Zone,72.5,0,107.72,52.5,26.5,0,4.0,0
2023-06-29,East_Zone,69.9,0,105.82,57.1,43.6,0,4.0,0
2023-06-30,East_Zone,81.7,0,108.31,61.0,41.1,0,4.0,0
2023-07-01,East_Zone,74.7,0,107.21,57.1,23.2,0,4.0,0
2023-07-02,East_Zone,74.8,0,107.94,65.0,28.9,0,4.0,0
2023-07-03,East_Zone,77.7,0,107.68,55.4,27.1,0,4.0,0
2023-07-04,East_Zone,66.3,0,109.4,49.9,35.1,0,4.0,0
2023-07-05,East_Zone,80.7,0,107.5,52.6,29.2,0,4.0,0
2023-07-06,East_Zone,71.4,0,108.66,53.8,32.7,0,4.0,0
2023-07-07,East_Zone,71.3,0,108.52,58.6,27.1,0,4.0,0
2023-07-08,East_Zone,72.4,0,106.41,58.9,36.2,0,4.0,0
2023-07-09,East_Zone,77.0,0,107.93,56.7,25.6,0,4.0,0
2023-07-10,East_Zone,80.4,0,106.95,57.0,46.5,0,4.0,0
2023-07-11,East_Zone,78.9,0,106.47,63.2,41.5,0,4.0,0
2023-07-12,East_Zone,72.6,0,106.44,52.3,46.4,0,4.0,0
2023-07-13,East_Zone,68.6,0,108.43,56.1,37.0,0,4.0,0
2023-07-14,East_Zone,72.8,0,110.22,55.3,41.8,0,4.0,0
2023-07-15,East_Zone,72.1,0,106.73,51.0,38.5,0,4.0,0
2023-07-16,East_Zone,69.1,0,107.72,48.0,29.0,0,4.0,0
2023-07-17,East_Zone,75.7,0,107.78,61.3,32.1,0,4.0,0
2023-07-18,East_Zone,74.0,0,106.91,52.7,36.1,0,4.0,0
2023-07-19,East_Zone,75.5,0,108.81,55.5,39.8,0,4.0,0
2023-07-20,East_Zone,76.2,0,109.57,58.6,34.0,0,4.0,0
2023-07-21,East_Zone,76.1,0,106.74,50.9,36.8,0,4.0,0
2023-07-22,East_Zone,73.8,0,109.04,53.3,32.3,0,4.0,0
2023-07-23,East_Zone,78.9,0,106.73,55.6,31.9,0,4.0,0
2023-07-24,East_Zone,72.5,0,106.27,53.8,26.6,0,4.0,0
2023-07-25,East_Zone,72.1,0,107.07,50.7,36.2,0,4.0,0
2023-07-26,East_Zone,73.3,0,108.05,58.6,31.5,0,4.0,0
2023-07-27,East_Zone,75.6,0,107.05,54.0,27.6,0,4.0,0
2023-07-28,East_Zone,76.0,0,107.86,56.7,31.0,0,4.0,0
2023-07-29,East_Zone,73.0,0,107.31,56.2,35.4,0,4.0,0
2023-07-30,East_Zone,73.0,0,108.41,60.2,37.3,0,4.0,0
2023-07-31,East_Zone,77.9,0,107.56,57.4,33.1,0,4.0,0
2023-08-01,East_Zone,70.1,0,108.53,53.0,39.3,0,4.0,0
2023-08-02,East_Zone,82.2,0,106.11,60.1,41.5,0,4.0,0
2023-08-03,East_Zone,73.1,0,106.74,53.8,32.6,0,4.0,0
2023-08-04,East_Zone,73.4,0,106.91,52.5,38.9,0,4.0,0
2023-08-05,East_Zone,75.1,0,106.03,51.6,30.7,0,4.0,0
2023-08-06,East_Zone,75.6,0,105.85,46.0,27.5,0,4.0,0
2023-08-07,East_Zone,72.0,0,107.21,53.5,29.3,0,4.0,0
2023-08-08,East_Zone,75.0,0,107.46,57.6,29.7,0,4.0,0
2023-08-09,East_Zone,71.2,0,106.88,50.3,31.8,0,4.0,0
2023-08-10,East_Zone,72.2,0,107.8,63.0,43.9,0,4.0,0
2023-08-11,East_Zone,69.2,0,105.61,46.3,31.4,0,4.0,0
2023-08-12,East_Zone,74.4,0,106.3,52.4,32.1,0,4.0,0
2023-08-13,East_Zone,73.5,0,105.48,49.2,34.8,0,4.0,0
2023-08-14,East_Zone,68.0,0,106.78,59.4,27.4,0,4.0,0
2023-08-15,East_Zone,72.0,0,107.1,58.4,34.7,0,4.0,0
2023-08-16,East_Zone,73.9,0,107.93,55.1,37.3,0,4.0,0
2023-08-17,East_Zone,76.6,0,105.39,49.5,41.4,0,4.0,0
2023-08-18,East_Zone,70.2,0,106.91,51.0,40.6,0,4.0,0
2023-08-19,East_Zone,73.1,0,107.95,57.2,35.8,0,4.0,0
2023-08-20,East_Zone,70.7,0,105.49,52.5,32.9,0,4.0,0
2023-08-21,East_Zone,76.2,0,105.24,52.8,33.2,0,4.0,0
2023-08-22,East_Zone,72.0,0,104.98,54.7,36.0,0,4.0,0
2023-08-23,East_Zone,75.6,0,107.05,54.2,33.8,0,4.0,0
2023-08-24,East_Zone,72.9,0,105.68,48.3,33.5,0,4.0,0
2023-08-25,East_Zone,68.9,0,106.87,50.4,29.3,0,4.0,0
2023-08-26,East_Zone,73.8,0,106.15,50.2,37.4,0,4.0,0
2023-08-27,East_Zone,70.4,0,108.15,53.3,35.5,0,4.0,0
2023-08-28,East_Zone,77.4,0,107.12,56.2,30.2,0,4.0,0
2023-08-29,East_Zone,79.5,0,105.51,55.4,41.4,0,4.0,0
2023-08-30,East_Zone,75.9,0,105.99,60.1,35.0,0,4.0,0
2023-08-31,East_Zone,72.1,0,107.06,50.2,26.9,0,4.0,0
2023-09-01,East_Zone,74.1,0,105.19,56.3,64.7,0,4.0,0
2023-09-02,East_Zone,74.9,0,107.42,52.8,56.6,0,4.0,0
2023-09-03,East_Zone,77.3,0,105.97,63.3,58.0,0,4.0,0
2023-09-04,East_Zone,73.4,0,107.02,55.4,59.1,0,4.0,0
2023-09-05,East_Zone,75.2,0,106.0,53.2,64.3,0,4.0,0
2023-09-06,East_Zone,69.0,0,105.65,56.4,59.7,0,4.0,0
2023-09-07,East_Zone,74.7,0,105.48,56.0,63.1,0,4.0,0
2023-09-08,East_Zone,71.4,0,107.88,54.6,52.1,0,4.0,0
2023-09-09,East_Zone,74.1,0,105.84,57.7,54.5,0,4.0,0
2023-09-10,East_Zone,70.9,0,109.21,62.7,60.2,0,4.0,0
2023-09-11,East_Zone,75.2,0,106.27,59.2,56.4,0,4.0,0
2023-09-12,East_Zone,75.9,0,105.25,54.5,59.0,0,4.0,0
2023-09-13,East_Zone,73.3,0,104.51,61.9,63.7,0,4.0,0
2023-09-14,East_Zone,71.4,0,107.32,57.9,56.0,0,4.0,0
2023-09-15,East_Zone,75.7,0,105.88,51.0,56.3,0,4.0,0
2023-09-16,East_Zone,78.7,0,106.89,56.0,60.5,0,4.0,0
2023-09-17,East_Zone,79.8,0,108.38,55.5,49.4,0,4.0,0
2023-09-18,East_Zone,75.2,0,106.72,53.5,65.0,0,4.0,0
2023-09-19,East_Zone,74.8,0,106.38,56.8,60.7,0,4.0,0
2023-09-20,East_Zone,70.1,0,107.26,48.4,60.5,0,4.0,0
2023-09-21,East_Zone,77.9,0,106.83,62.1,57.3,0,4.0,0
2023-09-22,East_Zone,67.0,0,104.76,57.4,63.4,0,4.0,0
2023-09-23,East_Zone,77.6,0,107.35,48.6,59.2,0,4.0,0
2023-09-24,East_Zone,74.1,0,105.97,57.8,66.1,0,4.0,0
2023-09-25,East_Zone,66.7,0,107.55,57.8,51.4,0,4.0,0
2023-09-26,East_Zone,75.0,0,106.51,61.5,60.3,0,4.0,0
2023-09-27,East_Zone,73.5,0,107.2,62.8,60.2,0,4.0,0
2023-09-28,East_Zone,72.7,0,105.78,62.9,61.6,0,4.0,0
2023-09-29,East_Zone,73.2,0,104.48,53.7,67.0,0,4.0,0
2023-09-30,East_Zone,73.9,0,106.56,57.8,53.2,0,4.0,0
2023-10-01,East_Zone,73.9,0,106.98,53.9,53.0,0,4.0,0
2023-10-02,East_Zone,69.6,0,105.44,59.1,58.2,0,4.0,0
2023-10-03,East_Zone,75.2,0,105.8,46.7,50.5,0,4.0,0
2023-10-04,East_Zone,72.9,0,103.79,49.4,83.5,0,4.0,0
2023-10-05,East_Zone,78.8,0,105.85,53.6,64.7,0,4.0,0
2023-10-06,East_Zone,76.6,0,104.76,54.7,62.6,0,4.0,0
2023-10-07,East_Zone,76.9,0,106.53,56.3,75.9,0,4.0,0
2023-10-08,East_Zone,79.6,0,106.35,60.6,66.4,0,4.0,0
2023-10-09,East_Zone,76.2,0,106.04,52.8,56.9,0,4.0,0
2023-10-10,East_Zone,73.6,0,107.35,50.8,58.2,0,4.0,0
2023-10-11,East_Zone,66.3,0,106.27,54.0,61.7,0,4.0,0
2023-10-12,East_Zone,74.7,0,106.23,53.1,69.5,0,4.0,0
2023-10-13,East_Zone,79.2,0,106.37,57.8,55.4,0,4.0,0
2023-10-14,East_Zone,76.7,0,105.47,61.3,57.4,0,4.0,0
2023-10-15,East_Zone,72.5,0,107.05,61.6,73.9,0,4.0,0
2023-10-16,East_Zone,74.2,0,105.15,59.4,76.6,0,4.0,0
2023-10-17,East_Zone,72.3,0,106.5,53.3,53.6,0,4.0,0
2023-10-18,East_Zone,74.9,0,107.31,55.3,59.1,0,4.0,0
2023-10-19,East_Zone,72.5,0,105.07,56.7,59.7,0,4.0,0
2023-10-20,East_Zone,78.3,0,104.77,51.8,65.0,0,4.0,0
2023-10-21,East_Zone,74.4,0,105.08,52.3,62.2,0,4.0,0
2023-10-22,East_Zone,74.8,0,107.95,57.7,59.5,0,4.0,0
2023-10-23,East_Zone,71.5,0,105.54,49.8,55.3,0,4.0,0
2023-10-24,East_Zone,72.7,0,104.96,59.4,69.6,0,4.0,0
2023-10-25,East_Zone,70.5,0,106.54,54.0,74.7,0,4.0,0
2023-10-26,East_Zone,78.3,0,103.46,56.5,64.9,0,4.0,0
2023-10-27,East_Zone,72.5,0,105.25,55.9,61.7,0,4.0,0
2023-10-28,East_Zone,74.5,0,107.63,61.1,69.5,0,4.0,0
2023-10-29,East_Zone,69.4,0,105.28,46.6,65.6,0,4.0,0
2023-10-30,East_Zone,70.3,0,105.99,60.4,62.8,0,4.0,0
2023-10-31,East_Zone,73.2,0,106.56,60.6,56.5,0,4.0,0
2023-11-01,East_Zone,73.1,0,106.58,56.8,77.7,0,4.0,0
2023-11-02,East_Zone,74.7,0,105.77,57.4,56.2,0,4.0,0
2023-11-03,East_Zone,80.0,0,106.87,58.1,63.7,0,4.0,0
2023-11-04,East_Zone,67.9,0,107.78,52.5,47.8,0,4.0,0
2023-11-05,East_Zone,76.9,0,105.3,55.3,57.5,0,4.0,0
2023-11-06,East_Zone,75.5,0,105.89,58.9,53.0,0,4.0,0
2023-11-07,East_Zone,72.1,0,106.29,48.4,58.6,0,4.0,0
2023-11-08,East_Zone,72.7,0,107.12,57.7,52.3,0,4.0,0
2023-11-09,East_Zone,77.4,0,106.47,55.9,60.1,0,4.0,0
2023-11-10,East_Zone,73.8,0,106.33,58.0,62.3,0,4.0,0
2023-11-11,East_Zone,73.0,0,104.93,49.9,56.7,0,4.0,0
2023-11-12,East_Zone,70.9,0,105.37,52.2,58.4,0,4.0,0
2023-11-13,East_Zone,71.5,0,106.72,50.1,73.1,0,4.0,0
2023-11-14,East_Zone,70.4,0,106.04,49.8,59.8,0,4.0,0
2023-11-15,East_Zone,76.7,0,106.23,58.8,66.7,0,4.0,0
2023-11-16,East_Zone,71.6,0,106.54,53.3,56.6,0,4.0,0
2023-11-17,East_Zone,70.4,0,108.97,53.9,74.7,0,4.0,0
2023-11-18,East_Zone,74.5,0,106.15,59.8,61.3,0,4.0,0
2023-11-19,East_Zone,71.6,0,108.06,54.9,52.1,0,4.0,0
2023-11-20,East_Zone,78.6,0,108.02,60.1,72.4,0,4.0,0
2023-11-21,East_Zone,74.1,0,107.53,51.8,59.6,0,4.0,0
2023-11-22,East_Zone,74.6,0,105.91,54.0,57.5,0,4.0,0
2023-11-23,East_Zone,74.6,0,106.92,52.1,68.9,0,4.0,0
2023-11-24,East_Zone,75.7,0,106.42,57.8,66.4,0,4.0,0
2023-11-25,East_Zone,76.1,0,108.85,55.7,56.2,0,4.0,0
2023-11-26,East_Zone,74.1,0,107.28,58.8,63.2,0,4.0,0
2023-11-27,East_Zone,71.0,0,106.68,56.3,63.7,0,4.0,0
2023-11-28,East_Zone,73.5,0,108.71,48.7,60.7,0,4.0,0
2023-11-29,East_Zone,74.2,0,106.6,54.6,54.5,0,4.0,0
2023-11-30,East_Zone,69.1,0,107.53,49.9,55.2,0,4.0,0
2023-12-01,East_Zone,67.7,0,107.71,57.5,74.6,0,4.0,0
2023-12-02,East_Zone,70.4,0,107.39,58.2,74.5,0,4.0,0
2023-12-03,East_Zone,68.1,0,106.97,58.4,70.6,0,4.0,0
2023-12-04,East_Zone,72.5,0,107.94,55.7,78.6,0,4.0,0
2023-12-05,East_Zone,71.7,0,106.5,49.1,79.5,0,4.0,0
2023-12-06,East_Zone,74.3,0,108.28,57.2,79.4,0,4.0,0
2023-12-07,East_Zone,76.1,0,106.92,57.4,79.4,0,4.0,0
2023-12-08,East_Zone,74.9,0,108.57,55.7,71.9,0,4.0,0
2023-12-09,East_Zone,75.3,0,108.31,56.7,65.3,0,4.0,0
2023-12-10,East_Zone,76.8,0,107.84,48.6,70.4,0,4.0,0
2023-12-11,East_Zone,73.0,0,107.23,56.2,71.4,0,4.0,0
2023-12-12,East_Zone,66.2,0,108.46,56.0,68.9,0,4.0,0
2023-12-13,East_Zone,68.8,0,107.96,51.3,70.1,0,4.0,0
2023-12-14,East_Zone,75.5,0,104.21,56.8,66.2,0,4.0,0
2023-12-15,East_Zone,74.6,0,106.64,53.7,75.6,0,4.0,0
2023-12-16,East_Zone,76.1,0,107.66,57.0,80.1,0,4.0,0
2023-12-17,East_Zone,82.5,0,107.8,58.1,83.9,0,4.0,0
2023-12-18,East_Zone,74.7,0,108.26,57.6,73.2,0,4.0,0
2023-12-19,East_Zone,73.7,0,109.14,51.3,71.1,0,4.0,0
2023-12-20,East_Zone,75.0,0,108.21,54.7,71.8,0,4.0,0
2023-12-21,East_Zone,70.4,0,105.57,63.7,78.8,0,4.0,0
2023-12-22,East_Zone,76.3,0,107.89,61.7,78.7,0,4.0,0
2023-12-23,East_Zone,73.5,0,108.94,59.9,70.8,0,4.0,0
2023-12-24,East_Zone,79.0,0,107.87,57.2,78.0,0,4.0,0
2023-12-25,East_Zone,69.2,0,108.0,52.2,72.8,0,4.0,0
2023-12-26,East_Zone,74.0,0,107.33,55.3,68.3,0,4.0,0
2023-12-27,East_Zone,72.1,0,108.81,54.8,71.2,0,4.0,0
2023-12-28,East_Zone,70.8,0,107.54,55.7,80.5,0,4.0,0
2023-12-29,East_Zone,75.9,0,108.52,50.6,75.6,0,4.0,0
2023-12-30,East_Zone,73.0,0,108.39,60.2,69.5,0,4.0,0
2023-12-31,East_Zone,78.0,0,108.05,45.5,76.7,0,4.0,0
2021-01-01,North_Zone,76.4,0,100.52,56.6,75.6,0,5.0,0
2021-01-02,North_Zone,76.8,0,100.27,56.6,70.5,0,5.0,0
2021-01-03,North_Zone,84.0,0,101.38,62.9,68.3,0,5.0,0
2021-01-04,North_Zone,73.9,0,100.81,52.3,66.4,0,5.0,0
2021-01-05,North_Zone,75.6,0,101.21,51.4,63.8,0,5.0,0
2021-01-06,North_Zone,68.7,0,99.44,53.3,68.7,0,5.0,0
2021-01-07,North_Zone,76.7,0,99.41,55.0,71.1,0,5.0,0
2021-01-08,North_Zone,80.1,0,100.34,52.8,78.3,0,5.0,0
2021-01-09,North_Zone,79.2,0,101.06,48.7,76.1,0,5.0,0
2021-01-10,North_Zone,78.4,0,100.87,55.6,73.0,0,5.0,0
2021-01-11,North_Zone,75.4,0,99.63,52.8,62.6,0,5.0,0
2021-01-12,North_Zone,77.4,0,101.19,49.4,73.5,0,5.0,0
2021-01-13,North_Zone,76.8,0,99.82,46.4,63.8,0,5.0,0
2021-01-14,North_Zone,78.0,0,101.15,63.3,76.4,0,5.0,0
2021-01-15,North_Zone,78.5,0,100.8,56.6,76.5,0,5.0,0
2021-01-16,North_Zone,76.9,0,100.32,55.4,72.3,0,5.0,0
2021-01-17,North_Zone,78.1,0,100.04,52.6,76.1,0,5.0,0
2021-01-18,North_Zone,77.7,0,100.74,56.1,77.1,0,5.0,0
2021-01-19,North_Zone,76.0,0,100.73,49.1,72.5,0,5.0,0
2021-01-20,North_Zone,78.2,0,99.63,53.6,71.3,0,5.0,0
2021-01-21,North_Zone,74.2,0,101.31,54.5,65.4,0,5.0,0
2021-01-22,North_Zone,78.5,0,101.9,49.6,70.2,0,5.0,0
2021-01-23,North_Zone,74.7,0,101.63,53.2,67.0,0,5.0,0
2021-01-24,North_Zone,77.9,0,101.12,51.8,67.0,0,5.0,0
2021-01-25,North_Zone,79.4,0,100.38,50.1,68.3,0,5.0,0
2021-01-26,North_Zone,75.2,0,100.99,51.2,62.2,0,5.0,0
2021-01-27,North_Zone,81.1,0,100.76,46.5,76.9,0,5.0,0
2021-01-28,North_Zone,83.4,0,101.05,57.7,73.1,0,5.0,0
2021-01-29,North_Zone,76.0,0,101.89,60.0,77.8,0,5.0,0
2021-01-30,North_Zone,77.6,0,100.88,49.6,76.0,0,5.0,0
2021-01-31,North_Zone,81.6,0,99.18,57.1,74.5,0,5.0,0
2021-02-01,North_Zone,72.6,0,101.85,53.6,76.0,0,5.0,0
2021-02-02,North_Zone,78.1,0,101.47,53.5,72.8,0,5.0,0
2021-02-03,North_Zone,77.1,0,101.25,48.3,78.5,0,5.0,0
2021-02-04,North_Zone,80.7,0,99.96,50.8,69.5,0,5.0,0
2021-02-05,North_Zone,77.3,0,100.33,55.3,71.9,0,5.0,0
2021-02-06,North_Zone,79.4,0,100.47,49.3,70.6,0,5.0,0
2021-02-07,North_Zone,75.5,0,100.63,50.3,82.1,0,5.0,0
2021-02-08,North_Zone,80.9,0,100.75,51.3,68.8,0,5.0,0
2021-02-09,North_Zone,74.6,0,100.09,39.4,78.4,0,5.0,0
2021-02-10,North_Zone,80.6,0,103.45,55.7,65.2,0,5.0,0
2021-02-11,North_Zone,78.2,0,102.83,56.7,72.5,0,5.0,0
2021-02-12,North_Zone,70.9,0,101.63,55.1,71.1,0,5.0,0
2021-02-13,North_Zone,78.2,0,101.34,57.3,66.9,0,5.0,0
2021-02-14,North_Zone,79.8,0,103.23,52.5,68.7,0,5.0,0
2021-02-15,North_Zone,74.3,0,103.05,61.5,74.5,0,5.0,0
2021-02-16,North_Zone,75.5,0,100.71,49.9,70.3,0,5.0,0
2021-02-17,North_Zone,78.3,0,101.72,52.8,67.2,0,5.0,0
2021-02-18,North_Zone,76.5,0,101.31,52.2,76.5,0,5.0,0
2021-02-19,North_Zone,79.0,0,101.25,54.2,71.9,0,5.0,0
2021-02-20,North_Zone,77.4,0,101.37,52.6,73.7,0,5.0,0
2021-02-21,North_Zone,74.0,0,101.47,53.2,77.5,0,5.0,0
2021-02-22,North_Zone,85.0,0,101.79,51.0,79.7,0,5.0,0
2021-02-23,North_Zone,77.0,0,101.82,52.0,60.6,0,5.0,0
2021-02-24,North_Zone,78.4,0,103.06,45.3,71.5,0,5.0,0
2021-02-25,North_Zone,83.3,0,100.84,56.5,63.6,0,5.0,0
2021-02-26,North_Zone,80.6,0,102.63,50.0,85.6,0,5.0,0
2021-02-27,North_Zone,79.6,0,100.61,51.3,72.8,0,5.0,0
2021-02-28,North_Zone,81.2,0,101.94,49.5,76.9,0,5.0,0
2021-03-01,North_Zone,79.7,0,102.76,56.4,41.9,0,5.0,0
2021-03-02,North_Zone,79.7,0,102.3,51.7,43.2,0,5.0,0
2021-03-03,North_Zone,79.7,0,101.44,43.8,50.5,0,5.0,0
2021-03-04,North_Zone,77.5,0,102.05,54.9,47.6,0,5.0,0
2021-03-05,North_Zone,81.2,0,103.44,51.4,53.4,0,5.0,0
2021-03-06,North_Zone,80.0,0,101.21,53.4,40.8,0,5.0,0
2021-03-07,North_Zone,71.1,0,102.38,57.3,43.9,0,5.0,1
2021-03-08,North_Zone,80.6,0,102.79,50.2,47.6,0,5.0,0
2021-03-09,North_Zone,75.6,0,101.45,53.4,48.3,0,5.0,0
2021-03-10,North_Zone,78.7,0,103.59,51.3,47.1,0,5.0,0
2021-03-11,North_Zone,73.0,0,103.94,58.5,38.4,0,5.0,1
2021-03-12,North_Zone,76.3,0,102.97,54.5,40.3,0,5.0,1
2021-03-13,North_Zone,76.9,0,102.99,54.1,46.7,0,5.0,1
2021-03-14,North_Zone,79.6,0,100.17,48.1,37.3,0,5.0,0
2021-03-15,North_Zone,76.2,0,100.59,56.2,40.6,0,5.0,0
2021-03-16,North_Zone,71.5,0,101.84,57.2,45.2,0,5.0,0
2021-03-17,North_Zone,76.5,0,101.27,50.4,41.1,0,5.0,1
2021-03-18,North_Zone,76.9,0,102.57,54.6,46.1,0,5.0,1
2021-03-19,North_Zone,79.9,0,99.1,55.0,44.6,0,5.0,0
2021-03-20,North_Zone,78.4,0,102.58,62.9,41.1,0,5.0,1
2021-03-21,North_Zone,75.7,0,101.79,55.3,41.2,0,5.0,1
2021-03-22,North_Zone,78.8,0,101.43,53.6,51.4,0,5.0,0
2021-03-23,North_Zone,83.5,0,103.88,53.9,58.9,0,5.0,1
2021-03-24,North_Zone,81.5,0,101.67,53.3,46.2,0,5.0,1
2021-03-25,North_Zone,72.3,0,100.37,56.2,45.3,0,5.0,1
2021-03-26,North_Zone,85.4,0,102.45,50.5,40.5,0,5.0,1
2021-03-27,North_Zone,81.6,0,102.37,57.7,42.2,0,5.0,0
2021-03-28,North_Zone,82.8,0,101.82,47.6,45.0,0,5.0,0
2021-03-29,North_Zone,73.4,0,104.35,57.4,41.8,0,5.0,1
2021-03-30,North_Zone,76.8,0,102.21,57.7,41.9,0,5.0,1
2021-03-31,North_Zone,79.8,0,103.01,57.4,47.7,0,5.0,1
2021-04-01,North_Zone,74.6,0,102.32,55.0,42.0,0,5.0,1
2021-04-02,North_Zone,79.6,0,103.27,55.9,48.9,0,5.0,0
2021-04-03,North_Zone,82.9,0,101.67,52.1,43.7,0,5.0,1
2021-04-04,North_Zone,77.0,0,100.93,48.9,45.7,0,5.0,1
2021-04-05,North_Zone,83.1,0,102.76,55.1,44.8,0,5.0,1
2021-04-06,North_Zone,80.1,0,102.29,54.2,48.5,0,5.0,1
2021-04-07,North_Zone,72.4,0,102.79,57.8,51.0,0,5.0,1
2021-04-08,North_Zone,75.4,0,101.37,53.0,40.1,0,5.0,0
2021-04-09,North_Zone,81.3,0,102.46,54.6,53.8,0,5.0,0
2021-04-10,North_Zone,74.9,0,100.38,54.3,40.7,0,5.0,0
2021-04-11,North_Zone,81.2,0,101.49,55.9,44.1,0,5.0,1
2021-04-12,North_Zone,79.8,0,101.26,57.3,42.4,0,5.0,1
2021-04-13,North_Zone,78.9,0,102.46,50.2,52.5,0,5.0,0
2021-04-14,North_Zone,76.3,0,101.47,56.4,39.7,0,5.0,1
2021-04-15,North_Zone,78.9,0,100.57,52.5,48.6,0,5.0,0
2021-04-16,North_Zone,83.0,0,101.37,56.1,34.0,0,5.0,0
2021-04-17,North_Zone,76.8,0,102.53,59.9,49.1,0,5.0,0
2021-04-18,North_Zone,79.8,0,102.05,45.4,44.0,0,5.0,1
2021-04-19,North_Zone,84.0,0,101.16,58.3,43.1,0,5.0,1
2021-04-20,North_Zone,78.8,0,102.74,53.6,41.5,0,5.0,1
2021-04-21,North_Zone,76.5,0,103.45,51.0,44.7,0,5.0,0
2021-04-22,North_Zone,76.5,0,102.78,52.4,43.2,0,5.0,1
2021-04-23,North_Zone,71.7,0,99.55,48.7,37.5,0,5.0,1
2021-04-24,North_Zone,74.4,0,102.09,55.9,41.1,0,5.0,1
2021-04-25,North_Zone,79.0,0,101.69,49.5,49.0,0,5.0,1
2021-04-26,North_Zone,80.9,0,99.79,57.7,43.0,0,5.0,0
2021-04-27,North_Zone,76.7,0,100.52,56.0,41.0,0,5.0,0
2021-04-28,North_Zone,80.9,0,102.59,54.9,45.2,0,5.0,0
2021-04-29,North_Zone,80.7,0,101.96,45.6,47.4,0,5.0,0
2021-04-30,North_Zone,75.7,0,101.84,48.4,48.3,0,5.0,1
2021-05-01,North_Zone,76.2,0,101.09,53.1,46.7,0,5.0,0
2021-05-02,North_Zone,74.0,0,102.81,54.0,51.0,0,5.0,0
2021-05-03,North_Zone,80.2,0,100.48,57.0,45.2,0,5.0,1
2021-05-04,North_Zone,78.0,0,100.8,41.7,43.8,0,5.0,0
2021-05-05,North_Zone,80.7,0,101.35,50.5,49.4,0,5.0,0
2021-05-06,North_Zone,77.8,0,100.13,56.4,41.5,0,5.0,1
2021-05-07,North_Zone,75.2,0,100.75,52.0,43.0,0,5.0,0
2021-05-08,North_Zone,80.3,0,102.67,52.2,37.0,0,5.0,1
2021-05-09,North_Zone,72.1,0,100.75,46.9,54.1,0,5.0,0
2021-05-10,North_Zone,77.0,0,102.35,58.2,55.4,0,5.0,0
2021-05-11,North_Zone,75.7,0,102.18,51.9,44.1,0,5.0,1
2021-05-12,North_Zone,82.6,0,101.36,57.9,48.8,0,5.0,0
2021-05-13,North_Zone,83.2,0,100.09,58.9,48.5,0,5.0,1
2021-05-14,North_Zone,79.3,0,101.55,58.9,45.9,0,5.0,0
2021-05-15,North_Zone,76.3,0,99.35,52.6,51.1,0,5.0,1
2021-05-16,North_Zone,83.2,0,100.91,51.4,38.7,0,5.0,1
2021-05-17,North_Zone,75.9,0,101.65,51.5,44.1,0,5.0,1
2021-05-18,North_Zone,73.8,0,102.26,61.8,34.6,0,5.0,1
2021-05-19,North_Zone,72.0,0,101.21,52.6,39.9,0,5.0,0
2021-05-20,North_Zone,78.3,0,100.73,57.5,36.9,0,5.0,0
2021-05-21,North_Zone,72.9,0,100.62,55.2,35.8,0,5.0,1
2021-05-22,North_Zone,82.3,0,100.82,51.7,42.5,0,5.0,1
2021-05-23,North_Zone,76.3,0,101.88,52.7,46.8,0,5.0,0
2021-05-24,North_Zone,74.1,0,101.58,58.4,41.7,0,5.0,1
2021-05-25,North_Zone,81.3,0,101.18,53.6,42.3,0,5.0,0
2021-05-26,North_Zone,80.6,0,101.81,51.9,41.3,0,5.0,0
2021-05-27,North_Zone,83.0,0,101.15,50.2,45.7,0,5.0,0
2021-05-28,North_Zone,72.9,0,99.78,54.2,42.0,0,5.0,1
2021-05-29,North_Zone,72.3,0,99.98,50.9,40.0,0,5.0,1
2021-05-30,North_Zone,82.7,0,101.66,56.0,49.7,0,5.0,0
2021-05-31,North_Zone,69.6,0,99.66,63.0,40.6,0,5.0,1
2021-06-01,North_Zone,74.4,0,100.62,55.3,27.6,0,5.0,0
2021-06-02,North_Zone,78.2,0,100.86,60.6,37.7,0,5.0,0
2021-06-03,North_Zone,74.0,0,99.91,50.1,25.6,0,5.0,0
2021-06-04,North_Zone,78.6,0,99.24,55.4,40.1,0,5.0,0
2021-06-05,North_Zone,74.6,0,99.71,57.9,28.9,0,5.0,0
2021-06-06,North_Zone,81.9,0,99.04,58.1,34.4,0,5.0,0
2021-06-07,North_Zone,80.2,0,101.43,58.7,29.0,0,5.0,0
2021-06-08,North_Zone,78.8,0,101.18,53.5,34.1,0,5.0,0
2021-06-09,North_Zone,76.9,0,100.0,56.6,31.4,0,5.0,0
2021-06-10,North_Zone,74.9,0,99.36,48.7,29.1,0,5.0,0
2021-06-11,North_Zone,77.6,0,101.86,60.2,26.0,0,5.0,0
2021-06-12,North_Zone,74.3,0,101.1,49.6,31.3,0,5.0,0
2021-06-13,North_Zone,83.8,0,100.01,58.0,36.4,0,5.0,0
2021-06-14,North_Zone,79.0,0,101.78,57.9,37.4,0,5.0,0
2021-06-15,North_Zone,75.4,0,100.7,57.4,30.4,0,5.0,0
2021-06-16,North_Zone,82.7,0,100.85,61.6,30.4,0,5.0,0
2021-06-17,North_Zone,77.9,0,99.45,57.0,33.1,0,5.0,0
2021-06-18,North_Zone,82.2,0,98.94,47.3,34.0,0,5.0,0
2021-06-19,North_Zone,82.1,0,98.86,54.9,34.0,0,5.0,0
2021-06-20,North_Zone,79.3,0,102.48,46.4,31.8,0,5.0,0
2021-06-21,North_Zone,74.2,0,99.53,52.4,32.2,0,5.0,0
2021-06-22,North_Zone,76.3,0,100.39,51.5,32.6,0,5.0,0
2021-06-23,North_Zone,88.8,0,100.75,55.9,21.9,0,5.0,0
2021-06-24,North_Zone,76.3,0,100.24,49.8,32.0,0,5.0,0
2021-06-25,North_Zone,77.2,0,100.07,49.9,37.9,0,5.0,0
2021-06-26,North_Zone,76.6,0,100.01,55.0,41.0,0,5.0,0
2021-06-27,North_Zone,75.2,0,100.63,58.0,39.9,0,5.0,0
2021-06-28,North_Zone,80.1,0,99.08,52.6,34.5,0,5.0,0
2021-06-29,North_Zone,74.0,0,99.65,62.2,28.1,0,5.0,0
2021-06-30,North_Zone,75.5,0,97.75,50.7,31.3,0,5.0,0
2021-07-01,North_Zone,78.9,0,98.15,55.0,30.2,0,5.0,0
2021-07-02,North_Zone,77.2,0,98.68,53.8,27.0,0,5.0,0
2021-07-03,North_Zone,78.5,0,100.8,51.9,29.3,0,5.0,0
2021-07-04,North_Zone,77.9,0,99.64,58.1,30.4,0,5.0,0
2021-07-05,North_Zone,74.5,0,100.58,49.7,27.0,0,5.0,0
2021-07-06,North_Zone,82.4,0,100.23,44.8,38.7,0,5.0,0
2021-07-07,North_Zone,81.4,0,100.07,52.5,37.0,0,5.0,0
2021-07-08,North_Zone,75.1,0,98.83,51.5,33.8,0,5.0,0
2021-07-09,North_Zone,79.4,0,99.82,57.2,35.9,0,5.0,0
2021-07-10,North_Zone,76.5,0,99.96,48.0,35.5,0,5.0,0
2021-07-11,North_Zone,81.3,0,101.88,55.8,30.3,0,5.0,0
2021-07-12,North_Zone,80.6,0,99.29,54.3,43.0,0,5.0,0
2021-07-13,North_Zone,81.8,0,100.34,54.4,30.2,0,5.0,0
2021-07-14,North_Zone,75.2,0,99.45,57.0,25.7,0,5.0,0
2021-07-15,North_Zone,73.9,0,98.84,52.4,34.8,0,5.0,0
2021-07-16,North_Zone,72.4,0,100.38,53.4,36.8,0,5.0,0
2021-07-17,North_Zone,86.0,0,101.36,55.3,32.5,0,5.0,0
2021-07-18,North_Zone,80.7,0,99.7,52.5,40.2,0,5.0,0
2021-07-19,North_Zone,81.7,0,98.72,47.1,34.9,0,5.0,0
2021-07-20,North_Zone,73.7,0,99.84,51.3,29.9,0,5.0,0
2021-07-21,North_Zone,79.9,0,99.62,51.8,31.0,0,5.0,0
2021-07-22,North_Zone,72.8,0,101.53,51.4,34.7,0,5.0,0
2021-07-23,North_Zone,79.4,0,100.02,51.7,34.4,0,5.0,0
2021-07-24,North_Zone,78.1,0,98.31,53.0,40.1,0,5.0,0
2021-07-25,North_Zone,77.1,0,100.49,52.1,38.2,0,5.0,0
2021-07-26,North_Zone,76.4,0,99.96,56.4,26.2,0,5.0,0
2021-07-27,North_Zone,81.5,0,100.09,56.5,33.2,0,5.0,0
2021-07-28,North_Zone,76.4,0,99.56,43.3,27.8,0,5.0,0
2021-07-29,North_Zone,82.1,0,100.1,47.3,41.3,0,5.0,0
2021-07-30,North_Zone,77.9,0,99.5,43.2,29.1,0,5.0,0
2021-07-31,North_Zone,79.1,0,98.77,51.4,35.0,0,5.0,0
2021-08-01,North_Zone,79.7,0,99.13,51.3,30.5,0,5.0,0
2021-08-02,North_Zone,79.4,0,98.85,53.1,24.1,0,5.0,0
2021-08-03,North_Zone,78.7,0,99.28,56.1,27.7,0,5.0,0
2021-08-04,North_Zone,84.5,0,98.99,52.4,32.8,0,5.0,0
2021-08-05,North_Zone,81.4,0,98.57,50.0,36.8,0,5.0,0
2021-08-06,North_Zone,70.3,0,98.67,52.5,36.7,0,5.0,0
2021-08-07,North_Zone,77.4,0,98.82,50.6,27.3,0,5.0,0
2021-08-08,North_Zone,82.5,0,97.02,45.9,35.6,0,5.0,0
2021-08-09,North_Zone,75.6,0,99.79,56.7,38.7,0,5.0,0
2021-08-10,North_Zone,78.0,0,99.09,54.3,36.6,0,5.0,0
2021-08-11,North_Zone,78.2,0,98.1,58.0,32.2,0,5.0,0
2021-08-12,North_Zone,82.8,0,99.28,47.8,34.2,0,5.0,0
2021-08-13,North_Zone,74.9,0,98.16,45.8,34.8,0,5.0,0
2021-08-14,North_Zone,75.3,0,98.13,48.5,41.0,0,5.0,0
2021-08-15,North_Zone,79.5,0,98.99,54.2,42.5,0,5.0,0
2021-08-16,North_Zone,79.0,0,100.02,56.4,37.2,0,5.0,0
2021-08-17,North_Zone,79.6,0,98.84,53.7,34.3,0,5.0,0
2021-08-18,North_Zone,79.0,0,97.77,52.7,33.8,0,5.0,0
2021-08-19,North_Zone,77.6,0,98.17,55.7,34.4,0,5.0,0
2021-08-20,North_Zone,79.7,0,99.34,50.9,35.0,0,5.0,0
2021-08-21,North_Zone,78.6,0,98.88,56.8,31.4,0,5.0,0
2021-08-22,North_Zone,77.3,0,99.41,60.7,43.8,0,5.0,0
2021-08-23,North_Zone,77.8,0,98.82,48.3,30.0,0,5.0,0
2021-08-24,North_Zone,76.4,0,99.18,51.7,40.5,0,5.0,0
2021-08-25,North_Zone,75.9,0,100.4,47.6,23.0,0,5.0,0
2021-08-26,North_Zone,79.7,0,97.01,47.9,32.6,0,5.0,0
2021-08-27,North_Zone,74.1,0,100.75,54.9,32.3,0,5.0,0
2021-08-28,North_Zone,80.1,0,99.26,46.0,35.1,0,5.0,0
2021-08-29,North_Zone,77.2,0,100.93,50.3,32.2,0,5.0,0
2021-08-30,North_Zone,77.7,0,97.31,56.1,40.9,0,5.0,0
2021-08-31,North_Zone,77.5,0,98.66,53.4,32.8,0,5.0,0
2021-09-01,North_Zone,79.5,0,98.42,55.4,54.9,0,5.0,0
2021-09-02,North_Zone,82.4,0,99.12,47.5,55.2,0,5.0,0
2021-09-03,North_Zone,83.4,0,98.69,52.7,57.6,0,5.0,0
2021-09-04,North_Zone,81.1,0,98.57,60.0,63.6,0,5.0,0
2021-09-05,North_Zone,78.2,0,98.97,49.9,64.5,0,5.0,0
2021-09-06,North_Zone,80.4,0,98.07,50.3,54.0,0,5.0,0
2021-09-07,North_Zone,71.9,0,97.65,54.4,56.0,0,5.0,0
2021-09-08,North_Zone,79.8,0,98.6,48.8,54.7,0,5.0,0
2021-09-09,North_Zone,79.2,0,97.62,54.9,58.6,0,5.0,0
2021-09-10,North_Zone,73.4,0,98.0,45.0,64.8,0,5.0,0
2021-09-11,North_Zone,76.3,0,96.67,42.0,60.9,0,5.0,0
2021-09-12,North_Zone,78.8,0,98.16,53.5,62.8,0,5.0,0
2021-09-13,North_Zone,79.1,0,97.16,47.9,63.7,0,5.0,0
2021-09-14,North_Zone,80.9,0,98.05,50.0,57.1,0,5.0,0
2021-09-15,North_Zone,83.0,0,96.99,55.3,53.6,0,5.0,0
2021-09-16,North_Zone,77.6,0,98.04,54.7,57.1,0,5.0,0
2021-09-17,North_Zone,74.6,0,98.96,47.7,64.1,0,5.0,0
2021-09-18,North_Zone,80.5,0,97.45,54.1,63.0,0,5.0,0
2021-09-19,North_Zone,81.9,0,97.11,50.6,60.4,0,5.0,0
2021-09-20,North_Zone,81.8,0,98.82,54.2,64.7,0,5.0,0
2021-09-21,North_Zone,79.4,0,98.94,52.5,60.7,0,5.0,0
2021-09-22,North_Zone,84.0,0,98.45,46.4,58.3,0,5.0,0
2021-09-23,North_Zone,77.2,0,97.55,49.2,52.2,0,5.0,0
2021-09-24,North_Zone,82.8,0,97.38,42.3,66.4,0,5.0,0
2021-09-25,North_Zone,74.5,0,97.68,52.8,59.5,0,5.0,0
2021-09-26,North_Zone,71.2,0,97.95,53.8,57.7,0,5.0,0
2021-09-27,North_Zone,74.5,0,96.28,48.7,59.5,0,5.0,0
2021-09-28,North_Zone,76.3,0,97.02,51.3,67.5,0,5.0,0
2021-09-29,North_Zone,78.0,0,99.25,48.8,65.0,0,5.0,0
2021-09-30,North_Zone,75.2,0,98.21,57.3,58.2,0,5.0,0
2021-10-01,North_Zone,78.4,0,99.23,47.5,62.3,0,5.0,0
2021-10-02,North_Zone,79.9,0,99.02,51.4,66.1,0,5.0,0
2021-10-03,North_Zone,79.1,0,97.69,46.9,61.7,0,5.0,0
2021-10-04,North_Zone,77.6,0,97.71,53.0,60.6,0,5.0,0
2021-10-05,North_Zone,81.6,0,98.97,56.7,49.5,0,5.0,0
2021-10-06,North_Zone,75.6,0,98.77,44.2,66.2,0,5.0,0
2021-10-07,North_Zone,77.3,0,99.0,55.2,54.9,0,5.0,0
2021-10-08,North_Zone,76.4,0,98.0,58.7,50.6,0,5.0,0
2021-10-09,North_Zone,80.0,0,98.16,52.8,51.0,0,5.0,0
2021-10-10,North_Zone,76.7,0,97.77,49.4,55.7,0,5.0,0
2021-10-11,North_Zone,79.2,0,97.98,52.0,62.4,0,5.0,0
2021-10-12,North_Zone,80.4,0,97.35,49.8,65.8,0,5.0,0
2021-10-13,North_Zone,76.5,0,97.97,60.0,61.7,0,5.0,0
2021-10-14,North_Zone,73.2,0,97.89,55.5,68.7,0,5.0,0
2021-10-15,North_Zone,77.3,0,97.6,55.6,58.0,0,5.0,0
2021-10-16,North_Zone,75.6,0,98.86,61.2,58.8,0,5.0,0
2021-10-17,North_Zone,76.1,0,96.67,57.0,50.7,0,5.0,0
2021-10-18,North_Zone,70.6,0,98.42,51.9,57.1,0,5.0,0
2021-10-19,North_Zone,73.1,0,97.18,52.0,61.8,0,5.0,0
2021-10-20,North_Zone,80.4,0,97.26,61.3,65.3,0,5.0,0
2021-10-21,North_Zone,75.2,0,97.36,49.0,63.2,0,5.0,0
2021-10-22,North_Zone,81.5,0,98.6,51.8,51.6,0,5.0,0
2021-10-23,North_Zone,75.9,0,95.89,47.3,64.1,0,5.0,0
2021-10-24,North_Zone,79.5,0,98.33,45.1,51.2,0,5.0,0
2021-10-25,North_Zone,77.2,0,98.22,48.8,63.9,0,5.0,0
2021-10-26,North_Zone,79.9,0,97.22,48.4,68.2,0,5.0,0
2021-10-27,North_Zone,77.2,0,98.38,49.9,59.6,0,5.0,0
2021-10-28,North_Zone,78.6,0,97.0,54.2,64.7,0,5.0,0
2021-10-29,North_Zone,81.7,0,98.19,52.2,66.2,0,5.0,0
2021-10-30,North_Zone,79.4,0,97.0,55.8,66.1,0,5.0,0
2021-10-31,North_Zone,75.9,0,100.32,53.7,56.4,0,5.0,0
2021-11-01,North_Zone,72.4,0,99.14,53.4,63.3,0,5.0,0
2021-11-02,North_Zone,77.7,0,98.55,51.3,59.9,0,5.0,0
2021-11-03,North_Zone,79.3,0,97.36,59.7,50.4,0,5.0,0
2021-11-04,North_Zone,78.5,0,98.06,50.5,55.6,0,5.0,0
2021-11-05,North_Zone,75.4,0,98.12,55.9,60.9,0,5.0,0
2021-11-06,North_Zone,78.5,0,98.62,47.7,62.8,0,5.0,0
2021-11-07,North_Zone,80.0,0,98.8,51.5,61.5,0,5.0,0
2021-11-08,North_Zone,82.2,0,98.64,60.5,52.9,0,5.0,0
2021-11-09,North_Zone,77.3,0,98.78,55.3,62.7,0,5.0,0
2021-11-10,North_Zone,85.4,0,98.29,46.7,53.2,0,5.0,0
2021-11-11,North_Zone,82.4,0,98.83,48.4,62.2,0,5.0,0
2021-11-12,North_Zone,78.5,0,97.87,58.6,64.1,0,5.0,0
2021-11-13,North_Zone,78.8,0,97.47,52.3,59.2,0,5.0,0
2021-11-14,North_Zone,82.2,0,100.4,52.1,59.6,0,5.0,0
2021-11-15,North_Zone,75.1,0,98.99,49.5,67.4,0,5.0,0
2021-11-16,North_Zone,75.6,0,100.41,51.9,68.1,0,5.0,0
2021-11-17,North_Zone,74.1,0,98.35,58.0,57.3,0,5.0,0
2021-11-18,North_Zone,77.2,0,101.06,50.6,63.2,0,5.0,0
2021-11-19,North_Zone,75.4,0,98.76,50.1,62.1,0,5.0,0
2021-11-20,North_Zone,76.9,0,99.85,55.3,70.8,0,5.0,0
2021-11-21,North_Zone,77.9,0,98.76,48.3,65.9,0,5.0,0
2021-11-22,North_Zone,73.9,0,98.92,48.8,64.9,0,5.0,0
2021-11-23,North_Zone,82.1,0,98.67,52.5,53.8,0,5.0,0
2021-11-24,North_Zone,81.6,0,98.32,52.5,71.4,0,5.0,0
2021-11-25,North_Zone,76.6,0,99.82,49.7,66.0,0,5.0,0
2021-11-26,North_Zone,82.4,0,98.86,54.4,54.5,0,5.0,0
2021-11-27,North_Zone,79.2,0,99.73,53.8,61.7,0,5.0,0
2021-11-28,North_Zone,81.3,0,99.83,45.0,62.7,0,5.0,0
2021-11-29,North_Zone,73.9,0,100.37,56.3,55.1,0,5.0,0
2021-11-30,North_Zone,77.0,0,99.4,50.5,80.5,0,5.0,0
2021-12-01,North_Zone,79.9,0,97.5,55.2,73.6,0,5.0,0
2021-12-02,North_Zone,77.5,0,98.72,60.8,70.8,0,5.0,0
2021-12-03,North_Zone,77.5,0,99.05,52.4,73.9,0,5.0,0
2021-12-04,North_Zone,77.7,0,99.12,50.1,78.1,0,5.0,0
2021-12-05,North_Zone,79.1,0,100.45,58.7,80.0,0,5.0,0
2021-12-06,North_Zone,78.3,0,100.3,49.8,73.0,0,5.0,0
2021-12-07,North_Zone,82.7,0,99.05,60.2,65.6,0,5.0,0
2021-12-08,North_Zone,75.0,0,101.66,51.8,65.7,0,5.0,0
2021-12-09,North_Zone,78.3,0,98.91,50.1,64.9,0,5.0,0
2021-12-10,North_Zone,80.1,0,99.02,62.1,68.8,0,5.0,0
2021-12-11,North_Zone,74.3,0,98.23,53.7,72.2,0,5.0,0
2021-12-12,North_Zone,77.0,0,97.8,58.6,73.1,0,5.0,0
2021-12-13,North_Zone,78.5,0,98.21,52.2,77.6,0,5.0,0
2021-12-14,North_Zone,82.5,0,100.44,52.8,61.6,0,5.0,0
2021-12-15,North_Zone,78.4,0,100.2,41.4,71.9,0,5.0,0
2021-12-16,North_Zone,80.3,0,98.61,56.5,74.3,0,5.0,0
2021-12-17,North_Zone,80.5,0,99.62,54.4,58.0,0,5.0,0
2021-12-18,North_Zone,69.7,0,100.36,52.7,74.3,0,5.0,0
2021-12-19,North_Zone,78.2,0,97.56,54.4,85.7,0,5.0,0
2021-12-20,North_Zone,76.7,0,101.4,53.7,75.9,0,5.0,0
2021-12-21,North_Zone,82.5,0,100.71,49.5,73.5,0,5.0,0
2021-12-22,North_Zone,80.1,0,100.5,54.7,70.6,0,5.0,0
2021-12-23,North_Zone,80.6,0,100.93,52.6,73.2,0,5.0,0
2021-12-24,North_Zone,79.6,0,97.72,55.1,79.7,0,5.0,0
2021-12-25,North_Zone,78.3,0,99.58,51.7,70.3,0,5.0,0
2021-12-26,North_Zone,80.5,0,101.09,51.6,78.0,0,5.0,0
2021-12-27,North_Zone,77.9,0,99.86,50.8,74.3,0,5.0,0
2021-12-28,North_Zone,81.9,0,100.64,49.7,80.1,0,5.0,0
2021-12-29,North_Zone,74.8,0,101.38,51.5,77.4,0,5.0,0
2021-12-30,North_Zone,81.1,0,100.67,55.0,72.9,0,5.0,0
2021-12-31,North_Zone,76.9,0,99.74,49.9,72.6,0,5.0,0
2022-01-01,North_Zone,80.0,0,104.61,50.1,70.4,0,5.25,0
2022-01-02,North_Zone,73.3,0,102.4,57.1,76.9,0,5.25,0
2022-01-03,North_Zone,78.8,0,104.59,54.3,69.0,0,5.25,0
2022-01-04,North_Zone,77.5,0,104.89,58.0,72.6,0,5.25,0
2022-01-05,North_Zone,77.9,0,104.32,53.8,71.0,0,5.25,0
2022-01-06,North_Zone,72.7,0,105.37,52.9,65.3,0,5.25,0
2022-01-07,North_Zone,78.1,0,104.52,47.8,73.1,0,5.25,0
2022-01-08,North_Zone,78.4,0,104.42,50.2,64.4,0,5.25,0
2022-01-09,North_Zone,72.7,0,106.14,52.0,69.8,0,5.25,0
2022-01-10,North_Zone,74.5,0,103.38,55.5,75.3,0,5.25,0
2022-01-11,North_Zone,78.5,0,105.77,54.9,72.8,0,5.25,0
2022-01-12,North_Zone,79.2,0,105.72,51.2,72.8,0,5.25,0
2022-01-13,North_Zone,77.8,0,105.29,44.0,67.7,0,5.25,0
2022-01-14,North_Zone,78.1,0,104.07,56.5,77.2,0,5.25,0
2022-01-15,North_Zone,78.1,0,104.85,58.4,67.6,0,5.25,0
2022-01-16,North_Zone,76.4,0,103.74,58.4,75.5,0,5.25,0
2022-01-17,North_Zone,77.5,0,104.01,50.7,78.5,0,5.25,0
2022-01-18,North_Zone,73.8,0,104.74,59.0,64.3,0,5.25,0
2022-01-19,North_Zone,76.2,0,103.76,56.8,70.0,0,5.25,0
2022-01-20,North_Zone,77.9,0,104.44,57.0,69.5,0,5.25,0
2022-01-21,North_Zone,81.7,0,103.61,52.0,73.4,0,5.25,0
2022-01-22,North_Zone,77.6,0,105.39,54.6,67.3,0,5.25,0
2022-01-23,North_Zone,84.2,0,106.41,62.9,66.2,0,5.25,0
2022-01-24,North_Zone,83.8,0,107.0,62.5,71.7,0,5.25,0
2022-01-25,North_Zone,78.2,0,103.8,54.3,69.2,0,5.25,0
2022-01-26,North_Zone,76.8,0,104.01,55.4,71.3,0,5.25,0
2022-01-27,North_Zone,84.8,0,104.85,46.2,76.5,0,5.25,0
2022-01-28,North_Zone,80.2,0,105.75,60.1,63.9,0,5.25,0
2022-01-29,North_Zone,79.3,0,104.87,57.9,71.4,0,5.25,0
2022-01-30,North_Zone,75.8,0,106.07,56.8,69.0,0,5.25,0
2022-01-31,North_Zone,76.7,0,105.66,52.9,72.1,0,5.25,0
2022-02-01,North_Zone,75.0,0,103.39,54.6,69.1,1,5.25,0
2022-02-02,North_Zone,82.5,0,105.25,61.0,66.1,1,5.25,0
2022-02-03,North_Zone,79.5,0,103.98,56.0,74.0,1,5.25,0
2022-02-04,North_Zone,77.1,0,104.68,65.4,85.9,1,5.25,0
2022-02-05,North_Zone,76.6,0,104.86,58.2,71.5,1,5.25,0
2022-02-06,North_Zone,75.0,0,106.04,51.7,68.4,1,5.25,0
2022-02-07,North_Zone,77.8,0,105.3,53.5,68.4,1,5.25,0
2022-02-08,North_Zone,78.5,0,104.89,52.1,76.7,1,5.25,0
2022-02-09,North_Zone,71.2,0,107.48,59.4,67.6,1,5.25,0
2022-02-10,North_Zone,75.1,0,104.52,59.4,78.5,1,5.25,0
2022-02-11,North_Zone,76.0,0,105.72,62.2,63.8,1,5.25,0
2022-02-12,North_Zone,81.3,0,106.13,54.1,73.0,1,5.25,0
2022-02-13,North_Zone,76.3,0,105.65,57.1,75.3,1,5.25,0
2022-02-14,North_Zone,72.6,0,104.61,60.0,75.8,1,5.25,0
2022-02-15,North_Zone,74.7,0,104.59,61.0,75.5,1,5.25,0
2022-02-16,North_Zone,83.2,0,106.18,50.5,73.3,1,5.25,0
2022-02-17,North_Zone,76.9,0,106.63,58.1,77.8,1,5.25,0
2022-02-18,North_Zone,74.9,0,105.55,50.4,67.0,1,5.25,0
2022-02-19,North_Zone,73.0,0,104.31,52.3,68.8,1,5.25,0
2022-02-20,North_Zone,78.1,0,105.66,50.0,70.0,1,5.25,0
2022-02-21,North_Zone,78.4,0,107.19,53.4,79.4,1,5.25,0
2022-02-22,North_Zone,79.3,0,104.69,49.1,74.3,1,5.25,0
2022-02-23,North_Zone,86.2,0,105.4,50.4,75.4,1,5.25,0
2022-02-24,North_Zone,74.3,0,105.79,51.7,71.1,1,5.25,0
2022-02-25,North_Zone,76.9,0,106.84,56.9,76.1,1,5.25,0
2022-02-26,North_Zone,78.9,0,105.24,55.2,64.2,1,5.25,0
2022-02-27,North_Zone,76.7,0,106.28,48.9,70.0,1,5.25,0
2022-02-28,North_Zone,71.8,0,107.2,66.8,70.9,1,5.25,0
2022-03-01,North_Zone,79.5,0,104.35,52.8,42.6,1,5.25,1
2022-03-02,North_Zone,76.1,0,104.53,49.5,43.4,1,5.25,1
2022-03-03,North_Zone,74.8,0,105.77,57.6,47.7,1,5.25,1
2022-03-04,North_Zone,75.3,0,106.86,55.7,46.2,1,5.25,0
2022-03-05,North_Zone,82.7,0,106.23,52.2,51.0,1,5.25,0
2022-03-06,North_Zone,81.9,0,106.98,57.4,34.6,1,5.25,1
2022-03-07,North_Zone,74.7,0,104.22,52.0,52.4,1,5.25,1
2022-03-08,North_Zone,72.8,0,106.28,54.3,41.8,1,5.25,0
2022-03-09,North_Zone,80.7,0,103.11,60.1,51.6,1,5.25,0
2022-03-10,North_Zone,84.2,0,107.29,56.4,42.9,1,5.25,1
2022-03-11,North_Zone,85.0,0,107.17,58.3,46.8,1,5.25,0
2022-03-12,North_Zone,73.8,0,105.66,53.2,39.6,1,5.25,0
2022-03-13,North_Zone,82.1,0,103.69,55.1,38.9,1,5.25,1
2022-03-14,North_Zone,78.0,0,105.8,52.2,47.9,1,5.25,0
2022-03-15,North_Zone,72.2,0,107.14,52.6,31.7,1,5.25,1
2022-03-16,North_Zone,75.4,0,106.45,53.9,38.9,0,5.25,0
2022-03-17,North_Zone,75.6,0,107.89,53.4,48.8,0,5.25,0
2022-03-18,North_Zone,79.4,0,105.75,59.5,42.9,0,5.25,1
2022-03-19,North_Zone,73.9,0,108.09,58.6,40.6,0,5.25,1
2022-03-20,North_Zone,80.8,0,104.04,45.4,52.6,0,5.25,0
2022-03-21,North_Zone,79.4,0,105.31,62.0,54.4,0,5.25,0
2022-03-22,North_Zone,81.1,0,104.78,57.5,45.0,0,5.25,1
2022-03-23,North_Zone,76.0,0,106.82,60.3,51.4,0,5.25,1
2022-03-24,North_Zone,79.2,0,104.88,54.3,52.6,0,5.25,1
2022-03-25,North_Zone,74.9,0,107.1,49.9,44.9,0,5.25,1
2022-03-26,North_Zone,80.0,0,106.78,50.4,42.4,0,5.25,0
2022-03-27,North_Zone,77.3,0,106.28,62.3,45.4,0,5.25,0
2022-03-28,North_Zone,77.6,0,105.99,48.9,37.7,0,5.25,0
2022-03-29,North_Zone,77.9,0,105.05,49.2,47.8,0,5.25,0
2022-03-30,North_Zone,72.8,0,106.71,54.0,43.4,0,5.25,1
2022-03-31,North_Zone,81.6,0,105.6,49.7,45.3,0,5.25,0
2022-04-01,North_Zone,78.2,0,106.87,57.9,45.2,0,5.25,0
2022-04-02,North_Zone,81.6,0,107.6,58.5,40.8,0,5.25,1
2022-04-03,North_Zone,81.4,0,105.79,57.0,44.8,0,5.25,0
2022-04-04,North_Zone,75.6,0,107.42,53.5,38.2,0,5.25,0
2022-04-05,North_Zone,77.2,0,106.29,56.7,42.6,0,5.25,1
2022-04-06,North_Zone,73.3,0,106.69,62.8,39.4,0,5.25,1
2022-04-07,North_Zone,81.7,0,104.77,49.2,40.6,0,5.25,1
2022-04-08,North_Zone,79.0,0,105.4,59.6,33.7,0,5.25,0
2022-04-09,North_Zone,78.6,0,105.39,58.4,42.9,0,5.25,1
2022-04-10,North_Zone,77.2,0,107.43,55.6,47.4,0,5.25,1
2022-04-11,North_Zone,75.1,0,105.72,56.0,45.9,0,5.25,0
2022-04-12,North_Zone,81.8,0,106.7,57.1,50.4,0,5.25,0
2022-04-13,North_Zone,84.0,0,105.98,51.5,40.2,0,5.25,1
2022-04-14,North_Zone,82.0,0,105.7,48.8,42.6,0,5.25,1
2022-04-15,North_Zone,77.5,0,104.57,58.5,49.6,0,5.25,0
2022-04-16,North_Zone,79.2,0,104.13,49.7,44.6,0,5.25,1
2022-04-17,North_Zone,81.2,0,105.69,50.9,45.9,0,5.25,0
2022-04-18,North_Zone,78.3,0,105.74,53.2,55.6,0,5.25,1
2022-04-19,North_Zone,83.8,0,105.13,56.2,43.7,0,5.25,1
2022-04-20,North_Zone,81.7,0,106.14,53.5,42.6,0,5.25,0
2022-04-21,North_Zone,86.4,0,107.95,53.3,40.0,0,5.25,1
2022-04-22,North_Zone,78.6,0,107.47,59.8,43.6,0,5.25,1
2022-04-23,North_Zone,70.8,0,105.95,54.0,50.1,0,5.25,1
2022-04-24,North_Zone,78.2,0,105.97,52.2,47.9,0,5.25,1
2022-04-25,North_Zone,76.9,0,106.54,57.2,52.2,0,5.25,1
2022-04-26,North_Zone,78.5,0,106.13,55.7,46.8,0,5.25,0
2022-04-27,North_Zone,83.3,0,106.51,55.7,33.8,0,5.25,1
2022-04-28,North_Zone,76.4,0,106.13,57.2,48.1,0,5.25,0
2022-04-29,North_Zone,75.5,0,105.93,54.8,45.5,0,5.25,1
2022-04-30,North_Zone,76.1,0,105.17,58.4,45.0,0,5.25,1
2022-05-01,North_Zone,84.5,0,103.15,48.5,51.1,0,5.25,0
2022-05-02,North_Zone,76.6,0,100.51,58.2,43.6,0,5.25,0
2022-05-03,North_Zone,78.8,0,103.02,50.6,47.9,0,5.25,1
2022-05-04,North_Zone,83.5,0,100.67,46.7,39.6,0,5.25,1
2022-05-05,North_Zone,80.0,0,102.98,51.0,37.4,0,5.25,1
2022-05-06,North_Zone,71.2,0,101.72,52.3,42.0,0,5.25,0
2022-05-07,North_Zone,76.6,0,103.96,51.6,43.4,0,5.25,0
2022-05-08,North_Zone,76.0,0,102.75,50.2,47.7,0,5.25,0
2022-05-09,North_Zone,72.8,0,102.64,58.1,39.5,0,5.25,1
2022-05-10,North_Zone,76.6,0,103.02,50.7,52.5,0,5.25,1
2022-05-11,North_Zone,69.8,0,101.73,44.7,40.2,0,5.25,0
2022-05-12,North_Zone,79.0,0,103.7,53.1,44.6,0,5.25,0
2022-05-13,North_Zone,78.0,0,103.25,62.5,45.1,0,5.25,0
2022-05-14,North_Zone,75.9,0,101.98,49.5,46.5,0,5.25,1
2022-05-15,North_Zone,72.6,0,101.45,50.0,47.3,0,5.25,1
2022-05-16,North_Zone,82.2,0,102.06,52.2,56.3,0,5.25,0
2022-05-17,North_Zone,76.3,0,102.3,60.1,42.0,0,5.25,0
2022-05-18,North_Zone,81.3,0,101.3,52.1,46.6,0,5.25,0
2022-05-19,North_Zone,77.6,0,101.9,49.7,44.6,0,5.25,0
2022-05-20,North_Zone,82.4,0,101.74,55.1,49.9,0,5.25,1
2022-05-21,North_Zone,79.8,0,102.11,55.0,47.2,0,5.25,1
2022-05-22,North_Zone,78.3,0,102.09,55.8,46.1,0,5.25,1
2022-05-23,North_Zone,75.5,0,102.75,49.9,37.5,0,5.25,1
2022-05-24,North_Zone,81.9,0,102.26,51.6,42.7,0,5.25,0
2022-05-25,North_Zone,77.4,0,102.61,58.5,40.1,0,5.25,1
2022-05-26,North_Zone,75.6,0,102.42,55.6,42.8,0,5.25,1
2022-05-27,North_Zone,77.5,0,101.95,57.0,40.9,0,5.25,1
2022-05-28,North_Zone,77.9,0,102.8,53.9,42.4,0,5.25,0
2022-05-29,North_Zone,80.6,0,99.35,57.0,42.9,0,5.25,0
2022-05-30,North_Zone,72.4,0,101.7,54.9,43.0,0,5.25,1
2022-05-31,North_Zone,85.1,0,101.46,51.5,43.5,0,5.25,0
2022-06-01,North_Zone,79.4,0,102.12,56.8,29.4,0,5.25,0
2022-06-02,North_Zone,78.0,0,101.34,50.0,34.2,0,5.25,0
2022-06-03,North_Zone,79.3,0,102.49,60.2,29.5,0,5.25,0
2022-06-04,North_Zone,73.4,0,102.64,58.1,31.0,0,5.25,0
2022-06-05,North_Zone,78.4,0,100.5,52.0,33.7,0,5.25,0
2022-06-06,North_Zone,80.0,0,102.07,53.1,21.1,0,5.25,0
2022-06-07,North_Zone,77.1,0,100.54,53.7,46.5,0,5.25,0
2022-06-08,North_Zone,79.6,0,102.27,53.2,36.6,0,5.25,0
2022-06-09,North_Zone,80.4,0,101.29,58.8,35.6,0,5.25,0
2022-06-10,North_Zone,75.8,0,100.92,51.2,31.4,0,5.25,0
2022-06-11,North_Zone,81.7,0,99.98,47.0,34.5,0,5.25,0
2022-06-12,North_Zone,77.8,0,101.57,52.6,28.0,0,5.25,0
2022-06-13,North_Zone,83.7,0,100.47,56.2,36.5,0,5.25,0
2022-06-14,North_Zone,81.9,0,100.11,57.1,25.6,0,5.25,0
2022-06-15,North_Zone,79.2,0,101.75,54.2,27.7,0,5.25,0
2022-06-16,North_Zone,75.6,0,102.5,51.5,30.5,0,5.25,0
2022-06-17,North_Zone,77.7,0,101.89,53.6,41.5,0,5.25,0
2022-06-18,North_Zone,81.0,0,100.03,50.4,28.5,0,5.25,0
2022-06-19,North_Zone,76.3,0,101.29,44.3,35.7,0,5.25,0
2022-06-20,North_Zone,79.3,0,102.07,50.4,23.7,0,5.25,0
2022-06-21,North_Zone,79.6,0,101.22,55.5,34.1,0,5.25,0
2022-06-22,North_Zone,77.7,0,101.65,52.6,42.7,0,5.25,0
2022-06-23,North_Zone,75.5,0,100.85,52.1,36.5,0,5.25,0
2022-06-24,North_Zone,82.8,0,100.87,57.8,23.6,0,5.25,0
2022-06-25,North_Zone,79.4,0,100.56,49.4,34.2,0,5.25,0
2022-06-26,North_Zone,77.1,0,101.8,50.3,31.7,0,5.25,0
2022-06-27,North_Zone,75.6,0,101.83,55.1,40.1,0,5.25,0
2022-06-28,North_Zone,80.7,0,100.57,50.4,33.5,0,5.25,0
2022-06-29,North_Zone,77.8,0,101.84,50.9,26.8,0,5.25,0
2022-06-30,North_Zone,80.9,0,99.62,59.0,33.3,0,5.25,0
2022-07-01,North_Zone,75.2,0,100.85,49.1,30.5,0,5.25,0
2022-07-02,North_Zone,78.9,0,99.63,49.9,23.2,0,5.25,0
2022-07-03,North_Zone,76.6,0,99.82,54.7,33.1,0,5.25,0
2022-07-04,North_Zone,83.2,0,99.55,52.6,34.0,0,5.25,0
2022-07-05,North_Zone,79.1,0,100.22,47.6,35.9,0,5.25,0
2022-07-06,North_Zone,75.0,0,101.46,60.7,39.1,0,5.25,0
2022-07-07,North_Zone,80.8,0,100.73,50.1,32.6,0,5.25,0
2022-07-08,North_Zone,81.7,0,100.19,52.1,26.5,0,5.25,0
2022-07-09,North_Zone,77.0,0,100.57,55.0,29.8,0,5.25,0
2022-07-10,North_Zone,75.6,0,98.65,61.1,33.9,0,5.25,0
2022-07-11,North_Zone,71.4,0,101.25,51.9,40.1,0,5.25,0
2022-07-12,North_Zone,81.3,0,98.39,48.7,34.0,0,5.25,0
2022-07-13,North_Zone,72.7,0,99.9,55.0,33.3,0,5.25,0
2022-07-14,North_Zone,77.9,0,100.49,61.5,32.8,0,5.25,0
2022-07-15,North_Zone,72.8,0,100.98,53.9,34.0,0,5.25,0
2022-07-16,North_Zone,83.4,0,100.74,52.2,43.6,0,5.25,0
2022-07-17,North_Zone,82.0,0,100.42,54.7,33.6,0,5.25,0
2022-07-18,North_Zone,78.9,0,101.9,45.5,32.7,0,5.25,0
2022-07-19,North_Zone,81.1,0,102.42,51.5,34.2,0,5.25,0
2022-07-20,North_Zone,77.6,0,100.38,45.9,30.6,0,5.25,0
2022-07-21,North_Zone,75.5,0,100.24,51.7,26.2,0,5.25,0
2022-07-22,North_Zone,73.0,0,100.15,51.0,25.3,0,5.25,0
2022-07-23,North_Zone,80.4,0,99.67,42.3,30.4,0,5.25,0
2022-07-24,North_Zone,75.0,0,100.62,54.0,39.9,0,5.25,0
2022-07-25,North_Zone,85.6,0,101.48,56.1,39.8,0,5.25,0
2022-07-26,North_Zone,74.7,0,97.69,51.3,28.4,0,5.25,0
2022-07-27,North_Zone,81.0,0,99.98,46.9,33.2,0,5.25,0
2022-07-28,North_Zone,81.8,0,101.61,58.7,34.7,0,5.25,0
2022-07-29,North_Zone,74.0,0,100.48,60.8,30.4,0,5.25,0
2022-07-30,North_Zone,76.7,0,100.47,54.8,40.5,0,5.25,0
2022-07-31,North_Zone,77.3,0,98.43,51.0,37.8,0,5.25,0
2022-08-01,North_Zone,88.4,0,100.7,51.9,35.8,0,5.25,0
2022-08-02,North_Zone,77.3,0,100.98,55.1,34.3,0,5.25,0
2022-08-03,North_Zone,74.6,0,100.14,53.4,26.2,0,5.25,0
2022-08-04,North_Zone,79.5,0,99.25,54.4,40.8,0,5.25,0
2022-08-05,North_Zone,74.9,0,100.32,54.9,36.9,0,5.25,0
2022-08-06,North_Zone,77.8,0,98.81,49.6,36.0,0,5.25,0
2022-08-07,North_Zone,76.6,0,98.65,49.2,30.3,0,5.25,0
2022-08-08,North_Zone,79.6,0,100.6,52.1,30.7,0,5.25,0
2022-08-09,North_Zone,76.3,0,100.87,55.2,36.5,0,5.25,0
2022-08-10,North_Zone,75.9,0,99.0,46.4,39.5,0,5.25,0
2022-08-11,North_Zone,81.2,0,98.55,51.5,42.6,0,5.25,0
2022-08-12,North_Zone,78.9,0,98.81,52.4,30.3,0,5.25,0
2022-08-13,North_Zone,78.1,0,99.86,51.0,33.2,0,5.25,0
2022-08-14,North_Zone,72.2,0,98.47,58.0,23.5,0,5.25,0
2022-08-15,North_Zone,79.9,0,100.9,58.3,21.7,0,5.25,0
2022-08-16,North_Zone,76.6,0,99.12,54.3,36.6,0,5.25,0
2022-08-17,North_Zone,78.8,0,99.93,60.1,29.7,0,5.25,0
2022-08-18,North_Zone,72.5,0,98.8,56.0,24.1,0,5.25,0
2022-08-19,North_Zone,78.8,0,100.1,53.6,28.2,0,5.25,0
2022-08-20,North_Zone,78.6,0,100.16,51.2,35.7,0,5.25,0
2022-08-21,North_Zone,77.3,0,97.79,50.5,35.9,0,5.25,0
2022-08-22,North_Zone,75.3,0,98.77,54.0,25.8,0,5.25,0
2022-08-23,North_Zone,81.5,0,99.27,51.2,40.2,0,5.25,0
2022-08-24,North_Zone,75.8,0,98.88,46.5,30.5,0,5.25,0
2022-08-25,North_Zone,80.7,0,100.26,51.6,35.4,0,5.25,0
2022-08-26,North_Zone,81.1,0,98.77,56.6,34.2,0,5.25,0
2022-08-27,North_Zone,75.5,0,100.06,42.7,33.9,0,5.25,0
2022-08-28,North_Zone,80.2,0,99.81,58.5,29.3,0,5.25,0
2022-08-29,North_Zone,76.7,0,99.2,55.0,33.9,0,5.25,0
2022-08-30,North_Zone,79.9,0,100.05,52.1,35.3,0,5.25,0
2022-08-31,North_Zone,75.2,0,97.74,53.2,33.0,0,5.25,0
2022-09-01,North_Zone,77.7,0,99.19,56.5,60.5,0,5.25,0
2022-09-02,North_Zone,78.2,0,98.47,52.5,65.5,0,5.25,0
2022-09-03,North_Zone,77.9,0,99.12,56.4,57.6,0,5.25,0
2022-09-04,North_Zone,79.1,0,98.74,55.9,63.3,0,5.25,0
2022-09-05,North_Zone,75.6,0,99.25,53.4,58.9,0,5.25,0
2022-09-06,North_Zone,76.3,0,99.19,48.2,67.1,0,5.25,0
2022-09-07,North_Zone,80.1,0,99.3,52.3,53.0,0,5.25,0
2022-09-08,North_Zone,76.8,0,99.33,44.6,66.5,0,5.25,0
2022-09-09,North_Zone,76.5,0,99.71,54.7,57.3,0,5.25,0
2022-09-10,North_Zone,75.5,0,97.87,50.5,70.6,0,5.25,0
2022-09-11,North_Zone,76.6,0,99.62,50.4,62.2,0,5.25,0
2022-09-12,North_Zone,74.9,0,97.59,54.7,64.3,0,5.25,0
2022-09-13,North_Zone,80.2,0,96.3,46.4,59.2,0,5.25,0
2022-09-14,North_Zone,76.7,0,101.06,53.9,63.4,0,5.25,0
2022-09-15,North_Zone,74.7,0,98.13,50.9,63.4,0,5.25,0
2022-09-16,North_Zone,77.4,0,98.62,51.7,59.3,0,5.25,0
2022-09-17,North_Zone,73.8,0,97.19,53.0,63.8,0,5.25,0
2022-09-18,North_Zone,75.4,0,98.59,59.7,43.2,0,5.25,0
2022-09-19,North_Zone,82.1,0,99.25,54.3,56.8,0,5.25,0
2022-09-20,North_Zone,74.7,0,99.28,58.1,60.1,0,5.25,0
2022-09-21,North_Zone,77.6,0,97.82,57.7,62.5,0,5.25,0
2022-09-22,North_Zone,84.6,0,98.58,55.5,64.9,0,5.25,0
2022-09-23,North_Zone,78.7,0,99.39,45.4,58.7,0,5.25,0
2022-09-24,North_Zone,76.5,0,99.25,51.7,58.0,0,5.25,0
2022-09-25,North_Zone,72.0,0,99.14,48.3,64.4,0,5.25,0
2022-09-26,North_Zone,78.5,0,99.77,64.4,65.8,0,5.25,0
2022-09-27,North_Zone,75.7,0,98.9,48.5,63.7,0,5.25,0
2022-09-28,North_Zone,79.7,0,100.39,47.2,59.2,0,5.25,0
2022-09-29,North_Zone,76.0,0,98.71,41.4,72.7,0,5.25,0
2022-09-30,North_Zone,78.8,0,99.69,48.7,60.4,0,5.25,0
2022-10-01,North_Zone,82.3,1,99.73,53.4,61.1,0,5.25,0
2022-10-02,North_Zone,80.0,1,100.36,57.5,68.2,0,5.25,0
2022-10-03,North_Zone,74.0,1,102.44,49.7,67.6,0,5.25,0
2022-10-04,North_Zone,78.3,1,101.36,58.2,63.5,0,5.25,0
2022-10-05,North_Zone,80.9,1,101.0,53.1,55.5,0,5.25,0
2022-10-06,North_Zone,73.4,1,101.58,51.7,60.6,0,5.25,0
2022-10-07,North_Zone,83.1,1,102.17,54.6,62.6,0,5.25,0
2022-10-08,North_Zone,78.4,1,100.45,58.9,69.8,0,5.25,0
2022-10-09,North_Zone,79.7,1,102.05,54.0,74.7,0,5.25,0
2022-10-10,North_Zone,77.0,1,101.81,49.3,57.0,0,5.25,0
2022-10-11,North_Zone,78.1,1,103.07,55.9,64.3,0,5.25,0
2022-10-12,North_Zone,75.3,1,101.4,55.2,55.9,0,5.25,0
2022-10-13,North_Zone,82.6,1,103.23,53.5,59.4,0,5.25,0
2022-10-14,North_Zone,83.4,1,102.44,58.1,55.7,0,5.25,0
2022-10-15,North_Zone,84.4,1,102.03,44.7,68.3,0,5.25,0
2022-10-16,North_Zone,72.7,1,103.34,55.8,73.2,0,5.25,0
2022-10-17,North_Zone,79.0,1,104.0,57.7,61.5,0,5.25,0
2022-10-18,North_Zone,79.3,1,101.88,48.0,60.2,0,5.25,0
2022-10-19,North_Zone,75.9,1,101.36,47.6,61.9,0,5.25,0
2022-10-20,North_Zone,79.1,1,102.54,58.0,62.1,0,5.25,0
2022-10-21,North_Zone,73.7,1,100.7,58.0,56.6,0,5.25,0
2022-10-22,North_Zone,82.4,1,100.83,58.8,63.6,0,5.25,0
2022-10-23,North_Zone,73.4,1,103.45,51.6,53.4,0,5.25,0
2022-10-24,North_Zone,78.8,1,102.73,54.9,51.9,0,5.25,0
2022-10-25,North_Zone,80.4,1,101.31,54.9,61.0,0,5.25,0
2022-10-26,North_Zone,76.2,1,105.32,48.3,55.9,0,5.25,0
2022-10-27,North_Zone,82.1,1,100.82,54.0,76.9,0,5.25,0
2022-10-28,North_Zone,72.5,1,102.84,54.7,61.2,0,5.25,0
2022-10-29,North_Zone,77.9,1,101.44,56.6,50.8,0,5.25,0
2022-10-30,North_Zone,72.9,1,104.03,52.3,57.9,0,5.25,0
2022-10-31,North_Zone,75.7,1,101.73,58.7,49.4,0,5.25,0
2022-11-01,North_Zone,76.5,1,102.0,54.1,54.3,0,5.25,0
2022-11-02,North_Zone,76.3,1,100.49,60.0,57.5,0,5.25,0
2022-11-03,North_Zone,81.8,1,104.4,57.7,55.3,0,5.25,0
2022-11-04,North_Zone,74.5,1,101.72,54.8,69.4,0,5.25,0
2022-11-05,North_Zone,73.3,1,102.84,49.4,63.7,0,5.25,0
2022-11-06,North_Zone,76.7,1,102.38,48.7,58.4,0,5.25,0
2022-11-07,North_Zone,78.3,1,101.85,60.1,79.1,0,5.25,0
2022-11-08,North_Zone,79.5,1,100.19,56.6,55.1,0,5.25,0
2022-11-09,North_Zone,81.5,1,102.21,52.7,70.3,0,5.25,0
2022-11-10,North_Zone,71.5,1,102.19,52.2,64.3,0,5.25,0
2022-11-11,North_Zone,83.1,1,102.8,55.0,54.4,0,5.25,0
2022-11-12,North_Zone,75.5,1,104.65,49.5,63.4,0,5.25,0
2022-11-13,North_Zone,77.2,1,103.17,52.4,61.5,0,5.25,0
2022-11-14,North_Zone,78.1,1,103.41,56.8,62.9,0,5.25,0
2022-11-15,North_Zone,71.5,1,102.27,56.9,69.0,0,5.25,0
2022-11-16,North_Zone,76.7,1,101.29,52.0,62.3,0,5.25,0
2022-11-17,North_Zone,81.0,1,102.35,60.3,60.6,0,5.25,0
2022-11-18,North_Zone,79.9,1,101.92,57.9,52.5,0,5.25,0
2022-11-19,North_Zone,76.5,1,102.63,51.0,61.1,0,5.25,0
2022-11-20,North_Zone,78.6,1,102.21,48.8,57.6,0,5.25,0
2022-11-21,North_Zone,79.4,1,101.05,55.8,59.4,0,5.25,0
2022-11-22,North_Zone,77.2,1,104.02,52.8,57.6,0,5.25,0
2022-11-23,North_Zone,79.5,1,102.64,51.5,74.5,0,5.25,0
2022-11-24,North_Zone,75.6,1,102.48,54.9,55.0,0,5.25,0
2022-11-25,North_Zone,75.2,1,101.73,56.6,61.1,0,5.25,0
2022-11-26,North_Zone,77.1,1,102.39,57.1,54.8,0,5.25,0
2022-11-27,North_Zone,70.8,1,102.03,54.0,51.0,0,5.25,0
2022-11-28,North_Zone,80.1,1,101.73,44.5,58.3,0,5.25,0
2022-11-29,North_Zone,78.2,1,103.12,58.1,62.3,0,5.25,0
2022-11-30,North_Zone,77.3,1,102.51,50.8,56.1,0,5.25,0
2022-12-01,North_Zone,80.4,1,103.76,55.7,72.7,0,5.25,0
2022-12-02,North_Zone,79.2,1,102.68,53.6,70.2,0,5.25,0
2022-12-03,North_Zone,81.2,1,103.19,63.3,66.8,0,5.25,0
2022-12-04,North_Zone,82.7,1,103.19,62.5,74.8,0,5.25,0
2022-12-05,North_Zone,79.0,1,103.52,52.6,68.7,0,5.25,0
2022-12-06,North_Zone,75.8,1,102.32,48.5,73.9,0,5.25,0
2022-12-07,North_Zone,80.2,1,104.1,49.6,64.7,0,5.25,0
2022-12-08,North_Zone,75.9,1,102.05,54.9,72.7,0,5.25,0
2022-12-09,North_Zone,75.7,1,103.3,52.2,75.1,0,5.25,0
2022-12-10,North_Zone,77.1,1,102.09,49.4,73.8,0,5.25,0
2022-12-11,North_Zone,81.5,1,103.2,52.2,76.5,0,5.25,0
2022-12-12,North_Zone,80.3,1,104.25,56.5,75.2,0,5.25,0
2022-12-13,North_Zone,80.7,1,103.95,54.3,73.5,0,5.25,0
2022-12-14,North_Zone,78.4,1,104.48,52.9,76.2,0,5.25,0
2022-12-15,North_Zone,79.7,1,103.15,52.8,70.1,0,5.25,0
2022-12-16,North_Zone,79.8,1,104.4,54.1,74.6,0,5.25,0
2022-12-17,North_Zone,75.9,1,102.83,55.0,72.1,0,5.25,0
2022-12-18,North_Zone,79.8,1,103.1,55.4,81.3,0,5.25,0
2022-12-19,North_Zone,78.0,1,103.72,47.9,73.4,0,5.25,0
2022-12-20,North_Zone,76.8,1,104.47,55.5,65.6,0,5.25,0
2022-12-21,North_Zone,76.9,1,103.11,52.8,73.3,0,5.25,0
2022-12-22,North_Zone,76.3,1,104.39,50.7,67.2,0,5.25,0
2022-12-23,North_Zone,77.2,1,103.96,53.1,75.6,0,5.25,0
2022-12-24,North_Zone,78.0,1,104.1,59.3,75.7,0,5.25,0
2022-12-25,North_Zone,80.0,1,102.94,57.4,69.0,0,5.25,0
2022-12-26,North_Zone,82.5,1,103.44,54.8,66.8,0,5.25,0
2022-12-27,North_Zone,79.7,1,103.77,50.9,72.7,0,5.25,0
2022-12-28,North_Zone,78.4,1,104.23,49.3,67.5,0,5.25,0
2022-12-29,North_Zone,72.0,1,103.12,50.5,67.8,0,5.25,0
2022-12-30,North_Zone,85.3,1,102.67,54.1,69.5,0,5.25,0
2022-12-31,North_Zone,75.9,1,101.87,53.9,75.1,0,5.25,0
2023-01-01,North_Zone,76.0,1,108.78,53.9,64.6,0,5.5,0
2023-01-02,North_Zone,81.8,1,109.01,60.1,68.2,0,5.5,0
2023-01-03,North_Zone,74.7,1,106.09,57.0,84.0,0,5.5,0
2023-01-04,North_Zone,79.1,1,108.21,45.7,81.8,0,5.5,0
2023-01-05,North_Zone,76.6,1,107.79,56.6,78.0,0,5.5,0
2023-01-06,North_Zone,77.2,1,109.42,59.8,72.2,0,5.5,0
2023-01-07,North_Zone,78.1,1,108.03,57.0,75.8,0,5.5,0
2023-01-08,North_Zone,74.4,1,108.82,58.9,70.1,0,5.5,0
2023-01-09,North_Zone,77.6,1,107.88,55.1,58.5,0,5.5,0
2023-01-10,North_Zone,81.1,1,107.66,55.8,69.1,0,5.5,0
2023-01-11,North_Zone,77.8,1,109.14,56.5,69.6,0,5.5,0
2023-01-12,North_Zone,88.5,1,109.49,57.5,72.1,0,5.5,0
2023-01-13,North_Zone,78.3,1,107.17,53.6,74.4,0,5.5,0
2023-01-14,North_Zone,74.4,1,109.62,61.2,80.3,0,5.5,0
2023-01-15,North_Zone,76.4,1,107.54,61.7,72.2,0,5.5,0
2023-01-16,North_Zone,72.2,1,106.21,53.4,67.0,0,5.5,0
2023-01-17,North_Zone,81.2,1,108.59,51.8,71.0,0,5.5,0
2023-01-18,North_Zone,82.8,1,109.12,51.3,75.2,0,5.5,0
2023-01-19,North_Zone,80.5,1,107.13,57.5,71.4,0,5.5,0
2023-01-20,North_Zone,75.5,1,106.69,58.0,68.0,0,5.5,0
2023-01-21,North_Zone,75.4,1,108.21,57.9,74.6,0,5.5,0
2023-01-22,North_Zone,80.2,1,108.11,58.2,66.3,0,5.5,0
2023-01-23,North_Zone,76.4,1,110.14,54.8,67.6,0,5.5,0
2023-01-24,North_Zone,75.4,1,108.82,48.6,74.1,0,5.5,0
2023-01-25,North_Zone,75.1,1,109.57,54.8,68.1,0,5.5,0
2023-01-26,North_Zone,83.6,1,109.08,63.2,70.2,0,5.5,0
2023-01-27,North_Zone,76.6,1,110.47,58.2,72.1,0,5.5,0
2023-01-28,North_Zone,80.5,1,108.04,57.9,71.8,0,5.5,0
2023-01-29,North_Zone,79.6,1,108.87,60.2,67.2,0,5.5,0
2023-01-30,North_Zone,75.5,1,107.42,52.6,73.6,0,5.5,0
2023-01-31,North_Zone,78.1,1,109.83,57.8,67.4,0,5.5,0
2023-02-01,North_Zone,75.0,1,110.16,59.1,80.3,0,5.5,0
2023-02-02,North_Zone,82.3,1,109.95,53.2,70.0,0,5.5,0
2023-02-03,North_Zone,75.3,1,108.98,58.0,75.0,0,5.5,0
2023-02-04,North_Zone,79.1,1,107.64,61.2,75.7,0,5.5,0
2023-02-05,North_Zone,76.5,1,109.08,55.0,70.2,0,5.5,0
2023-02-06,North_Zone,75.2,1,108.51,49.5,67.2,0,5.5,0
2023-02-07,North_Zone,81.2,1,110.14,57.7,75.6,0,5.5,0
2023-02-08,North_Zone,76.4,1,108.82,53.9,64.9,0,5.5,0
2023-02-09,North_Zone,72.5,1,108.82,57.3,65.7,0,5.5,0
2023-02-10,North_Zone,79.3,1,111.47,54.2,75.0,0,5.5,0
2023-02-11,North_Zone,75.9,1,110.12,57.3,71.0,0,5.5,0
2023-02-12,North_Zone,78.5,1,110.42,62.1,68.5,0,5.5,0
2023-02-13,North_Zone,80.6,1,108.86,56.4,69.5,0,5.5,0
2023-02-14,North_Zone,79.1,1,108.3,49.7,68.0,0,5.5,0
2023-02-15,North_Zone,80.7,1,110.49,58.7,82.9,0,5.5,0
2023-02-16,North_Zone,74.1,1,110.94,57.5,77.1,0,5.5,0
2023-02-17,North_Zone,81.6,1,108.18,57.1,67.9,0,5.5,0
2023-02-18,North_Zone,77.1,1,108.98,60.5,70.4,0,5.5,0
2023-02-19,North_Zone,73.7,1,108.6,54.3,75.0,0,5.5,0
2023-02-20,North_Zone,70.6,1,110.02,55.9,67.1,0,5.5,0
2023-02-21,North_Zone,77.1,1,110.65,53.1,69.2,0,5.5,0
2023-02-22,North_Zone,75.6,1,109.21,57.5,70.5,0,5.5,0
2023-02-23,North_Zone,75.7,1,109.23,57.4,67.6,0,5.5,0
2023-02-24,North_Zone,79.0,1,107.67,55.0,77.5,0,5.5,0
2023-02-25,North_Zone,83.2,1,108.69,59.5,68.4,0,5.5,0
2023-02-26,North_Zone,75.3,1,111.17,53.3,71.4,0,5.5,0
2023-02-27,North_Zone,78.3,1,110.17,57.6,72.6,0,5.5,0
2023-02-28,North_Zone,76.3,1,110.63,59.7,79.9,0,5.5,0
2023-03-01,North_Zone,75.0,1,109.35,54.6,44.6,0,5.5,1
2023-03-02,North_Zone,75.0,1,109.46,51.3,55.7,0,5.5,1
2023-03-03,North_Zone,82.9,1,109.77,50.1,43.2,0,5.5,1
2023-03-04,North_Zone,78.0,1,110.09,57.7,43.9,0,5.5,0
2023-03-05,North_Zone,77.4,1,111.16,64.2,49.7,0,5.5,1
2023-03-06,North_Zone,75.9,1,109.13,54.2,54.6,0,5.5,0
2023-03-07,North_Zone,78.2,1,109.68,58.7,43.7,0,5.5,0
2023-03-08,North_Zone,76.1,1,109.04,46.9,51.2,0,5.5,1
2023-03-09,North_Zone,83.8,1,107.87,57.6,49.2,0,5.5,0
2023-03-10,North_Zone,78.8,1,110.78,53.0,53.2,0,5.5,1
2023-03-11,North_Zone,78.4,1,111.62,56.1,44.9,0,5.5,1
2023-03-12,North_Zone,78.4,1,110.65,57.6,44.8,0,5.5,1
2023-03-13,North_Zone,81.9,1,110.12,50.4,39.8,0,5.5,1
2023-03-14,North_Zone,77.9,1,111.76,70.3,45.8,0,5.5,0
2023-03-15,North_Zone,76.6,1,110.37,54.7,45.4,0,5.5,0
2023-03-16,North_Zone,78.5,1,110.73,59.7,46.9,0,5.5,0
2023-03-17,North_Zone,80.4,1,110.07,63.0,45.3,0,5.5,1
2023-03-18,North_Zone,81.5,1,110.23,58.3,41.7,0,5.5,0
2023-03-19,North_Zone,78.6,1,109.82,52.0,57.2,0,5.5,0
2023-03-20,North_Zone,78.7,1,110.79,57.7,46.1,0,5.5,1
2023-03-21,North_Zone,81.0,1,108.87,49.2,51.5,0,5.5,1
2023-03-22,North_Zone,69.8,1,110.39,55.8,47.2,0,5.5,0
2023-03-23,North_Zone,78.3,1,109.12,63.4,52.5,0,5.5,0
2023-03-24,North_Zone,76.2,1,110.49,51.6,41.1,0,5.5,0
2023-03-25,North_Zone,78.2,1,112.38,54.7,44.6,0,5.5,0
2023-03-26,North_Zone,79.1,1,110.69,64.7,42.8,0,5.5,1
2023-03-27,North_Zone,81.7,1,111.17,56.8,42.1,0,5.5,0
2023-03-28,North_Zone,73.8,1,110.9,53.8,46.3,0,5.5,1
2023-03-29,North_Zone,75.8,1,107.67,57.6,43.8,0,5.5,1
2023-03-30,North_Zone,75.3,1,109.87,55.1,37.9,0,5.5,1
2023-03-31,North_Zone,76.2,1,110.45,46.3,43.5,0,5.5,0
2023-04-01,North_Zone,73.9,1,107.91,50.7,43.1,0,5.5,0
2023-04-02,North_Zone,84.4,1,109.72,65.1,49.4,0,5.5,0
2023-04-03,North_Zone,80.6,1,109.92,58.3,37.8,0,5.5,0
2023-04-04,North_Zone,75.7,1,108.77,62.4,42.4,0,5.5,1
2023-04-05,North_Zone,78.0,1,109.03,52.5,41.2,0,5.5,1
2023-04-06,North_Zone,76.7,1,111.33,57.3,48.7,0,5.5,1
2023-04-07,North_Zone,78.5,1,106.41,54.9,42.3,0,5.5,1
2023-04-08,North_Zone,75.7,1,110.26,54.9,50.2,0,5.5,1
2023-04-09,North_Zone,73.4,1,111.15,58.3,44.8,0,5.5,0
2023-04-10,North_Zone,76.3,1,109.95,52.5,47.4,0,5.5,0
2023-04-11,North_Zone,82.1,1,111.38,62.4,50.5,0,5.5,0
2023-04-12,North_Zone,73.5,1,109.54,58.7,39.0,0,5.5,1
2023-04-13,North_Zone,81.3,1,109.05,55.9,43.8,0,5.5,0
2023-04-14,North_Zone,79.7,1,109.94,57.5,47.1,0,5.5,0
2023-04-15,North_Zone,76.8,1,109.56,55.6,46.0,0,5.5,1
2023-04-16,North_Zone,80.3,1,109.36,49.8,38.5,0,5.5,1
2023-04-17,North_Zone,78.6,1,109.75,52.9,48.5,0,5.5,1
2023-04-18,North_Zone,71.6,1,109.13,55.9,45.2,0,5.5,0
2023-04-19,North_Zone,76.8,1,109.07,55.2,45.6,0,5.5,0
2023-04-20,North_Zone,76.9,1,108.77,59.1,43.9,0,5.5,0
2023-04-21,North_Zone,82.3,1,110.3,59.4,29.1,0,5.5,1
2023-04-22,North_Zone,76.8,1,108.87,54.3,47.7,0,5.5,1
2023-04-23,North_Zone,77.4,1,108.62,52.6,47.9,0,5.5,0
2023-04-24,North_Zone,74.5,1,108.77,59.5,42.9,0,5.5,1
2023-04-25,North_Zone,77.8,1,110.04,57.8,37.6,0,5.5,0
2023-04-26,North_Zone,74.4,1,110.49,54.7,42.3,0,5.5,0
2023-04-27,North_Zone,81.3,1,110.56,52.7,50.0,0,5.5,0
2023-04-28,North_Zone,76.7,1,110.01,54.3,43.0,0,5.5,1
2023-04-29,North_Zone,74.4,1,110.31,58.7,45.1,0,5.5,0
2023-04-30,North_Zone,81.7,1,109.71,63.6,43.3,0,5.5,0
2023-05-01,North_Zone,74.1,1,110.2,56.2,46.6,1,5.5,0
2023-05-02,North_Zone,78.8,1,110.17,53.7,38.4,1,5.5,0
2023-05-03,North_Zone,73.5,1,108.98,65.2,44.0,1,5.5,0
2023-05-04,North_Zone,78.9,1,108.61,55.0,50.5,1,5.5,0
2023-05-05,North_Zone,81.2,1,111.02,54.2,40.4,1,5.5,1
2023-05-06,North_Zone,76.1,1,109.78,55.3,43.6,1,5.5,0
2023-05-07,North_Zone,74.5,1,110.68,55.4,50.3,1,5.5,1
2023-05-08,North_Zone,74.6,1,108.51,61.5,48.7,1,5.5,1
2023-05-09,North_Zone,77.8,1,109.19,50.0,47.3,1,5.5,0
2023-05-10,North_Zone,83.8,1,108.19,58.7,46.9,1,5.5,0
2023-05-11,North_Zone,81.2,1,110.2,57.0,46.9,1,5.5,0
2023-05-12,North_Zone,81.5,1,108.91,54.3,43.8,1,5.5,1
2023-05-13,North_Zone,74.8,1,108.95,55.2,50.5,1,5.5,0
2023-05-14,North_Zone,81.3,1,111.44,56.6,42.7,1,5.5,0
2023-05-15,North_Zone,81.0,1,110.13,57.4,40.0,1,5.5,0
2023-05-16,North_Zone,78.9,1,110.09,55.2,38.1,1,5.5,1
2023-05-17,North_Zone,76.1,1,108.21,56.0,41.9,1,5.5,1
2023-05-18,North_Zone,80.9,1,107.53,52.9,41.9,1,5.5,1
2023-05-19,North_Zone,76.0,1,110.33,65.9,41.4,1,5.5,1
2023-05-20,North_Zone,80.0,1,107.1,59.9,39.1,1,5.5,1
2023-05-21,North_Zone,76.9,1,108.81,58.5,46.9,1,5.5,0
2023-05-22,North_Zone,75.0,1,108.47,54.6,40.3,1,5.5,1
2023-05-23,North_Zone,76.8,1,108.33,59.6,47.7,1,5.5,1
2023-05-24,North_Zone,83.9,1,108.79,57.7,48.6,1,5.5,0
2023-05-25,North_Zone,74.5,1,108.15,56.7,57.9,1,5.5,0
2023-05-26,North_Zone,81.0,1,107.96,54.1,42.7,1,5.5,0
2023-05-27,North_Zone,80.5,1,109.4,57.9,44.2,1,5.5,0
2023-05-28,North_Zone,77.4,1,110.19,63.8,41.3,1,5.5,1
2023-05-29,North_Zone,76.3,1,107.35,56.3,39.1,1,5.5,0
2023-05-30,North_Zone,74.3,1,109.26,55.6,42.9,1,5.5,0
2023-05-31,North_Zone,81.9,1,109.57,57.2,41.1,1,5.5,1
2023-06-01,North_Zone,74.4,1,109.45,57.0,28.1,0,5.5,0
2023-06-02,North_Zone,69.6,1,108.75,54.3,35.2,0,5.5,0
2023-06-03,North_Zone,78.9,1,108.35,53.4,28.6,0,5.5,0
2023-06-04,North_Zone,73.9,1,109.67,60.0,36.8,0,5.5,0
2023-06-05,North_Zone,77.7,1,109.22,61.5,38.3,0,5.5,0
2023-06-06,North_Zone,74.0,1,106.96,64.8,29.7,0,5.5,0
2023-06-07,North_Zone,76.3,1,108.6,58.3,41.0,0,5.5,0
2023-06-08,North_Zone,78.2,1,108.84,57.0,36.0,0,5.5,0
2023-06-09,North_Zone,78.8,1,107.66,59.7,33.6,0,5.5,0
2023-06-10,North_Zone,82.0,1,108.48,52.8,25.1,0,5.5,0
2023-06-11,North_Zone,78.0,1,109.18,59.2,25.4,0,5.5,0
2023-06-12,North_Zone,78.3,1,107.83,60.3,41.9,0,5.5,0
2023-06-13,North_Zone,77.3,1,108.86,60.6,40.6,0,5.5,0
2023-06-14,North_Zone,80.8,1,107.6,62.7,42.0,0,5.5,0
2023-06-15,North_Zone,74.6,1,107.32,53.5,43.3,0,5.5,0
2023-06-16,North_Zone,76.7,1,109.14,54.7,40.9,0,5.5,0
2023-06-17,North_Zone,78.0,1,109.67,56.0,35.2,0,5.5,0
2023-06-18,North_Zone,75.3,1,107.28,51.4,36.8,0,5.5,0
2023-06-19,North_Zone,82.2,1,109.38,58.9,30.6,0,5.5,0
2023-06-20,North_Zone,79.0,1,108.38,59.1,35.2,0,5.5,0
2023-06-21,North_Zone,74.3,1,106.15,57.7,37.7,0,5.5,0
2023-06-22,North_Zone,79.2,1,106.89,56.4,37.8,0,5.5,0
2023-06-23,North_Zone,81.9,1,108.9,60.6,33.4,0,5.5,0
2023-06-24,North_Zone,75.8,1,106.63,58.0,23.9,0,5.5,0
2023-06-25,North_Zone,82.1,1,107.6,53.6,26.4,0,5.5,0
2023-06-26,North_Zone,78.8,1,108.11,44.4,36.4,0,5.5,0
2023-06-27,North_Zone,78.6,1,108.6,55.1,31.5,0,5.5,0
2023-06-28,North_Zone,81.6,1,108.31,56.5,37.3,0,5.5,0
2023-06-29,North_Zone,78.6,1,109.65,57.0,27.9,0,5.5,0
2023-06-30,North_Zone,79.2,1,107.24,55.2,40.8,0,5.5,0
2023-07-01,North_Zone,78.3,1,108.12,54.1,29.3,0,5.5,0
2023-07-02,North_Zone,72.7,1,108.44,53.0,41.4,0,5.5,0
2023-07-03,North_Zone,79.2,1,108.66,52.3,26.2,0,5.5,0
2023-07-04,North_Zone,78.8,1,108.97,58.3,37.0,0,5.5,0
2023-07-05,North_Zone,76.9,1,107.45,60.3,29.3,0,5.5,0
2023-07-06,North_Zone,70.4,1,108.5,51.4,34.0,0,5.5,0
2023-07-07,North_Zone,79.9,1,106.89,55.5,39.4,0,5.5,0
2023-07-08,North_Zone,75.4,1,107.7,59.2,38.5,0,5.5,0
2023-07-09,North_Zone,74.6,1,108.24,55.5,29.9,0,5.5,0
2023-07-10,North_Zone,74.3,1,108.68,59.3,30.9,0,5.5,0
2023-07-11,North_Zone,72.1,1,108.24,60.6,26.1,0,5.5,0
2023-07-12,North_Zone,79.4,1,107.73,57.7,25.0,0,5.5,0
2023-07-13,North_Zone,85.1,1,107.53,54.0,29.8,0,5.5,0
2023-07-14,North_Zone,76.3,1,108.12,61.5,29.7,0,5.5,0
2023-07-15,North_Zone,80.5,1,109.73,55.8,26.5,0,5.5,0
2023-07-16,North_Zone,77.7,1,108.36,55.3,33.0,0,5.5,0
2023-07-17,North_Zone,78.8,1,107.85,58.2,33.8,0,5.5,0
2023-07-18,North_Zone,77.8,1,106.07,54.2,33.9,0,5.5,0
2023-07-19,North_Zone,80.3,1,106.56,54.7,30.0,0,5.5,0
2023-07-20,North_Zone,74.4,1,107.05,54.3,31.1,0,5.5,0
2023-07-21,North_Zone,78.3,1,108.25,55.6,32.4,0,5.5,0
2023-07-22,North_Zone,81.4,1,106.37,56.3,38.1,0,5.5,0
2023-07-23,North_Zone,80.1,1,107.92,48.3,30.6,0,5.5,0
2023-07-24,North_Zone,79.0,1,107.36,55.6,25.6,0,5.5,0
2023-07-25,North_Zone,78.3,1,107.57,49.0,32.4,0,5.5,0
2023-07-26,North_Zone,76.9,1,106.97,54.2,31.8,0,5.5,0
2023-07-27,North_Zone,76.9,1,106.55,57.0,25.9,0,5.5,0
2023-07-28,North_Zone,73.3,1,106.15,54.2,32.0,0,5.5,0
2023-07-29,North_Zone,79.5,1,107.7,58.9,29.6,0,5.5,0
2023-07-30,North_Zone,82.1,1,106.98,57.2,33.6,0,5.5,0
2023-07-31,North_Zone,78.9,1,105.95,46.8,36.1,0,5.5,0
2023-08-01,North_Zone,78.0,1,107.22,60.7,31.3,0,5.5,0
2023-08-02,North_Zone,79.8,1,110.39,58.2,36.6,0,5.5,0
2023-08-03,North_Zone,71.6,1,106.74,53.4,32.5,0,5.5,0
2023-08-04,North_Zone,76.5,1,108.56,54.5,32.7,0,5.5,0
2023-08-05,North_Zone,77.8,1,104.3,46.4,32.5,0,5.5,0
2023-08-06,North_Zone,72.9,1,106.58,56.5,33.0,0,5.5,0
2023-08-07,North_Zone,78.5,1,107.78,58.7,27.1,0,5.5,0
2023-08-08,North_Zone,72.4,1,106.81,53.0,24.9,0,5.5,0
2023-08-09,North_Zone,80.1,1,106.13,51.8,39.6,0,5.5,0
2023-08-10,North_Zone,78.7,1,106.72,56.3,35.1,0,5.5,0
2023-08-11,North_Zone,77.4,1,107.7,60.9,31.3,0,5.5,0
2023-08-12,North_Zone,80.3,1,108.83,60.9,39.3,0,5.5,0
2023-08-13,North_Zone,78.4,1,107.73,59.4,48.3,0,5.5,0
2023-08-14,North_Zone,79.4,1,106.13,63.5,26.5,0,5.5,0
2023-08-15,North_Zone,78.9,1,106.38,59.2,33.8,0,5.5,0
2023-08-16,North_Zone,75.4,1,106.36,60.2,37.3,0,5.5,0
2023-08-17,North_Zone,82.7,1,105.7,55.6,25.8,0,5.5,0
2023-08-18,North_Zone,81.7,1,106.39,54.2,26.4,0,5.5,0
2023-08-19,North_Zone,79.3,1,106.24,60.0,38.8,0,5.5,0
2023-08-20,North_Zone,78.5,1,105.29,51.2,33.7,0,5.5,0
2023-08-21,North_Zone,80.3,1,107.31,57.6,30.5,0,5.5,0
2023-08-22,North_Zone,81.8,1,106.87,53.3,25.8,0,5.5,0
2023-08-23,North_Zone,83.7,1,105.79,56.7,35.6,0,5.5,0
2023-08-24,North_Zone,76.4,1,106.56,56.7,27.0,0,5.5,0
2023-08-25,North_Zone,81.1,1,105.42,55.8,28.9,0,5.5,0
2023-08-26,North_Zone,77.7,1,105.81,55.3,29.2,0,5.5,0
2023-08-27,North_Zone,73.2,1,107.03,57.9,32.3,0,5.5,0
2023-08-28,North_Zone,80.5,1,106.8,58.5,28.5,0,5.5,0
2023-08-29,North_Zone,82.4,1,105.8,49.7,29.3,0,5.5,0
2023-08-30,North_Zone,80.9,1,106.6,55.5,38.7,0,5.5,0
2023-08-31,North_Zone,77.5,1,106.2,53.8,34.8,0,5.5,0
2023-09-01,North_Zone,79.2,1,105.26,55.9,60.1,0,5.5,0
2023-09-02,North_Zone,80.1,1,106.07,53.8,62.2,0,5.5,0
2023-09-03,North_Zone,79.7,1,106.66,60.8,54.7,0,5.5,0
2023-09-04,North_Zone,81.7,1,106.51,55.3,61.8,0,5.5,0
2023-09-05,North_Zone,80.8,1,104.5,58.7,62.1,0,5.5,0
2023-09-06,North_Zone,76.3,1,106.34,51.7,54.9,0,5.5,0
2023-09-07,North_Zone,78.1,1,106.19,54.4,63.0,0,5.5,0
2023-09-08,North_Zone,76.5,1,104.25,52.2,61.2,0,5.5,0
2023-09-09,North_Zone,78.5,1,105.33,56.7,61.3,0,5.5,0
2023-09-10,North_Zone,72.4,1,106.62,50.9,68.3,0,5.5,0
2023-09-11,North_Zone,83.8,1,107.5,49.2,60.6,0,5.5,0
2023-09-12,North_Zone,75.7,1,104.46,52.3,55.4,0,5.5,0
2023-09-13,North_Zone,76.5,1,107.07,58.1,60.7,0,5.5,0
2023-09-14,North_Zone,78.2,1,104.2,51.4,60.1,0,5.5,0
2023-09-15,North_Zone,73.9,1,107.47,57.1,54.5,0,5.5,0
2023-09-16,North_Zone,77.0,1,105.83,52.7,49.9,0,5.5,0
2023-09-17,North_Zone,78.5,1,105.34,48.1,59.7,0,5.5,0
2023-09-18,North_Zone,82.9,1,106.4,59.0,64.7,0,5.5,0
2023-09-19,North_Zone,78.4,1,105.08,57.6,64.8,0,5.5,0
2023-09-20,North_Zone,76.8,1,106.55,55.5,61.4,0,5.5,0
2023-09-21,North_Zone,74.6,1,105.9,55.5,67.9,0,5.5,0
2023-09-22,North_Zone,84.4,1,102.21,53.1,60.9,0,5.5,0
2023-09-23,North_Zone,78.2,1,105.21,51.0,59.0,0,5.5,0
2023-09-24,North_Zone,78.2,1,106.2,60.7,61.0,0,5.5,0
2023-09-25,North_Zone,73.9,1,107.08,55.4,56.3,0,5.5,0
2023-09-26,North_Zone,79.6,1,106.34,57.0,53.7,0,5.5,0
2023-09-27,North_Zone,76.2,1,107.05,53.8,55.1,0,5.5,0
2023-09-28,North_Zone,82.4,1,105.11,56.8,57.6,0,5.5,0
2023-09-29,North_Zone,79.4,1,106.73,60.3,64.3,0,5.5,0
2023-09-30,North_Zone,78.4,1,106.74,56.4,52.8,0,5.5,0
2023-10-01,North_Zone,74.0,1,104.37,56.2,55.1,0,5.5,0
2023-10-02,North_Zone,77.7,1,107.1,59.4,76.0,0,5.5,0
2023-10-03,North_Zone,77.4,1,106.33,58.4,70.2,0,5.5,0
2023-10-04,North_Zone,78.4,1,105.72,59.5,59.0,0,5.5,0
2023-10-05,North_Zone,72.1,1,105.71,56.6,58.1,0,5.5,0
2023-10-06,North_Zone,75.3,1,104.97,56.3,69.7,0,5.5,0
2023-10-07,North_Zone,76.5,1,106.64,56.6,62.8,0,5.5,0
2023-10-08,North_Zone,79.5,1,106.32,59.0,61.3,0,5.5,0
2023-10-09,North_Zone,72.2,1,106.6,53.9,61.0,0,5.5,0
2023-10-10,North_Zone,82.1,1,106.1,57.6,62.0,0,5.5,0
2023-10-11,North_Zone,81.7,1,106.24,64.7,69.2,0,5.5,0
2023-10-12,North_Zone,75.0,1,105.74,56.7,58.1,0,5.5,0
2023-10-13,North_Zone,85.4,1,107.12,51.1,60.8,0,5.5,0
2023-10-14,North_Zone,78.7,1,106.66,54.5,72.1,0,5.5,0
2023-10-15,North_Zone,77.7,1,106.23,58.0,64.5,0,5.5,0
2023-10-16,North_Zone,79.8,1,105.93,52.7,68.5,0,5.5,0
2023-10-17,North_Zone,79.3,1,104.31,50.8,57.1,0,5.5,0
2023-10-18,North_Zone,78.4,1,104.1,49.1,62.3,0,5.5,0
2023-10-19,North_Zone,74.7,1,105.73,54.5,60.9,0,5.5,0
2023-10-20,North_Zone,76.7,1,107.38,62.4,65.0,0,5.5,0
2023-10-21,North_Zone,79.1,1,105.42,53.0,64.9,0,5.5,0
2023-10-22,North_Zone,80.5,1,105.47,58.7,67.8,0,5.5,0
2023-10-23,North_Zone,82.3,1,105.17,54.0,76.1,0,5.5,0
2023-10-24,North_Zone,76.6,1,104.87,53.4,56.8,0,5.5,0
2023-10-25,North_Zone,78.2,1,105.26,57.2,53.2,0,5.5,0
2023-10-26,North_Zone,76.0,1,106.46,49.4,63.2,0,5.5,0
2023-10-27,North_Zone,81.3,1,105.71,62.0,54.6,0,5.5,0
2023-10-28,North_Zone,77.1,1,105.68,57.4,55.1,0,5.5,0
2023-10-29,North_Zone,76.2,1,105.61,59.4,61.0,0,5.5,0
2023-10-30,North_Zone,78.2,1,106.49,54.6,63.7,0,5.5,0
2023-10-31,North_Zone,73.0,1,106.66,57.6,58.3,0,5.5,0
2023-11-01,North_Zone,79.6,1,104.41,58.5,59.0,0,5.5,0
2023-11-02,North_Zone,77.1,1,105.54,54.9,59.4,0,5.5,0
2023-11-03,North_Zone,86.3,1,106.23,52.0,55.4,0,5.5,0
2023-11-04,North_Zone,76.1,1,106.78,51.9,58.1,0,5.5,0
2023-11-05,North_Zone,77.2,1,106.48,53.9,51.9,0,5.5,0
2023-11-06,North_Zone,81.1,1,107.2,56.8,63.7,0,5.5,0
2023-11-07,North_Zone,80.3,1,104.99,54.3,73.9,0,5.5,0
2023-11-08,North_Zone,81.1,1,106.83,53.8,60.3,0,5.5,0
2023-11-09,North_Zone,77.2,1,108.49,59.1,66.0,0,5.5,0
2023-11-10,North_Zone,74.6,1,106.51,53.8,58.7,0,5.5,0
2023-11-11,North_Zone,86.0,1,106.57,53.2,53.3,0,5.5,0
2023-11-12,North_Zone,79.5,1,107.03,59.6,71.3,0,5.5,0
2023-11-13,North_Zone,78.7,1,105.98,57.6,55.8,0,5.5,0
2023-11-14,North_Zone,80.4,1,105.61,50.3,64.7,0,5.5,0
2023-11-15,North_Zone,74.1,1,106.63,50.3,61.1,0,5.5,0
2023-11-16,North_Zone,76.6,1,104.95,50.5,65.9,0,5.5,0
2023-11-17,North_Zone,74.9,1,107.02,55.7,59.7,0,5.5,0
2023-11-18,North_Zone,78.5,1,107.22,60.6,54.2,0,5.5,0
2023-11-19,North_Zone,73.9,1,105.07,60.8,56.7,0,5.5,0
2023-11-20,North_Zone,80.0,1,106.87,58.7,71.8,0,5.5,0
2023-11-21,North_Zone,81.6,1,106.51,63.3,61.6,0,5.5,0
2023-11-22,North_Zone,81.4,1,108.23,57.1,70.9,0,5.5,0
2023-11-23,North_Zone,79.3,1,108.09,60.7,58.2,0,5.5,0
2023-11-24,North_Zone,78.6,1,107.65,53.8,75.6,0,5.5,0
2023-11-25,North_Zone,76.7,1,108.05,50.0,53.6,0,5.5,0
2023-11-26,North_Zone,79.3,1,106.5,54.4,72.1,0,5.5,0
2023-11-27,North_Zone,77.7,1,107.16,55.4,71.1,0,5.5,0
2023-11-28,North_Zone,72.4,1,106.67,66.0,56.1,0,5.5,0
2023-11-29,North_Zone,76.1,1,105.96,55.4,56.5,0,5.5,0
2023-11-30,North_Zone,80.4,1,107.07,51.8,64.1,0,5.5,0
2023-12-01,North_Zone,74.6,1,106.93,59.6,72.6,0,5.5,0
2023-12-02,North_Zone,74.6,1,106.84,52.7,81.5,0,5.5,0
2023-12-03,North_Zone,77.4,1,107.01,56.4,70.8,0,5.5,0
2023-12-04,North_Zone,71.5,1,107.16,59.4,72.3,0,5.5,0
2023-12-05,North_Zone,80.2,1,108.02,52.5,73.6,0,5.5,0
2023-12-06,North_Zone,79.9,1,106.58,61.7,66.6,0,5.5,0
2023-12-07,North_Zone,80.8,1,105.92,59.9,65.5,0,5.5,0
2023-12-08,North_Zone,78.7,1,107.91,57.6,65.1,0,5.5,0
2023-12-09,North_Zone,75.4,1,108.12,63.3,55.5,0,5.5,0
2023-12-10,North_Zone,74.3,1,107.65,54.5,71.6,0,5.5,0
2023-12-11,North_Zone,79.7,1,106.19,58.7,65.5,0,5.5,0
2023-12-12,North_Zone,80.1,1,107.23,57.0,69.3,0,5.5,0
2023-12-13,North_Zone,74.6,1,107.68,53.5,77.1,0,5.5,0
2023-12-14,North_Zone,74.2,1,106.35,53.1,67.3,0,5.5,0
2023-12-15,North_Zone,77.9,1,106.69,63.8,75.4,0,5.5,0
2023-12-16,North_Zone,78.4,1,107.34,60.2,64.1,0,5.5,0
2023-12-17,North_Zone,80.8,1,108.71,60.0,68.6,0,5.5,0
2023-12-18,North_Zone,80.0,1,107.78,53.6,80.7,0,5.5,0
2023-12-19,North_Zone,77.8,1,107.02,58.6,69.9,0,5.5,0
2023-12-20,North_Zone,81.1,1,107.42,54.5,78.4,0,5.5,0
2023-12-21,North_Zone,77.0,1,106.99,62.6,83.8,0,5.5,0
2023-12-22,North_Zone,77.1,1,107.28,60.8,69.9,0,5.5,0
2023-12-23,North_Zone,80.5,1,108.45,60.1,68.7,0,5.5,0
2023-12-24,North_Zone,80.9,1,105.84,58.6,61.2,0,5.5,0
2023-12-25,North_Zone,81.0,1,109.11,56.3,73.5,0,5.5,0
2023-12-26,North_Zone,77.5,1,110.02,59.0,73.9,0,5.5,0
2023-12-27,North_Zone,78.2,1,108.02,62.4,75.9,0,5.5,0
2023-12-28,North_Zone,75.4,1,107.07,57.7,79.0,0,5.5,0
2023-12-29,North_Zone,80.7,1,109.09,53.3,66.9,0,5.5,0
2023-12-30,North_Zone,76.2,1,108.24,61.3,81.4,0,5.5,0
2023-12-31,North_Zone,72.0,1,107.47,53.3,70.6,0,5.5,0
2021-01-01,South_Zone,78.7,0,99.06,52.5,73.8,0,4.0,0
2021-01-02,South_Zone,77.4,0,99.66,51.0,71.7,0,4.0,0
2021-01-03,South_Zone,71.9,0,100.3,42.7,68.1,0,4.0,0
2021-01-04,South_Zone,78.3,0,101.03,54.1,66.0,0,4.0,0
2021-01-05,South_Zone,82.3,0,100.46,61.9,73.1,0,4.0,0
2021-01-06,South_Zone,81.2,0,100.66,54.5,67.2,0,4.0,0
2021-01-07,South_Zone,81.2,0,99.91,64.8,70.9,0,4.0,0
2021-01-08,South_Zone,84.3,0,101.13,52.8,69.9,0,4.0,0
2021-01-09,South_Zone,78.3,0,100.1,53.9,70.2,0,4.0,0
2021-01-10,South_Zone,76.6,0,102.18,53.5,63.0,0,4.0,0
2021-01-11,South_Zone,81.5,0,99.72,53.1,56.2,0,4.0,0
2021-01-12,South_Zone,81.1,0,100.81,54.8,76.2,0,4.0,0
2021-01-13,South_Zone,76.2,0,102.63,60.1,77.6,0,4.0,0
2021-01-14,South_Zone,79.5,0,101.52,50.3,59.2,0,4.0,0
2021-01-15,South_Zone,81.6,0,101.26,53.5,74.1,0,4.0,0
2021-01-16,South_Zone,80.8,0,100.84,55.8,73.1,0,4.0,0
2021-01-17,South_Zone,82.2,0,100.63,58.4,65.4,0,4.0,0
2021-01-18,South_Zone,78.0,0,100.44,44.5,76.5,0,4.0,0
2021-01-19,South_Zone,75.7,0,100.08,47.4,77.7,0,4.0,0
2021-01-20,South_Zone,77.3,0,99.14,52.8,77.3,0,4.0,0
2021-01-21,South_Zone,82.6,0,101.35,58.0,80.7,0,4.0,0
2021-01-22,South_Zone,83.1,0,99.2,50.8,77.0,0,4.0,0
2021-01-23,South_Zone,79.5,0,101.42,56.2,67.8,0,4.0,0
2021-01-24,South_Zone,84.5,0,100.49,61.1,72.1,0,4.0,0
2021-01-25,South_Zone,79.5,0,99.88,53.0,73.9,0,4.0,0
2021-01-26,South_Zone,78.5,0,102.27,53.0,79.6,0,4.0,0
2021-01-27,South_Zone,75.8,0,99.45,54.7,70.7,0,4.0,0
2021-01-28,South_Zone,79.8,0,100.26,53.8,68.8,0,4.0,0
2021-01-29,South_Zone,83.2,0,100.38,54.2,63.7,0,4.0,0
2021-01-30,South_Zone,83.8,0,101.14,52.7,76.4,0,4.0,0
2021-01-31,South_Zone,83.2,0,100.4,52.1,73.0,0,4.0,0
2021-02-01,South_Zone,81.5,0,102.51,50.0,67.7,0,4.0,0
2021-02-02,South_Zone,84.8,0,99.7,55.3,75.9,0,4.0,0
2021-02-03,South_Zone,77.1,0,105.19,50.9,70.3,0,4.0,0
2021-02-04,South_Zone,83.6,0,100.07,49.8,65.4,0,4.0,0
2021-02-05,South_Zone,80.8,0,104.12,49.9,78.7,0,4.0,0
2021-02-06,South_Zone,80.6,0,102.28,52.6,61.7,0,4.0,0
2021-02-07,South_Zone,75.7,0,101.11,53.5,72.7,0,4.0,0
2021-02-08,South_Zone,81.0,0,101.47,49.2,71.4,0,4.0,0
2021-02-09,South_Zone,83.5,0,100.89,52.3,63.8,0,4.0,0
2021-02-10,South_Zone,73.6,0,101.64,54.3,73.6,0,4.0,0
2021-02-11,South_Zone,82.4,0,100.59,47.0,68.5,0,4.0,0
2021-02-12,South_Zone,73.1,0,102.06,50.8,80.4,0,4.0,0
2021-02-13,South_Zone,75.7,0,101.56,60.8,77.0,0,4.0,0
2021-02-14,South_Zone,79.7,0,100.41,50.3,73.1,0,4.0,0
2021-02-15,South_Zone,84.7,0,101.85,56.6,59.5,0,4.0,0
2021-02-16,South_Zone,79.6,0,101.81,51.7,69.2,0,4.0,0
2021-02-17,South_Zone,81.4,0,100.75,54.1,68.8,0,4.0,0
2021-02-18,South_Zone,77.3,0,101.07,50.2,78.1,0,4.0,0
2021-02-19,South_Zone,79.4,0,102.03,46.2,72.9,0,4.0,0
2021-02-20,South_Zone,79.8,0,102.63,52.3,73.6,0,4.0,0
2021-02-21,South_Zone,84.9,0,101.42,55.3,77.1,0,4.0,0
2021-02-22,South_Zone,77.8,0,102.51,56.7,80.2,0,4.0,0
2021-02-23,South_Zone,78.0,0,102.77,54.7,79.3,0,4.0,0
2021-02-24,South_Zone,83.2,0,102.93,51.1,74.7,0,4.0,0
2021-02-25,South_Zone,79.3,0,102.06,57.5,70.6,0,4.0,0
2021-02-26,South_Zone,80.3,0,100.76,50.4,74.2,0,4.0,0
2021-02-27,South_Zone,81.3,0,102.57,51.4,71.8,0,4.0,0
2021-02-28,South_Zone,78.1,0,101.51,49.7,75.9,0,4.0,0
2021-03-01,South_Zone,73.8,0,102.22,52.2,42.2,0,4.0,0
2021-03-02,South_Zone,83.2,0,101.11,52.3,49.5,0,4.0,0
2021-03-03,South_Zone,80.3,0,101.15,54.6,45.2,0,4.0,1
2021-03-04,South_Zone,76.2,0,101.07,48.0,46.9,0,4.0,1
2021-03-05,South_Zone,82.3,0,100.46,51.3,39.0,0,4.0,0
2021-03-06,South_Zone,86.0,0,101.21,50.3,43.6,0,4.0,1
2021-03-07,South_Zone,83.6,0,100.78,55.0,47.2,0,4.0,1
2021-03-08,South_Zone,86.2,0,102.39,55.2,44.1,0,4.0,0
2021-03-09,South_Zone,76.3,0,100.78,49.2,33.3,0,4.0,1
2021-03-10,South_Zone,80.7,0,101.19,55.4,38.8,0,4.0,1
2021-03-11,South_Zone,81.1,0,101.87,53.5,46.7,0,4.0,1
2021-03-12,South_Zone,79.6,0,103.69,57.6,52.5,0,4.0,0
2021-03-13,South_Zone,79.0,0,101.2,50.9,43.8,0,4.0,0
2021-03-14,South_Zone,71.1,0,100.52,55.6,42.6,0,4.0,0
2021-03-15,South_Zone,85.1,0,100.6,56.7,50.3,0,4.0,0
2021-03-16,South_Zone,75.1,0,101.06,53.7,45.1,0,4.0,1
2021-03-17,South_Zone,82.7,0,101.27,61.9,48.7,0,4.0,0
2021-03-18,South_Zone,80.0,0,104.24,56.7,43.5,0,4.0,0
2021-03-19,South_Zone,79.9,0,102.91,61.2,43.0,0,4.0,1
2021-03-20,South_Zone,79.4,0,101.64,63.7,49.1,0,4.0,0
2021-03-21,South_Zone,80.6,0,103.82,47.8,48.4,0,4.0,0
2021-03-22,South_Zone,81.9,0,101.36,58.2,55.4,0,4.0,0
2021-03-23,South_Zone,82.9,0,101.56,55.7,39.4,0,4.0,0
2021-03-24,South_Zone,79.6,0,101.51,54.6,36.7,0,4.0,1
2021-03-25,South_Zone,76.4,0,103.01,51.6,37.3,0,4.0,1
2021-03-26,South_Zone,76.3,0,101.92,50.2,41.8,0,4.0,0
2021-03-27,South_Zone,83.1,0,103.5,50.2,46.6,0,4.0,0
2021-03-28,South_Zone,79.2,0,102.43,62.9,36.7,0,4.0,1
2021-03-29,South_Zone,76.9,0,102.91,56.1,37.0,0,4.0,0
2021-03-30,South_Zone,77.8,0,100.18,47.6,46.9,0,4.0,0
2021-03-31,South_Zone,79.7,0,100.3,48.9,52.8,0,4.0,1
2021-04-01,South_Zone,76.1,0,100.33,45.0,50.4,0,4.0,1
2021-04-02,South_Zone,79.9,0,101.57,58.4,35.8,0,4.0,0
2021-04-03,South_Zone,83.8,0,100.46,53.4,47.0,0,4.0,1
2021-04-04,South_Zone,79.6,0,103.24,56.3,49.8,0,4.0,0
2021-04-05,South_Zone,74.7,0,101.8,53.7,42.5,0,4.0,1
2021-04-06,South_Zone,82.6,0,102.61,57.8,43.8,0,4.0,0
2021-04-07,South_Zone,83.3,0,101.5,52.0,46.7,0,4.0,0
2021-04-08,South_Zone,83.5,0,102.81,55.3,47.4,0,4.0,1
2021-04-09,South_Zone,80.2,0,100.02,54.1,46.9,0,4.0,1
2021-04-10,South_Zone,87.0,0,101.93,49.1,48.6,0,4.0,1
2021-04-11,South_Zone,82.2,0,102.47,51.1,46.1,0,4.0,0
2021-04-12,South_Zone,89.0,0,102.55,52.8,41.9,0,4.0,1
2021-04-13,South_Zone,84.1,0,101.64,54.9,42.8,0,4.0,0
2021-04-14,South_Zone,83.6,0,100.24,58.6,41.1,0,4.0,0
2021-04-15,South_Zone,78.1,0,102.96,54.6,42.7,0,4.0,1
2021-04-16,South_Zone,77.2,0,101.54,53.3,47.8,0,4.0,1
2021-04-17,South_Zone,80.3,0,101.62,54.9,41.1,0,4.0,1
2021-04-18,South_Zone,79.4,0,104.14,54.0,50.3,0,4.0,0
2021-04-19,South_Zone,78.4,0,102.0,53.7,40.1,0,4.0,0
2021-04-20,South_Zone,79.6,0,101.38,59.6,46.0,0,4.0,0
2021-04-21,South_Zone,79.4,0,101.31,52.6,49.2,0,4.0,0
2021-04-22,South_Zone,78.1,0,102.52,55.1,47.2,0,4.0,1
2021-04-23,South_Zone,82.0,0,101.04,50.8,35.8,0,4.0,0
2021-04-24,South_Zone,77.7,0,102.36,59.0,45.7,0,4.0,0
2021-04-25,South_Zone,79.9,0,102.94,50.5,41.3,0,4.0,1
2021-04-26,South_Zone,76.4,0,101.73,53.4,38.4,0,4.0,0
2021-04-27,South_Zone,80.3,0,102.79,58.0,46.1,0,4.0,1
2021-04-28,South_Zone,80.6,0,101.72,50.2,38.8,0,4.0,1
2021-04-29,South_Zone,77.1,0,101.09,56.9,46.2,0,4.0,0
2021-04-30,South_Zone,80.2,0,100.1,44.8,52.3,0,4.0,0
2021-05-01,South_Zone,79.7,0,102.02,49.4,46.5,0,4.0,1
2021-05-02,South_Zone,78.6,0,102.02,53.4,43.8,0,4.0,1
2021-05-03,South_Zone,78.6,0,102.69,63.7,44.2,0,4.0,1
2021-05-04,South_Zone,81.3,0,102.58,54.6,49.6,0,4.0,1
2021-05-05,South_Zone,80.1,0,103.74,55.2,43.5,0,4.0,0
2021-05-06,South_Zone,82.9,0,101.07,58.0,42.7,0,4.0,0
2021-05-07,South_Zone,76.9,0,101.99,49.5,40.3,0,4.0,1
2021-05-08,South_Zone,79.4,0,100.93,41.2,40.5,0,4.0,0
2021-05-09,South_Zone,78.2,0,102.52,60.9,49.5,0,4.0,1
2021-05-10,South_Zone,80.2,0,100.64,55.7,42.6,0,4.0,1
2021-05-11,South_Zone,80.8,0,102.46,52.2,47.8,0,4.0,1
2021-05-12,South_Zone,76.5,0,100.79,53.5,48.2,0,4.0,1
2021-05-13,South_Zone,81.8,0,102.27,58.1,40.2,0,4.0,1
2021-05-14,South_Zone,86.5,0,102.69,53.6,41.0,0,4.0,0
2021-05-15,South_Zone,80.5,0,99.91,53.5,47.9,0,4.0,1
2021-05-16,South_Zone,77.4,0,100.09,61.2,45.7,0,4.0,1
2021-05-17,South_Zone,79.1,0,101.65,48.7,44.1,0,4.0,0
2021-05-18,South_Zone,79.0,0,101.52,55.7,47.3,0,4.0,0
2021-05-19,South_Zone,78.0,0,101.07,48.5,50.1,0,4.0,0
2021-05-20,South_Zone,82.2,0,100.86,59.6,44.8,0,4.0,0
2021-05-21,South_Zone,74.5,0,100.46,54.4,42.2,0,4.0,1
2021-05-22,South_Zone,80.8,0,101.62,50.9,45.6,0,4.0,1
2021-05-23,South_Zone,83.9,0,100.29,47.1,41.0,0,4.0,0
2021-05-24,South_Zone,83.7,0,101.6,52.2,45.7,0,4.0,1
2021-05-25,South_Zone,83.1,0,100.63,54.0,45.0,0,4.0,0
2021-05-26,South_Zone,78.0,0,100.75,57.9,40.9,0,4.0,0
2021-05-27,South_Zone,84.4,0,102.36,49.6,43.0,0,4.0,0
2021-05-28,South_Zone,81.1,0,102.07,50.5,43.4,0,4.0,0
2021-05-29,South_Zone,84.3,0,100.09,51.0,48.7,0,4.0,1
2021-05-30,South_Zone,83.2,0,100.19,50.0,40.6,0,4.0,0
2021-05-31,South_Zone,80.9,0,101.81,51.7,41.0,0,4.0,0
2021-06-01,South_Zone,79.3,0,99.57,49.0,32.1,0,4.0,0
2021-06-02,South_Zone,87.1,0,102.43,55.6,36.8,0,4.0,0
2021-06-03,South_Zone,74.7,0,101.08,51.5,37.6,0,4.0,0
2021-06-04,South_Zone,79.5,0,100.33,53.2,35.3,0,4.0,0
2021-06-05,South_Zone,75.8,0,100.89,54.6,37.6,0,4.0,0
2021-06-06,South_Zone,80.4,0,102.21,48.4,39.8,0,4.0,0
2021-06-07,South_Zone,81.1,0,98.69,54.9,34.8,0,4.0,0
2021-06-08,South_Zone,78.1,0,101.81,54.6,30.0,0,4.0,0
2021-06-09,South_Zone,78.3,0,101.95,54.6,33.6,0,4.0,0
2021-06-10,South_Zone,76.0,0,100.4,52.6,27.2,0,4.0,0
2021-06-11,South_Zone,81.4,0,100.62,52.2,36.0,0,4.0,0
2021-06-12,South_Zone,78.6,0,100.8,53.5,31.5,0,4.0,0
2021-06-13,South_Zone,81.3,0,101.36,53.9,34.6,0,4.0,0
2021-06-14,South_Zone,78.4,0,99.86,48.2,33.6,0,4.0,0
2021-06-15,South_Zone,80.7,0,100.55,59.5,32.1,0,4.0,0
2021-06-16,South_Zone,82.2,0,100.43,50.4,35.1,0,4.0,0
2021-06-17,South_Zone,81.4,0,101.17,53.7,33.4,0,4.0,0
2021-06-18,South_Zone,80.6,0,103.14,58.9,30.8,0,4.0,0
2021-06-19,South_Zone,79.7,0,99.69,51.5,28.5,0,4.0,0
2021-06-20,South_Zone,81.4,0,100.47,54.1,35.8,0,4.0,0
2021-06-21,South_Zone,78.2,0,99.6,44.1,28.0,0,4.0,0
2021-06-22,South_Zone,79.4,0,99.84,45.0,43.0,0,4.0,0
2021-06-23,South_Zone,81.0,0,99.22,52.6,40.4,0,4.0,0
2021-06-24,South_Zone,84.6,0,98.73,53.2,26.1,0,4.0,0
2021-06-25,South_Zone,78.2,0,101.41,58.0,37.1,0,4.0,0
2021-06-26,South_Zone,77.3,0,100.55,56.4,39.7,0,4.0,0
2021-06-27,South_Zone,80.9,0,100.25,46.7,31.1,0,4.0,0
2021-06-28,South_Zone,83.6,0,99.25,57.8,35.8,0,4.0,0
2021-06-29,South_Zone,82.4,0,100.01,48.2,33.4,0,4.0,0
2021-06-30,South_Zone,80.1,0,98.9,56.0,37.4,0,4.0,0
2021-07-01,South_Zone,83.7,0,99.99,51.2,31.8,0,4.0,0
2021-07-02,South_Zone,74.6,0,100.32,64.0,39.1,0,4.0,0
2021-07-03,South_Zone,83.0,0,99.41,50.4,33.3,0,4.0,0
2021-07-04,South_Zone,79.1,0,99.16,52.4,32.4,0,4.0,0
2021-07-05,South_Zone,81.9,0,99.39,53.4,37.2,0,4.0,0
2021-07-06,South_Zone,83.0,0,100.66,52.3,38.5,0,4.0,0
2021-07-07,South_Zone,80.6,0,100.01,49.0,22.3,0,4.0,0
2021-07-08,South_Zone,80.2,0,98.17,61.1,19.5,0,4.0,0
2021-07-09,South_Zone,78.8,0,100.47,50.7,35.7,0,4.0,0
2021-07-10,South_Zone,85.1,0,100.25,50.5,30.7,0,4.0,0
2021-07-11,South_Zone,81.0,0,99.86,52.5,27.4,0,4.0,0
2021-07-12,South_Zone,80.7,0,101.29,54.3,32.1,0,4.0,0
2021-07-13,South_Zone,84.5,0,99.63,50.1,48.6,0,4.0,0
2021-07-14,South_Zone,78.5,0,100.0,56.8,27.3,0,4.0,0
2021-07-15,South_Zone,79.3,0,100.01,53.6,38.4,0,4.0,0
2021-07-16,South_Zone,82.8,0,100.38,53.2,30.2,0,4.0,0
2021-07-17,South_Zone,85.3,0,99.25,54.9,26.7,0,4.0,0
2021-07-18,South_Zone,80.1,0,98.79,49.1,30.9,0,4.0,0
2021-07-19,South_Zone,81.2,0,100.38,50.8,26.9,0,4.0,0
2021-07-20,South_Zone,75.2,0,100.3,53.0,26.2,0,4.0,0
2021-07-21,South_Zone,83.8,0,100.62,57.0,30.4,0,4.0,0
2021-07-22,South_Zone,76.8,0,99.72,51.9,28.5,0,4.0,0
2021-07-23,South_Zone,78.4,0,97.63,50.8,33.3,0,4.0,0
2021-07-24,South_Zone,80.6,0,99.41,44.3,34.8,0,4.0,0
2021-07-25,South_Zone,78.1,0,99.25,49.9,30.1,0,4.0,0
2021-07-26,South_Zone,74.2,0,100.41,46.6,37.1,0,4.0,0
2021-07-27,South_Zone,76.3,0,100.21,47.5,30.7,0,4.0,0
2021-07-28,South_Zone,80.3,0,99.73,54.4,33.2,0,4.0,0
2021-07-29,South_Zone,84.5,0,97.02,65.1,23.2,0,4.0,0
2021-07-30,South_Zone,84.2,0,98.23,53.1,34.4,0,4.0,0
2021-07-31,South_Zone,81.1,0,98.66,53.8,45.3,0,4.0,0
2021-08-01,South_Zone,80.5,0,98.66,49.4,38.0,0,4.0,0
2021-08-02,South_Zone,82.4,0,99.13,48.5,33.1,0,4.0,0
2021-08-03,South_Zone,84.0,0,100.42,61.4,28.2,0,4.0,0
2021-08-04,South_Zone,80.4,0,99.69,49.7,42.2,0,4.0,0
2021-08-05,South_Zone,80.5,0,97.96,44.2,33.2,0,4.0,0
2021-08-06,South_Zone,80.6,0,98.02,53.2,30.6,0,4.0,0
2021-08-07,South_Zone,83.0,0,97.91,50.4,30.8,0,4.0,0
2021-08-08,South_Zone,75.9,0,98.68,54.9,44.4,0,4.0,0
2021-08-09,South_Zone,80.0,0,99.57,59.1,33.4,0,4.0,0
2021-08-10,South_Zone,81.2,0,99.71,54.4,36.3,0,4.0,0
2021-08-11,South_Zone,74.3,0,98.34,53.2,33.0,0,4.0,0
2021-08-12,South_Zone,82.8,0,98.66,55.1,33.7,0,4.0,0
2021-08-13,South_Zone,83.2,0,100.34,64.0,31.9,0,4.0,0
2021-08-14,South_Zone,74.2,0,97.15,61.0,41.1,0,4.0,0
2021-08-15,South_Zone,78.8,0,99.25,51.4,34.2,0,4.0,0
2021-08-16,South_Zone,78.9,0,99.12,56.4,27.0,0,4.0,0
2021-08-17,South_Zone,77.3,0,98.27,59.5,36.0,0,4.0,0
2021-08-18,South_Zone,77.7,0,98.52,55.2,33.4,0,4.0,0
2021-08-19,South_Zone,78.4,0,98.94,52.3,35.9,0,4.0,0
2021-08-20,South_Zone,81.8,0,98.2,50.3,32.3,0,4.0,0
2021-08-21,South_Zone,83.7,0,97.83,52.5,31.3,0,4.0,0
2021-08-22,South_Zone,81.7,0,97.74,47.5,38.5,0,4.0,0
2021-08-23,South_Zone,77.3,0,100.29,56.7,43.3,0,4.0,0
2021-08-24,South_Zone,82.4,0,97.97,57.8,24.7,0,4.0,0
2021-08-25,South_Zone,81.8,0,98.59,50.8,34.4,0,4.0,0
2021-08-26,South_Zone,71.2,0,99.15,50.9,31.3,0,4.0,0
2021-08-27,South_Zone,83.7,0,98.14,48.0,29.4,0,4.0,0
2021-08-28,South_Zone,80.4,0,98.36,54.2,23.2,0,4.0,0
2021-08-29,South_Zone,80.5,0,98.81,52.5,35.8,0,4.0,0
2021-08-30,South_Zone,74.8,0,97.44,46.2,31.6,0,4.0,0
2021-08-31,South_Zone,84.8,0,96.74,63.4,31.3,0,4.0,0
2021-09-01,South_Zone,81.0,0,97.53,44.9,66.0,0,4.0,0
2021-09-02,South_Zone,82.3,0,99.97,47.2,57.8,0,4.0,0
2021-09-03,South_Zone,76.0,0,97.65,55.8,57.6,0,4.0,0
2021-09-04,South_Zone,81.5,0,98.34,55.0,53.3,0,4.0,0
2021-09-05,South_Zone,81.6,0,96.87,48.9,55.5,0,4.0,0
2021-09-06,South_Zone,79.5,0,99.52,49.7,67.3,0,4.0,0
2021-09-07,South_Zone,76.1,0,97.86,54.0,63.1,0,4.0,0
2021-09-08,South_Zone,79.8,0,97.7,53.6,66.4,0,4.0,0
2021-09-09,South_Zone,77.1,0,98.01,49.4,55.8,0,4.0,0
2021-09-10,South_Zone,77.9,0,100.64,57.2,61.8,0,4.0,0
2021-09-11,South_Zone,83.5,0,98.56,54.7,65.2,0,4.0,0
2021-09-12,South_Zone,80.3,0,97.95,57.5,62.9,0,4.0,0
2021-09-13,South_Zone,79.8,0,95.21,50.9,67.9,0,4.0,0
2021-09-14,South_Zone,76.5,0,99.44,56.0,62.0,0,4.0,0
2021-09-15,South_Zone,79.9,0,97.38,51.0,60.0,0,4.0,0
2021-09-16,South_Zone,79.5,0,97.21,54.0,48.2,0,4.0,0
2021-09-17,South_Zone,77.1,0,97.29,53.3,62.1,0,4.0,0
2021-09-18,South_Zone,83.3,0,99.51,56.2,63.0,0,4.0,0
2021-09-19,South_Zone,83.1,0,98.0,54.3,65.7,0,4.0,0
2021-09-20,South_Zone,77.7,0,96.51,44.0,56.0,0,4.0,0
2021-09-21,South_Zone,81.2,0,97.82,49.6,59.8,0,4.0,0
2021-09-22,South_Zone,74.4,0,97.19,52.2,52.0,0,4.0,0
2021-09-23,South_Zone,81.0,0,98.38,54.2,51.9,0,4.0,0
2021-09-24,South_Zone,82.3,0,97.63,55.4,62.6,0,4.0,0
2021-09-25,South_Zone,76.6,0,96.44,53.8,66.3,0,4.0,0
2021-09-26,South_Zone,80.0,0,97.92,49.3,66.5,0,4.0,0
2021-09-27,South_Zone,80.4,0,97.95,55.9,62.2,0,4.0,0
2021-09-28,South_Zone,88.7,0,96.75,48.5,70.2,0,4.0,0
2021-09-29,South_Zone,87.7,0,96.04,56.5,58.0,0,4.0,0
2021-09-30,South_Zone,81.0,0,98.28,57.6,64.5,0,4.0,0
2021-10-01,South_Zone,78.0,0,97.72,52.0,65.4,0,4.0,0
2021-10-02,South_Zone,80.7,0,97.79,49.5,44.3,0,4.0,0
2021-10-03,South_Zone,83.4,0,98.75,49.7,57.6,0,4.0,0
2021-10-04,South_Zone,75.0,0,96.06,47.0,59.4,0,4.0,0
2021-10-05,South_Zone,73.7,0,98.07,48.5,61.2,0,4.0,0
2021-10-06,South_Zone,76.6,0,98.67,51.7,59.1,0,4.0,0
2021-10-07,South_Zone,82.3,0,97.83,49.9,61.8,0,4.0,0
2021-10-08,South_Zone,82.5,0,96.6,45.2,68.7,0,4.0,0
2021-10-09,South_Zone,81.3,0,97.36,50.0,63.7,0,4.0,0
2021-10-10,South_Zone,83.3,0,97.57,52.4,56.2,0,4.0,0
2021-10-11,South_Zone,79.5,0,96.45,50.2,47.4,0,4.0,0
2021-10-12,South_Zone,79.2,0,98.41,48.8,54.6,0,4.0,0
2021-10-13,South_Zone,81.2,0,98.05,42.7,66.7,0,4.0,0
2021-10-14,South_Zone,85.1,0,97.41,56.5,69.5,0,4.0,0
2021-10-15,South_Zone,81.2,0,99.05,52.5,63.4,0,4.0,0
2021-10-16,South_Zone,79.7,0,97.55,53.3,63.2,0,4.0,0
2021-10-17,South_Zone,81.2,0,99.56,53.5,59.7,0,4.0,0
2021-10-18,South_Zone,84.3,0,97.82,54.1,59.6,0,4.0,0
2021-10-19,South_Zone,78.9,0,97.14,52.8,68.7,0,4.0,0
2021-10-20,South_Zone,78.7,0,97.18,52.3,71.1,0,4.0,0
2021-10-21,South_Zone,78.6,0,98.21,55.3,55.2,0,4.0,0
2021-10-22,South_Zone,82.4,0,97.06,55.7,65.6,0,4.0,0
2021-10-23,South_Zone,77.7,0,98.29,57.8,64.2,0,4.0,0
2021-10-24,South_Zone,81.9,0,97.76,48.8,63.1,0,4.0,0
2021-10-25,South_Zone,75.6,0,97.75,53.1,59.4,0,4.0,0
2021-10-26,South_Zone,79.2,0,98.14,45.8,52.6,0,4.0,0
2021-10-27,South_Zone,79.8,0,99.21,50.8,66.3,0,4.0,0
2021-10-28,South_Zone,85.4,0,97.67,51.3,56.1,0,4.0,0
2021-10-29,South_Zone,82.9,0,98.42,55.3,73.8,0,4.0,0
2021-10-30,South_Zone,78.9,0,98.69,52.0,64.5,0,4.0,0
2021-10-31,South_Zone,78.4,0,97.06,54.5,61.6,0,4.0,0
2021-11-01,South_Zone,78.0,0,98.81,51.1,61.3,0,4.0,0
2021-11-02,South_Zone,76.6,0,99.12,50.3,65.2,0,4.0,0
2021-11-03,South_Zone,84.8,0,99.28,49.5,49.6,0,4.0,0
2021-11-04,South_Zone,77.7,0,97.23,54.7,49.0,0,4.0,0
2021-11-05,South_Zone,85.2,0,97.32,50.4,52.3,0,4.0,0
2021-11-06,South_Zone,80.3,0,98.32,42.6,64.6,0,4.0,0
2021-11-07,South_Zone,79.8,0,98.29,54.9,50.0,0,4.0,0
2021-11-08,South_Zone,80.3,0,98.44,48.7,60.0,0,4.0,0
2021-11-09,South_Zone,83.6,0,98.08,53.0,55.4,0,4.0,0
2021-11-10,South_Zone,77.4,0,98.65,47.9,60.8,0,4.0,0
2021-11-11,South_Zone,81.5,0,95.93,51.4,71.3,0,4.0,0
2021-11-12,South_Zone,79.9,0,99.16,41.2,61.3,0,4.0,0
2021-11-13,South_Zone,81.2,0,100.0,52.9,58.0,0,4.0,0
2021-11-14,South_Zone,79.4,0,98.0,48.7,63.5,0,4.0,0
2021-11-15,South_Zone,78.9,0,98.78,47.4,67.3,0,4.0,0
2021-11-16,South_Zone,81.6,0,100.28,56.2,66.3,0,4.0,0
2021-11-17,South_Zone,75.9,0,98.66,52.0,58.2,0,4.0,0
2021-11-18,South_Zone,84.2,0,98.96,51.6,67.7,0,4.0,0
2021-11-19,South_Zone,80.3,0,100.52,50.3,61.0,0,4.0,0
2021-11-20,South_Zone,78.4,0,100.74,56.9,69.9,0,4.0,0
2021-11-21,South_Zone,81.1,0,97.67,50.3,59.7,0,4.0,0
2021-11-22,South_Zone,77.9,0,98.34,58.3,64.2,0,4.0,0
2021-11-23,South_Zone,80.2,0,99.68,57.8,75.9,0,4.0,0
2021-11-24,South_Zone,80.3,0,99.31,58.4,63.9,0,4.0,0
2021-11-25,South_Zone,83.8,0,99.54,56.7,66.4,0,4.0,0
2021-11-26,South_Zone,80.8,0,96.25,49.1,53.4,0,4.0,0
2021-11-27,South_Zone,76.6,0,96.94,52.0,55.2,0,4.0,0
2021-11-28,South_Zone,81.7,0,100.71,52.5,72.2,0,4.0,0
2021-11-29,South_Zone,82.2,0,99.73,56.2,66.2,0,4.0,0
2021-11-30,South_Zone,75.2,0,99.34,52.7,66.1,0,4.0,0
2021-12-01,South_Zone,76.4,0,97.77,51.1,71.8,0,4.0,0
2021-12-02,South_Zone,86.0,0,98.63,59.1,77.0,0,4.0,0
2021-12-03,South_Zone,79.0,0,99.64,51.5,69.9,0,4.0,0
2021-12-04,South_Zone,79.1,0,97.72,49.6,67.9,0,4.0,0
2021-12-05,South_Zone,79.9,0,98.43,50.8,65.4,0,4.0,0
2021-12-06,South_Zone,78.1,0,99.54,57.1,71.3,0,4.0,0
2021-12-07,South_Zone,74.7,0,99.79,53.7,70.3,0,4.0,0
2021-12-08,South_Zone,76.6,0,98.71,54.3,77.0,0,4.0,0
2021-12-09,South_Zone,78.1,0,100.24,54.0,74.8,0,4.0,0
2021-12-10,South_Zone,78.5,0,100.24,44.3,72.3,0,4.0,0
2021-12-11,South_Zone,77.7,0,97.53,47.7,72.3,0,4.0,0
2021-12-12,South_Zone,75.5,0,101.0,52.3,69.9,0,4.0,0
2021-12-13,South_Zone,78.3,0,100.56,54.5,63.1,0,4.0,0
2021-12-14,South_Zone,83.3,0,99.63,48.9,66.1,0,4.0,0
2021-12-15,South_Zone,78.0,0,99.32,48.7,75.9,0,4.0,0
2021-12-16,South_Zone,79.5,0,100.28,51.9,71.3,0,4.0,0
2021-12-17,South_Zone,84.3,0,100.06,58.3,65.4,0,4.0,0
2021-12-18,South_Zone,77.9,0,99.28,44.1,78.8,0,4.0,0
2021-12-19,South_Zone,89.2,0,101.2,42.9,80.5,0,4.0,0
2021-12-20,South_Zone,82.7,0,97.52,58.9,78.0,0,4.0,0
2021-12-21,South_Zone,80.2,0,98.99,46.5,74.1,0,4.0,0
2021-12-22,South_Zone,79.3,0,100.14,51.4,73.4,0,4.0,0
2021-12-23,South_Zone,84.0,0,99.67,46.9,71.9,0,4.0,0
2021-12-24,South_Zone,77.9,0,100.46,52.0,72.8,0,4.0,0
2021-12-25,South_Zone,78.7,0,98.4,51.8,75.1,0,4.0,0
2021-12-26,South_Zone,84.8,0,99.57,59.3,75.5,0,4.0,0
2021-12-27,South_Zone,78.9,0,101.01,56.3,74.3,0,4.0,0
2021-12-28,South_Zone,78.6,0,98.4,47.2,55.6,0,4.0,0
2021-12-29,South_Zone,78.0,0,99.69,45.2,77.8,0,4.0,0
2021-12-30,South_Zone,74.2,0,99.43,54.8,73.0,0,4.0,0
2021-12-31,South_Zone,83.0,0,100.36,51.1,65.2,0,4.0,0
2022-01-01,South_Zone,79.9,0,104.43,51.9,73.0,0,4.25,0
2022-01-02,South_Zone,83.2,0,104.17,59.4,73.5,0,4.25,0
2022-01-03,South_Zone,79.5,0,103.81,47.5,64.1,0,4.25,0
2022-01-04,South_Zone,78.7,0,104.2,53.2,68.8,0,4.25,0
2022-01-05,South_Zone,78.0,0,104.01,57.1,66.5,0,4.25,0
2022-01-06,South_Zone,82.1,0,104.17,49.9,67.1,0,4.25,0
2022-01-07,South_Zone,77.6,0,105.7,60.5,74.9,0,4.25,0
2022-01-08,South_Zone,81.2,0,103.07,50.2,68.9,0,4.25,0
2022-01-09,South_Zone,80.1,0,104.65,54.6,72.5,0,4.25,0
2022-01-10,South_Zone,76.9,0,103.4,51.6,75.7,0,4.25,0
2022-01-11,South_Zone,78.7,0,106.33,44.6,69.8,0,4.25,0
2022-01-12,South_Zone,80.0,0,104.5,53.1,75.9,0,4.25,0
2022-01-13,South_Zone,79.1,0,103.18,57.4,78.8,0,4.25,0
2022-01-14,South_Zone,85.7,0,104.25,50.6,76.2,0,4.25,0
2022-01-15,South_Zone,80.7,0,103.05,51.7,75.0,0,4.25,0
2022-01-16,South_Zone,79.4,0,103.91,52.5,76.3,0,4.25,0
2022-01-17,South_Zone,78.9,0,105.19,57.2,74.0,0,4.25,0
2022-01-18,South_Zone,79.3,0,105.97,53.9,76.2,0,4.25,0
2022-01-19,South_Zone,78.2,0,105.72,55.4,66.1,0,4.25,0
2022-01-20,South_Zone,77.5,0,104.57,55.0,71.6,0,4.25,0
2022-01-21,South_Zone,81.8,0,105.28,53.0,74.0,0,4.25,0
2022-01-22,South_Zone,84.6,0,105.55,62.0,71.6,0,4.25,0
2022-01-23,South_Zone,78.6,0,107.02,51.7,84.5,0,4.25,0
2022-01-24,South_Zone,81.3,0,104.2,57.5,71.0,0,4.25,0
2022-01-25,South_Zone,78.0,0,106.34,60.6,63.1,0,4.25,0
2022-01-26,South_Zone,80.3,0,103.77,54.0,72.3,0,4.25,0
2022-01-27,South_Zone,76.1,0,106.08,55.7,76.1,0,4.25,0
2022-01-28,South_Zone,77.4,0,104.31,56.8,67.6,0,4.25,0
2022-01-29,South_Zone,77.3,0,104.27,53.2,71.8,0,4.25,0
2022-01-30,South_Zone,79.6,0,104.7,47.3,71.6,0,4.25,0
2022-01-31,South_Zone,76.5,0,104.24,53.7,71.7,0,4.25,0
2022-02-01,South_Zone,73.3,0,105.47,61.8,69.0,1,4.25,0
2022-02-02,South_Zone,75.9,0,106.3,57.8,77.5,1,4.25,0
2022-02-03,South_Zone,79.5,0,102.99,54.5,82.8,1,4.25,0
2022-02-04,South_Zone,77.6,0,104.96,58.0,67.8,1,4.25,0
2022-02-05,South_Zone,78.3,0,104.08,54.1,65.5,1,4.25,0
2022-02-06,South_Zone,80.8,0,106.09,55.6,69.8,1,4.25,0
2022-02-07,South_Zone,77.5,0,106.64,53.9,79.0,1,4.25,0
2022-02-08,South_Zone,79.8,0,105.07,56.9,70.7,1,4.25,0
2022-02-09,South_Zone,86.4,0,104.57,52.7,73.8,1,4.25,0
2022-02-10,South_Zone,78.9,0,103.68,53.2,67.4,1,4.25,0
2022-02-11,South_Zone,79.4,0,107.27,59.4,80.9,1,4.25,0
2022-02-12,South_Zone,81.1,0,106.67,54.9,70.5,1,4.25,0
2022-02-13,South_Zone,77.5,0,103.4,56.6,73.2,1,4.25,0
2022-02-14,South_Zone,78.2,0,106.05,58.0,68.0,1,4.25,0
2022-02-15,South_Zone,79.7,0,104.31,54.4,67.5,1,4.25,0
2022-02-16,South_Zone,80.6,0,104.94,53.6,72.0,1,4.25,0
2022-02-17,South_Zone,77.2,0,104.22,49.4,72.5,1,4.25,0
2022-02-18,South_Zone,81.7,0,103.49,50.0,76.3,1,4.25,0
2022-02-19,South_Zone,84.6,0,105.47,57.6,63.6,1,4.25,0
2022-02-20,South_Zone,74.3,0,107.43,58.3,67.2,1,4.25,0
2022-02-21,South_Zone,81.2,0,104.63,50.9,68.6,1,4.25,0
2022-02-22,South_Zone,79.7,0,106.47,57.2,72.6,1,4.25,0
2022-02-23,South_Zone,79.1,0,106.65,56.5,66.4,1,4.25,0
2022-02-24,South_Zone,81.0,0,106.34,59.3,71.5,1,4.25,0
2022-02-25,South_Zone,84.1,0,107.64,64.7,68.8,1,4.25,0
2022-02-26,South_Zone,80.8,0,106.62,57.9,71.3,1,4.25,0
2022-02-27,South_Zone,82.9,0,107.49,53.2,68.1,1,4.25,0
2022-02-28,South_Zone,79.9,0,104.55,57.8,66.9,1,4.25,0
2022-03-01,South_Zone,81.1,0,106.46,51.4,46.4,1,4.25,0
2022-03-02,South_Zone,78.4,0,107.25,64.8,50.6,1,4.25,0
2022-03-03,South_Zone,80.1,0,104.98,50.1,49.1,1,4.25,0
2022-03-04,South_Zone,79.2,0,102.28,55.7,50.6,1,4.25,0
2022-03-05,South_Zone,80.3,0,104.52,54.8,51.2,1,4.25,1
2022-03-06,South_Zone,75.0,0,105.07,53.4,44.2,1,4.25,0
2022-03-07,South_Zone,76.7,0,106.38,53.6,54.4,1,4.25,0
2022-03-08,South_Zone,83.6,0,105.26,60.6,60.8,1,4.25,1
2022-03-09,South_Zone,84.2,0,105.85,57.6,40.3,1,4.25,1
2022-03-10,South_Zone,74.8,0,105.25,54.5,41.7,1,4.25,1
2022-03-11,South_Zone,78.3,0,105.74,62.2,45.8,1,4.25,0
2022-03-12,South_Zone,77.8,0,105.81,54.8,49.4,1,4.25,0
2022-03-13,South_Zone,80.8,0,105.26,58.0,43.9,1,4.25,1
2022-03-14,South_Zone,79.7,0,106.72,50.3,52.1,1,4.25,0
2022-03-15,South_Zone,82.0,0,107.29,50.8,49.0,1,4.25,0
2022-03-16,South_Zone,75.9,0,104.77,57.7,39.4,0,4.25,1
2022-03-17,South_Zone,81.0,0,106.15,56.7,46.5,0,4.25,0
2022-03-18,South_Zone,79.0,0,104.51,63.4,45.2,0,4.25,1
2022-03-19,South_Zone,77.8,0,104.2,51.9,38.3,0,4.25,1
2022-03-20,South_Zone,81.3,0,106.99,58.5,53.9,0,4.25,0
2022-03-21,South_Zone,79.3,0,107.97,55.2,45.1,0,4.25,1
2022-03-22,South_Zone,79.7,0,105.64,58.6,39.1,0,4.25,0
2022-03-23,South_Zone,84.0,0,107.81,59.2,45.2,0,4.25,0
2022-03-24,South_Zone,80.2,0,105.33,55.0,36.3,0,4.25,1
2022-03-25,South_Zone,85.8,0,105.75,52.3,46.8,0,4.25,1
2022-03-26,South_Zone,73.0,0,107.66,54.7,49.3,0,4.25,0
2022-03-27,South_Zone,80.0,0,105.08,50.6,58.5,0,4.25,0
2022-03-28,South_Zone,76.7,0,106.91,57.2,45.5,0,4.25,1
2022-03-29,South_Zone,77.2,0,105.65,44.0,41.7,0,4.25,0
2022-03-30,South_Zone,78.0,0,105.28,52.8,46.0,0,4.25,0
2022-03-31,South_Zone,82.8,0,105.49,58.8,52.2,0,4.25,1
2022-04-01,South_Zone,78.8,0,103.83,58.1,47.5,0,4.25,1
2022-04-02,South_Zone,76.6,0,107.26,49.5,49.2,0,4.25,1
2022-04-03,South_Zone,82.0,0,106.23,57.8,48.8,0,4.25,1
2022-04-04,South_Zone,76.5,0,105.85,50.8,47.5,0,4.25,1
2022-04-05,South_Zone,85.0,0,105.3,53.6,38.0,0,4.25,1
2022-04-06,South_Zone,76.1,0,106.31,58.6,37.7,0,4.25,0
2022-04-07,South_Zone,79.1,0,106.87,51.8,37.1,0,4.25,1
2022-04-08,South_Zone,85.8,0,105.71,61.0,39.0,0,4.25,1
2022-04-09,South_Zone,79.0,0,106.95,56.8,39.6,0,4.25,0
2022-04-10,South_Zone,81.3,0,106.25,57.4,54.3,0,4.25,0
2022-04-11,South_Zone,79.7,0,105.88,59.7,41.5,0,4.25,0
2022-04-12,South_Zone,80.0,0,106.88,59.3,45.5,0,4.25,1
2022-04-13,South_Zone,77.5,0,105.45,58.4,43.8,0,4.25,0
2022-04-14,South_Zone,81.4,0,104.7,52.2,46.0,0,4.25,1
2022-04-15,South_Zone,84.0,0,105.89,50.9,45.4,0,4.25,1
2022-04-16,South_Zone,74.2,0,105.97,54.3,38.7,0,4.25,0
2022-04-17,South_Zone,77.2,0,105.7,57.2,48.0,0,4.25,1
2022-04-18,South_Zone,78.3,0,107.11,50.7,41.6,0,4.25,0
2022-04-19,South_Zone,77.3,0,106.41,57.9,41.4,0,4.25,0
2022-04-20,South_Zone,81.9,0,105.78,56.8,43.5,0,4.25,1
2022-04-21,South_Zone,78.2,0,105.88,54.6,49.0,0,4.25,1
2022-04-22,South_Zone,80.2,0,105.95,55.6,41.9,0,4.25,1
2022-04-23,South_Zone,84.5,0,106.39,55.8,45.5,0,4.25,0
2022-04-24,South_Zone,74.6,0,105.9,57.1,47.0,0,4.25,0
2022-04-25,South_Zone,81.0,0,105.68,58.3,46.3,0,4.25,1
2022-04-26,South_Zone,79.6,0,104.49,66.3,46.0,0,4.25,1
2022-04-27,South_Zone,79.6,0,105.1,55.7,38.0,0,4.25,1
2022-04-28,South_Zone,77.3,0,106.07,52.9,45.6,0,4.25,0
2022-04-29,South_Zone,78.9,0,105.96,47.8,40.4,0,4.25,1
2022-04-30,South_Zone,80.0,0,104.27,49.1,36.2,0,4.25,0
2022-05-01,South_Zone,79.4,0,102.18,50.8,42.7,0,4.25,1
2022-05-02,South_Zone,82.1,0,101.8,56.5,42.4,0,4.25,1
2022-05-03,South_Zone,76.7,0,104.07,53.0,59.8,0,4.25,1
2022-05-04,South_Zone,75.8,0,102.94,55.8,49.9,0,4.25,1
2022-05-05,South_Zone,74.0,0,103.1,51.3,48.9,0,4.25,1
2022-05-06,South_Zone,80.4,0,102.59,55.9,43.0,0,4.25,1
2022-05-07,South_Zone,82.3,0,102.01,57.3,44.1,0,4.25,0
2022-05-08,South_Zone,76.5,0,102.17,52.3,57.9,0,4.25,0
2022-05-09,South_Zone,76.2,0,103.09,56.0,41.8,0,4.25,0
2022-05-10,South_Zone,85.7,0,102.31,52.2,46.3,0,4.25,1
2022-05-11,South_Zone,83.8,0,103.05,49.3,54.2,0,4.25,1
2022-05-12,South_Zone,84.0,0,102.67,56.3,41.4,0,4.25,0
2022-05-13,South_Zone,81.0,0,102.8,55.8,45.7,0,4.25,1
2022-05-14,South_Zone,82.1,0,102.83,56.5,44.9,0,4.25,0
2022-05-15,South_Zone,79.1,0,101.93,57.6,40.6,0,4.25,0
2022-05-16,South_Zone,75.7,0,102.12,52.9,48.9,0,4.25,0
2022-05-17,South_Zone,75.9,0,103.32,53.6,39.4,0,4.25,1
2022-05-18,South_Zone,80.0,0,104.21,53.5,48.9,0,4.25,1
2022-05-19,South_Zone,82.8,0,103.28,55.7,47.1,0,4.25,1
2022-05-20,South_Zone,79.5,0,99.55,52.3,49.5,0,4.25,1
2022-05-21,South_Zone,81.8,0,101.55,54.1,44.0,0,4.25,0
2022-05-22,South_Zone,79.7,0,102.4,51.1,46.9,0,4.25,0
2022-05-23,South_Zone,80.9,0,101.16,49.4,50.1,0,4.25,0
2022-05-24,South_Zone,82.3,0,101.09,49.8,38.0,0,4.25,1
2022-05-25,South_Zone,84.0,0,101.78,55.4,39.0,0,4.25,1
2022-05-26,South_Zone,80.9,0,102.52,53.8,47.9,0,4.25,1
2022-05-27,South_Zone,85.8,0,102.77,52.1,49.1,0,4.25,0
2022-05-28,South_Zone,79.3,0,101.75,56.4,45.7,0,4.25,1
2022-05-29,South_Zone,84.0,0,101.65,59.5,49.6,0,4.25,0
2022-05-30,South_Zone,81.7,0,101.22,51.5,43.2,0,4.25,0
2022-05-31,South_Zone,74.5,0,102.54,49.7,51.3,0,4.25,0
2022-06-01,South_Zone,84.2,0,102.44,57.8,33.6,0,4.25,0
2022-06-02,South_Zone,77.2,0,102.88,54.2,30.1,0,4.25,0
2022-06-03,South_Zone,79.3,0,102.07,53.1,41.1,0,4.25,0
2022-06-04,South_Zone,82.6,0,100.6,57.3,38.1,0,4.25,0
2022-06-05,South_Zone,77.8,0,101.53,52.6,31.7,0,4.25,0
2022-06-06,South_Zone,79.8,0,102.71,55.7,31.8,0,4.25,0
2022-06-07,South_Zone,82.0,0,100.08,53.7,37.0,0,4.25,0
2022-06-08,South_Zone,77.5,0,101.7,66.7,29.0,0,4.25,0
2022-06-09,South_Zone,79.3,0,102.04,53.3,35.6,0,4.25,0
2022-06-10,South_Zone,78.9,0,103.73,58.2,33.2,0,4.25,0
2022-06-11,South_Zone,82.9,0,101.09,52.4,35.1,0,4.25,0
2022-06-12,South_Zone,84.7,0,101.54,55.4,23.9,0,4.25,0
2022-06-13,South_Zone,76.7,0,103.31,53.5,29.5,0,4.25,0
2022-06-14,South_Zone,80.2,0,101.01,56.6,35.3,0,4.25,0
2022-06-15,South_Zone,78.4,0,102.64,53.7,39.3,0,4.25,0
2022-06-16,South_Zone,80.1,0,101.92,55.8,33.3,0,4.25,0
2022-06-17,South_Zone,85.3,0,101.27,50.5,37.6,0,4.25,0
2022-06-18,South_Zone,81.1,0,101.91,50.6,26.6,0,4.25,0
2022-06-19,South_Zone,78.3,0,101.28,46.0,31.8,0,4.25,0
2022-06-20,South_Zone,75.9,0,103.65,55.9,35.4,0,4.25,0
2022-06-21,South_Zone,83.0,0,99.29,50.1,33.7,0,4.25,0
2022-06-22,South_Zone,78.6,0,101.04,62.2,37.8,0,4.25,0
2022-06-23,South_Zone,77.7,0,101.04,51.5,32.7,0,4.25,0
2022-06-24,South_Zone,80.9,0,101.12,58.4,32.8,0,4.25,0
2022-06-25,South_Zone,81.7,0,102.3,58.5,37.3,0,4.25,0
2022-06-26,South_Zone,78.9,0,100.74,52.3,31.3,0,4.25,0
2022-06-27,South_Zone,77.2,0,101.65,50.7,29.5,0,4.25,0
2022-06-28,South_Zone,84.1,0,101.35,53.0,36.3,0,4.25,0
2022-06-29,South_Zone,82.1,0,101.92,58.3,29.2,0,4.25,0
2022-06-30,South_Zone,83.0,0,100.91,62.5,41.1,0,4.25,0
2022-07-01,South_Zone,78.9,0,101.34,48.6,24.8,0,4.25,0
2022-07-02,South_Zone,77.5,0,100.86,53.4,32.5,0,4.25,0
2022-07-03,South_Zone,78.4,0,99.96,50.6,42.1,0,4.25,0
2022-07-04,South_Zone,75.4,0,102.51,52.6,43.9,0,4.25,0
2022-07-05,South_Zone,79.0,0,100.12,59.9,33.5,0,4.25,0
2022-07-06,South_Zone,78.0,0,100.37,50.1,39.5,0,4.25,0
2022-07-07,South_Zone,79.8,0,99.95,46.6,37.9,0,4.25,0
2022-07-08,South_Zone,80.1,0,101.18,54.3,31.5,0,4.25,0
2022-07-09,South_Zone,80.3,0,100.26,54.6,36.3,0,4.25,0
2022-07-10,South_Zone,78.2,0,102.22,52.2,29.7,0,4.25,0
2022-07-11,South_Zone,76.4,0,101.21,50.8,26.2,0,4.25,0
2022-07-12,South_Zone,75.7,0,100.36,53.8,36.5,0,4.25,0
2022-07-13,South_Zone,80.6,0,99.7,47.5,36.8,0,4.25,0
2022-07-14,South_Zone,80.4,0,100.46,54.9,28.1,0,4.25,0
2022-07-15,South_Zone,75.8,0,101.06,52.0,33.3,0,4.25,0
2022-07-16,South_Zone,84.3,0,100.46,58.7,28.1,0,4.25,0
2022-07-17,South_Zone,82.5,0,100.33,54.4,31.7,0,4.25,0
2022-07-18,South_Zone,76.9,0,99.42,52.2,31.8,0,4.25,0
2022-07-19,South_Zone,80.8,0,102.65,53.1,37.7,0,4.25,0
2022-07-20,South_Zone,79.6,0,100.17,45.3,31.5,0,4.25,0
2022-07-21,South_Zone,80.8,0,98.97,52.1,27.7,0,4.25,0
2022-07-22,South_Zone,80.5,0,99.23,51.9,42.6,0,4.25,0
2022-07-23,South_Zone,82.0,0,99.93,53.2,36.5,0,4.25,0
2022-07-24,South_Zone,84.4,0,102.19,53.1,38.5,0,4.25,0
2022-07-25,South_Zone,80.9,0,100.04,58.7,37.0,0,4.25,0
2022-07-26,South_Zone,81.6,0,99.81,51.8,38.7,0,4.25,0
2022-07-27,South_Zone,84.4,0,100.99,50.0,36.2,0,4.25,0
2022-07-28,South_Zone,78.4,0,101.04,46.8,36.3,0,4.25,0
2022-07-29,South_Zone,77.2,0,100.75,51.5,34.6,0,4.25,0
2022-07-30,South_Zone,82.0,0,100.26,48.9,31.8,0,4.25,0
2022-07-31,South_Zone,76.3,0,98.92,47.4,38.4,0,4.25,0
2022-08-01,South_Zone,77.6,0,99.25,51.5,32.7,0,4.25,0
2022-08-02,South_Zone,84.5,0,98.38,56.9,34.6,0,4.25,0
2022-08-03,South_Zone,74.8,0,99.71,56.6,35.9,0,4.25,0
2022-08-04,South_Zone,80.9,0,99.48,47.7,36.3,0,4.25,0
2022-08-05,South_Zone,75.7,0,99.35,52.9,28.9,0,4.25,0
2022-08-06,South_Zone,81.2,0,100.13,54.7,35.0,0,4.25,0
2022-08-07,South_Zone,85.5,0,99.17,55.0,28.9,0,4.25,0
2022-08-08,South_Zone,77.0,0,99.46,59.2,34.9,0,4.25,0
2022-08-09,South_Zone,73.7,0,99.28,48.0,37.9,0,4.25,0
2022-08-10,South_Zone,81.1,0,99.71,49.3,43.0,0,4.25,0
2022-08-11,South_Zone,78.1,0,100.08,50.4,36.9,0,4.25,0
2022-08-12,South_Zone,79.4,0,98.35,53.8,38.3,0,4.25,0
2022-08-13,South_Zone,81.1,0,100.12,42.2,28.6,0,4.25,0
2022-08-14,South_Zone,81.7,0,99.9,52.0,36.7,0,4.25,0
2022-08-15,South_Zone,81.7,0,100.03,45.9,28.4,0,4.25,0
2022-08-16,South_Zone,79.9,0,99.72,52.9,40.0,0,4.25,0
2022-08-17,South_Zone,81.3,0,99.93,61.3,28.7,0,4.25,0
2022-08-18,South_Zone,79.4,0,99.13,56.3,29.1,0,4.25,0
2022-08-19,South_Zone,79.0,0,99.96,48.1,37.8,0,4.25,0
2022-08-20,South_Zone,80.0,0,100.64,51.6,42.4,0,4.25,0
2022-08-21,South_Zone,81.7,0,98.98,49.0,39.3,0,4.25,0
2022-08-22,South_Zone,78.1,0,98.99,57.8,32.2,0,4.25,0
2022-08-23,South_Zone,80.6,0,100.06,44.2,29.1,0,4.25,0
2022-08-24,South_Zone,78.6,0,98.85,50.8,31.9,0,4.25,0
2022-08-25,South_Zone,77.8,0,98.67,49.7,34.6,0,4.25,0
2022-08-26,South_Zone,83.2,0,99.79,48.2,33.6,0,4.25,0
2022-08-27,South_Zone,81.1,0,98.92,59.2,28.9,0,4.25,0
2022-08-28,South_Zone,81.1,0,100.55,47.0,40.4,0,4.25,0
2022-08-29,South_Zone,77.2,0,98.84,47.8,40.5,0,4.25,0
2022-08-30,South_Zone,79.3,0,98.47,58.8,43.4,0,4.25,0
2022-08-31,South_Zone,81.8,0,99.27,52.3,25.7,0,4.25,0
2022-09-01,South_Zone,81.1,0,99.69,52.2,56.0,0,4.25,0
2022-09-02,South_Zone,87.7,0,99.56,50.3,61.3,0,4.25,0
2022-09-03,South_Zone,80.7,0,99.76,52.9,60.0,0,4.25,0
2022-09-04,South_Zone,78.0,0,98.66,50.7,57.8,0,4.25,0
2022-09-05,South_Zone,78.7,0,100.33,50.2,55.7,0,4.25,0
2022-09-06,South_Zone,77.4,0,97.52,46.4,55.0,0,4.25,0
2022-09-07,South_Zone,78.1,0,98.38,52.5,70.1,0,4.25,0
2022-09-08,South_Zone,80.3,0,99.19,50.3,52.9,0,4.25,0
2022-09-09,South_Zone,78.6,0,98.44,50.5,52.2,0,4.25,0
2022-09-10,South_Zone,84.0,0,98.82,55.2,54.1,0,4.25,0
2022-09-11,South_Zone,82.6,0,98.13,50.2,61.0,0,4.25,0
2022-09-12,South_Zone,82.6,0,98.9,52.1,58.6,0,4.25,0
2022-09-13,South_Zone,79.2,0,99.56,59.5,62.1,0,4.25,0
2022-09-14,South_Zone,82.7,0,98.55,54.0,56.5,0,4.25,0
2022-09-15,South_Zone,83.1,0,98.19,50.1,60.4,0,4.25,0
2022-09-16,South_Zone,84.8,0,98.6,48.1,60.4,0,4.25,0
2022-09-17,South_Zone,78.4,0,100.16,52.5,67.9,0,4.25,0
2022-09-18,South_Zone,80.0,0,100.14,56.2,68.9,0,4.25,0
2022-09-19,South_Zone,77.7,0,98.56,50.1,59.2,0,4.25,0
2022-09-20,South_Zone,87.9,0,99.54,52.6,64.3,0,4.25,0
2022-09-21,South_Zone,79.4,0,99.01,50.1,60.8,0,4.25,0
2022-09-22,South_Zone,83.8,0,100.31,51.5,63.9,0,4.25,0
2022-09-23,South_Zone,80.5,0,99.21,47.6,61.9,0,4.25,0
2022-09-24,South_Zone,82.6,0,98.81,53.4,63.7,0,4.25,0
2022-09-25,South_Zone,80.0,0,100.61,53.6,64.3,0,4.25,0
2022-09-26,South_Zone,82.8,0,98.08,57.9,62.1,0,4.25,0
2022-09-27,South_Zone,80.8,0,99.32,52.9,60.7,0,4.25,0
2022-09-28,South_Zone,85.1,0,100.37,50.0,65.2,0,4.25,0
2022-09-29,South_Zone,80.9,0,99.67,58.4,59.3,0,4.25,0
2022-09-30,South_Zone,77.8,0,98.24,53.5,57.1,0,4.25,0
2022-10-01,South_Zone,81.6,0,98.18,52.8,52.2,0,4.25,0
2022-10-02,South_Zone,80.0,0,100.59,52.9,62.1,0,4.25,0
2022-10-03,South_Zone,77.0,0,103.48,54.7,75.5,0,4.25,0
2022-10-04,South_Zone,81.1,0,100.87,49.6,51.4,0,4.25,0
2022-10-05,South_Zone,78.1,0,102.72,53.5,56.9,0,4.25,0
2022-10-06,South_Zone,79.3,0,100.58,52.1,63.8,0,4.25,0
2022-10-07,South_Zone,80.1,0,104.57,56.0,59.3,0,4.25,0
2022-10-08,South_Zone,73.9,0,100.66,57.4,60.3,0,4.25,0
2022-10-09,South_Zone,78.7,0,102.06,57.4,64.6,0,4.25,0
2022-10-10,South_Zone,82.8,0,103.24,56.1,59.5,0,4.25,0
2022-10-11,South_Zone,79.4,0,101.33,46.4,61.9,0,4.25,0
2022-10-12,South_Zone,74.3,0,102.6,52.0,54.6,0,4.25,0
2022-10-13,South_Zone,79.8,0,101.76,46.1,61.8,0,4.25,0
2022-10-14,South_Zone,81.4,0,102.44,58.0,65.3,0,4.25,0
2022-10-15,South_Zone,79.1,0,103.14,53.5,53.5,0,4.25,0
2022-10-16,South_Zone,79.2,0,101.64,52.8,57.5,0,4.25,0
2022-10-17,South_Zone,78.7,0,103.57,51.4,62.7,0,4.25,0
2022-10-18,South_Zone,81.9,0,102.44,58.7,60.3,0,4.25,0
2022-10-19,South_Zone,77.5,0,104.05,54.7,56.1,0,4.25,0
2022-10-20,South_Zone,81.6,0,101.28,52.8,64.4,0,4.25,0
2022-10-21,South_Zone,79.2,0,101.48,53.8,61.6,0,4.25,0
2022-10-22,South_Zone,83.8,0,101.9,54.3,65.2,0,4.25,0
2022-10-23,South_Zone,78.5,0,100.93,52.5,55.5,0,4.25,0
2022-10-24,South_Zone,76.7,0,103.08,59.0,67.2,0,4.25,0
2022-10-25,South_Zone,81.9,0,102.1,58.6,67.9,0,4.25,0
2022-10-26,South_Zone,81.5,0,101.04,53.5,64.6,0,4.25,0
2022-10-27,South_Zone,81.2,0,101.38,50.2,62.4,0,4.25,0
2022-10-28,South_Zone,82.5,0,101.35,54.6,62.5,0,4.25,0
2022-10-29,South_Zone,77.0,0,103.16,51.6,61.7,0,4.25,0
2022-10-30,South_Zone,77.6,0,102.71,59.5,65.1,0,4.25,0
2022-10-31,South_Zone,84.0,0,102.13,59.9,57.0,0,4.25,0
2022-11-01,South_Zone,81.3,0,101.92,56.4,59.5,0,4.25,0
2022-11-02,South_Zone,78.6,0,102.06,48.9,54.8,0,4.25,0
2022-11-03,South_Zone,74.7,0,104.1,52.5,67.2,0,4.25,0
2022-11-04,South_Zone,76.3,0,102.1,52.8,62.5,0,4.25,0
2022-11-05,South_Zone,77.1,0,103.21,50.6,68.9,0,4.25,0
2022-11-06,South_Zone,78.3,0,102.05,52.3,64.0,0,4.25,0
2022-11-07,South_Zone,80.9,0,104.08,55.3,65.0,0,4.25,0
2022-11-08,South_Zone,75.9,0,101.2,55.3,66.5,0,4.25,0
2022-11-09,South_Zone,78.4,0,103.25,59.2,57.7,0,4.25,0
2022-11-10,South_Zone,76.2,0,101.7,53.3,78.8,0,4.25,0
2022-11-11,South_Zone,78.7,0,104.7,53.4,67.5,0,4.25,0
2022-11-12,South_Zone,87.2,0,103.2,48.9,66.8,0,4.25,0
2022-11-13,South_Zone,83.6,0,100.83,54.4,65.4,0,4.25,0
2022-11-14,South_Zone,81.7,0,101.62,51.6,62.2,0,4.25,0
2022-11-15,South_Zone,78.4,0,103.26,53.2,59.9,0,4.25,0
2022-11-16,South_Zone,76.8,0,103.26,51.8,69.4,0,4.25,0
2022-11-17,South_Zone,79.7,0,103.21,51.9,73.4,0,4.25,0
2022-11-18,South_Zone,75.3,0,102.81,56.7,70.1,0,4.25,0
2022-11-19,South_Zone,81.9,0,102.36,53.4,62.2,0,4.25,0
2022-11-20,South_Zone,79.4,0,103.79,60.5,65.7,0,4.25,0
2022-11-21,South_Zone,79.9,0,101.86,49.0,65.6,0,4.25,0
2022-11-22,South_Zone,75.0,0,102.81,58.9,54.6,0,4.25,0
2022-11-23,South_Zone,80.1,0,102.16,51.6,77.4,0,4.25,0
2022-11-24,South_Zone,79.3,0,102.11,53.4,63.4,0,4.25,0
2022-11-25,South_Zone,77.1,0,102.38,55.7,58.3,0,4.25,0
2022-11-26,South_Zone,80.7,0,102.13,57.7,55.9,0,4.25,0
2022-11-27,South_Zone,78.8,0,103.44,58.4,79.2,0,4.25,0
2022-11-28,South_Zone,80.9,0,101.45,57.5,67.6,0,4.25,0
2022-11-29,South_Zone,81.9,0,103.38,53.3,67.8,0,4.25,0
2022-11-30,South_Zone,76.7,0,102.35,60.9,53.5,0,4.25,0
2022-12-01,South_Zone,80.3,0,103.04,56.4,71.0,0,4.25,0
2022-12-02,South_Zone,80.3,0,102.88,42.1,72.3,0,4.25,0
2022-12-03,South_Zone,83.7,0,102.57,54.0,79.5,0,4.25,0
2022-12-04,South_Zone,82.5,0,104.32,53.0,76.0,0,4.25,0
2022-12-05,South_Zone,79.0,0,102.76,52.7,70.9,0,4.25,0
2022-12-06,South_Zone,78.7,0,103.87,56.9,72.8,0,4.25,0
2022-12-07,South_Zone,80.4,0,103.91,55.6,75.6,0,4.25,0
2022-12-08,South_Zone,76.6,0,102.96,51.3,75.7,0,4.25,0
2022-12-09,South_Zone,77.1,0,102.0,59.7,80.4,0,4.25,0
2022-12-10,South_Zone,78.6,0,102.41,48.7,79.3,0,4.25,0
2022-12-11,South_Zone,72.9,0,104.6,49.3,78.2,0,4.25,0
2022-12-12,South_Zone,77.0,0,103.85,50.0,68.2,0,4.25,0
2022-12-13,South_Zone,79.0,0,103.53,56.0,68.5,0,4.25,0
2022-12-14,South_Zone,88.3,0,102.86,55.5,67.0,0,4.25,0
2022-12-15,South_Zone,78.1,0,105.19,51.7,74.1,0,4.25,0
2022-12-16,South_Zone,82.0,0,102.62,51.5,69.7,0,4.25,0
2022-12-17,South_Zone,79.4,0,103.66,54.3,75.0,0,4.25,0
2022-12-18,South_Zone,81.3,0,104.06,50.2,75.7,0,4.25,0
2022-12-19,South_Zone,76.8,0,102.28,56.9,73.2,0,4.25,0
2022-12-20,South_Zone,75.4,0,102.87,60.3,76.5,0,4.25,0
2022-12-21,South_Zone,84.1,0,103.2,53.4,68.9,0,4.25,0
2022-12-22,South_Zone,76.0,0,104.55,56.0,64.8,0,4.25,0
2022-12-23,South_Zone,84.5,0,103.29,54.6,68.6,0,4.25,0
2022-12-24,South_Zone,78.9,0,102.32,59.2,76.3,0,4.25,0
2022-12-25,South_Zone,77.5,0,102.26,61.5,81.4,0,4.25,0
2022-12-26,South_Zone,78.5,0,103.06,52.6,79.6,0,4.25,0
2022-12-27,South_Zone,84.8,0,102.37,53.9,71.2,0,4.25,0
2022-12-28,South_Zone,77.9,0,104.67,58.1,77.0,0,4.25,0
2022-12-29,South_Zone,78.9,0,104.74,56.1,65.2,0,4.25,0
2022-12-30,South_Zone,82.9,0,103.97,50.8,79.9,0,4.25,0
2022-12-31,South_Zone,81.4,0,103.74,47.1,74.8,0,4.25,0
2023-01-01,South_Zone,86.2,0,108.78,54.0,76.2,0,4.5,0
2023-01-02,South_Zone,83.5,0,108.77,57.7,62.6,0,4.5,0
2023-01-03,South_Zone,77.9,0,107.12,54.1,74.5,0,4.5,0
2023-01-04,South_Zone,83.9,0,107.29,51.5,81.4,0,4.5,0
2023-01-05,South_Zone,74.2,0,108.88,54.1,73.7,0,4.5,0
2023-01-06,South_Zone,82.3,0,108.48,63.6,71.8,0,4.5,0
2023-01-07,South_Zone,78.0,0,108.85,51.9,71.0,0,4.5,0
2023-01-08,South_Zone,81.8,0,107.38,54.5,68.6,0,4.5,0
2023-01-09,South_Zone,85.9,0,107.56,53.8,72.7,0,4.5,0
2023-01-10,South_Zone,75.0,0,108.81,64.2,66.2,0,4.5,0
2023-01-11,South_Zone,82.8,0,107.69,50.0,74.5,0,4.5,0
2023-01-12,South_Zone,82.5,0,106.89,52.5,77.8,0,4.5,0
2023-01-13,South_Zone,82.0,0,107.78,56.2,70.1,0,4.5,0
2023-01-14,South_Zone,77.1,0,108.27,56.8,74.2,0,4.5,0
2023-01-15,South_Zone,79.7,0,110.21,61.4,71.9,0,4.5,0
2023-01-16,South_Zone,77.1,0,107.71,60.0,74.2,0,4.5,0
2023-01-17,South_Zone,81.3,0,108.52,53.4,76.8,0,4.5,0
2023-01-18,South_Zone,76.1,0,110.65,58.4,74.3,0,4.5,0
2023-01-19,South_Zone,78.7,0,107.55,55.2,76.6,0,4.5,0
2023-01-20,South_Zone,81.9,0,109.34,54.8,74.9,0,4.5,0
2023-01-21,South_Zone,77.8,0,108.0,60.1,76.6,0,4.5,0
2023-01-22,South_Zone,78.8,0,109.14,57.5,73.8,0,4.5,0
2023-01-23,South_Zone,77.3,0,111.11,63.7,73.9,0,4.5,0
2023-01-24,South_Zone,80.8,0,109.59,58.6,75.7,0,4.5,0
2023-01-25,South_Zone,79.6,0,108.99,60.2,71.9,0,4.5,0
2023-01-26,South_Zone,77.8,0,107.91,45.2,74.5,0,4.5,0
2023-01-27,South_Zone,78.1,0,108.72,56.7,67.8,0,4.5,0
2023-01-28,South_Zone,80.5,0,108.36,57.9,63.2,0,4.5,0
2023-01-29,South_Zone,76.8,0,107.51,58.0,72.7,0,4.5,0
2023-01-30,South_Zone,79.9,0,106.86,61.8,68.3,0,4.5,0
2023-01-31,South_Zone,80.1,0,108.19,58.6,81.9,0,4.5,0
2023-02-01,South_Zone,80.5,0,109.02,51.6,68.2,0,4.5,0
2023-02-02,South_Zone,78.4,0,110.2,59.1,76.1,0,4.5,0
2023-02-03,South_Zone,81.8,0,108.37,59.6,68.7,0,4.5,0
2023-02-04,South_Zone,82.9,0,109.33,54.2,72.1,0,4.5,0
2023-02-05,South_Zone,81.9,0,107.46,54.2,66.6,0,4.5,0
2023-02-06,South_Zone,80.6,0,108.39,59.4,66.2,0,4.5,0
2023-02-07,South_Zone,75.7,0,106.77,55.6,73.6,0,4.5,0
2023-02-08,South_Zone,85.0,0,111.48,61.8,70.2,0,4.5,0
2023-02-09,South_Zone,80.2,0,109.47,57.4,75.9,0,4.5,0
2023-02-10,South_Zone,80.9,0,109.46,47.9,78.5,0,4.5,0
2023-02-11,South_Zone,77.9,0,109.86,57.1,64.2,0,4.5,0
2023-02-12,South_Zone,79.4,0,111.88,56.1,77.5,0,4.5,0
2023-02-13,South_Zone,83.5,0,108.94,58.9,67.2,0,4.5,0
2023-02-14,South_Zone,82.3,0,108.42,58.0,70.3,0,4.5,0
2023-02-15,South_Zone,79.1,0,111.42,53.7,65.0,0,4.5,0
2023-02-16,South_Zone,84.6,0,108.22,57.0,65.1,0,4.5,0
2023-02-17,South_Zone,77.0,0,110.77,59.3,62.3,0,4.5,0
2023-02-18,South_Zone,75.0,0,109.42,58.4,70.0,0,4.5,0
2023-02-19,South_Zone,74.2,0,109.95,60.8,72.3,0,4.5,0
2023-02-20,South_Zone,82.4,0,108.1,52.0,70.1,0,4.5,0
2023-02-21,South_Zone,77.9,0,112.15,57.1,63.0,0,4.5,0
2023-02-22,South_Zone,79.6,0,109.2,47.7,62.2,0,4.5,0
2023-02-23,South_Zone,83.3,0,108.9,61.2,72.1,0,4.5,0
2023-02-24,South_Zone,81.0,0,110.17,57.5,75.9,0,4.5,0
2023-02-25,South_Zone,76.4,0,109.0,56.2,73.2,0,4.5,0
2023-02-26,South_Zone,84.9,0,110.09,56.5,81.3,0,4.5,0
2023-02-27,South_Zone,79.1,0,108.42,58.3,71.8,0,4.5,0
2023-02-28,South_Zone,79.8,0,109.85,61.1,73.6,0,4.5,0
2023-03-01,South_Zone,77.9,0,109.11,55.5,56.9,0,4.5,0
2023-03-02,South_Zone,76.7,0,108.95,58.2,41.1,0,4.5,1
2023-03-03,South_Zone,80.7,0,108.81,58.1,44.2,0,4.5,0
2023-03-04,South_Zone,75.7,0,110.65,48.5,49.2,0,4.5,1
2023-03-05,South_Zone,79.8,0,109.43,53.9,49.4,0,4.5,1
2023-03-06,South_Zone,84.8,0,109.62,58.6,46.8,0,4.5,0
2023-03-07,South_Zone,82.3,0,110.24,62.0,52.9,0,4.5,0
2023-03-08,South_Zone,80.6,0,110.97,62.8,47.3,0,4.5,1
2023-03-09,South_Zone,76.7,0,108.92,51.7,46.6,0,4.5,0
2023-03-10,South_Zone,79.8,0,110.08,61.0,52.5,0,4.5,0
2023-03-11,South_Zone,77.6,0,108.96,60.7,41.4,0,4.5,0
2023-03-12,South_Zone,84.3,0,109.67,58.5,52.1,0,4.5,0
2023-03-13,South_Zone,78.6,0,110.96,49.3,40.1,0,4.5,1
2023-03-14,South_Zone,77.6,0,107.56,53.9,43.7,0,4.5,0
2023-03-15,South_Zone,79.3,0,108.99,57.0,47.8,0,4.5,0
2023-03-16,South_Zone,77.7,0,109.69,55.9,46.3,0,4.5,1
2023-03-17,South_Zone,80.7,0,110.31,48.4,51.6,0,4.5,0
2023-03-18,South_Zone,85.5,0,111.16,56.4,40.3,0,4.5,1
2023-03-19,South_Zone,80.0,0,108.25,52.6,43.6,0,4.5,1
2023-03-20,South_Zone,77.2,0,111.37,59.9,43.9,0,4.5,0
2023-03-21,South_Zone,79.5,0,110.48,59.1,43.9,0,4.5,0
2023-03-22,South_Zone,76.2,0,109.73,59.0,39.8,0,4.5,0
2023-03-23,South_Zone,88.6,0,108.51,54.9,45.2,0,4.5,0
2023-03-24,South_Zone,85.4,0,109.41,56.8,64.9,0,4.5,0
2023-03-25,South_Zone,83.7,0,111.01,57.1,42.5,0,4.5,0
2023-03-26,South_Zone,82.3,0,110.01,60.7,46.2,0,4.5,1
2023-03-27,South_Zone,79.5,0,109.81,54.8,46.1,0,4.5,1
2023-03-28,South_Zone,79.6,0,109.02,53.6,43.0,0,4.5,1
2023-03-29,South_Zone,79.3,0,110.73,61.1,46.4,0,4.5,0
2023-03-30,South_Zone,87.1,0,109.85,60.2,43.1,0,4.5,0
2023-03-31,South_Zone,79.4,0,109.76,58.8,47.1,0,4.5,1
2023-04-01,South_Zone,78.3,0,109.9,63.3,44.6,0,4.5,1
2023-04-02,South_Zone,79.7,0,109.35,65.1,38.0,0,4.5,0
2023-04-03,South_Zone,81.6,0,109.18,61.6,36.0,0,4.5,1
2023-04-04,South_Zone,69.6,0,108.48,53.4,34.3,0,4.5,1
2023-04-05,South_Zone,81.2,0,109.38,60.1,42.9,0,4.5,0
2023-04-06,South_Zone,72.4,0,108.19,56.7,49.2,0,4.5,0
2023-04-07,South_Zone,84.4,0,110.48,54.9,41.3,0,4.5,1
2023-04-08,South_Zone,74.8,0,109.32,53.8,43.8,0,4.5,1
2023-04-09,South_Zone,77.6,0,109.59,57.9,41.7,0,4.5,1
2023-04-10,South_Zone,74.2,0,109.94,60.2,40.8,0,4.5,0
2023-04-11,South_Zone,85.4,0,109.17,62.2,56.0,0,4.5,0
2023-04-12,South_Zone,80.0,0,108.79,59.2,41.0,0,4.5,0
2023-04-13,South_Zone,86.7,0,110.18,59.4,38.2,0,4.5,1
2023-04-14,South_Zone,86.0,0,111.84,56.9,40.5,0,4.5,1
2023-04-15,South_Zone,83.7,0,110.85,58.2,45.4,0,4.5,0
2023-04-16,South_Zone,75.8,0,111.22,51.5,42.1,0,4.5,1
2023-04-17,South_Zone,80.5,0,108.63,58.7,46.4,0,4.5,1
2023-04-18,South_Zone,84.1,0,109.73,58.6,41.3,0,4.5,1
2023-04-19,South_Zone,81.2,0,109.71,64.5,42.1,0,4.5,0
2023-04-20,South_Zone,78.9,0,111.33,57.4,41.5,0,4.5,1
2023-04-21,South_Zone,81.1,0,110.8,62.1,44.5,0,4.5,1
2023-04-22,South_Zone,81.3,0,109.71,55.0,48.6,0,4.5,1
2023-04-23,South_Zone,75.6,0,107.57,62.8,49.1,0,4.5,1
2023-04-24,South_Zone,78.3,0,108.69,62.3,52.0,0,4.5,0
2023-04-25,South_Zone,82.0,0,110.47,61.7,38.4,0,4.5,1
2023-04-26,South_Zone,82.6,0,109.5,57.0,39.8,0,4.5,0
2023-04-27,South_Zone,80.7,0,109.7,56.0,40.4,0,4.5,1
2023-04-28,South_Zone,78.8,0,110.41,55.7,45.0,0,4.5,0
2023-04-29,South_Zone,79.4,0,110.91,53.5,39.6,0,4.5,0
2023-04-30,South_Zone,77.7,0,108.98,58.5,41.6,0,4.5,1
2023-05-01,South_Zone,79.7,0,110.34,56.1,48.4,1,4.5,0
2023-05-02,South_Zone,82.6,0,111.34,59.1,50.4,1,4.5,1
2023-05-03,South_Zone,87.3,0,111.14,58.1,48.5,1,4.5,0
2023-05-04,South_Zone,76.4,0,109.16,52.4,46.6,1,4.5,0
2023-05-05,South_Zone,83.8,0,109.97,61.2,41.7,1,4.5,1
2023-05-06,South_Zone,81.1,0,110.4,57.5,45.1,1,4.5,1
2023-05-07,South_Zone,75.2,0,109.65,60.3,50.7,1,4.5,1
2023-05-08,South_Zone,79.7,0,109.36,52.1,48.3,1,4.5,1
2023-05-09,South_Zone,79.5,0,107.86,53.1,49.4,1,4.5,1
2023-05-10,South_Zone,80.0,0,108.71,54.9,49.8,1,4.5,0
2023-05-11,South_Zone,83.1,0,108.85,57.5,43.4,1,4.5,0
2023-05-12,South_Zone,85.9,0,108.27,55.9,48.2,1,4.5,0
2023-05-13,South_Zone,83.9,0,109.61,62.3,43.1,1,4.5,1
2023-05-14,South_Zone,80.6,0,110.35,61.3,48.0,1,4.5,1
2023-05-15,South_Zone,81.0,0,109.04,53.7,51.1,1,4.5,0
2023-05-16,South_Zone,86.2,0,107.23,67.7,52.8,1,4.5,1
2023-05-17,South_Zone,76.8,0,109.29,56.4,48.0,1,4.5,0
2023-05-18,South_Zone,83.7,0,109.66,62.0,47.0,1,4.5,1
2023-05-19,South_Zone,76.6,0,109.57,55.7,51.9,1,4.5,1
2023-05-20,South_Zone,75.4,0,108.61,58.9,40.7,1,4.5,1
2023-05-21,South_Zone,81.9,0,108.11,60.0,52.2,1,4.5,1
2023-05-22,South_Zone,75.0,0,110.17,51.1,45.7,1,4.5,1
2023-05-23,South_Zone,78.8,0,109.61,63.8,45.7,1,4.5,0
2023-05-24,South_Zone,84.1,0,108.55,53.3,42.7,1,4.5,1
2023-05-25,South_Zone,77.3,0,107.7,54.7,39.1,1,4.5,0
2023-05-26,South_Zone,85.4,0,109.4,54.3,52.4,1,4.5,0
2023-05-27,South_Zone,73.2,0,108.25,54.0,47.0,1,4.5,1
2023-05-28,South_Zone,83.1,0,109.5,54.7,43.2,1,4.5,1
2023-05-29,South_Zone,75.8,0,109.25,51.9,46.8,1,4.5,0
2023-05-30,South_Zone,79.4,0,111.14,60.5,43.3,1,4.5,1
2023-05-31,South_Zone,80.6,0,108.95,57.0,36.5,1,4.5,1
2023-06-01,South_Zone,79.2,0,111.0,56.8,33.1,0,4.5,0
2023-06-02,South_Zone,79.2,0,109.05,60.7,27.0,0,4.5,0
2023-06-03,South_Zone,75.6,0,108.28,63.4,35.2,0,4.5,0
2023-06-04,South_Zone,84.2,0,107.86,49.9,41.9,0,4.5,0
2023-06-05,South_Zone,76.3,0,108.0,62.7,30.8,0,4.5,0
2023-06-06,South_Zone,76.3,0,109.28,56.6,38.0,0,4.5,0
2023-06-07,South_Zone,79.7,0,108.95,51.2,30.8,0,4.5,0
2023-06-08,South_Zone,77.9,0,106.95,57.4,33.9,0,4.5,0
2023-06-09,South_Zone,82.5,0,109.78,56.4,29.6,0,4.5,0
2023-06-10,South_Zone,78.4,0,110.2,60.5,37.1,0,4.5,0
2023-06-11,South_Zone,80.0,0,106.84,56.3,40.7,0,4.5,0
2023-06-12,South_Zone,80.3,0,109.67,58.3,35.0,0,4.5,0
2023-06-13,South_Zone,82.9,0,110.31,55.4,36.7,0,4.5,0
2023-06-14,South_Zone,78.4,0,106.8,51.6,36.7,0,4.5,0
2023-06-15,South_Zone,75.0,0,108.09,59.2,32.8,0,4.5,0
2023-06-16,South_Zone,77.6,0,107.68,54.0,40.5,0,4.5,0
2023-06-17,South_Zone,83.4,0,109.47,58.4,31.4,0,4.5,0
2023-06-18,South_Zone,81.0,0,108.05,62.2,26.1,0,4.5,0
2023-06-19,South_Zone,78.9,0,107.97,55.5,29.4,0,4.5,0
2023-06-20,South_Zone,80.2,0,108.81,59.3,37.1,0,4.5,0
2023-06-21,South_Zone,79.2,0,109.92,56.8,32.1,0,4.5,0
2023-06-22,South_Zone,82.4,0,108.26,54.8,34.5,0,4.5,0
2023-06-23,South_Zone,81.0,0,107.82,49.9,32.8,0,4.5,0
2023-06-24,South_Zone,79.2,0,107.97,56.0,34.9,0,4.5,0
2023-06-25,South_Zone,82.8,0,108.88,55.9,39.5,0,4.5,0
2023-06-26,South_Zone,83.5,0,106.86,52.3,41.6,0,4.5,0
2023-06-27,South_Zone,77.2,0,108.14,48.1,29.2,0,4.5,0
2023-06-28,South_Zone,77.3,0,107.18,49.2,38.7,0,4.5,0
2023-06-29,South_Zone,87.2,0,106.88,62.9,35.0,0,4.5,0
2023-06-30,South_Zone,81.9,0,106.11,55.6,27.9,0,4.5,0
2023-07-01,South_Zone,85.0,0,107.5,50.3,36.5,0,4.5,0
2023-07-02,South_Zone,82.7,0,109.06,54.2,43.2,0,4.5,0
2023-07-03,South_Zone,81.4,0,105.96,55.4,30.3,0,4.5,0
2023-07-04,South_Zone,73.6,0,108.46,58.2,32.9,0,4.5,0
2023-07-05,South_Zone,76.3,0,107.23,55.0,26.0,0,4.5,0
2023-07-06,South_Zone,82.0,0,106.78,63.8,33.4,0,4.5,0
2023-07-07,South_Zone,77.3,0,108.15,64.5,34.8,0,4.5,0
2023-07-08,South_Zone,79.6,0,109.09,58.2,43.9,0,4.5,0
2023-07-09,South_Zone,82.7,0,109.24,55.2,29.3,0,4.5,0
2023-07-10,South_Zone,80.4,0,107.99,57.7,38.8,0,4.5,0
2023-07-11,South_Zone,81.2,0,107.6,50.7,35.5,0,4.5,0
2023-07-12,South_Zone,84.2,0,108.03,60.2,45.2,0,4.5,0
2023-07-13,South_Zone,84.5,0,110.08,57.7,34.9,0,4.5,0
2023-07-14,South_Zone,79.8,0,107.28,51.1,33.7,0,4.5,0
2023-07-15,South_Zone,83.8,0,108.67,54.1,38.2,0,4.5,0
2023-07-16,South_Zone,77.1,0,106.91,58.1,36.4,0,4.5,0
2023-07-17,South_Zone,80.7,0,106.64,49.0,38.7,0,4.5,0
2023-07-18,South_Zone,81.7,0,109.21,53.1,36.8,0,4.5,0
2023-07-19,South_Zone,79.7,0,107.41,54.1,26.6,0,4.5,0
2023-07-20,South_Zone,79.3,0,107.6,59.9,36.6,0,4.5,0
2023-07-21,South_Zone,76.6,0,107.89,63.0,36.5,0,4.5,0
2023-07-22,South_Zone,79.9,0,106.42,57.1,30.3,0,4.5,0
2023-07-23,South_Zone,75.2,0,106.84,43.1,35.4,0,4.5,0
2023-07-24,South_Zone,79.6,0,106.6,51.2,24.8,0,4.5,0
2023-07-25,South_Zone,80.2,0,107.54,70.0,35.3,0,4.5,0
2023-07-26,South_Zone,82.2,0,107.55,56.6,37.4,0,4.5,0
2023-07-27,South_Zone,76.5,0,106.55,45.2,38.8,0,4.5,0
2023-07-28,South_Zone,81.0,0,109.15,66.2,37.5,0,4.5,0
2023-07-29,South_Zone,81.7,0,107.06,50.5,29.6,0,4.5,0
2023-07-30,South_Zone,79.9,0,107.16,58.2,26.7,0,4.5,0
2023-07-31,South_Zone,81.3,0,108.37,51.8,38.7,0,4.5,0
2023-08-01,South_Zone,80.8,0,106.12,64.3,36.0,0,4.5,0
2023-08-02,South_Zone,72.2,0,106.45,49.9,36.5,0,4.5,0
2023-08-03,South_Zone,77.2,0,107.22,53.5,42.4,0,4.5,0
2023-08-04,South_Zone,86.4,0,105.43,59.4,26.0,0,4.5,0
2023-08-05,South_Zone,82.0,0,106.64,53.4,43.0,0,4.5,0
2023-08-06,South_Zone,78.2,0,108.9,58.5,31.2,0,4.5,0
2023-08-07,South_Zone,81.1,0,108.65,59.8,38.1,0,4.5,0
2023-08-08,South_Zone,82.1,0,107.69,56.8,33.9,0,4.5,0
2023-08-09,South_Zone,84.6,0,107.95,51.7,32.3,0,4.5,0
2023-08-10,South_Zone,78.8,0,107.24,52.7,26.5,0,4.5,0
2023-08-11,South_Zone,78.2,0,106.28,54.0,30.6,0,4.5,0
2023-08-12,South_Zone,78.5,0,108.33,58.7,36.3,0,4.5,0
2023-08-13,South_Zone,78.3,0,105.72,58.5,35.8,0,4.5,0
2023-08-14,South_Zone,78.2,0,107.61,56.9,38.8,0,4.5,0
2023-08-15,South_Zone,80.6,0,106.1,58.2,30.5,0,4.5,0
2023-08-16,South_Zone,78.7,0,106.14,49.1,37.7,0,4.5,0
2023-08-17,South_Zone,79.8,0,107.1,57.0,34.3,0,4.5,0
2023-08-18,South_Zone,85.6,0,108.57,56.2,37.2,0,4.5,0
2023-08-19,South_Zone,77.1,0,107.95,58.2,36.6,0,4.5,0
2023-08-20,South_Zone,81.0,0,106.83,58.7,31.6,0,4.5,0
2023-08-21,South_Zone,76.6,0,106.54,51.4,35.3,0,4.5,0
2023-08-22,South_Zone,82.8,0,107.23,55.5,36.3,0,4.5,0
2023-08-23,South_Zone,83.4,0,107.79,61.5,37.9,0,4.5,0
2023-08-24,South_Zone,77.4,0,104.65,56.1,41.5,0,4.5,0
2023-08-25,South_Zone,77.9,0,106.26,55.1,30.8,0,4.5,0
2023-08-26,South_Zone,82.0,0,105.31,50.3,28.2,0,4.5,0
2023-08-27,South_Zone,79.2,0,106.13,57.6,40.4,0,4.5,0
2023-08-28,South_Zone,84.3,0,105.07,49.5,27.6,0,4.5,0
2023-08-29,South_Zone,76.4,0,104.5,54.1,39.2,0,4.5,0
2023-08-30,South_Zone,83.2,0,104.97,53.0,29.5,0,4.5,0
2023-08-31,South_Zone,86.7,0,105.72,56.9,30.9,0,4.5,0
2023-09-01,South_Zone,81.2,0,106.84,53.3,59.6,0,4.5,0
2023-09-02,South_Zone,78.1,0,105.43,53.9,52.7,0,4.5,0
2023-09-03,South_Zone,77.7,0,105.36,51.5,55.1,0,4.5,0
2023-09-04,South_Zone,79.5,0,106.6,54.6,51.6,0,4.5,0
2023-09-05,South_Zone,82.0,0,106.48,56.5,63.3,0,4.5,0
2023-09-06,South_Zone,75.5,0,107.88,54.8,59.9,0,4.5,0
2023-09-07,South_Zone,79.1,0,107.1,54.6,60.1,0,4.5,0
2023-09-08,South_Zone,80.4,0,105.13,55.7,59.7,0,4.5,0
2023-09-09,South_Zone,84.7,0,105.47,59.2,59.9,0,4.5,0
2023-09-10,South_Zone,85.6,0,106.87,58.7,57.6,0,4.5,0
2023-09-11,South_Zone,79.6,0,105.23,49.9,64.8,0,4.5,0
2023-09-12,South_Zone,76.7,0,105.78,58.4,51.2,0,4.5,0
2023-09-13,South_Zone,80.4,0,104.38,60.2,52.8,0,4.5,0
2023-09-14,South_Zone,80.5,0,104.78,57.7,66.8,0,4.5,0
2023-09-15,South_Zone,83.6,0,107.33,46.3,61.3,0,4.5,0
2023-09-16,South_Zone,78.7,0,106.23,56.6,49.9,0,4.5,0
2023-09-17,South_Zone,77.0,0,105.43,60.7,61.6,0,4.5,0
2023-09-18,South_Zone,80.0,0,105.56,53.4,52.1,0,4.5,0
2023-09-19,South_Zone,79.0,0,107.76,67.7,66.5,0,4.5,0
2023-09-20,South_Zone,78.9,0,105.38,46.4,64.6,0,4.5,0
2023-09-21,South_Zone,77.4,0,106.5,56.2,70.5,0,4.5,0
2023-09-22,South_Zone,76.2,0,106.89,58.6,58.5,0,4.5,0
2023-09-23,South_Zone,81.8,0,107.46,56.7,53.9,0,4.5,0
2023-09-24,South_Zone,80.8,0,105.16,55.7,57.3,0,4.5,0
2023-09-25,South_Zone,77.6,0,104.61,50.7,57.4,0,4.5,0
2023-09-26,South_Zone,82.5,0,104.9,52.7,61.9,0,4.5,0
2023-09-27,South_Zone,74.5,0,106.74,58.0,50.8,0,4.5,0
2023-09-28,South_Zone,78.8,0,107.99,47.7,60.0,0,4.5,0
2023-09-29,South_Zone,80.6,0,106.77,59.3,54.9,0,4.5,0
2023-09-30,South_Zone,83.3,0,105.34,54.7,57.4,0,4.5,0
2023-10-01,South_Zone,78.3,0,107.19,58.1,66.9,0,4.5,0
2023-10-02,South_Zone,83.4,0,105.53,58.6,65.0,0,4.5,0
2023-10-03,South_Zone,78.0,0,105.17,70.0,63.6,0,4.5,0
2023-10-04,South_Zone,82.5,0,105.67,60.9,63.2,0,4.5,0
2023-10-05,South_Zone,85.0,0,105.42,50.4,58.7,0,4.5,0
2023-10-06,South_Zone,77.0,0,105.31,63.8,59.8,0,4.5,0
2023-10-07,South_Zone,80.5,0,107.23,45.0,52.1,0,4.5,0
2023-10-08,South_Zone,81.6,0,105.5,53.4,53.8,0,4.5,0
2023-10-09,South_Zone,76.3,0,104.43,55.5,60.6,0,4.5,0
2023-10-10,South_Zone,81.3,0,106.61,54.3,54.4,0,4.5,0
2023-10-11,South_Zone,78.3,0,105.08,56.2,63.4,0,4.5,0
2023-10-12,South_Zone,77.5,0,105.11,54.4,59.8,0,4.5,0
2023-10-13,South_Zone,78.7,0,106.75,60.8,58.5,0,4.5,0
2023-10-14,South_Zone,78.5,0,105.33,53.2,57.0,0,4.5,0
2023-10-15,South_Zone,82.4,0,105.61,54.8,62.3,0,4.5,0
2023-10-16,South_Zone,80.0,0,106.11,62.5,75.4,0,4.5,0
2023-10-17,South_Zone,86.9,0,105.79,59.2,55.6,0,4.5,0
2023-10-18,South_Zone,78.4,0,105.66,54.6,57.4,0,4.5,0
2023-10-19,South_Zone,81.4,0,103.75,56.4,59.1,0,4.5,0
2023-10-20,South_Zone,79.5,0,105.94,62.9,61.6,0,4.5,0
2023-10-21,South_Zone,76.2,0,107.73,50.6,61.5,0,4.5,0
2023-10-22,South_Zone,84.8,0,106.76,51.4,59.5,0,4.5,0
2023-10-23,South_Zone,80.4,0,105.77,53.0,63.5,0,4.5,0
2023-10-24,South_Zone,77.7,0,106.63,56.5,59.3,0,4.5,0
2023-10-25,South_Zone,81.2,0,106.8,59.6,53.0,0,4.5,0
2023-10-26,South_Zone,83.1,0,105.34,52.1,66.7,0,4.5,0
2023-10-27,South_Zone,77.5,0,107.46,52.2,64.9,0,4.5,0
2023-10-28,South_Zone,80.2,0,106.38,50.3,53.1,0,4.5,0
2023-10-29,South_Zone,83.1,0,105.92,51.6,60.9,0,4.5,0
2023-10-30,South_Zone,80.5,0,107.84,53.5,66.5,0,4.5,0
2023-10-31,South_Zone,81.7,0,104.2,46.0,58.5,0,4.5,0
2023-11-01,South_Zone,79.2,0,105.11,52.8,63.9,0,4.5,0
2023-11-02,South_Zone,75.3,0,106.94,51.6,77.6,0,4.5,0
2023-11-03,South_Zone,79.2,0,106.99,55.1,61.3,0,4.5,0
2023-11-04,South_Zone,78.3,0,107.98,63.0,70.7,0,4.5,0
2023-11-05,South_Zone,79.7,0,104.1,48.3,63.2,0,4.5,0
2023-11-06,South_Zone,78.4,0,107.24,60.0,60.5,0,4.5,0
2023-11-07,South_Zone,80.5,0,105.15,61.7,59.2,0,4.5,0
2023-11-08,South_Zone,79.0,0,106.84,59.6,59.8,0,4.5,0
2023-11-09,South_Zone,82.4,0,106.37,56.9,57.2,0,4.5,0
2023-11-10,South_Zone,81.8,0,107.31,61.2,54.4,0,4.5,0
2023-11-11,South_Zone,77.2,0,106.25,58.0,55.5,0,4.5,0
2023-11-12,South_Zone,83.8,0,107.52,60.5,71.3,0,4.5,0
2023-11-13,South_Zone,77.8,0,105.7,55.8,64.0,0,4.5,0
2023-11-14,South_Zone,76.6,0,106.47,51.3,73.6,0,4.5,0
2023-11-15,South_Zone,83.2,0,106.77,60.4,60.8,0,4.5,0
2023-11-16,South_Zone,78.2,0,108.28,66.8,82.6,0,4.5,0
2023-11-17,South_Zone,80.3,0,107.46,54.6,68.4,0,4.5,0
2023-11-18,South_Zone,76.1,0,106.86,55.8,55.4,0,4.5,0
2023-11-19,South_Zone,78.9,0,107.32,56.4,63.5,0,4.5,0
2023-11-20,South_Zone,79.7,0,107.79,50.2,54.1,0,4.5,0
2023-11-21,South_Zone,78.8,0,107.1,52.4,73.3,0,4.5,0
2023-11-22,South_Zone,78.5,0,105.73,56.5,65.1,0,4.5,0
2023-11-23,South_Zone,80.1,0,107.41,55.6,57.0,0,4.5,0
2023-11-24,South_Zone,83.0,0,106.78,55.8,63.1,0,4.5,0
2023-11-25,South_Zone,77.2,0,106.49,55.7,57.7,0,4.5,0
2023-11-26,South_Zone,72.4,0,106.08,55.0,54.6,0,4.5,0
2023-11-27,South_Zone,83.7,0,107.47,52.9,56.6,0,4.5,0
2023-11-28,South_Zone,78.0,0,107.44,57.7,55.3,0,4.5,0
2023-11-29,South_Zone,78.3,0,106.0,56.7,62.1,0,4.5,0
2023-11-30,South_Zone,78.4,0,105.88,51.8,66.0,0,4.5,0
2023-12-01,South_Zone,76.0,0,108.9,58.2,71.0,0,4.5,0
2023-12-02,South_Zone,78.8,0,107.9,53.7,77.1,0,4.5,0
2023-12-03,South_Zone,79.2,0,107.16,58.5,69.1,0,4.5,0
2023-12-04,South_Zone,81.3,0,107.71,55.9,71.5,0,4.5,0
2023-12-05,South_Zone,78.4,0,106.67,57.2,80.9,0,4.5,0
2023-12-06,South_Zone,72.7,0,106.99,56.5,71.1,0,4.5,0
2023-12-07,South_Zone,76.0,0,107.22,55.7,77.3,0,4.5,0
2023-12-08,South_Zone,83.3,0,108.19,57.6,68.4,0,4.5,0
2023-12-09,South_Zone,77.5,0,105.85,58.7,71.9,0,4.5,0
2023-12-10,South_Zone,81.6,0,106.27,56.0,67.7,0,4.5,0
2023-12-11,South_Zone,77.9,0,106.1,55.9,72.3,0,4.5,0
2023-12-12,South_Zone,82.4,0,108.21,54.9,73.2,0,4.5,0
2023-12-13,South_Zone,80.3,0,107.29,48.6,75.8,0,4.5,0
2023-12-14,South_Zone,75.6,0,106.51,55.7,69.1,0,4.5,0
2023-12-15,South_Zone,76.5,0,107.23,50.8,71.2,0,4.5,0
2023-12-16,South_Zone,75.5,0,106.86,53.5,77.9,0,4.5,0
2023-12-17,South_Zone,82.7,0,106.09,52.0,66.0,0,4.5,0
2023-12-18,South_Zone,76.2,0,108.82,53.7,59.6,0,4.5,0
2023-12-19,South_Zone,78.9,0,107.44,53.4,68.7,0,4.5,0
2023-12-20,South_Zone,79.8,0,108.91,58.5,75.1,0,4.5,0
2023-12-21,South_Zone,80.7,0,106.21,56.8,72.4,0,4.5,0
2023-12-22,South_Zone,78.6,0,108.2,56.7,67.2,0,4.5,0
2023-12-23,South_Zone,75.3,0,106.28,60.3,72.4,0,4.5,0
2023-12-24,South_Zone,76.4,0,110.2,69.3,70.2,0,4.5,0
2023-12-25,South_Zone,76.8,0,106.06,57.5,64.2,0,4.5,0
2023-12-26,South_Zone,72.1,0,109.62,60.5,70.3,0,4.5,0
2023-12-27,South_Zone,81.3,0,107.84,57.3,75.7,0,4.5,0
2023-12-28,South_Zone,81.5,0,107.71,58.7,70.6,0,4.5,0
2023-12-29,South_Zone,76.8,0,108.52,49.9,64.4,0,4.5,0
2023-12-30,South_Zone,83.9,0,107.03,45.0,80.6,0,4.5,0
2023-12-31,South_Zone,79.7,0,108.79,48.1,67.0,0,4.5,0
2021-01-01,West_Zone,84.5,0,100.89,50.9,73.9,0,6.0,0
2021-01-02,West_Zone,84.3,0,100.08,58.5,76.2,0,6.0,0
2021-01-03,West_Zone,81.6,0,100.35,54.2,74.1,0,6.0,0
2021-01-04,West_Zone,75.9,0,102.07,52.3,70.8,0,6.0,0
2021-01-05,West_Zone,82.6,0,100.82,55.6,62.9,0,6.0,0
2021-01-06,West_Zone,83.6,0,99.42,54.2,77.9,0,6.0,0
2021-01-07,West_Zone,80.0,0,100.99,48.0,66.2,0,6.0,0
2021-01-08,West_Zone,82.5,0,99.74,54.8,76.9,0,6.0,0
2021-01-09,West_Zone,81.9,0,99.58,56.2,77.6,0,6.0,0
2021-01-10,West_Zone,79.1,0,100.86,61.7,65.9,0,6.0,0
2021-01-11,West_Zone,81.7,0,99.37,52.4,65.8,0,6.0,0
2021-01-12,West_Zone,80.5,0,100.46,60.0,70.0,0,6.0,0
2021-01-13,West_Zone,83.1,0,101.12,51.8,76.6,0,6.0,0
2021-01-14,West_Zone,80.2,0,102.39,63.3,69.0,0,6.0,0
2021-01-15,West_Zone,79.9,0,101.15,51.1,72.5,0,6.0,0
2021-01-16,West_Zone,77.1,0,99.07,55.2,69.5,0,6.0,0
2021-01-17,West_Zone,88.6,0,99.26,53.9,75.9,0,6.0,0
2021-01-18,West_Zone,80.6,0,102.34,59.9,68.8,0,6.0,0
2021-01-19,West_Zone,78.6,0,100.01,58.4,68.4,0,6.0,0
2021-01-20,West_Zone,83.8,0,99.16,48.5,66.8,0,6.0,0
2021-01-21,West_Zone,82.6,0,99.7,51.5,66.7,0,6.0,0
2021-01-22,West_Zone,83.6,0,101.53,62.1,77.3,0,6.0,0
2021-01-23,West_Zone,84.0,0,100.88,53.7,70.2,0,6.0,0
2021-01-24,West_Zone,85.3,0,101.45,56.8,67.2,0,6.0,0
2021-01-25,West_Zone,78.8,0,100.8,49.0,63.6,0,6.0,0
2021-01-26,West_Zone,82.4,0,99.76,51.9,70.6,0,6.0,0
2021-01-27,West_Zone,77.3,0,99.11,49.8,67.9,0,6.0,0
2021-01-28,West_Zone,81.1,0,100.09,56.7,66.9,0,6.0,0
2021-01-29,West_Zone,84.0,0,101.08,56.4,68.1,0,6.0,0
2021-01-30,West_Zone,79.3,0,99.8,57.8,72.6,0,6.0,0
2021-01-31,West_Zone,88.7,0,102.0,49.5,66.2,0,6.0,0
2021-02-01,West_Zone,82.1,0,100.05,55.2,70.5,0,6.0,0
2021-02-02,West_Zone,76.6,0,99.42,52.8,76.4,0,6.0,0
2021-02-03,West_Zone,84.1,0,101.11,43.7,69.2,0,6.0,0
2021-02-04,West_Zone,88.7,0,101.89,55.6,66.7,0,6.0,0
2021-02-05,West_Zone,75.3,0,102.65,59.2,77.3,0,6.0,0
2021-02-06,West_Zone,84.1,0,99.58,59.1,71.6,0,6.0,0
2021-02-07,West_Zone,79.0,0,102.64,53.9,71.1,0,6.0,0
2021-02-08,West_Zone,81.8,0,101.43,56.9,74.6,0,6.0,0
2021-02-09,West_Zone,78.1,0,100.65,55.4,71.6,0,6.0,0
2021-02-10,West_Zone,84.6,0,101.98,50.8,72.3,0,6.0,0
2021-02-11,West_Zone,81.0,0,102.68,50.5,64.1,0,6.0,0
2021-02-12,West_Zone,85.5,0,99.67,52.7,67.8,0,6.0,0
2021-02-13,West_Zone,78.9,0,100.94,52.4,81.3,0,6.0,0
2021-02-14,West_Zone,81.4,0,100.85,53.7,66.8,0,6.0,0
2021-02-15,West_Zone,75.1,0,102.05,52.1,72.3,0,6.0,0
2021-02-16,West_Zone,89.8,0,102.91,55.0,80.7,0,6.0,0
2021-02-17,West_Zone,87.8,0,101.54,49.4,75.4,0,6.0,0
2021-02-18,West_Zone,88.5,0,101.2,59.6,73.5,0,6.0,0
2021-02-19,West_Zone,86.6,0,101.96,46.5,68.0,0,6.0,0
2021-02-20,West_Zone,80.2,0,101.3,53.2,68.9,0,6.0,0
2021-02-21,West_Zone,81.9,0,99.39,51.9,70.5,0,6.0,0
2021-02-22,West_Zone,82.9,0,102.1,53.3,73.7,0,6.0,0
2021-02-23,West_Zone,83.1,0,102.59,50.7,78.4,0,6.0,0
2021-02-24,West_Zone,78.7,0,102.7,48.0,72.6,0,6.0,0
2021-02-25,West_Zone,78.6,0,100.49,54.2,69.1,0,6.0,0
2021-02-26,West_Zone,78.0,0,102.27,53.1,71.5,0,6.0,0
2021-02-27,West_Zone,80.7,0,103.21,55.8,74.6,0,6.0,0
2021-02-28,West_Zone,81.0,0,104.23,48.1,73.7,0,6.0,0
2021-03-01,West_Zone,80.6,0,102.2,60.7,43.8,0,6.0,1
2021-03-02,West_Zone,82.8,0,102.72,53.8,39.4,0,6.0,0
2021-03-03,West_Zone,77.9,0,100.76,41.1,50.4,0,6.0,0
2021-03-04,West_Zone,79.4,0,100.64,54.0,43.7,0,6.0,1
2021-03-05,West_Zone,79.7,0,102.77,52.2,46.2,0,6.0,0
2021-03-06,West_Zone,84.5,0,99.76,48.4,41.6,0,6.0,1
2021-03-07,West_Zone,82.6,0,101.97,58.7,41.5,0,6.0,0
2021-03-08,West_Zone,83.0,0,103.26,58.0,47.5,0,6.0,1
2021-03-09,West_Zone,79.2,0,102.55,55.4,38.7,0,6.0,1
2021-03-10,West_Zone,82.1,0,102.56,54.3,39.2,0,6.0,1
2021-03-11,West_Zone,79.7,0,101.82,55.7,52.5,0,6.0,1
2021-03-12,West_Zone,79.8,0,101.47,47.3,49.1,0,6.0,0
2021-03-13,West_Zone,83.1,0,104.05,55.4,47.1,0,6.0,1
2021-03-14,West_Zone,80.1,0,103.14,59.2,39.6,0,6.0,0
2021-03-15,West_Zone,81.7,0,102.76,58.3,46.1,0,6.0,1
2021-03-16,West_Zone,81.2,0,101.95,49.6,44.6,0,6.0,1
2021-03-17,West_Zone,78.5,0,101.35,54.3,42.8,0,6.0,1
2021-03-18,West_Zone,80.3,0,103.02,49.7,44.6,0,6.0,0
2021-03-19,West_Zone,80.3,0,101.64,54.3,37.8,0,6.0,1
2021-03-20,West_Zone,80.9,0,102.03,50.8,34.7,0,6.0,1
2021-03-21,West_Zone,76.6,0,102.58,50.6,46.5,0,6.0,0
2021-03-22,West_Zone,79.8,0,102.18,55.3,45.8,0,6.0,1
2021-03-23,West_Zone,84.7,0,103.52,51.5,46.3,0,6.0,0
2021-03-24,West_Zone,83.3,0,100.66,50.1,48.8,0,6.0,1
2021-03-25,West_Zone,80.8,0,102.05,55.2,47.6,0,6.0,0
2021-03-26,West_Zone,78.5,0,104.13,48.7,52.4,0,6.0,0
2021-03-27,West_Zone,82.3,0,102.89,52.9,50.9,0,6.0,1
2021-03-28,West_Zone,84.9,0,101.8,47.6,45.3,0,6.0,0
2021-03-29,West_Zone,86.6,0,102.8,48.7,45.8,0,6.0,1
2021-03-30,West_Zone,80.4,0,101.95,58.5,46.1,0,6.0,0
2021-03-31,West_Zone,78.8,0,103.47,52.7,37.3,0,6.0,1
2021-04-01,West_Zone,83.4,0,102.82,51.3,49.6,0,6.0,1
2021-04-02,West_Zone,83.1,0,101.13,56.9,47.9,0,6.0,0
2021-04-03,West_Zone,82.0,0,102.24,60.4,36.7,0,6.0,1
2021-04-04,West_Zone,80.1,0,102.42,55.0,52.7,0,6.0,0
2021-04-05,West_Zone,78.1,0,102.46,58.1,42.9,0,6.0,0
2021-04-06,West_Zone,84.0,0,102.31,51.7,44.4,0,6.0,1
2021-04-07,West_Zone,84.7,0,102.55,54.2,44.3,0,6.0,1
2021-04-08,West_Zone,80.9,0,102.41,54.0,44.1,0,6.0,0
2021-04-09,West_Zone,87.1,0,101.26,54.8,57.0,0,6.0,0
2021-04-10,West_Zone,82.7,0,101.52,57.5,43.7,0,6.0,1
2021-04-11,West_Zone,81.5,0,101.72,47.8,43.4,0,6.0,1
2021-04-12,West_Zone,78.5,0,102.06,50.3,45.1,0,6.0,0
2021-04-13,West_Zone,76.9,0,101.71,51.7,40.8,0,6.0,1
2021-04-14,West_Zone,80.5,0,103.05,50.3,46.5,0,6.0,0
2021-04-15,West_Zone,83.1,0,100.98,54.3,40.9,0,6.0,1
2021-04-16,West_Zone,89.0,0,100.2,53.9,47.5,0,6.0,0
2021-04-17,West_Zone,82.2,0,103.89,54.8,39.8,0,6.0,0
2021-04-18,West_Zone,83.8,0,101.1,51.8,42.1,0,6.0,1
2021-04-19,West_Zone,79.5,0,103.01,59.6,40.0,0,6.0,0
2021-04-20,West_Zone,82.6,0,102.51,54.9,42.3,0,6.0,0
2021-04-21,West_Zone,82.2,0,101.1,52.8,36.1,0,6.0,0
2021-04-22,West_Zone,79.2,0,101.74,54.0,32.8,0,6.0,1
2021-04-23,West_Zone,86.0,0,101.58,56.6,43.4,0,6.0,1
2021-04-24,West_Zone,81.6,0,102.2,54.7,37.3,0,6.0,1
2021-04-25,West_Zone,85.3,0,101.07,50.0,53.7,0,6.0,0
2021-04-26,West_Zone,82.0,0,101.64,60.7,43.2,0,6.0,0
2021-04-27,West_Zone,81.0,0,101.77,55.6,48.5,0,6.0,1
2021-04-28,West_Zone,79.7,0,102.89,49.5,46.5,0,6.0,1
2021-04-29,West_Zone,80.9,0,101.37,46.3,39.7,0,6.0,0
2021-04-30,West_Zone,86.4,0,100.78,56.1,42.9,0,6.0,1
2021-05-01,West_Zone,79.3,0,101.2,58.7,48.7,0,6.0,0
2021-05-02,West_Zone,84.0,0,102.09,55.6,48.4,0,6.0,1
2021-05-03,West_Zone,81.1,0,99.94,55.4,49.3,0,6.0,1
2021-05-04,West_Zone,83.8,0,102.89,56.7,41.7,0,6.0,1
2021-05-05,West_Zone,82.6,0,101.69,53.7,47.9,0,6.0,1
2021-05-06,West_Zone,78.0,0,102.09,47.1,42.0,0,6.0,1
2021-05-07,West_Zone,82.5,0,101.85,50.9,50.1,0,6.0,1
2021-05-08,West_Zone,88.5,0,100.95,56.6,49.9,0,6.0,1
2021-05-09,West_Zone,82.9,0,100.51,55.5,38.1,0,6.0,0
2021-05-10,West_Zone,84.8,0,100.87,52.6,46.4,0,6.0,0
2021-05-11,West_Zone,82.9,0,100.04,50.8,39.5,0,6.0,1
2021-05-12,West_Zone,84.4,0,101.88,54.4,49.1,0,6.0,1
2021-05-13,West_Zone,79.8,0,101.34,52.2,39.4,0,6.0,1
2021-05-14,West_Zone,81.6,0,99.95,52.7,46.6,0,6.0,1
2021-05-15,West_Zone,84.6,0,100.84,53.9,48.7,0,6.0,0
2021-05-16,West_Zone,80.9,0,102.09,50.7,45.3,0,6.0,0
2021-05-17,West_Zone,85.2,0,102.7,57.3,49.3,0,6.0,0
2021-05-18,West_Zone,79.0,0,100.1,52.4,46.5,0,6.0,1
2021-05-19,West_Zone,82.2,0,103.52,56.4,52.8,0,6.0,1
2021-05-20,West_Zone,81.2,0,100.38,53.4,39.5,0,6.0,1
2021-05-21,West_Zone,89.9,0,99.61,59.0,43.1,0,6.0,1
2021-05-22,West_Zone,80.8,0,103.04,56.4,35.4,0,6.0,1
2021-05-23,West_Zone,83.3,0,100.22,54.7,43.5,0,6.0,1
2021-05-24,West_Zone,76.0,0,102.75,55.6,39.1,0,6.0,1
2021-05-25,West_Zone,78.5,0,100.54,61.6,38.1,0,6.0,1
2021-05-26,West_Zone,82.9,0,100.88,53.2,37.2,0,6.0,0
2021-05-27,West_Zone,81.2,0,99.84,53.6,42.6,0,6.0,1
2021-05-28,West_Zone,81.3,0,102.4,54.4,46.3,0,6.0,0
2021-05-29,West_Zone,81.0,0,102.23,46.0,47.4,0,6.0,0
2021-05-30,West_Zone,81.4,0,100.4,53.5,50.0,0,6.0,0
2021-05-31,West_Zone,76.9,0,100.96,57.4,49.7,0,6.0,0
2021-06-01,West_Zone,81.7,0,101.66,55.7,28.4,0,6.0,0
2021-06-02,West_Zone,81.3,0,100.5,59.2,30.3,0,6.0,0
2021-06-03,West_Zone,85.2,0,102.31,57.1,35.0,0,6.0,0
2021-06-04,West_Zone,84.5,0,100.81,55.3,35.0,0,6.0,0
2021-06-05,West_Zone,73.5,0,100.36,56.7,40.9,0,6.0,0
2021-06-06,West_Zone,79.8,0,99.27,54.2,32.6,0,6.0,0
2021-06-07,West_Zone,87.4,0,99.52,51.7,37.8,0,6.0,0
2021-06-08,West_Zone,84.7,0,101.38,53.0,33.3,0,6.0,0
2021-06-09,West_Zone,83.5,0,100.99,43.9,35.8,0,6.0,0
2021-06-10,West_Zone,80.5,0,101.54,60.0,35.9,0,6.0,0
2021-06-11,West_Zone,84.2,0,100.13,52.3,33.9,0,6.0,0
2021-06-12,West_Zone,77.5,0,99.02,48.4,29.1,0,6.0,0
2021-06-13,West_Zone,80.3,0,100.13,51.6,35.4,0,6.0,0
2021-06-14,West_Zone,83.0,0,102.63,61.1,37.2,0,6.0,0
2021-06-15,West_Zone,83.8,0,99.6,53.1,34.5,0,6.0,0
2021-06-16,West_Zone,82.6,0,100.49,54.2,20.2,0,6.0,0
2021-06-17,West_Zone,83.2,0,98.08,60.6,33.1,0,6.0,0
2021-06-18,West_Zone,82.5,0,99.94,56.3,37.4,0,6.0,0
2021-06-19,West_Zone,81.1,0,100.01,51.9,29.1,0,6.0,0
2021-06-20,West_Zone,86.0,0,100.73,46.5,39.3,0,6.0,0
2021-06-21,West_Zone,87.6,0,100.04,55.6,30.9,0,6.0,0
2021-06-22,West_Zone,81.8,0,98.81,49.8,32.4,0,6.0,0
2021-06-23,West_Zone,78.5,0,99.63,55.5,35.0,0,6.0,0
2021-06-24,West_Zone,81.3,0,100.05,52.8,29.4,0,6.0,0
2021-06-25,West_Zone,82.3,0,99.23,54.3,38.6,0,6.0,0
2021-06-26,West_Zone,75.4,0,99.34,56.3,40.3,0,6.0,0
2021-06-27,West_Zone,86.0,0,101.16,46.5,28.5,0,6.0,0
2021-06-28,West_Zone,80.1,0,99.5,53.3,33.1,0,6.0,0
2021-06-29,West_Zone,79.5,0,100.53,53.1,43.5,0,6.0,0
2021-06-30,West_Zone,81.0,0,99.87,54.1,39.5,0,6.0,0
2021-07-01,West_Zone,80.6,0,98.79,54.5,25.9,0,6.0,0
2021-07-02,West_Zone,82.2,0,99.65,53.5,39.8,0,6.0,0
2021-07-03,West_Zone,84.4,0,100.24,50.5,16.9,0,6.0,0
2021-07-04,West_Zone,85.8,0,101.65,49.1,37.1,0,6.0,0
2021-07-05,West_Zone,84.4,0,99.11,46.3,29.7,0,6.0,0
2021-07-06,West_Zone,79.2,0,99.76,53.4,36.3,0,6.0,0
2021-07-07,West_Zone,81.7,0,100.72,55.4,35.2,0,6.0,0
2021-07-08,West_Zone,82.3,0,101.04,52.0,34.7,0,6.0,0
2021-07-09,West_Zone,82.9,0,99.09,56.0,36.9,0,6.0,0
2021-07-10,West_Zone,83.5,0,99.55,52.4,31.5,0,6.0,0
2021-07-11,West_Zone,82.2,0,100.79,53.0,31.0,0,6.0,0
2021-07-12,West_Zone,81.7,0,100.15,47.3,38.7,0,6.0,0
2021-07-13,West_Zone,84.7,0,100.64,51.5,34.0,0,6.0,0
2021-07-14,West_Zone,81.6,0,100.74,57.0,31.2,0,6.0,0
2021-07-15,West_Zone,84.9,0,100.09,58.6,33.1,0,6.0,0
2021-07-16,West_Zone,84.4,0,99.65,52.1,32.7,0,6.0,0
2021-07-17,West_Zone,86.4,0,98.8,56.0,32.3,0,6.0,0
2021-07-18,West_Zone,82.7,0,99.2,58.3,36.2,0,6.0,0
2021-07-19,West_Zone,86.3,0,99.23,48.9,29.6,0,6.0,0
2021-07-20,West_Zone,81.1,0,100.57,54.5,41.6,0,6.0,0
2021-07-21,West_Zone,83.0,0,99.52,53.6,35.1,0,6.0,0
2021-07-22,West_Zone,84.3,0,99.49,57.1,24.8,0,6.0,0
2021-07-23,West_Zone,79.0,0,98.28,49.0,35.4,0,6.0,0
2021-07-24,West_Zone,80.8,0,100.45,54.4,29.3,0,6.0,0
2021-07-25,West_Zone,80.0,0,98.45,51.3,33.9,0,6.0,0
2021-07-26,West_Zone,81.8,0,98.9,54.3,33.2,0,6.0,0
2021-07-27,West_Zone,80.4,0,100.46,58.1,37.4,0,6.0,0
2021-07-28,West_Zone,82.3,0,100.01,58.9,37.3,0,6.0,0
2021-07-29,West_Zone,81.8,0,98.24,57.2,35.1,0,6.0,0
2021-07-30,West_Zone,81.2,0,97.98,48.2,43.5,0,6.0,0
2021-07-31,West_Zone,82.5,0,98.82,50.6,30.4,0,6.0,0
2021-08-01,West_Zone,80.0,0,98.42,56.4,40.8,0,6.0,0
2021-08-02,West_Zone,79.4,0,97.5,54.4,41.0,0,6.0,0
2021-08-03,West_Zone,78.4,0,98.19,51.2,35.7,0,6.0,0
2021-08-04,West_Zone,76.6,0,96.16,47.8,36.3,0,6.0,0
2021-08-05,West_Zone,80.0,0,99.78,37.3,38.8,0,6.0,0
2021-08-06,West_Zone,83.6,0,99.69,46.5,32.4,0,6.0,0
2021-08-07,West_Zone,81.4,0,100.23,51.9,31.5,0,6.0,0
2021-08-08,West_Zone,82.0,0,99.15,51.5,31.7,0,6.0,0
2021-08-09,West_Zone,80.8,0,98.32,54.0,35.5,0,6.0,0
2021-08-10,West_Zone,87.8,0,99.77,55.3,31.7,0,6.0,0
2021-08-11,West_Zone,82.5,0,98.01,61.2,30.4,0,6.0,0
2021-08-12,West_Zone,80.3,0,97.36,48.9,28.8,0,6.0,0
2021-08-13,West_Zone,78.8,0,98.52,44.6,29.1,0,6.0,0
2021-08-14,West_Zone,87.1,0,99.05,48.9,30.8,0,6.0,0
2021-08-15,West_Zone,77.8,0,97.8,58.8,30.9,0,6.0,0
2021-08-16,West_Zone,79.6,0,97.54,52.1,34.5,0,6.0,0
2021-08-17,West_Zone,79.6,0,98.15,56.3,30.1,0,6.0,0
2021-08-18,West_Zone,81.9,0,98.95,50.3,36.5,0,6.0,0
2021-08-19,West_Zone,83.1,0,98.37,50.3,43.8,0,6.0,0
2021-08-20,West_Zone,82.2,0,101.13,46.6,40.2,0,6.0,0
2021-08-21,West_Zone,80.9,0,98.34,51.0,28.7,0,6.0,0
2021-08-22,West_Zone,77.8,0,99.2,52.7,32.5,0,6.0,0
2021-08-23,West_Zone,87.6,0,96.98,55.3,27.6,0,6.0,0
2021-08-24,West_Zone,82.8,0,98.99,54.8,35.0,0,6.0,0
2021-08-25,West_Zone,83.7,0,97.92,60.1,35.3,0,6.0,0
2021-08-26,West_Zone,80.0,0,98.36,51.7,34.9,0,6.0,0
2021-08-27,West_Zone,81.1,0,100.03,54.0,28.8,0,6.0,0
2021-08-28,West_Zone,85.5,0,97.96,52.1,30.8,0,6.0,0
2021-08-29,West_Zone,75.4,0,97.0,49.0,38.8,0,6.0,0
2021-08-30,West_Zone,84.3,0,97.14,53.5,36.0,0,6.0,0
2021-08-31,West_Zone,81.3,0,98.45,51.3,29.7,0,6.0,0
2021-09-01,West_Zone,83.2,0,98.38,59.0,53.6,0,6.0,0
2021-09-02,West_Zone,87.0,0,98.32,49.2,59.6,0,6.0,0
2021-09-03,West_Zone,80.6,0,96.94,50.4,59.4,0,6.0,0
2021-09-04,West_Zone,73.9,0,100.23,48.1,53.6,0,6.0,0
2021-09-05,West_Zone,78.7,0,99.66,54.2,58.5,0,6.0,0
2021-09-06,West_Zone,82.0,0,98.31,47.0,57.6,0,6.0,0
2021-09-07,West_Zone,86.9,0,96.64,51.6,57.1,0,6.0,0
2021-09-08,West_Zone,80.8,0,99.74,48.2,57.9,0,6.0,0
2021-09-09,West_Zone,86.6,0,99.28,48.8,61.4,0,6.0,0
2021-09-10,West_Zone,75.0,0,98.23,49.2,60.4,0,6.0,0
2021-09-11,West_Zone,80.5,0,99.31,55.6,66.3,0,6.0,0
2021-09-12,West_Zone,85.1,0,97.61,51.7,61.0,0,6.0,0
2021-09-13,West_Zone,84.8,0,97.13,51.4,64.0,0,6.0,0
2021-09-14,West_Zone,76.1,0,98.24,54.5,53.4,0,6.0,0
2021-09-15,West_Zone,79.5,0,96.52,49.0,60.8,0,6.0,0
2021-09-16,West_Zone,81.6,0,96.95,43.9,58.1,0,6.0,0
2021-09-17,West_Zone,80.0,0,98.6,48.0,63.6,0,6.0,0
2021-09-18,West_Zone,85.5,0,98.29,51.2,61.3,0,6.0,0
2021-09-19,West_Zone,82.0,0,96.66,51.5,67.9,0,6.0,0
2021-09-20,West_Zone,77.7,0,97.63,54.3,55.3,0,6.0,0
2021-09-21,West_Zone,83.4,0,96.69,51.1,56.4,0,6.0,0
2021-09-22,West_Zone,83.5,0,97.53,56.1,61.7,0,6.0,0
2021-09-23,West_Zone,78.6,0,97.42,53.4,59.4,0,6.0,0
2021-09-24,West_Zone,79.3,0,99.01,47.0,55.3,0,6.0,0
2021-09-25,West_Zone,79.9,0,97.85,42.0,61.9,0,6.0,0
2021-09-26,West_Zone,86.1,0,97.76,48.1,57.5,0,6.0,0
2021-09-27,West_Zone,81.7,0,97.61,52.6,62.3,0,6.0,0
2021-09-28,West_Zone,75.4,0,96.28,53.0,51.5,0,6.0,0
2021-09-29,West_Zone,78.4,0,97.9,51.7,58.5,0,6.0,0
2021-09-30,West_Zone,84.1,0,98.48,52.9,60.8,0,6.0,0
2021-10-01,West_Zone,80.8,0,98.23,57.6,72.8,0,6.0,0
2021-10-02,West_Zone,78.3,0,98.69,52.5,63.5,0,6.0,0
2021-10-03,West_Zone,80.9,0,98.74,53.9,70.8,0,6.0,0
2021-10-04,West_Zone,84.9,0,100.2,59.5,62.2,0,6.0,0
2021-10-05,West_Zone,88.5,0,96.88,44.5,59.7,0,6.0,0
2021-10-06,West_Zone,81.8,0,98.24,59.1,63.7,0,6.0,0
2021-10-07,West_Zone,83.5,0,98.36,42.1,52.3,0,6.0,0
2021-10-08,West_Zone,81.7,0,97.7,48.8,59.0,0,6.0,0
2021-10-09,West_Zone,82.7,0,97.39,49.7,66.3,0,6.0,0
2021-10-10,West_Zone,79.2,0,98.52,45.9,69.2,0,6.0,0
2021-10-11,West_Zone,86.3,0,98.43,51.7,63.5,0,6.0,0
2021-10-12,West_Zone,80.6,0,96.98,51.6,59.2,0,6.0,0
2021-10-13,West_Zone,78.7,0,96.25,54.5,57.4,0,6.0,0
2021-10-14,West_Zone,79.7,0,97.56,54.9,73.8,0,6.0,0
2021-10-15,West_Zone,84.0,0,97.39,52.7,74.5,0,6.0,0
2021-10-16,West_Zone,79.9,0,98.67,56.9,57.9,0,6.0,0
2021-10-17,West_Zone,86.6,0,97.15,54.4,76.6,0,6.0,0
2021-10-18,West_Zone,83.9,0,97.91,50.9,65.9,0,6.0,0
2021-10-19,West_Zone,84.6,0,96.39,52.0,48.2,0,6.0,0
2021-10-20,West_Zone,80.7,0,96.56,49.1,60.7,0,6.0,0
2021-10-21,West_Zone,80.1,0,97.35,47.0,58.7,0,6.0,0
2021-10-22,West_Zone,82.1,0,97.88,53.9,62.5,0,6.0,0
2021-10-23,West_Zone,78.4,0,97.33,45.9,63.0,0,6.0,0
2021-10-24,West_Zone,83.4,0,98.3,51.6,51.5,0,6.0,0
2021-10-25,West_Zone,84.8,0,96.47,42.4,59.4,0,6.0,0
2021-10-26,West_Zone,79.9,0,97.97,52.5,63.8,0,6.0,0
2021-10-27,West_Zone,84.1,0,98.0,49.3,61.3,0,6.0,0
2021-10-28,West_Zone,82.8,0,96.77,54.0,61.0,0,6.0,0
2021-10-29,West_Zone,85.3,0,98.46,51.5,57.6,0,6.0,0
2021-10-30,West_Zone,86.9,0,96.08,50.9,60.8,0,6.0,0
2021-10-31,West_Zone,84.3,0,97.58,52.2,62.5,0,6.0,0
2021-11-01,West_Zone,81.8,0,99.07,50.2,56.8,0,6.0,0
2021-11-02,West_Zone,85.6,0,96.08,49.2,54.3,0,6.0,0
2021-11-03,West_Zone,82.1,0,98.99,50.3,63.9,0,6.0,0
2021-11-04,West_Zone,81.2,0,97.17,51.4,69.3,0,6.0,0
2021-11-05,West_Zone,80.2,0,97.77,49.9,67.5,0,6.0,0
2021-11-06,West_Zone,82.3,0,99.78,54.7,46.9,0,6.0,0
2021-11-07,West_Zone,85.0,0,97.77,45.0,66.3,0,6.0,0
2021-11-08,West_Zone,78.9,0,100.03,47.0,56.8,0,6.0,0
2021-11-09,West_Zone,78.3,0,98.13,59.8,81.0,0,6.0,0
2021-11-10,West_Zone,78.3,0,98.38,50.6,66.8,0,6.0,0
2021-11-11,West_Zone,85.1,0,99.33,48.7,54.4,0,6.0,0
2021-11-12,West_Zone,83.2,0,99.05,52.5,59.7,0,6.0,0
2021-11-13,West_Zone,86.4,0,98.68,55.5,58.0,0,6.0,0
2021-11-14,West_Zone,80.4,0,98.09,54.8,58.2,0,6.0,0
2021-11-15,West_Zone,78.3,0,97.03,48.8,64.7,0,6.0,0
2021-11-16,West_Zone,86.7,0,97.1,49.8,66.2,0,6.0,0
2021-11-17,West_Zone,79.8,0,99.94,51.6,55.3,0,6.0,0
2021-11-18,West_Zone,84.0,0,100.35,54.4,68.2,0,6.0,0
2021-11-19,West_Zone,78.0,0,98.81,52.7,53.8,0,6.0,0
2021-11-20,West_Zone,82.5,0,96.93,48.1,57.0,0,6.0,0
2021-11-21,West_Zone,81.5,0,97.96,50.1,72.7,0,6.0,0
2021-11-22,West_Zone,77.7,0,97.93,51.1,61.8,0,6.0,0
2021-11-23,West_Zone,87.7,0,98.23,58.2,56.7,0,6.0,0
2021-11-24,West_Zone,79.3,0,97.93,51.5,61.3,0,6.0,0
2021-11-25,West_Zone,79.2,0,99.36,66.0,75.5,0,6.0,0
2021-11-26,West_Zone,80.0,0,99.11,51.6,61.7,0,6.0,0
2021-11-27,West_Zone,75.5,0,100.48,46.5,66.4,0,6.0,0
2021-11-28,West_Zone,81.0,0,98.53,53.8,67.7,0,6.0,0
2021-11-29,West_Zone,80.0,0,99.15,56.8,56.7,0,6.0,0
2021-11-30,West_Zone,85.0,0,99.72,54.8,55.5,0,6.0,0
2021-12-01,West_Zone,82.9,0,100.03,53.8,67.8,0,6.0,0
2021-12-02,West_Zone,78.2,0,97.81,50.6,72.2,0,6.0,0
2021-12-03,West_Zone,80.0,0,99.48,51.7,66.7,0,6.0,0
2021-12-04,West_Zone,88.5,0,99.25,43.4,73.5,0,6.0,0
2021-12-05,West_Zone,79.3,0,99.44,56.2,75.2,0,6.0,0
2021-12-06,West_Zone,84.5,0,99.23,51.2,65.9,0,6.0,0
2021-12-07,West_Zone,80.0,0,100.91,57.9,68.8,0,6.0,0
2021-12-08,West_Zone,79.0,0,98.34,50.2,69.4,0,6.0,0
2021-12-09,West_Zone,80.4,0,98.31,52.1,70.9,0,6.0,0
2021-12-10,West_Zone,86.4,0,98.47,57.4,71.2,0,6.0,0
2021-12-11,West_Zone,77.6,0,99.03,58.0,76.5,0,6.0,0
2021-12-12,West_Zone,84.0,0,99.65,56.2,76.9,0,6.0,0
2021-12-13,West_Zone,85.7,0,98.93,45.1,68.0,0,6.0,0
2021-12-14,West_Zone,80.3,0,100.43,48.1,75.5,0,6.0,0
2021-12-15,West_Zone,85.0,0,99.45,55.6,78.9,0,6.0,0
2021-12-16,West_Zone,84.5,0,99.39,50.0,78.0,0,6.0,0
2021-12-17,West_Zone,79.6,0,98.19,52.6,73.0,0,6.0,0
2021-12-18,West_Zone,79.2,0,101.38,54.4,71.7,0,6.0,0
2021-12-19,West_Zone,81.5,0,99.54,53.8,65.0,0,6.0,0
2021-12-20,West_Zone,82.3,0,101.26,49.3,69.9,0,6.0,0
2021-12-21,West_Zone,80.9,0,99.04,56.7,64.5,0,6.0,0
2021-12-22,West_Zone,83.7,0,100.52,51.1,77.7,0,6.0,0
2021-12-23,West_Zone,79.7,0,99.16,55.0,70.7,0,6.0,0
2021-12-24,West_Zone,79.3,0,101.58,52.8,71.6,0,6.0,0
2021-12-25,West_Zone,82.0,0,100.91,61.0,68.9,0,6.0,0
2021-12-26,West_Zone,82.7,0,100.68,59.1,64.9,0,6.0,0
2021-12-27,West_Zone,85.9,0,99.14,61.2,75.6,0,6.0,0
2021-12-28,West_Zone,83.4,0,101.8,60.3,74.5,0,6.0,0
2021-12-29,West_Zone,84.1,0,101.97,53.3,76.7,0,6.0,0
2021-12-30,West_Zone,81.0,0,99.59,50.7,63.2,0,6.0,0
2021-12-31,West_Zone,81.0,0,100.16,48.5,78.6,0,6.0,0
2022-01-01,West_Zone,80.1,0,104.96,56.0,71.4,0,6.25,0
2022-01-02,West_Zone,82.5,0,102.1,53.9,75.9,0,6.25,0
2022-01-03,West_Zone,82.4,0,105.25,54.9,58.8,0,6.25,0
2022-01-04,West_Zone,82.3,0,105.16,51.7,74.1,0,6.25,0
2022-01-05,West_Zone,81.4,0,103.61,55.9,71.6,0,6.25,0
2022-01-06,West_Zone,81.9,0,102.01,52.3,70.9,0,6.25,0
2022-01-07,West_Zone,87.0,0,104.57,52.9,71.5,0,6.25,0
2022-01-08,West_Zone,82.8,0,103.14,54.9,69.0,0,6.25,0
2022-01-09,West_Zone,83.8,0,102.72,53.8,64.9,0,6.25,0
2022-01-10,West_Zone,83.4,0,104.71,49.2,65.7,0,6.25,0
2022-01-11,West_Zone,81.5,0,105.69,52.1,72.1,0,6.25,0
2022-01-12,West_Zone,83.6,0,104.19,56.8,78.6,0,6.25,0
2022-01-13,West_Zone,82.1,0,105.63,55.1,77.5,0,6.25,0
2022-01-14,West_Zone,78.2,0,105.14,47.3,73.2,0,6.25,0
2022-01-15,West_Zone,80.3,0,103.14,57.1,69.6,0,6.25,0
2022-01-16,West_Zone,88.0,0,103.99,54.4,82.3,0,6.25,0
2022-01-17,West_Zone,85.5,0,105.66,51.0,75.4,0,6.25,0
2022-01-18,West_Zone,81.1,0,104.05,51.9,75.0,0,6.25,0
2022-01-19,West_Zone,84.0,0,105.46,55.8,65.3,0,6.25,0
2022-01-20,West_Zone,82.7,0,104.26,45.9,73.3,0,6.25,0
2022-01-21,West_Zone,87.2,0,105.43,56.9,65.8,0,6.25,0
2022-01-22,West_Zone,81.6,0,105.17,59.0,82.4,0,6.25,0
2022-01-23,West_Zone,82.7,0,104.52,58.4,67.8,0,6.25,0
2022-01-24,West_Zone,79.6,0,105.5,59.8,69.0,0,6.25,0
2022-01-25,West_Zone,81.6,0,102.67,50.9,68.8,0,6.25,0
2022-01-26,West_Zone,73.8,0,103.78,58.6,70.1,0,6.25,0
2022-01-27,West_Zone,82.8,0,104.43,55.9,75.4,0,6.25,0
2022-01-28,West_Zone,85.0,0,106.1,52.1,72.0,0,6.25,0
2022-01-29,West_Zone,87.1,0,103.51,56.3,72.2,0,6.25,0
2022-01-30,West_Zone,83.4,0,104.95,56.7,75.6,0,6.25,0
2022-01-31,West_Zone,80.9,0,105.33,61.3,64.4,0,6.25,0
2022-02-01,West_Zone,79.5,0,105.29,59.9,75.7,1,6.25,0
2022-02-02,West_Zone,80.6,0,104.98,52.2,72.7,1,6.25,0
2022-02-03,West_Zone,77.2,0,104.48,56.2,68.5,1,6.25,0
2022-02-04,West_Zone,81.2,0,104.89,56.3,72.7,1,6.25,0
2022-02-05,West_Zone,78.3,0,106.14,56.5,72.6,1,6.25,0
2022-02-06,West_Zone,80.2,0,104.5,53.6,58.9,1,6.25,0
2022-02-07,West_Zone,81.4,0,103.06,61.2,78.9,1,6.25,0
2022-02-08,West_Zone,83.0,0,105.71,52.8,78.0,1,6.25,0
2022-02-09,West_Zone,77.0,0,106.77,62.4,65.5,1,6.25,0
2022-02-10,West_Zone,81.0,0,104.25,49.0,68.2,1,6.25,0
2022-02-11,West_Zone,84.1,0,106.68,54.1,78.8,1,6.25,0
2022-02-12,West_Zone,86.2,0,105.87,58.4,75.3,1,6.25,0
2022-02-13,West_Zone,81.8,0,104.22,50.5,73.9,1,6.25,0
2022-02-14,West_Zone,88.6,0,104.7,51.9,74.2,1,6.25,0
2022-02-15,West_Zone,84.1,0,104.68,57.0,73.9,1,6.25,0
2022-02-16,West_Zone,82.2,0,105.62,48.3,66.7,1,6.25,0
2022-02-17,West_Zone,85.7,0,105.29,59.5,69.2,1,6.25,0
2022-02-18,West_Zone,80.5,0,106.6,61.6,77.0,1,6.25,0
2022-02-19,West_Zone,78.9,0,106.37,61.6,75.3,1,6.25,0
2022-02-20,West_Zone,84.8,0,103.99,55.9,73.4,1,6.25,0
2022-02-21,West_Zone,83.6,0,104.14,52.9,68.8,1,6.25,0
2022-02-22,West_Zone,85.1,0,106.2,54.0,76.9,1,6.25,0
2022-02-23,West_Zone,85.1,0,105.09,56.2,67.2,1,6.25,0
2022-02-24,West_Zone,88.0,0,105.45,55.7,79.4,1,6.25,0
2022-02-25,West_Zone,77.6,0,106.19,54.0,68.4,1,6.25,0
2022-02-26,West_Zone,80.9,0,106.52,61.9,67.6,1,6.25,0
2022-02-27,West_Zone,81.1,0,104.45,53.8,72.2,1,6.25,0
2022-02-28,West_Zone,85.5,0,103.48,60.1,73.1,1,6.25,0
2022-03-01,West_Zone,83.1,0,105.6,55.6,45.5,1,6.25,0
2022-03-02,West_Zone,85.5,0,104.88,55.1,38.4,1,6.25,0
2022-03-03,West_Zone,82.8,0,105.82,57.4,47.1,1,6.25,0
2022-03-04,West_Zone,81.9,0,105.68,57.3,49.9,1,6.25,1
2022-03-05,West_Zone,84.0,0,104.81,54.3,44.6,1,6.25,0
2022-03-06,West_Zone,82.8,0,107.89,58.4,49.3,1,6.25,0
2022-03-07,West_Zone,83.2,0,105.83,58.1,43.9,1,6.25,0
2022-03-08,West_Zone,84.0,0,105.25,61.7,39.3,1,6.25,0
2022-03-09,West_Zone,83.3,0,105.94,55.7,35.3,1,6.25,0
2022-03-10,West_Zone,84.9,0,106.38,52.4,42.3,1,6.25,0
2022-03-11,West_Zone,82.2,0,105.24,52.4,53.1,1,6.25,1
2022-03-12,West_Zone,82.5,0,108.2,65.8,44.6,1,6.25,0
2022-03-13,West_Zone,79.0,0,104.37,47.2,43.6,1,6.25,1
2022-03-14,West_Zone,84.9,0,104.45,50.0,48.6,1,6.25,0
2022-03-15,West_Zone,87.1,0,104.31,54.8,48.1,1,6.25,1
2022-03-16,West_Zone,76.6,0,105.93,52.9,37.7,0,6.25,0
2022-03-17,West_Zone,83.9,0,106.4,58.8,54.3,0,6.25,0
2022-03-18,West_Zone,81.6,0,105.61,58.2,46.0,0,6.25,1
2022-03-19,West_Zone,81.4,0,106.42,53.4,49.5,0,6.25,1
2022-03-20,West_Zone,83.9,0,106.41,61.6,42.0,0,6.25,0
2022-03-21,West_Zone,81.9,0,105.6,50.8,35.2,0,6.25,1
2022-03-22,West_Zone,83.2,0,106.4,52.6,44.4,0,6.25,1
2022-03-23,West_Zone,80.9,0,105.78,61.6,39.5,0,6.25,0
2022-03-24,West_Zone,86.5,0,105.57,50.0,50.9,0,6.25,0
2022-03-25,West_Zone,81.3,0,105.49,56.6,37.9,0,6.25,1
2022-03-26,West_Zone,79.7,0,106.22,61.8,57.1,0,6.25,0
2022-03-27,West_Zone,83.0,0,107.21,45.5,48.0,0,6.25,0
2022-03-28,West_Zone,79.5,0,104.79,53.6,47.1,0,6.25,1
2022-03-29,West_Zone,82.7,0,105.52,59.0,42.5,0,6.25,1
2022-03-30,West_Zone,86.9,0,106.16,54.4,36.1,0,6.25,0
2022-03-31,West_Zone,81.9,0,107.76,56.3,37.5,0,6.25,1
2022-04-01,West_Zone,77.9,0,106.43,56.3,41.2,0,6.25,0
2022-04-02,West_Zone,80.8,0,105.19,56.3,37.9,0,6.25,1
2022-04-03,West_Zone,84.4,0,105.08,51.8,44.6,0,6.25,0
2022-04-04,West_Zone,82.3,0,106.98,58.9,41.2,0,6.25,0
2022-04-05,West_Zone,84.1,0,105.68,56.3,38.5,0,6.25,0
2022-04-06,West_Zone,80.1,0,104.76,50.3,37.9,0,6.25,0
2022-04-07,West_Zone,80.8,0,107.0,53.9,37.0,0,6.25,0
2022-04-08,West_Zone,83.9,0,106.29,49.9,44.7,0,6.25,0
2022-04-09,West_Zone,86.8,0,104.79,55.8,41.3,0,6.25,0
2022-04-10,West_Zone,80.8,0,104.64,56.8,45.1,0,6.25,0
2022-04-11,West_Zone,82.1,0,103.8,55.4,44.6,0,6.25,1
2022-04-12,West_Zone,85.3,0,105.34,57.3,44.0,0,6.25,0
2022-04-13,West_Zone,82.4,0,106.26,56.0,48.2,0,6.25,0
2022-04-14,West_Zone,83.9,0,106.91,58.8,37.6,0,6.25,0
2022-04-15,West_Zone,79.8,0,106.37,55.0,48.3,0,6.25,1
2022-04-16,West_Zone,82.0,0,104.63,57.7,47.0,0,6.25,0
2022-04-17,West_Zone,80.1,0,105.64,50.1,44.0,0,6.25,0
2022-04-18,West_Zone,76.9,0,107.35,50.4,41.0,0,6.25,0
2022-04-19,West_Zone,79.3,0,105.4,55.5,45.2,0,6.25,0
2022-04-20,West_Zone,83.3,0,106.67,58.4,47.2,0,6.25,0
2022-04-21,West_Zone,83.7,0,106.53,54.5,38.0,0,6.25,1
2022-04-22,West_Zone,84.3,0,106.63,58.2,48.0,0,6.25,0
2022-04-23,West_Zone,83.5,0,106.29,56.8,53.7,0,6.25,0
2022-04-24,West_Zone,81.3,0,106.61,47.4,44.7,0,6.25,0
2022-04-25,West_Zone,76.5,0,104.35,64.0,51.5,0,6.25,1
2022-04-26,West_Zone,78.6,0,107.34,50.9,47.4,0,6.25,1
2022-04-27,West_Zone,85.3,0,104.0,50.8,46.3,0,6.25,0
2022-04-28,West_Zone,79.5,0,106.1,60.0,41.5,0,6.25,0
2022-04-29,West_Zone,81.8,0,105.73,55.4,43.3,0,6.25,1
2022-04-30,West_Zone,82.2,0,105.13,52.0,40.1,0,6.25,1
2022-05-01,West_Zone,77.8,0,101.77,51.8,49.7,0,6.25,1
2022-05-02,West_Zone,83.0,0,103.28,50.8,41.3,0,6.25,1
2022-05-03,West_Zone,86.6,0,103.51,51.2,53.8,0,6.25,1
2022-05-04,West_Zone,81.9,0,102.59,57.2,47.2,0,6.25,0
2022-05-05,West_Zone,81.2,0,102.38,52.0,47.0,0,6.25,1
2022-05-06,West_Zone,78.5,0,103.93,50.3,38.4,0,6.25,1
2022-05-07,West_Zone,81.2,0,102.21,50.8,48.3,0,6.25,0
2022-05-08,West_Zone,83.6,0,102.57,53.4,43.9,0,6.25,0
2022-05-09,West_Zone,82.0,0,102.39,51.0,42.2,0,6.25,0
2022-05-10,West_Zone,80.7,0,105.04,53.8,41.7,0,6.25,1
2022-05-11,West_Zone,85.0,0,101.71,55.1,38.8,0,6.25,1
2022-05-12,West_Zone,81.2,0,103.36,52.4,45.0,0,6.25,0
2022-05-13,West_Zone,80.7,0,100.81,49.9,44.2,0,6.25,0
2022-05-14,West_Zone,82.4,0,101.52,50.8,38.4,0,6.25,1
2022-05-15,West_Zone,85.9,0,102.15,59.4,47.6,0,6.25,0
2022-05-16,West_Zone,81.5,0,102.3,62.6,55.6,0,6.25,1
2022-05-17,West_Zone,79.3,0,102.14,54.0,37.9,0,6.25,0
2022-05-18,West_Zone,83.6,0,102.29,56.8,44.4,0,6.25,0
2022-05-19,West_Zone,81.0,0,101.67,49.9,53.3,0,6.25,1
2022-05-20,West_Zone,83.7,0,103.62,52.1,41.1,0,6.25,1
2022-05-21,West_Zone,75.9,0,101.31,55.3,47.2,0,6.25,0
2022-05-22,West_Zone,82.1,0,103.03,44.8,47.0,0,6.25,1
2022-05-23,West_Zone,81.3,0,102.94,57.3,48.3,0,6.25,0
2022-05-24,West_Zone,79.1,0,101.28,51.3,54.2,0,6.25,1
2022-05-25,West_Zone,78.4,0,101.84,49.4,36.1,0,6.25,0
2022-05-26,West_Zone,81.2,0,102.17,55.4,46.0,0,6.25,1
2022-05-27,West_Zone,78.8,0,103.82,60.3,42.5,0,6.25,0
2022-05-28,West_Zone,73.1,0,101.75,52.4,44.8,0,6.25,0
2022-05-29,West_Zone,78.5,0,105.71,56.5,45.2,0,6.25,1
2022-05-30,West_Zone,78.3,0,102.83,55.9,43.5,0,6.25,1
2022-05-31,West_Zone,82.1,0,102.38,54.9,39.6,0,6.25,1
2022-06-01,West_Zone,78.4,0,102.89,50.2,28.9,0,6.25,0
2022-06-02,West_Zone,82.0,0,100.25,54.0,44.6,0,6.25,0
2022-06-03,West_Zone,79.1,0,103.11,55.0,27.1,0,6.25,0
2022-06-04,West_Zone,84.3,0,100.59,42.3,40.1,0,6.25,0
2022-06-05,West_Zone,83.1,0,102.75,57.5,28.8,0,6.25,0
2022-06-06,West_Zone,81.1,0,101.26,47.5,34.5,0,6.25,0
2022-06-07,West_Zone,82.4,0,101.02,53.9,43.8,0,6.25,0
2022-06-08,West_Zone,83.7,0,103.56,60.5,38.0,0,6.25,0
2022-06-09,West_Zone,82.2,0,101.66,52.7,26.8,0,6.25,0
2022-06-10,West_Zone,82.4,0,100.19,48.9,32.3,0,6.25,0
2022-06-11,West_Zone,75.7,0,102.67,56.3,33.9,0,6.25,0
2022-06-12,West_Zone,80.4,0,100.44,58.8,39.2,0,6.25,0
2022-06-13,West_Zone,79.7,0,102.99,49.8,34.2,0,6.25,0
2022-06-14,West_Zone,85.2,0,101.58,44.2,33.2,0,6.25,0
2022-06-15,West_Zone,80.8,0,100.29,57.8,42.6,0,6.25,0
2022-06-16,West_Zone,80.0,0,102.35,57.4,41.9,0,6.25,0
2022-06-17,West_Zone,83.7,0,102.02,55.3,37.5,0,6.25,0
2022-06-18,West_Zone,77.4,0,99.34,45.5,30.9,0,6.25,0
2022-06-19,West_Zone,81.7,0,101.36,55.9,20.7,0,6.25,0
2022-06-20,West_Zone,76.1,0,101.69,57.8,27.6,0,6.25,0
2022-06-21,West_Zone,79.8,0,101.6,62.3,26.3,0,6.25,0
2022-06-22,West_Zone,80.6,0,101.14,52.3,33.7,0,6.25,0
2022-06-23,West_Zone,86.4,0,102.04,54.5,38.7,0,6.25,0
2022-06-24,West_Zone,81.6,0,101.83,45.1,43.9,0,6.25,0
2022-06-25,West_Zone,79.3,0,101.25,57.4,40.4,0,6.25,0
2022-06-26,West_Zone,81.6,0,100.95,57.2,30.5,0,6.25,0
2022-06-27,West_Zone,86.3,0,101.3,55.1,35.3,0,6.25,0
2022-06-28,West_Zone,75.8,0,100.52,58.0,36.0,0,6.25,0
2022-06-29,West_Zone,84.3,0,100.06,49.9,26.2,0,6.25,0
2022-06-30,West_Zone,83.1,0,99.93,52.1,29.6,0,6.25,0
2022-07-01,West_Zone,81.7,1,100.92,52.7,31.8,0,6.25,0
2022-07-02,West_Zone,81.1,1,100.13,57.4,44.6,0,6.25,0
2022-07-03,West_Zone,86.3,1,100.79,57.8,35.9,0,6.25,0
2022-07-04,West_Zone,84.2,1,102.24,55.2,27.4,0,6.25,0
2022-07-05,West_Zone,78.9,1,100.67,54.3,31.9,0,6.25,0
2022-07-06,West_Zone,82.1,1,100.98,55.6,36.2,0,6.25,0
2022-07-07,West_Zone,85.7,1,100.58,51.9,32.7,0,6.25,0
2022-07-08,West_Zone,83.6,1,102.08,59.3,32.2,0,6.25,0
2022-07-09,West_Zone,82.8,1,102.4,52.2,37.7,0,6.25,0
2022-07-10,West_Zone,78.1,1,100.24,54.8,41.0,0,6.25,0
2022-07-11,West_Zone,88.9,1,101.4,51.2,40.1,0,6.25,0
2022-07-12,West_Zone,84.2,1,102.73,57.9,32.5,0,6.25,0
2022-07-13,West_Zone,87.4,1,99.45,52.4,33.2,0,6.25,0
2022-07-14,West_Zone,82.9,1,101.55,61.9,32.5,0,6.25,0
2022-07-15,West_Zone,81.9,1,98.8,52.0,39.3,0,6.25,0
2022-07-16,West_Zone,80.1,1,100.54,57.0,32.1,0,6.25,0
2022-07-17,West_Zone,84.9,1,100.33,50.6,24.4,0,6.25,0
2022-07-18,West_Zone,86.5,1,98.73,51.3,36.4,0,6.25,0
2022-07-19,West_Zone,85.1,1,101.5,53.4,36.6,0,6.25,0
2022-07-20,West_Zone,88.8,1,100.52,54.6,32.0,0,6.25,0
2022-07-21,West_Zone,82.4,1,99.41,49.8,43.3,0,6.25,0
2022-07-22,West_Zone,80.1,1,100.64,51.0,31.3,0,6.25,0
2022-07-23,West_Zone,82.8,1,101.18,53.8,41.1,0,6.25,0
2022-07-24,West_Zone,84.4,1,98.48,54.0,27.3,0,6.25,0
2022-07-25,West_Zone,81.2,1,97.06,51.7,35.4,0,6.25,0
2022-07-26,West_Zone,81.9,1,100.14,52.3,30.0,0,6.25,0
2022-07-27,West_Zone,82.6,1,99.38,47.4,33.6,0,6.25,0
2022-07-28,West_Zone,83.5,1,101.46,55.6,37.8,0,6.25,0
2022-07-29,West_Zone,82.4,1,99.72,56.3,31.2,0,6.25,0
2022-07-30,West_Zone,82.6,1,100.37,57.0,30.5,0,6.25,0
2022-07-31,West_Zone,83.9,1,99.84,53.5,32.9,0,6.25,0
2022-08-01,West_Zone,84.3,1,98.45,50.0,52.8,0,6.25,0
2022-08-02,West_Zone,80.5,1,100.0,51.7,35.0,0,6.25,0
2022-08-03,West_Zone,76.5,1,98.61,53.1,34.7,0,6.25,0
2022-08-04,West_Zone,78.9,1,98.53,52.3,36.2,0,6.25,0
2022-08-05,West_Zone,83.4,1,98.78,49.1,25.4,0,6.25,0
2022-08-06,West_Zone,79.8,1,98.67,45.7,38.6,0,6.25,0
2022-08-07,West_Zone,82.8,1,99.61,50.6,37.6,0,6.25,0
2022-08-08,West_Zone,81.8,1,99.4,51.7,25.1,0,6.25,0
2022-08-09,West_Zone,82.2,1,100.05,54.3,46.0,0,6.25,0
2022-08-10,West_Zone,83.5,1,98.17,50.6,34.0,0,6.25,0
2022-08-11,West_Zone,85.6,1,99.46,51.8,28.4,0,6.25,0
2022-08-12,West_Zone,82.0,1,99.21,53.1,35.6,0,6.25,0
2022-08-13,West_Zone,78.9,1,99.87,59.2,29.5,0,6.25,0
2022-08-14,West_Zone,82.9,1,99.89,52.3,25.9,0,6.25,0
2022-08-15,West_Zone,84.1,1,99.77,46.7,32.6,0,6.25,0
2022-08-16,West_Zone,75.2,1,98.6,49.7,32.9,0,6.25,0
2022-08-17,West_Zone,79.8,1,99.59,60.1,26.1,0,6.25,0
2022-08-18,West_Zone,82.1,1,99.03,58.3,30.1,0,6.25,0
2022-08-19,West_Zone,80.6,1,100.83,57.1,28.8,0,6.25,0
2022-08-20,West_Zone,82.4,1,99.6,55.6,32.2,0,6.25,0
2022-08-21,West_Zone,80.1,1,99.55,55.7,37.2,0,6.25,0
2022-08-22,West_Zone,84.8,1,98.17,51.3,34.7,0,6.25,0
2022-08-23,West_Zone,82.2,1,98.84,56.0,33.8,0,6.25,0
2022-08-24,West_Zone,76.6,1,99.67,56.5,24.9,0,6.25,0
2022-08-25,West_Zone,84.2,1,99.31,56.1,33.9,0,6.25,0
2022-08-26,West_Zone,84.4,1,99.28,50.3,28.6,0,6.25,0
2022-08-27,West_Zone,81.9,1,97.59,50.7,25.4,0,6.25,0
2022-08-28,West_Zone,76.5,1,98.51,49.8,38.4,0,6.25,0
2022-08-29,West_Zone,84.7,1,99.03,56.6,27.3,0,6.25,0
2022-08-30,West_Zone,78.9,1,100.49,54.4,34.5,0,6.25,0
2022-08-31,West_Zone,80.9,1,97.38,53.5,31.6,0,6.25,0
2022-09-01,West_Zone,80.3,1,98.21,54.6,55.2,0,6.25,0
2022-09-02,West_Zone,77.7,1,97.34,46.3,66.1,0,6.25,0
2022-09-03,West_Zone,82.0,1,99.55,56.3,57.0,0,6.25,0
2022-09-04,West_Zone,82.6,1,100.39,51.0,57.3,0,6.25,0
2022-09-05,West_Zone,82.3,1,99.55,51.0,56.3,0,6.25,0
2022-09-06,West_Zone,81.4,1,99.76,49.6,60.9,0,6.25,0
2022-09-07,West_Zone,79.8,1,98.13,52.6,59.2,0,6.25,0
2022-09-08,West_Zone,86.4,1,99.52,52.5,56.5,0,6.25,0
2022-09-09,West_Zone,82.6,1,98.37,46.8,55.4,0,6.25,0
2022-09-10,West_Zone,79.2,1,99.19,45.5,59.8,0,6.25,0
2022-09-11,West_Zone,83.3,1,99.62,52.0,56.7,0,6.25,0
2022-09-12,West_Zone,83.1,1,98.81,55.8,68.6,0,6.25,0
2022-09-13,West_Zone,83.8,1,99.91,55.8,57.4,0,6.25,0
2022-09-14,West_Zone,81.9,1,98.92,56.6,61.7,0,6.25,0
2022-09-15,West_Zone,80.1,1,99.35,51.9,59.5,0,6.25,0
2022-09-16,West_Zone,77.9,1,100.96,52.0,58.6,0,6.25,0
2022-09-17,West_Zone,80.4,1,99.55,52.4,64.5,0,6.25,0
2022-09-18,West_Zone,77.0,1,98.3,55.5,62.9,0,6.25,0
2022-09-19,West_Zone,82.9,1,98.56,58.9,62.8,0,6.25,0
2022-09-20,West_Zone,77.2,1,99.91,51.1,62.7,0,6.25,0
2022-09-21,West_Zone,80.9,1,100.07,52.0,51.9,0,6.25,0
2022-09-22,West_Zone,84.2,1,98.99,52.7,62.2,0,6.25,0
2022-09-23,West_Zone,81.3,1,97.49,50.9,58.8,0,6.25,0
2022-09-24,West_Zone,81.8,1,98.06,49.9,57.4,0,6.25,0
2022-09-25,West_Zone,83.3,1,99.19,52.2,77.3,0,6.25,0
2022-09-26,West_Zone,83.5,1,99.59,49.7,52.6,0,6.25,0
2022-09-27,West_Zone,85.1,1,100.01,55.9,59.5,0,6.25,0
2022-09-28,West_Zone,83.7,1,96.97,57.7,59.1,0,6.25,0
2022-09-29,West_Zone,83.1,1,99.87,51.8,59.6,0,6.25,0
2022-09-30,West_Zone,76.1,1,100.43,59.8,54.9,0,6.25,0
2022-10-01,West_Zone,82.7,1,96.61,51.2,61.1,0,6.25,0
2022-10-02,West_Zone,87.0,1,102.0,51.0,54.4,0,6.25,0
2022-10-03,West_Zone,83.9,1,102.76,56.8,61.4,0,6.25,0
2022-10-04,West_Zone,84.9,1,100.59,49.5,60.8,0,6.25,0
2022-10-05,West_Zone,80.0,1,101.51,56.1,58.8,0,6.25,0
2022-10-06,West_Zone,81.8,1,102.57,55.0,59.6,0,6.25,0
2022-10-07,West_Zone,83.7,1,101.49,52.0,67.9,0,6.25,0
2022-10-08,West_Zone,83.3,1,101.65,51.6,62.9,0,6.25,0
2022-10-09,West_Zone,84.4,1,102.24,50.4,60.9,0,6.25,0
2022-10-10,West_Zone,78.6,1,100.86,57.5,62.1,0,6.25,0
2022-10-11,West_Zone,79.6,1,100.96,52.5,60.2,0,6.25,0
2022-10-12,West_Zone,78.1,1,102.51,55.2,62.8,0,6.25,0
2022-10-13,West_Zone,82.8,1,102.99,54.2,57.0,0,6.25,0
2022-10-14,West_Zone,81.4,1,102.45,53.1,71.1,0,6.25,0
2022-10-15,West_Zone,81.4,1,103.42,55.7,60.9,0,6.25,0
2022-10-16,West_Zone,80.0,1,102.49,56.0,86.1,0,6.25,0
2022-10-17,West_Zone,79.5,1,103.92,55.1,71.1,0,6.25,0
2022-10-18,West_Zone,82.0,1,102.15,53.1,69.5,0,6.25,0
2022-10-19,West_Zone,85.3,1,102.35,49.6,61.2,0,6.25,0
2022-10-20,West_Zone,86.7,1,102.51,51.6,61.8,0,6.25,0
2022-10-21,West_Zone,86.7,1,101.49,52.4,64.7,0,6.25,0
2022-10-22,West_Zone,80.6,1,101.36,53.6,60.7,0,6.25,0
2022-10-23,West_Zone,78.5,1,101.24,46.5,66.0,0,6.25,0
2022-10-24,West_Zone,84.7,1,101.6,56.1,63.2,0,6.25,0
2022-10-25,West_Zone,85.8,1,104.24,56.0,69.0,0,6.25,0
2022-10-26,West_Zone,83.3,1,104.01,52.3,71.0,0,6.25,0
2022-10-27,West_Zone,81.9,1,101.87,50.1,56.7,0,6.25,0
2022-10-28,West_Zone,80.1,1,101.8,51.0,51.3,0,6.25,0
2022-10-29,West_Zone,83.8,1,100.09,47.7,64.4,0,6.25,0
2022-10-30,West_Zone,83.7,1,101.25,52.1,54.5,0,6.25,0
2022-10-31,West_Zone,82.8,1,101.46,52.9,56.6,0,6.25,0
2022-11-01,West_Zone,78.7,1,101.84,57.4,63.8,0,6.25,0
2022-11-02,West_Zone,79.0,1,101.73,55.6,66.1,0,6.25,0
2022-11-03,West_Zone,81.7,1,102.53,59.0,57.2,0,6.25,0
2022-11-04,West_Zone,85.1,1,103.11,54.7,54.8,0,6.25,0
2022-11-05,West_Zone,84.7,1,101.63,50.0,55.9,0,6.25,0
2022-11-06,West_Zone,80.8,1,103.81,61.5,65.6,0,6.25,0
2022-11-07,West_Zone,76.5,1,102.74,52.8,65.9,0,6.25,0
2022-11-08,West_Zone,86.0,1,103.31,48.1,73.7,0,6.25,0
2022-11-09,West_Zone,85.7,1,102.0,54.7,61.2,0,6.25,0
2022-11-10,West_Zone,82.4,1,103.01,47.8,53.4,0,6.25,0
2022-11-11,West_Zone,80.7,1,102.94,53.8,62.3,0,6.25,0
2022-11-12,West_Zone,81.1,1,103.97,52.7,63.9,0,6.25,0
2022-11-13,West_Zone,84.8,1,103.18,56.4,60.8,0,6.25,0
2022-11-14,West_Zone,83.6,1,103.41,58.2,73.0,0,6.25,0
2022-11-15,West_Zone,80.7,1,102.05,52.5,66.8,0,6.25,0
2022-11-16,West_Zone,88.6,1,103.8,52.9,65.8,0,6.25,0
2022-11-17,West_Zone,77.4,1,101.35,56.6,65.2,0,6.25,0
2022-11-18,West_Zone,80.2,1,102.08,50.8,59.9,0,6.25,0
2022-11-19,West_Zone,80.3,1,102.96,54.4,62.3,0,6.25,0
2022-11-20,West_Zone,82.3,1,101.55,55.8,65.7,0,6.25,0
2022-11-21,West_Zone,85.4,1,101.81,50.6,65.3,0,6.25,0
2022-11-22,West_Zone,84.5,1,101.83,52.5,65.7,0,6.25,0
2022-11-23,West_Zone,82.4,1,103.16,54.7,58.5,0,6.25,0
2022-11-24,West_Zone,78.0,1,102.65,59.4,71.6,0,6.25,0
2022-11-25,West_Zone,84.9,1,103.8,49.7,65.4,0,6.25,0
2022-11-26,West_Zone,78.6,1,104.75,54.3,58.2,0,6.25,0
2022-11-27,West_Zone,80.8,1,103.17,59.7,70.6,0,6.25,0
2022-11-28,West_Zone,81.8,1,102.41,57.8,75.8,0,6.25,0
2022-11-29,West_Zone,79.6,1,103.32,53.2,57.7,0,6.25,0
2022-11-30,West_Zone,79.5,1,102.09,53.6,53.6,0,6.25,0
2022-12-01,West_Zone,84.7,1,102.95,56.0,72.4,0,6.25,0
2022-12-02,West_Zone,86.4,1,105.5,57.1,60.6,0,6.25,0
2022-12-03,West_Zone,81.8,1,102.87,59.7,73.8,0,6.25,0
2022-12-04,West_Zone,76.7,1,103.41,58.9,75.2,0,6.25,0
2022-12-05,West_Zone,82.8,1,102.97,48.7,70.7,0,6.25,0
2022-12-06,West_Zone,79.9,1,102.76,47.7,77.7,0,6.25,0
2022-12-07,West_Zone,83.1,1,103.68,52.3,76.3,0,6.25,0
2022-12-08,West_Zone,82.9,1,101.96,46.4,66.9,0,6.25,0
2022-12-09,West_Zone,76.4,1,103.09,59.5,72.2,0,6.25,0
2022-12-10,West_Zone,80.8,1,101.94,47.8,69.4,0,6.25,0
2022-12-11,West_Zone,83.8,1,104.87,53.8,70.4,0,6.25,0
2022-12-12,West_Zone,81.7,1,104.34,51.3,77.7,0,6.25,0
2022-12-13,West_Zone,78.7,1,102.62,47.7,75.1,0,6.25,0
2022-12-14,West_Zone,84.0,1,101.57,58.4,68.4,0,6.25,0
2022-12-15,West_Zone,77.0,1,103.95,52.3,73.1,0,6.25,0
2022-12-16,West_Zone,82.7,1,103.45,62.0,68.2,0,6.25,0
2022-12-17,West_Zone,80.4,1,105.77,60.9,69.6,0,6.25,0
2022-12-18,West_Zone,83.3,1,104.96,55.0,79.7,0,6.25,0
2022-12-19,West_Zone,81.3,1,104.22,46.3,84.7,0,6.25,0
2022-12-20,West_Zone,83.5,1,103.1,52.9,80.9,0,6.25,0
2022-12-21,West_Zone,86.1,1,103.4,63.5,73.4,0,6.25,0
2022-12-22,West_Zone,84.1,1,103.99,56.3,72.9,0,6.25,0
2022-12-23,West_Zone,84.0,1,104.08,54.0,77.1,0,6.25,0
2022-12-24,West_Zone,83.7,1,103.05,51.8,72.5,0,6.25,0
2022-12-25,West_Zone,76.8,1,102.43,57.5,64.9,0,6.25,0
2022-12-26,West_Zone,82.2,1,105.76,56.8,81.1,0,6.25,0
2022-12-27,West_Zone,82.8,1,103.9,55.7,66.1,0,6.25,0
2022-12-28,West_Zone,83.7,1,104.32,59.3,78.0,0,6.25,0
2022-12-29,West_Zone,81.7,1,103.07,58.6,75.8,0,6.25,0
2022-12-30,West_Zone,84.1,1,105.33,56.9,81.3,0,6.25,0
2022-12-31,West_Zone,79.1,1,105.04,48.7,76.3,0,6.25,0
2023-01-01,West_Zone,88.0,1,108.09,52.3,69.1,0,6.5,0
2023-01-02,West_Zone,83.7,1,108.28,53.8,77.4,0,6.5,0
2023-01-03,West_Zone,79.2,1,108.39,56.2,70.2,0,6.5,0
2023-01-04,West_Zone,86.1,1,108.24,62.3,67.1,0,6.5,0
2023-01-05,West_Zone,78.7,1,108.73,64.7,62.8,0,6.5,0
2023-01-06,West_Zone,82.0,1,108.58,58.0,71.4,0,6.5,0
2023-01-07,West_Zone,82.3,1,108.06,58.4,63.6,0,6.5,0
2023-01-08,West_Zone,80.8,1,107.11,49.8,79.2,0,6.5,0
2023-01-09,West_Zone,81.6,1,108.28,54.6,64.1,0,6.5,0
2023-01-10,West_Zone,82.2,1,109.09,54.4,70.1,0,6.5,0
2023-01-11,West_Zone,78.8,1,109.05,54.1,70.3,0,6.5,0
2023-01-12,West_Zone,82.8,1,109.72,59.2,72.9,0,6.5,0
2023-01-13,West_Zone,82.0,1,109.86,55.1,67.7,0,6.5,0
2023-01-14,West_Zone,87.8,1,109.18,49.1,77.7,0,6.5,0
2023-01-15,West_Zone,86.5,1,108.7,59.9,72.8,0,6.5,0
2023-01-16,West_Zone,79.8,1,108.89,61.4,71.9,0,6.5,0
2023-01-17,West_Zone,81.6,1,108.0,57.4,68.7,0,6.5,0
2023-01-18,West_Zone,79.9,1,109.41,56.1,74.7,0,6.5,0
2023-01-19,West_Zone,81.2,1,109.97,53.4,79.0,0,6.5,0
2023-01-20,West_Zone,84.6,1,109.72,53.5,85.5,0,6.5,0
2023-01-21,West_Zone,81.7,1,109.26,61.0,67.3,0,6.5,0
2023-01-22,West_Zone,80.5,1,108.5,53.4,71.3,0,6.5,0
2023-01-23,West_Zone,83.8,1,108.42,64.4,62.5,0,6.5,0
2023-01-24,West_Zone,76.2,1,108.64,60.3,75.4,0,6.5,0
2023-01-25,West_Zone,80.8,1,108.1,57.6,65.2,0,6.5,0
2023-01-26,West_Zone,86.1,1,109.14,67.5,73.4,0,6.5,0
2023-01-27,West_Zone,86.3,1,106.1,60.5,78.2,0,6.5,0
2023-01-28,West_Zone,85.9,1,108.39,54.6,69.9,0,6.5,0
2023-01-29,West_Zone,78.3,1,109.03,52.5,67.3,0,6.5,0
2023-01-30,West_Zone,78.3,1,111.49,55.9,78.6,0,6.5,0
2023-01-31,West_Zone,80.5,1,109.02,56.2,75.6,0,6.5,0
2023-02-01,West_Zone,82.0,1,109.09,53.6,66.4,0,6.5,0
2023-02-02,West_Zone,79.8,1,108.24,51.8,72.7,0,6.5,0
2023-02-03,West_Zone,77.0,1,110.82,58.3,67.7,0,6.5,0
2023-02-04,West_Zone,84.8,1,108.32,59.9,77.3,0,6.5,0
2023-02-05,West_Zone,84.3,1,111.19,64.9,72.6,0,6.5,0
2023-02-06,West_Zone,80.2,1,108.45,56.7,79.6,0,6.5,0
2023-02-07,West_Zone,84.1,1,110.16,59.5,67.3,0,6.5,0
2023-02-08,West_Zone,84.8,1,109.19,49.3,73.1,0,6.5,0
2023-02-09,West_Zone,74.9,1,108.71,59.9,71.9,0,6.5,0
2023-02-10,West_Zone,83.9,1,110.31,53.1,73.3,0,6.5,0
2023-02-11,West_Zone,81.8,1,110.65,58.5,69.2,0,6.5,0
2023-02-12,West_Zone,74.5,1,109.16,56.5,60.7,0,6.5,0
2023-02-13,West_Zone,85.1,1,109.35,55.8,75.4,0,6.5,0
2023-02-14,West_Zone,82.2,1,108.99,50.7,72.3,0,6.5,0
2023-02-15,West_Zone,77.2,1,109.65,53.8,67.8,0,6.5,0
2023-02-16,West_Zone,83.2,1,108.35,52.5,69.5,0,6.5,0
2023-02-17,West_Zone,82.5,1,106.78,53.3,66.2,0,6.5,0
2023-02-18,West_Zone,83.6,1,107.62,60.8,62.7,0,6.5,0
2023-02-19,West_Zone,76.2,1,109.3,55.3,77.2,0,6.5,0
2023-02-20,West_Zone,81.1,1,108.47,53.7,74.9,0,6.5,0
2023-02-21,West_Zone,79.1,1,109.44,59.4,65.2,0,6.5,0
2023-02-22,West_Zone,81.5,1,109.07,57.9,84.6,0,6.5,0
2023-02-23,West_Zone,76.9,1,108.9,64.7,66.4,0,6.5,0
2023-02-24,West_Zone,78.6,1,108.97,60.6,75.6,0,6.5,0
2023-02-25,West_Zone,86.6,1,110.61,49.3,72.0,0,6.5,0
2023-02-26,West_Zone,85.5,1,109.9,60.2,65.7,0,6.5,0
2023-02-27,West_Zone,84.9,1,111.25,60.2,73.7,0,6.5,0
2023-02-28,West_Zone,86.4,1,109.8,63.6,71.1,0,6.5,0
2023-03-01,West_Zone,76.4,1,107.81,55.3,41.8,0,6.5,0
2023-03-02,West_Zone,81.8,1,108.69,60.9,51.6,0,6.5,0
2023-03-03,West_Zone,82.7,1,109.87,55.5,48.1,0,6.5,0
2023-03-04,West_Zone,80.8,1,110.01,58.2,48.6,0,6.5,0
2023-03-05,West_Zone,76.4,1,109.2,52.5,43.9,0,6.5,0
2023-03-06,West_Zone,84.7,1,109.0,51.1,46.8,0,6.5,0
2023-03-07,West_Zone,83.9,1,109.21,60.2,44.9,0,6.5,1
2023-03-08,West_Zone,80.1,1,109.68,56.9,47.5,0,6.5,0
2023-03-09,West_Zone,84.5,1,109.79,51.8,40.1,0,6.5,0
2023-03-10,West_Zone,82.4,1,108.76,59.8,33.1,0,6.5,1
2023-03-11,West_Zone,83.9,1,110.11,46.1,51.8,0,6.5,0
2023-03-12,West_Zone,79.3,1,110.12,53.8,44.9,0,6.5,0
2023-03-13,West_Zone,82.7,1,109.78,50.3,47.9,0,6.5,1
2023-03-14,West_Zone,82.7,1,109.21,61.5,41.6,0,6.5,0
2023-03-15,West_Zone,81.3,1,110.58,55.5,43.9,0,6.5,0
2023-03-16,West_Zone,74.0,1,111.25,57.8,52.6,0,6.5,1
2023-03-17,West_Zone,82.5,1,109.48,58.0,46.8,0,6.5,0
2023-03-18,West_Zone,82.7,1,109.31,60.0,56.0,0,6.5,1
2023-03-19,West_Zone,79.2,1,110.41,59.9,49.5,0,6.5,1
2023-03-20,West_Zone,83.7,1,108.79,59.7,41.7,0,6.5,1
2023-03-21,West_Zone,82.7,1,108.69,55.4,47.2,0,6.5,0
2023-03-22,West_Zone,83.2,1,109.32,60.1,53.4,0,6.5,0
2023-03-23,West_Zone,80.9,1,110.28,54.5,46.1,0,6.5,0
2023-03-24,West_Zone,76.9,1,109.1,55.0,48.2,0,6.5,1
2023-03-25,West_Zone,76.9,1,109.97,50.8,52.1,0,6.5,1
2023-03-26,West_Zone,84.1,1,107.98,62.9,33.3,0,6.5,1
2023-03-27,West_Zone,78.7,1,110.61,53.3,48.5,0,6.5,1
2023-03-28,West_Zone,79.6,1,111.44,63.2,51.7,0,6.5,0
2023-03-29,West_Zone,84.5,1,109.09,58.8,41.2,0,6.5,0
2023-03-30,West_Zone,75.6,1,110.44,58.0,50.2,0,6.5,0
2023-03-31,West_Zone,77.2,1,109.79,58.4,45.0,0,6.5,1
2023-04-01,West_Zone,84.4,1,110.11,52.8,36.5,0,6.5,1
2023-04-02,West_Zone,82.3,1,109.75,63.3,49.0,0,6.5,0
2023-04-03,West_Zone,76.0,1,109.7,55.4,45.0,0,6.5,0
2023-04-04,West_Zone,80.7,1,109.16,60.7,44.6,0,6.5,1
2023-04-05,West_Zone,82.5,1,108.9,54.4,48.2,0,6.5,0
2023-04-06,West_Zone,78.7,1,111.09,51.7,40.3,0,6.5,0
2023-04-07,West_Zone,77.7,1,108.31,64.3,48.9,0,6.5,0
2023-04-08,West_Zone,76.9,1,109.97,54.6,40.4,0,6.5,0
2023-04-09,West_Zone,84.5,1,109.92,58.8,52.6,0,6.5,1
2023-04-10,West_Zone,85.1,1,109.93,44.9,50.7,0,6.5,0
2023-04-11,West_Zone,84.3,1,110.64,57.0,52.7,0,6.5,0
2023-04-12,West_Zone,85.7,1,109.6,59.3,47.3,0,6.5,0
2023-04-13,West_Zone,85.8,1,110.61,57.8,42.9,0,6.5,1
2023-04-14,West_Zone,77.5,1,111.94,57.4,41.4,0,6.5,1
2023-04-15,West_Zone,85.0,1,109.79,56.1,41.1,0,6.5,0
2023-04-16,West_Zone,82.3,1,107.9,59.6,44.1,0,6.5,1
2023-04-17,West_Zone,87.7,1,109.78,51.7,41.6,0,6.5,0
2023-04-18,West_Zone,92.2,1,109.68,55.9,46.6,0,6.5,0
2023-04-19,West_Zone,81.4,1,110.31,62.9,41.0,0,6.5,1
2023-04-20,West_Zone,81.1,1,107.9,50.2,41.9,0,6.5,1
2023-04-21,West_Zone,80.8,1,110.21,56.7,43.1,0,6.5,0
2023-04-22,West_Zone,82.2,1,109.45,52.4,41.1,0,6.5,0
2023-04-23,West_Zone,82.7,1,110.66,58.5,43.3,0,6.5,0
2023-04-24,West_Zone,89.9,1,109.33,56.9,47.9,0,6.5,0
2023-04-25,West_Zone,82.4,1,110.7,53.5,40.6,0,6.5,0
2023-04-26,West_Zone,80.7,1,108.31,56.4,39.0,0,6.5,1
2023-04-27,West_Zone,82.0,1,109.82,57.2,44.1,0,6.5,1
2023-04-28,West_Zone,79.5,1,108.82,54.1,39.3,0,6.5,0
2023-04-29,West_Zone,77.0,1,109.29,55.0,51.7,0,6.5,1
2023-04-30,West_Zone,81.6,1,112.48,55.4,41.5,0,6.5,1
2023-05-01,West_Zone,89.0,1,108.79,47.4,45.2,1,6.5,1
2023-05-02,West_Zone,84.7,1,109.35,60.4,47.3,1,6.5,0
2023-05-03,West_Zone,80.6,1,108.56,61.2,38.7,1,6.5,0
2023-05-04,West_Zone,83.1,1,109.38,49.8,40.8,1,6.5,0
2023-05-05,West_Zone,89.5,1,109.52,61.6,41.8,1,6.5,0
2023-05-06,West_Zone,82.6,1,108.92,58.2,48.9,1,6.5,1
2023-05-07,West_Zone,79.3,1,111.21,53.1,54.2,1,6.5,1
2023-05-08,West_Zone,82.2,1,110.77,56.5,54.3,1,6.5,1
2023-05-09,West_Zone,83.9,1,108.65,53.6,51.4,1,6.5,0
2023-05-10,West_Zone,83.2,1,110.39,60.8,38.8,1,6.5,0
2023-05-11,West_Zone,86.4,1,109.07,53.0,40.6,1,6.5,1
2023-05-12,West_Zone,82.3,1,108.3,64.8,51.9,1,6.5,1
2023-05-13,West_Zone,75.0,1,108.79,61.2,52.6,1,6.5,0
2023-05-14,West_Zone,83.4,1,108.23,51.4,49.0,1,6.5,1
2023-05-15,West_Zone,83.2,1,110.4,63.7,49.0,1,6.5,0
2023-05-16,West_Zone,83.0,1,108.56,59.3,42.9,1,6.5,0
2023-05-17,West_Zone,79.5,1,110.7,56.7,53.6,1,6.5,0
2023-05-18,West_Zone,88.0,1,109.53,59.5,41.3,1,6.5,1
2023-05-19,West_Zone,78.7,1,108.96,60.3,36.9,1,6.5,0
2023-05-20,West_Zone,79.1,1,108.83,53.5,49.0,1,6.5,0
2023-05-21,West_Zone,81.3,1,111.06,60.8,42.1,1,6.5,0
2023-05-22,West_Zone,86.0,1,109.29,55.0,38.5,1,6.5,0
2023-05-23,West_Zone,86.1,1,108.75,59.8,49.4,1,6.5,1
2023-05-24,West_Zone,83.9,1,110.08,56.5,35.9,1,6.5,1
2023-05-25,West_Zone,84.7,1,109.79,52.9,47.3,1,6.5,0
2023-05-26,West_Zone,78.1,1,108.19,58.8,42.8,1,6.5,1
2023-05-27,West_Zone,76.9,1,109.15,55.1,53.0,1,6.5,0
2023-05-28,West_Zone,80.9,1,107.31,56.5,47.3,1,6.5,1
2023-05-29,West_Zone,84.7,1,109.06,58.3,50.4,1,6.5,0
2023-05-30,West_Zone,84.7,1,109.38,62.6,39.6,1,6.5,0
2023-05-31,West_Zone,79.4,1,109.48,55.0,36.5,1,6.5,0
2023-06-01,West_Zone,79.1,1,108.0,52.8,32.2,0,6.5,0
2023-06-02,West_Zone,85.5,1,108.23,62.9,37.1,0,6.5,0
2023-06-03,West_Zone,82.6,1,109.19,56.7,34.4,0,6.5,0
2023-06-04,West_Zone,75.8,1,110.16,54.9,39.8,0,6.5,0
2023-06-05,West_Zone,78.6,1,108.97,58.0,36.7,0,6.5,0
2023-06-06,West_Zone,83.5,1,108.29,54.9,28.8,0,6.5,0
2023-06-07,West_Zone,78.4,1,109.79,55.8,36.3,0,6.5,0
2023-06-08,West_Zone,79.0,1,108.92,66.9,34.9,0,6.5,0
2023-06-09,West_Zone,79.2,1,108.93,52.6,40.4,0,6.5,0
2023-06-10,West_Zone,84.6,1,109.52,51.1,29.4,0,6.5,0
2023-06-11,West_Zone,82.0,1,108.59,61.3,30.7,0,6.5,0
2023-06-12,West_Zone,87.0,1,107.73,54.6,36.0,0,6.5,0
2023-06-13,West_Zone,80.7,1,108.47,57.7,41.1,0,6.5,0
2023-06-14,West_Zone,81.4,1,109.71,59.4,33.0,0,6.5,0
2023-06-15,West_Zone,83.0,1,110.45,50.2,37.0,0,6.5,0
2023-06-16,West_Zone,80.1,1,107.31,60.5,34.2,0,6.5,0
2023-06-17,West_Zone,77.2,1,110.13,54.8,33.8,0,6.5,0
2023-06-18,West_Zone,80.9,1,108.09,63.8,39.8,0,6.5,0
2023-06-19,West_Zone,79.8,1,108.45,53.2,34.5,0,6.5,0
2023-06-20,West_Zone,81.6,1,110.09,63.3,31.8,0,6.5,0
2023-06-21,West_Zone,80.2,1,107.95,63.2,31.5,0,6.5,0
2023-06-22,West_Zone,83.4,1,108.05,54.3,32.5,0,6.5,0
2023-06-23,West_Zone,80.9,1,107.65,55.3,30.5,0,6.5,0
2023-06-24,West_Zone,77.2,1,108.3,55.1,32.8,0,6.5,0
2023-06-25,West_Zone,80.1,1,108.54,62.5,34.3,0,6.5,0
2023-06-26,West_Zone,78.4,1,107.5,56.7,35.4,0,6.5,0
2023-06-27,West_Zone,87.8,1,109.61,59.0,29.1,0,6.5,0
2023-06-28,West_Zone,82.1,1,107.37,55.4,31.9,0,6.5,0
2023-06-29,West_Zone,84.0,1,108.58,58.3,32.1,0,6.5,0
2023-06-30,West_Zone,81.7,1,108.08,58.4,30.2,0,6.5,0
2023-07-01,West_Zone,87.5,1,109.26,54.3,31.1,0,6.5,0
2023-07-02,West_Zone,78.2,1,107.18,63.0,38.5,0,6.5,0
2023-07-03,West_Zone,79.6,1,108.52,55.6,40.8,0,6.5,0
2023-07-04,West_Zone,85.3,1,110.34,61.3,32.4,0,6.5,0
2023-07-05,West_Zone,80.4,1,106.44,50.5,30.4,0,6.5,0
2023-07-06,West_Zone,79.8,1,106.94,58.5,33.6,0,6.5,0
2023-07-07,West_Zone,80.3,1,109.89,61.2,34.4,0,6.5,0
2023-07-08,West_Zone,87.8,1,107.64,57.1,37.5,0,6.5,0
2023-07-09,West_Zone,88.1,1,107.86,60.4,32.0,0,6.5,0
2023-07-10,West_Zone,83.2,1,107.38,53.1,31.3,0,6.5,0
2023-07-11,West_Zone,82.6,1,109.33,58.6,46.3,0,6.5,0
2023-07-12,West_Zone,84.4,1,106.03,49.3,27.5,0,6.5,0
2023-07-13,West_Zone,83.2,1,108.84,57.1,38.5,0,6.5,0
2023-07-14,West_Zone,82.5,1,106.1,52.3,41.4,0,6.5,0
2023-07-15,West_Zone,80.6,1,105.97,55.1,32.7,0,6.5,0
2023-07-16,West_Zone,80.2,1,106.42,61.1,36.2,0,6.5,0
2023-07-17,West_Zone,83.5,1,107.34,62.9,25.6,0,6.5,0
2023-07-18,West_Zone,82.4,1,106.73,50.6,34.1,0,6.5,0
2023-07-19,West_Zone,86.4,1,106.63,60.6,39.8,0,6.5,0
2023-07-20,West_Zone,81.2,1,106.45,61.2,34.6,0,6.5,0
2023-07-21,West_Zone,79.2,1,106.43,56.9,34.2,0,6.5,0
2023-07-22,West_Zone,77.6,1,106.38,61.0,42.7,0,6.5,0
2023-07-23,West_Zone,79.7,1,107.51,54.3,38.1,0,6.5,0
2023-07-24,West_Zone,77.7,1,106.61,53.6,37.5,0,6.5,0
2023-07-25,West_Zone,85.4,1,104.55,52.8,29.9,0,6.5,0
2023-07-26,West_Zone,80.7,1,107.14,58.7,21.8,0,6.5,0
2023-07-27,West_Zone,79.7,1,107.9,55.8,35.9,0,6.5,0
2023-07-28,West_Zone,83.4,1,106.84,52.9,34.0,0,6.5,0
2023-07-29,West_Zone,87.8,1,105.83,52.7,37.8,0,6.5,0
2023-07-30,West_Zone,80.7,1,107.8,56.1,34.6,0,6.5,0
2023-07-31,West_Zone,78.6,1,105.65,51.9,34.2,0,6.5,0
2023-08-01,West_Zone,80.8,1,106.68,58.3,34.2,0,6.5,0
2023-08-02,West_Zone,76.4,1,106.95,60.6,28.5,0,6.5,0
2023-08-03,West_Zone,83.5,1,108.02,60.1,24.8,0,6.5,0
2023-08-04,West_Zone,83.7,1,107.49,67.6,29.6,0,6.5,0
2023-08-05,West_Zone,80.7,1,107.12,57.5,28.5,0,6.5,0
2023-08-06,West_Zone,78.6,1,107.78,62.9,33.8,0,6.5,0
2023-08-07,West_Zone,89.2,1,105.67,56.0,25.8,0,6.5,0
2023-08-08,West_Zone,78.3,1,108.38,55.2,31.6,0,6.5,0
2023-08-09,West_Zone,79.7,1,103.7,55.0,43.6,0,6.5,0
2023-08-10,West_Zone,82.1,1,108.17,56.9,33.6,0,6.5,0
2023-08-11,West_Zone,84.6,1,105.87,54.9,34.2,0,6.5,0
2023-08-12,West_Zone,81.5,1,107.07,51.5,34.1,0,6.5,0
2023-08-13,West_Zone,82.1,1,108.11,52.3,35.1,0,6.5,0
2023-08-14,West_Zone,83.8,1,107.2,60.4,31.4,0,6.5,0
2023-08-15,West_Zone,91.6,1,106.99,59.1,33.2,0,6.5,0
2023-08-16,West_Zone,80.3,1,107.46,63.1,31.3,0,6.5,0
2023-08-17,West_Zone,80.5,1,105.08,53.5,26.5,0,6.5,0
2023-08-18,West_Zone,81.7,1,105.21,53.1,39.9,0,6.5,0
2023-08-19,West_Zone,84.0,1,106.79,51.1,29.6,0,6.5,0
2023-08-20,West_Zone,89.6,1,106.3,59.7,42.0,0,6.5,0
2023-08-21,West_Zone,81.7,1,106.16,51.9,30.2,0,6.5,0
2023-08-22,West_Zone,83.7,1,107.69,56.0,27.2,0,6.5,0
2023-08-23,West_Zone,75.5,1,107.58,57.3,43.7,0,6.5,0
2023-08-24,West_Zone,82.2,1,105.49,48.9,26.6,0,6.5,0
2023-08-25,West_Zone,82.0,1,106.83,58.8,22.7,0,6.5,0
2023-08-26,West_Zone,85.1,1,104.8,59.0,26.8,0,6.5,0
2023-08-27,West_Zone,80.4,1,104.76,56.0,33.3,0,6.5,0
2023-08-28,West_Zone,78.3,1,105.44,54.8,27.3,0,6.5,0
2023-08-29,West_Zone,82.7,1,106.26,55.4,31.2,0,6.5,0
2023-08-30,West_Zone,77.3,1,105.64,60.9,23.8,0,6.5,0
2023-08-31,West_Zone,79.6,1,106.72,55.9,39.4,0,6.5,0
2023-09-01,West_Zone,82.2,1,106.24,55.4,62.1,0,6.5,0
2023-09-02,West_Zone,74.8,1,107.35,53.2,53.7,0,6.5,0
2023-09-03,West_Zone,81.2,1,106.77,44.5,48.4,0,6.5,0
2023-09-04,West_Zone,86.7,1,105.17,59.5,55.5,0,6.5,0
2023-09-05,West_Zone,77.2,1,107.09,55.8,63.3,0,6.5,0
2023-09-06,West_Zone,79.9,1,105.32,51.6,65.4,0,6.5,0
2023-09-07,West_Zone,83.8,1,106.58,64.1,58.8,0,6.5,0
2023-09-08,West_Zone,84.4,1,105.66,57.0,57.5,0,6.5,0
2023-09-09,West_Zone,82.2,1,107.46,55.2,57.1,0,6.5,0
2023-09-10,West_Zone,81.4,1,106.86,59.8,61.5,0,6.5,0
2023-09-11,West_Zone,87.0,1,105.42,56.6,64.4,0,6.5,0
2023-09-12,West_Zone,82.6,1,105.72,56.7,59.3,0,6.5,0
2023-09-13,West_Zone,78.8,1,109.36,54.3,58.1,0,6.5,0
2023-09-14,West_Zone,82.4,1,104.82,57.7,63.9,0,6.5,0
2023-09-15,West_Zone,81.6,1,105.35,58.9,67.5,0,6.5,0
2023-09-16,West_Zone,80.7,1,105.39,52.7,58.6,0,6.5,0
2023-09-17,West_Zone,77.0,1,104.9,47.4,60.4,0,6.5,0
2023-09-18,West_Zone,82.0,1,104.99,58.8,56.2,0,6.5,0
2023-09-19,West_Zone,83.7,1,105.93,57.9,60.4,0,6.5,0
2023-09-20,West_Zone,84.3,1,106.51,59.0,55.4,0,6.5,0
2023-09-21,West_Zone,82.0,1,104.43,55.0,67.1,0,6.5,0
2023-09-22,West_Zone,82.1,1,105.52,59.1,64.4,0,6.5,0
2023-09-23,West_Zone,80.3,1,105.21,52.5,68.7,0,6.5,0
2023-09-24,West_Zone,84.9,1,104.84,54.2,57.2,0,6.5,0
2023-09-25,West_Zone,78.4,1,107.01,51.6,70.4,0,6.5,0
2023-09-26,West_Zone,80.4,1,105.24,59.7,61.2,0,6.5,0
2023-09-27,West_Zone,79.6,1,104.63,54.7,59.3,0,6.5,0
2023-09-28,West_Zone,81.7,1,106.88,56.7,66.3,0,6.5,0
2023-09-29,West_Zone,85.9,1,107.25,57.6,54.9,0,6.5,0
2023-09-30,West_Zone,78.4,1,106.24,54.5,60.2,0,6.5,0
2023-10-01,West_Zone,82.8,1,105.06,58.3,59.2,0,6.5,0
2023-10-02,West_Zone,82.9,1,105.72,61.9,62.1,0,6.5,0
2023-10-03,West_Zone,79.1,1,105.35,59.1,57.8,0,6.5,0
2023-10-04,West_Zone,81.4,1,105.95,48.5,57.3,0,6.5,0
2023-10-05,West_Zone,79.3,1,106.72,56.1,58.1,0,6.5,0
2023-10-06,West_Zone,82.3,1,105.98,56.0,58.5,0,6.5,0
2023-10-07,West_Zone,81.6,1,106.01,60.4,72.4,0,6.5,0
2023-10-08,West_Zone,86.5,1,105.5,53.0,66.4,0,6.5,0
2023-10-09,West_Zone,79.7,1,106.69,51.5,49.2,0,6.5,0
2023-10-10,West_Zone,81.5,1,106.39,58.9,63.8,0,6.5,0
2023-10-11,West_Zone,80.9,1,104.19,54.6,57.6,0,6.5,0
2023-10-12,West_Zone,86.1,1,104.26,52.2,59.1,0,6.5,0
2023-10-13,West_Zone,80.5,1,105.71,54.2,54.6,0,6.5,0
2023-10-14,West_Zone,79.3,1,107.02,50.2,60.2,0,6.5,0
2023-10-15,West_Zone,79.7,1,107.23,56.6,58.0,0,6.5,0
2023-10-16,West_Zone,79.6,1,106.83,54.5,58.9,0,6.5,0
2023-10-17,West_Zone,80.3,1,105.93,57.5,62.9,0,6.5,0
2023-10-18,West_Zone,79.4,1,107.55,55.2,63.2,0,6.5,0
2023-10-19,West_Zone,82.0,1,105.38,55.3,79.1,0,6.5,0
2023-10-20,West_Zone,78.1,1,105.77,53.5,57.0,0,6.5,0
2023-10-21,West_Zone,83.7,1,104.7,53.9,75.4,0,6.5,0
2023-10-22,West_Zone,82.1,1,105.79,50.8,63.2,0,6.5,0
2023-10-23,West_Zone,86.9,1,105.28,59.2,60.4,0,6.5,0
2023-10-24,West_Zone,83.4,1,107.7,55.9,68.4,0,6.5,0
2023-10-25,West_Zone,83.1,1,107.51,48.0,68.8,0,6.5,0
2023-10-26,West_Zone,88.0,1,106.25,49.2,60.8,0,6.5,0
2023-10-27,West_Zone,83.3,1,106.67,59.8,61.5,0,6.5,0
2023-10-28,West_Zone,81.4,1,105.61,55.1,54.0,0,6.5,0
2023-10-29,West_Zone,79.4,1,103.7,54.4,66.3,0,6.5,0
2023-10-30,West_Zone,86.4,1,105.49,55.2,59.5,0,6.5,0
2023-10-31,West_Zone,79.0,1,107.01,57.8,62.2,0,6.5,0
2023-11-01,West_Zone,78.6,1,106.72,61.8,67.9,0,6.5,0
2023-11-02,West_Zone,78.6,1,105.91,57.1,61.1,0,6.5,0
2023-11-03,West_Zone,79.7,1,107.06,57.1,60.2,0,6.5,0
2023-11-04,West_Zone,82.1,1,105.87,53.1,72.3,0,6.5,0
2023-11-05,West_Zone,81.2,1,105.22,48.9,55.0,0,6.5,0
2023-11-06,West_Zone,83.6,1,107.12,57.7,58.1,0,6.5,0
2023-11-07,West_Zone,78.7,1,105.79,57.5,59.2,0,6.5,0
2023-11-08,West_Zone,79.4,1,107.44,60.4,60.5,0,6.5,0
2023-11-09,West_Zone,82.5,1,104.44,61.6,66.9,0,6.5,0
2023-11-10,West_Zone,79.1,1,105.89,50.7,64.6,0,6.5,0
2023-11-11,West_Zone,77.9,1,107.08,53.4,57.1,0,6.5,0
2023-11-12,West_Zone,77.4,1,107.0,58.5,71.9,0,6.5,0
2023-11-13,West_Zone,81.9,1,106.31,55.5,67.0,0,6.5,0
2023-11-14,West_Zone,81.8,1,106.84,61.5,51.4,0,6.5,0
2023-11-15,West_Zone,81.7,1,106.72,54.9,58.9,0,6.5,0
2023-11-16,West_Zone,85.7,1,105.11,63.0,53.5,0,6.5,0
2023-11-17,West_Zone,82.9,1,106.26,55.7,72.2,0,6.5,0
2023-11-18,West_Zone,82.0,1,106.88,62.3,63.9,0,6.5,0
2023-11-19,West_Zone,86.0,1,107.18,46.2,69.5,0,6.5,0
2023-11-20,West_Zone,84.9,1,106.64,57.6,59.8,0,6.5,0
2023-11-21,West_Zone,79.8,1,106.18,55.6,55.9,0,6.5,0
2023-11-22,West_Zone,84.5,1,105.42,46.8,70.0,0,6.5,0
2023-11-23,West_Zone,87.3,1,107.54,56.0,48.5,0,6.5,0
2023-11-24,West_Zone,87.3,1,107.45,51.0,61.6,0,6.5,0
2023-11-25,West_Zone,84.9,1,107.83,54.1,59.6,0,6.5,0
2023-11-26,West_Zone,83.2,1,105.79,56.5,54.9,0,6.5,0
2023-11-27,West_Zone,82.9,1,107.02,55.3,58.7,0,6.5,0
2023-11-28,West_Zone,86.4,1,106.23,56.9,51.9,0,6.5,0
2023-11-29,West_Zone,78.0,1,107.0,56.4,67.8,0,6.5,0
2023-11-30,West_Zone,85.8,1,109.89,66.4,72.1,0,6.5,0
2023-12-01,West_Zone,82.4,1,107.92,57.2,76.6,0,6.5,0
2023-12-02,West_Zone,79.2,1,106.29,56.0,69.6,0,6.5,0
2023-12-03,West_Zone,78.5,1,106.82,57.4,78.7,0,6.5,0
2023-12-04,West_Zone,76.9,1,106.74,55.6,72.2,0,6.5,0
2023-12-05,West_Zone,83.7,1,107.26,49.6,77.4,0,6.5,0
2023-12-06,West_Zone,87.8,1,105.64,58.0,74.8,0,6.5,0
2023-12-07,West_Zone,80.5,1,107.52,61.2,71.8,0,6.5,0
2023-12-08,West_Zone,79.4,1,105.11,61.3,77.0,0,6.5,0
2023-12-09,West_Zone,85.6,1,105.59,58.0,92.9,0,6.5,0
2023-12-10,West_Zone,82.3,1,109.29,55.6,66.3,0,6.5,0
2023-12-11,West_Zone,85.8,1,106.96,56.8,71.4,0,6.5,0
2023-12-12,West_Zone,79.1,1,108.78,63.7,65.5,0,6.5,0
2023-12-13,West_Zone,84.0,1,106.58,54.7,74.1,0,6.5,0
2023-12-14,West_Zone,87.4,1,105.32,50.4,73.1,0,6.5,0
2023-12-15,West_Zone,78.9,1,106.41,64.4,81.7,0,6.5,0
2023-12-16,West_Zone,81.0,1,110.18,53.0,70.7,0,6.5,0
2023-12-17,West_Zone,80.9,1,106.11,49.2,76.8,0,6.5,0
2023-12-18,West_Zone,84.2,1,109.33,58.0,61.6,0,6.5,0
2023-12-19,West_Zone,85.8,1,107.94,57.8,72.8,0,6.5,0
2023-12-20,West_Zone,80.0,1,107.74,57.9,67.7,0,6.5,0
2023-12-21,West_Zone,89.5,1,106.91,59.3,75.0,0,6.5,0
2023-12-22,West_Zone,82.2,1,106.79,55.1,77.8,0,6.5,0
2023-12-23,West_Zone,80.3,1,108.29,55.7,69.0,0,6.5,0
2023-12-24,West_Zone,86.3,1,109.08,54.3,74.7,0,6.5,0
2023-12-25,West_Zone,82.4,1,107.99,56.7,70.2,0,6.5,0
2023-12-26,West_Zone,80.9,1,108.57,58.6,72.2,0,6.5,0
2023-12-27,West_Zone,80.4,1,107.44,59.6,74.1,0,6.5,0
2023-12-28,West_Zone,88.3,1,110.07,53.4,67.0,0,6.5,0
2023-12-29,West_Zone,79.0,1,108.17,51.3,67.0,0,6.5,0
2023-12-30,West_Zone,85.4,1,110.0,60.5,76.3,0,6.5,0
2023-12-31,West_Zone,79.6,1,107.03,53.7,68.6,0,6.5,0
