Date,Region,Humidity_pct,Rainfall_mm,Heat_Index_C,Wind_Speed_kmph,UV_Index,Extreme_Weather_Flag
2021-01-01,East_Zone,80.5,0.0,15.0,4.9,2.9,0
2021-01-02,East_Zone,73.9,0.0,14.8,10.8,4.2,0
2021-01-03,East_Zone,82.5,0.0,15.5,9.3,4.1,0
2021-01-04,East_Zone,85.6,0.0,11.9,8.0,3.2,0
2021-01-05,East_Zone,68.8,0.0,15.7,5.5,3.5,0
2021-01-06,East_Zone,73.6,0.0,13.1,3.0,3.4,0
2021-01-07,East_Zone,80.1,0.0,14.2,6.6,3.6,0
2021-01-08,East_Zone,79.1,0.3,12.2,9.3,3.0,0
2021-01-09,East_Zone,77.7,0.0,17.1,7.2,3.3,0
2021-01-10,East_Zone,76.3,0.4,12.4,1.2,3.2,0
2021-01-11,East_Zone,82.1,0.0,17.1,6.3,3.4,0
2021-01-12,East_Zone,83.1,0.0,14.6,1.0,3.3,0
2021-01-13,East_Zone,82.8,0.0,9.2,8.4,1.9,0
2021-01-14,East_Zone,84.0,0.0,16.0,3.9,3.6,0
2021-01-15,East_Zone,79.4,0.0,18.2,2.3,3.3,0
2021-01-16,East_Zone,73.4,0.0,17.2,8.5,2.5,0
2021-01-17,East_Zone,81.0,3.2,14.8,7.7,3.3,0
2021-01-18,East_Zone,75.3,0.0,13.2,6.7,3.2,0
2021-01-19,East_Zone,79.8,0.0,21.0,12.6,4.6,0
2021-01-20,East_Zone,78.0,2.3,16.2,7.9,3.2,0
2021-01-21,East_Zone,78.3,0.0,14.6,4.1,3.9,0
2021-01-22,East_Zone,74.0,0.1,17.6,7.6,4.5,0
2021-01-23,East_Zone,84.8,0.0,15.5,5.1,3.1,0
2021-01-24,East_Zone,81.3,1.9,9.8,9.8,3.2,0
2021-01-25,East_Zone,75.2,0.0,17.7,6.8,4.7,0
2021-01-26,East_Zone,74.7,0.0,19.3,7.1,3.9,0
2021-01-27,East_Zone,83.6,0.0,11.8,1.7,3.6,0
2021-01-28,East_Zone,80.9,0.0,14.8,6.2,3.2,0
2021-01-29,East_Zone,82.4,0.0,12.7,5.8,3.8,0
2021-01-30,East_Zone,77.6,0.0,20.9,2.9,3.8,0
2021-01-31,East_Zone,87.5,0.0,18.7,5.3,2.6,0
2021-02-01,East_Zone,75.0,0.0,18.2,7.3,3.4,0
2021-02-02,East_Zone,74.9,0.0,17.6,6.0,2.9,0
2021-02-03,East_Zone,80.3,0.0,6.1,1.8,3.1,0
2021-02-04,East_Zone,83.2,0.0,13.1,5.2,2.9,0
2021-02-05,East_Zone,84.4,0.0,15.4,4.6,3.8,0
2021-02-06,East_Zone,79.9,1.1,12.5,6.6,3.4,0
2021-02-07,East_Zone,76.1,0.0,12.9,6.3,2.6,0
2021-02-08,East_Zone,76.1,0.0,13.0,4.8,3.1,0
2021-02-09,East_Zone,83.1,0.0,13.6,4.6,3.8,0
2021-02-10,East_Zone,81.9,0.0,16.4,6.2,4.3,0
2021-02-11,East_Zone,79.9,0.0,18.1,8.9,3.1,0
2021-02-12,East_Zone,77.6,0.0,11.8,6.8,2.7,0
2021-02-13,East_Zone,81.0,0.0,13.6,10.3,4.6,0
2021-02-14,East_Zone,79.2,0.0,15.7,9.4,3.5,0
2021-02-15,East_Zone,82.1,0.5,11.6,10.5,3.4,0
2021-02-16,East_Zone,85.0,0.0,12.2,10.1,2.9,0
2021-02-17,East_Zone,79.5,0.0,16.1,10.7,3.7,0
2021-02-18,East_Zone,81.3,0.0,16.9,2.5,4.6,0
2021-02-19,East_Zone,80.2,0.0,13.6,7.9,3.6,0
2021-02-20,East_Zone,79.6,0.0,16.4,9.7,4.2,0
2021-02-21,East_Zone,80.1,0.0,18.5,10.2,3.7,0
2021-02-22,East_Zone,74.2,0.0,10.9,3.7,2.7,0
2021-02-23,East_Zone,72.1,0.0,23.8,8.0,3.5,0
2021-02-24,East_Zone,72.4,0.0,22.1,6.2,3.2,0
2021-02-25,East_Zone,75.4,0.0,15.7,11.5,3.7,0
2021-02-26,East_Zone,77.7,0.0,14.9,1.8,4.2,0
2021-02-27,East_Zone,86.4,0.0,15.1,3.7,3.6,0
2021-02-28,East_Zone,75.8,0.0,13.2,1.0,3.2,0
2021-03-01,East_Zone,45.8,0.0,47.3,6.4,9.2,0
2021-03-02,East_Zone,37.7,0.0,29.2,12.8,9.5,0
2021-03-03,East_Zone,43.5,0.0,32.0,5.9,8.6,0
2021-03-04,East_Zone,40.3,0.0,50.6,6.3,9.1,0
2021-03-05,East_Zone,45.2,0.0,41.6,7.7,10.1,0
2021-03-06,East_Zone,49.6,0.0,30.8,5.7,9.1,0
2021-03-07,East_Zone,48.8,0.0,34.1,7.1,9.2,0
2021-03-08,East_Zone,39.8,0.0,42.0,7.2,9.5,0
2021-03-09,East_Zone,36.5,0.0,51.0,3.5,10.3,0
2021-03-10,East_Zone,46.0,0.0,44.3,5.7,9.7,0
2021-03-11,East_Zone,43.0,0.0,35.2,8.2,9.0,0
2021-03-12,East_Zone,33.7,3.4,44.5,8.8,9.3,0
2021-03-13,East_Zone,36.0,0.0,40.3,9.9,9.5,0
2021-03-14,East_Zone,36.4,0.0,42.7,7.0,9.9,0
2021-03-15,East_Zone,46.3,0.0,36.6,7.1,9.4,0
2021-03-16,East_Zone,43.2,0.0,39.9,8.3,9.5,0
2021-03-17,East_Zone,49.6,0.0,30.7,4.2,9.3,0
2021-03-18,East_Zone,33.0,0.0,65.4,4.1,10.1,1
2021-03-19,East_Zone,42.9,0.0,41.3,5.6,9.1,0
2021-03-20,East_Zone,44.1,0.0,46.2,2.2,10.3,0
2021-03-21,East_Zone,42.4,0.0,35.2,7.2,9.1,0
2021-03-22,East_Zone,43.7,0.0,44.4,9.1,9.7,0
2021-03-23,East_Zone,37.2,0.0,44.8,3.9,8.5,0
2021-03-24,East_Zone,41.8,0.0,35.7,7.3,9.3,0
2021-03-25,East_Zone,39.2,0.0,43.3,4.1,9.0,0
2021-03-26,East_Zone,39.2,0.0,31.3,3.0,8.7,0
2021-03-27,East_Zone,48.1,0.0,31.5,12.2,10.7,0
2021-03-28,East_Zone,42.8,0.0,32.0,3.0,9.5,0
2021-03-29,East_Zone,42.6,0.0,39.7,2.2,10.3,0
2021-03-30,East_Zone,48.3,0.0,30.9,6.6,9.8,0
2021-03-31,East_Zone,46.3,0.0,35.7,6.8,10.0,0
2021-04-01,East_Zone,46.0,0.0,40.5,8.0,9.4,0
2021-04-02,East_Zone,42.0,0.0,39.5,12.0,10.5,0
2021-04-03,East_Zone,39.0,0.0,43.4,3.7,10.2,0
2021-04-04,East_Zone,37.3,0.0,56.8,4.3,10.0,0
2021-04-05,East_Zone,33.2,0.0,39.3,10.8,9.8,0
2021-04-06,East_Zone,37.5,0.0,32.0,8.8,9.3,0
2021-04-07,East_Zone,36.9,0.0,34.8,8.4,9.5,0
2021-04-08,East_Zone,37.1,0.0,39.3,4.2,9.6,0
2021-04-09,East_Zone,43.6,0.0,43.7,9.4,9.8,0
2021-04-10,East_Zone,40.9,0.0,30.9,8.4,10.3,0
2021-04-11,East_Zone,38.6,3.4,45.5,6.6,9.0,0
2021-04-12,East_Zone,51.5,0.0,34.2,4.2,10.0,0
2021-04-13,East_Zone,41.8,0.0,35.9,6.3,9.2,0
2021-04-14,East_Zone,47.8,0.0,35.9,10.9,10.2,0
2021-04-15,East_Zone,40.7,0.0,31.1,2.7,9.1,0
2021-04-16,East_Zone,43.3,6.1,34.2,3.6,9.6,0
2021-04-17,East_Zone,40.6,0.0,31.0,4.1,9.2,0
2021-04-18,East_Zone,40.5,0.0,40.1,4.8,8.5,0
2021-04-19,East_Zone,48.9,0.0,34.5,6.0,10.4,0
2021-04-20,East_Zone,33.5,0.0,37.9,8.9,9.0,0
2021-04-21,East_Zone,42.1,0.0,50.0,7.4,9.8,0
2021-04-22,East_Zone,40.9,0.0,50.1,6.2,9.1,0
2021-04-23,East_Zone,40.0,0.0,37.4,6.8,8.7,0
2021-04-24,East_Zone,37.1,1.9,32.9,7.9,9.3,0
2021-04-25,East_Zone,41.7,0.0,43.7,1.0,9.3,0
2021-04-26,East_Zone,41.2,0.0,35.0,9.2,8.7,0
2021-04-27,East_Zone,42.2,0.0,45.2,3.5,9.6,0
2021-04-28,East_Zone,43.0,0.0,38.4,4.7,8.6,0
2021-04-29,East_Zone,51.3,0.0,40.0,7.0,9.6,0
2021-04-30,East_Zone,40.6,0.4,41.5,5.8,9.5,0
2021-05-01,East_Zone,38.9,0.0,34.0,7.5,7.9,0
2021-05-02,East_Zone,42.6,0.0,42.7,6.4,9.3,0
2021-05-03,East_Zone,43.9,3.5,39.1,5.1,9.8,0
2021-05-04,East_Zone,48.8,2.3,44.1,10.6,8.9,0
2021-05-05,East_Zone,47.6,0.0,38.2,8.1,9.8,0
2021-05-06,East_Zone,46.9,0.0,32.8,6.9,9.6,0
2021-05-07,East_Zone,54.0,0.0,30.0,8.1,8.6,0
2021-05-08,East_Zone,36.7,0.3,37.3,3.9,9.5,0
2021-05-09,East_Zone,41.7,0.0,32.3,12.5,9.8,0
2021-05-10,East_Zone,36.1,0.0,43.2,2.7,9.2,0
2021-05-11,East_Zone,41.4,0.0,36.7,6.3,9.4,0
2021-05-12,East_Zone,35.5,0.0,37.7,5.1,10.2,0
2021-05-13,East_Zone,50.1,0.0,29.0,5.0,8.7,0
2021-05-14,East_Zone,40.4,0.0,42.3,4.6,9.9,0
2021-05-15,East_Zone,37.0,0.0,32.9,3.7,8.7,0
2021-05-16,East_Zone,35.6,0.0,43.4,9.6,9.6,0
2021-05-17,East_Zone,45.0,0.0,37.4,2.4,9.7,0
2021-05-18,East_Zone,47.9,0.0,37.5,9.0,8.0,0
2021-05-19,East_Zone,48.1,0.0,64.0,7.9,9.6,0
2021-05-20,East_Zone,60.6,0.0,32.9,4.9,9.5,0
2021-05-21,East_Zone,48.1,0.0,30.6,7.6,9.4,0
2021-05-22,East_Zone,43.0,1.0,26.9,5.5,8.8,0
2021-05-23,East_Zone,32.4,0.0,35.0,2.7,8.8,0
2021-05-24,East_Zone,41.0,0.0,50.4,2.7,10.2,0
2021-05-25,East_Zone,34.3,0.0,51.6,8.0,9.7,0
2021-05-26,East_Zone,38.1,0.0,46.5,7.8,10.1,0
2021-05-27,East_Zone,39.5,2.7,38.6,6.7,9.8,0
2021-05-28,East_Zone,47.8,0.0,25.9,4.8,8.8,0
2021-05-29,East_Zone,45.6,2.3,50.6,5.4,10.4,0
2021-05-30,East_Zone,43.8,0.0,38.4,5.0,9.1,0
2021-05-31,East_Zone,43.0,0.0,35.5,1.0,10.1,0
2021-06-01,East_Zone,88.3,8.8,32.3,14.2,6.4,0
2021-06-02,East_Zone,82.5,0.0,44.7,15.6,6.5,0
2021-06-03,East_Zone,92.1,0.0,25.8,14.2,5.4,0
2021-06-04,East_Zone,95.0,15.8,24.6,19.3,7.0,0
2021-06-05,East_Zone,99.0,57.3,26.5,11.0,5.7,0
2021-06-06,East_Zone,97.0,26.6,22.8,12.0,5.5,0
2021-06-07,East_Zone,98.0,17.3,36.0,14.4,5.6,0
2021-06-08,East_Zone,90.0,41.1,37.4,14.7,5.0,0
2021-06-09,East_Zone,90.0,56.0,23.5,8.3,6.2,0
2021-06-10,East_Zone,88.4,44.0,33.2,15.8,5.3,0
2021-06-11,East_Zone,91.7,0.6,24.4,14.7,6.0,0
2021-06-12,East_Zone,99.0,41.4,32.4,7.6,6.3,0
2021-06-13,East_Zone,90.2,0.0,26.2,13.6,5.9,0
2021-06-14,East_Zone,97.2,6.6,36.6,11.6,5.3,0
2021-06-15,East_Zone,87.5,0.0,39.6,12.6,5.5,0
2021-06-16,East_Zone,99.0,57.4,23.6,10.0,3.8,0
2021-06-17,East_Zone,93.5,9.4,44.8,15.2,5.7,0
2021-06-18,East_Zone,91.8,47.0,37.9,19.3,6.2,0
2021-06-19,East_Zone,92.2,27.2,38.7,14.8,5.6,0
2021-06-20,East_Zone,89.7,5.6,34.7,7.5,5.3,0
2021-06-21,East_Zone,95.9,12.9,32.4,14.9,5.4,0
2021-06-22,East_Zone,91.2,58.3,32.4,13.4,6.4,0
2021-06-23,East_Zone,88.3,0.0,26.0,10.7,5.5,0
2021-06-24,East_Zone,85.1,13.4,42.4,15.1,6.9,0
2021-06-25,East_Zone,96.0,14.0,24.7,16.6,5.1,0
2021-06-26,East_Zone,99.0,0.0,26.1,12.0,5.7,0
2021-06-27,East_Zone,96.2,48.2,24.3,9.1,5.2,0
2021-06-28,East_Zone,92.7,0.0,33.9,8.0,6.9,0
2021-06-29,East_Zone,94.6,17.5,34.6,12.0,5.8,0
2021-06-30,East_Zone,99.0,18.2,21.9,13.5,6.6,0
2021-07-01,East_Zone,94.9,26.3,31.3,12.5,5.3,0
2021-07-02,East_Zone,89.2,3.0,45.6,12.0,6.7,0
2021-07-03,East_Zone,94.4,0.7,68.8,15.7,6.1,0
2021-07-04,East_Zone,96.5,0.0,26.1,15.4,6.1,0
2021-07-05,East_Zone,99.0,1.9,26.5,14.6,4.8,0
2021-07-06,East_Zone,93.9,0.0,35.5,16.4,5.9,0
2021-07-07,East_Zone,85.9,46.4,39.1,12.0,5.1,0
2021-07-08,East_Zone,85.4,9.9,37.9,10.7,5.9,0
2021-07-09,East_Zone,99.0,0.0,38.2,12.4,4.8,0
2021-07-10,East_Zone,99.0,0.0,25.4,12.2,5.5,0
2021-07-11,East_Zone,91.0,29.5,41.5,7.8,6.4,0
2021-07-12,East_Zone,91.7,55.1,31.8,12.4,5.9,0
2021-07-13,East_Zone,99.0,83.1,25.4,17.3,4.8,1
2021-07-14,East_Zone,88.3,13.1,30.6,16.4,4.5,0
2021-07-15,East_Zone,87.6,0.0,39.2,15.6,6.0,0
2021-07-16,East_Zone,96.4,6.2,34.9,14.4,6.6,0
2021-07-17,East_Zone,91.0,18.4,34.9,18.3,5.1,0
2021-07-18,East_Zone,92.8,13.0,36.7,10.8,6.9,0
2021-07-19,East_Zone,95.6,6.2,22.7,11.1,5.4,0
2021-07-20,East_Zone,96.4,21.5,25.4,17.4,4.3,0
2021-07-21,East_Zone,99.0,2.5,21.8,14.1,4.4,0
2021-07-22,East_Zone,94.1,107.6,32.1,12.0,6.1,1
2021-07-23,East_Zone,99.0,0.0,23.4,15.7,5.5,0
2021-07-24,East_Zone,82.5,0.0,34.4,12.7,6.6,0
2021-07-25,East_Zone,91.9,58.8,40.2,11.5,5.0,0
2021-07-26,East_Zone,87.7,29.0,40.4,11.4,5.8,0
2021-07-27,East_Zone,88.1,0.0,26.3,15.0,5.6,0
2021-07-28,East_Zone,92.5,0.0,21.8,14.6,5.3,0
2021-07-29,East_Zone,93.9,0.0,24.0,18.6,5.2,0
2021-07-30,East_Zone,98.6,19.6,30.6,13.1,5.4,0
2021-07-31,East_Zone,86.7,11.2,32.3,13.1,5.7,0
2021-08-01,East_Zone,96.1,0.0,23.5,18.3,5.6,0
2021-08-02,East_Zone,92.2,9.6,25.7,17.0,5.7,0
2021-08-03,East_Zone,89.9,21.5,43.8,14.4,6.5,0
2021-08-04,East_Zone,95.0,19.5,58.6,9.3,5.2,0
2021-08-05,East_Zone,97.0,24.2,26.1,11.6,4.5,0
2021-08-06,East_Zone,99.0,100.7,26.3,10.8,6.2,1
2021-08-07,East_Zone,92.8,36.3,32.3,14.1,5.1,0
2021-08-08,East_Zone,88.5,11.0,40.6,12.5,5.5,0
2021-08-09,East_Zone,89.2,75.6,52.2,18.8,5.5,1
2021-08-10,East_Zone,96.5,42.7,24.6,9.3,5.1,0
2021-08-11,East_Zone,92.3,0.0,45.6,10.5,4.9,0
2021-08-12,East_Zone,88.1,65.8,31.7,14.7,5.3,1
2021-08-13,East_Zone,93.7,2.5,34.1,15.6,6.0,0
2021-08-14,East_Zone,95.7,4.0,25.8,6.2,5.5,0
2021-08-15,East_Zone,99.0,0.3,25.3,8.8,5.8,0
2021-08-16,East_Zone,99.0,61.7,45.2,13.2,5.5,1
2021-08-17,East_Zone,87.9,24.5,39.0,18.1,6.3,0
2021-08-18,East_Zone,90.8,0.0,39.5,19.7,5.4,0
2021-08-19,East_Zone,87.7,19.0,24.9,12.8,4.2,0
2021-08-20,East_Zone,87.8,0.0,48.3,13.5,6.0,0
2021-08-21,East_Zone,90.8,7.4,62.1,11.5,6.4,0
2021-08-22,East_Zone,99.0,13.5,23.4,15.9,5.1,0
2021-08-23,East_Zone,86.7,111.6,50.4,18.6,6.6,1
2021-08-24,East_Zone,89.8,15.1,34.4,17.8,5.1,0
2021-08-25,East_Zone,82.9,0.0,30.7,13.9,6.0,0
2021-08-26,East_Zone,92.4,0.0,34.2,11.5,6.7,0
2021-08-27,East_Zone,88.5,1.2,30.6,14.0,5.6,0
2021-08-28,East_Zone,90.4,39.3,34.8,18.1,5.5,0
2021-08-29,East_Zone,87.4,0.0,41.0,12.8,5.7,0
2021-08-30,East_Zone,94.6,5.7,24.8,8.6,6.5,0
2021-08-31,East_Zone,85.0,120.1,30.2,12.9,5.8,1
2021-09-01,East_Zone,63.1,0.0,25.9,5.2,7.8,0
2021-09-02,East_Zone,81.0,0.0,26.0,1.0,6.7,0
2021-09-03,East_Zone,67.0,0.0,21.0,6.7,5.9,0
2021-09-04,East_Zone,67.1,0.0,22.4,7.5,6.0,0
2021-09-05,East_Zone,79.3,0.0,26.4,11.6,6.6,0
2021-09-06,East_Zone,90.0,0.0,17.5,2.0,4.9,0
2021-09-07,East_Zone,63.4,0.0,29.7,8.2,6.4,0
2021-09-08,East_Zone,68.3,0.0,26.4,8.9,6.3,0
2021-09-09,East_Zone,73.4,0.0,23.9,7.6,6.6,0
2021-09-10,East_Zone,80.5,0.0,23.6,3.0,7.6,0
2021-09-11,East_Zone,63.9,0.0,30.9,2.8,6.7,0
2021-09-12,East_Zone,72.1,0.0,21.1,6.3,5.2,0
2021-09-13,East_Zone,74.0,0.0,26.5,6.3,6.0,0
2021-09-14,East_Zone,73.2,0.0,25.0,4.3,6.7,0
2021-09-15,East_Zone,70.9,0.0,22.1,9.9,6.4,0
2021-09-16,East_Zone,69.0,0.0,29.3,4.8,7.6,0
2021-09-17,East_Zone,62.6,0.0,29.1,1.0,7.2,0
2021-09-18,East_Zone,66.4,0.0,35.8,5.3,7.3,0
2021-09-19,East_Zone,68.3,0.8,29.0,7.4,6.5,0
2021-09-20,East_Zone,74.3,0.0,21.5,7.0,7.0,0
2021-09-21,East_Zone,72.2,0.0,18.3,7.0,5.6,0
2021-09-22,East_Zone,73.6,4.7,24.6,10.5,7.1,0
2021-09-23,East_Zone,75.3,0.0,26.3,2.7,6.4,0
2021-09-24,East_Zone,71.3,0.0,25.8,4.7,5.7,0
2021-09-25,East_Zone,74.3,0.0,22.4,10.6,6.7,0
2021-09-26,East_Zone,75.0,0.0,18.8,1.0,7.0,0
2021-09-27,East_Zone,70.8,0.0,25.4,5.8,6.3,0
2021-09-28,East_Zone,65.4,0.0,30.6,9.7,7.6,0
2021-09-29,East_Zone,77.0,0.0,17.7,9.6,5.1,0
2021-09-30,East_Zone,74.7,0.0,18.1,8.0,5.4,0
2021-10-01,East_Zone,80.7,0.0,26.2,8.1,6.5,0
2021-10-02,East_Zone,80.5,0.0,22.3,2.9,6.1,0
2021-10-03,East_Zone,71.8,0.0,28.8,10.1,6.2,0
2021-10-04,East_Zone,66.0,0.0,28.4,2.4,6.7,0
2021-10-05,East_Zone,67.8,0.0,21.0,2.6,6.0,0
2021-10-06,East_Zone,77.9,0.0,23.4,7.2,6.2,0
2021-10-07,East_Zone,74.7,0.0,21.0,4.5,6.5,0
2021-10-08,East_Zone,74.5,0.0,23.2,6.6,6.0,0
2021-10-09,East_Zone,65.9,0.0,19.0,7.3,6.1,0
2021-10-10,East_Zone,73.4,0.0,32.9,11.3,6.3,0
2021-10-11,East_Zone,74.1,0.0,23.6,7.3,5.7,0
2021-10-12,East_Zone,67.2,0.0,22.0,4.1,6.8,0
2021-10-13,East_Zone,67.8,0.0,26.4,8.0,7.6,0
2021-10-14,East_Zone,74.7,0.0,21.0,3.5,6.9,0
2021-10-15,East_Zone,71.7,0.0,24.3,8.7,6.7,0
2021-10-16,East_Zone,66.4,0.0,34.7,6.2,6.4,0
2021-10-17,East_Zone,72.3,0.9,21.9,7.2,6.2,0
2021-10-18,East_Zone,68.8,0.0,26.6,1.0,7.2,0
2021-10-19,East_Zone,71.5,0.0,25.4,1.0,5.2,0
2021-10-20,East_Zone,73.8,0.0,43.8,1.5,6.7,0
2021-10-21,East_Zone,55.7,0.0,30.6,11.2,7.1,0
2021-10-22,East_Zone,71.4,0.0,22.3,2.6,5.7,0
2021-10-23,East_Zone,72.7,0.0,23.7,8.2,6.7,0
2021-10-24,East_Zone,70.7,0.0,30.6,4.1,6.9,0
2021-10-25,East_Zone,72.3,0.0,19.8,5.3,5.4,0
2021-10-26,East_Zone,61.7,0.0,25.8,5.9,6.6,0
2021-10-27,East_Zone,76.7,0.0,18.3,10.9,5.8,0
2021-10-28,East_Zone,83.7,0.0,18.2,7.8,6.4,0
2021-10-29,East_Zone,64.3,0.0,23.4,7.2,6.8,0
2021-10-30,East_Zone,78.3,0.0,20.0,9.9,6.5,0
2021-10-31,East_Zone,71.8,1.6,21.0,4.1,6.3,0
2021-11-01,East_Zone,69.3,0.0,29.3,9.2,6.8,0
2021-11-02,East_Zone,64.1,0.0,29.6,8.7,5.9,0
2021-11-03,East_Zone,69.3,0.0,25.0,8.7,6.5,0
2021-11-04,East_Zone,78.0,0.0,24.1,5.5,6.0,0
2021-11-05,East_Zone,75.0,3.3,23.2,4.7,7.0,0
2021-11-06,East_Zone,79.7,0.0,24.9,3.4,6.9,0
2021-11-07,East_Zone,79.8,0.0,20.2,3.6,6.7,0
2021-11-08,East_Zone,72.8,0.0,25.6,3.2,7.6,0
2021-11-09,East_Zone,79.8,0.0,24.9,7.1,6.3,0
2021-11-10,East_Zone,76.2,0.0,20.0,5.3,5.9,0
2021-11-11,East_Zone,76.0,0.0,23.5,7.3,6.2,0
2021-11-12,East_Zone,68.9,0.0,26.1,7.5,5.6,0
2021-11-13,East_Zone,69.2,0.0,31.5,2.8,5.8,0
2021-11-14,East_Zone,70.2,0.0,20.6,2.7,6.7,0
2021-11-15,East_Zone,79.1,0.0,19.7,5.3,5.4,0
2021-11-16,East_Zone,63.4,0.0,29.7,3.7,6.0,0
2021-11-17,East_Zone,73.8,0.0,29.0,3.4,6.5,0
2021-11-18,East_Zone,69.7,0.5,25.5,11.1,6.3,0
2021-11-19,East_Zone,77.9,0.0,23.2,1.4,6.9,0
2021-11-20,East_Zone,75.2,0.0,24.2,12.1,6.5,0
2021-11-21,East_Zone,80.8,0.0,23.9,6.9,6.0,0
2021-11-22,East_Zone,72.6,0.0,32.1,9.0,7.3,0
2021-11-23,East_Zone,65.1,0.0,21.7,8.6,6.8,0
2021-11-24,East_Zone,72.0,0.0,22.8,7.9,5.5,0
2021-11-25,East_Zone,66.5,0.0,22.8,11.0,6.5,0
2021-11-26,East_Zone,70.7,0.0,21.2,2.8,5.9,0
2021-11-27,East_Zone,79.0,0.0,24.2,5.5,6.0,0
2021-11-28,East_Zone,72.5,0.0,30.6,3.4,7.8,0
2021-11-29,East_Zone,67.9,0.0,24.3,1.0,6.5,0
2021-11-30,East_Zone,67.5,0.0,22.4,4.0,6.2,0
2021-12-01,East_Zone,79.3,0.0,14.8,11.6,3.5,0
2021-12-02,East_Zone,72.5,0.0,15.7,5.5,4.1,0
2021-12-03,East_Zone,75.2,0.0,15.7,12.0,3.1,0
2021-12-04,East_Zone,80.0,0.0,16.0,12.3,3.2,0
2021-12-05,East_Zone,82.6,0.0,18.6,15.0,4.1,0
2021-12-06,East_Zone,79.1,0.0,19.9,11.7,2.8,0
2021-12-07,East_Zone,68.8,0.0,12.9,13.1,4.0,0
2021-12-08,East_Zone,79.9,0.0,16.0,7.0,2.6,0
2021-12-09,East_Zone,76.4,0.0,20.0,6.7,3.6,0
2021-12-10,East_Zone,81.1,0.0,14.9,6.9,2.5,0
2021-12-11,East_Zone,87.4,0.0,14.5,6.0,2.8,0
2021-12-12,East_Zone,66.4,0.0,18.8,6.4,4.5,0
2021-12-13,East_Zone,75.9,0.0,15.3,8.3,4.1,0
2021-12-14,East_Zone,82.5,0.0,14.1,4.6,4.1,0
2021-12-15,East_Zone,71.6,0.0,14.1,1.9,2.6,0
2021-12-16,East_Zone,86.6,0.0,14.7,7.1,2.9,0
2021-12-17,East_Zone,81.5,0.0,13.9,3.9,3.6,0
2021-12-18,East_Zone,84.6,0.0,12.8,4.2,3.8,0
2021-12-19,East_Zone,72.3,0.0,21.4,5.6,3.3,0
2021-12-20,East_Zone,87.4,0.0,7.8,4.9,2.8,0
2021-12-21,East_Zone,87.6,0.0,9.6,9.3,2.6,0
2021-12-22,East_Zone,85.8,0.0,5.6,5.5,4.0,0
2021-12-23,East_Zone,82.2,0.0,11.6,9.5,3.0,0
2021-12-24,East_Zone,83.3,0.0,10.1,6.6,3.3,0
2021-12-25,East_Zone,75.4,0.0,13.8,5.7,3.5,0
2021-12-26,East_Zone,75.7,0.0,19.2,6.5,4.4,0
2021-12-27,East_Zone,78.8,0.0,14.0,2.1,2.9,0
2021-12-28,East_Zone,83.7,0.0,10.3,7.0,4.0,0
2021-12-29,East_Zone,84.2,0.0,14.7,8.5,2.7,0
2021-12-30,East_Zone,74.1,0.0,14.4,9.0,4.2,0
2021-12-31,East_Zone,81.0,0.0,10.7,1.9,2.3,0
2022-01-01,East_Zone,84.7,0.0,17.9,1.4,3.6,0
2022-01-02,East_Zone,76.4,0.4,13.1,4.4,4.4,0
2022-01-03,East_Zone,77.2,0.0,11.1,10.2,3.7,0
2022-01-04,East_Zone,81.9,0.0,11.8,6.7,3.6,0
2022-01-05,East_Zone,84.0,0.0,13.7,3.7,2.8,0
2022-01-06,East_Zone,80.0,0.0,13.4,1.6,3.0,0
2022-01-07,East_Zone,85.5,0.0,15.2,3.9,4.3,0
2022-01-08,East_Zone,83.0,0.8,15.5,3.7,3.8,0
2022-01-09,East_Zone,83.0,0.0,15.3,8.8,4.0,0
2022-01-10,East_Zone,84.5,0.0,10.5,9.0,3.3,0
2022-01-11,East_Zone,92.2,1.6,12.4,2.9,3.2,0
2022-01-12,East_Zone,75.9,3.0,18.5,8.3,4.1,0
2022-01-13,East_Zone,68.9,0.0,15.1,8.0,3.7,0
2022-01-14,East_Zone,85.3,0.0,17.8,2.5,3.5,0
2022-01-15,East_Zone,77.9,0.0,13.1,5.7,2.6,0
2022-01-16,East_Zone,83.3,0.0,8.8,7.0,3.8,0
2022-01-17,East_Zone,85.7,0.0,14.8,6.5,3.8,0
2022-01-18,East_Zone,70.3,0.0,16.1,1.0,3.2,0
2022-01-19,East_Zone,74.0,0.0,12.9,6.4,4.1,0
2022-01-20,East_Zone,72.0,0.0,13.4,7.9,3.6,0
2022-01-21,East_Zone,77.7,0.0,10.6,10.7,3.4,0
2022-01-22,East_Zone,84.8,0.0,9.0,4.0,3.7,0
2022-01-23,East_Zone,80.8,0.0,16.3,4.4,4.0,0
2022-01-24,East_Zone,82.3,0.0,11.8,5.4,3.5,0
2022-01-25,East_Zone,72.1,0.0,14.7,6.9,3.4,0
2022-01-26,East_Zone,67.4,0.0,15.1,6.3,4.7,0
2022-01-27,East_Zone,77.2,0.0,18.5,7.8,3.2,0
2022-01-28,East_Zone,75.9,0.0,16.3,2.6,4.0,0
2022-01-29,East_Zone,85.6,0.0,7.8,7.2,3.1,0
2022-01-30,East_Zone,83.3,0.0,13.6,3.8,3.7,0
2022-01-31,East_Zone,81.8,0.0,11.5,5.6,4.1,0
2022-02-01,East_Zone,82.9,0.0,14.9,11.1,3.3,0
2022-02-02,East_Zone,78.2,0.0,18.3,1.8,4.0,0
2022-02-03,East_Zone,83.4,0.3,12.1,5.2,3.5,0
2022-02-04,East_Zone,78.7,0.0,9.7,2.2,2.9,0
2022-02-05,East_Zone,79.7,0.0,12.3,6.5,4.1,0
2022-02-06,East_Zone,81.8,0.0,12.0,9.1,3.8,0
2022-02-07,East_Zone,83.5,0.0,14.3,6.5,3.2,0
2022-02-08,East_Zone,75.0,0.4,18.4,5.6,4.3,0
2022-02-09,East_Zone,80.8,0.2,16.3,10.0,3.1,0
2022-02-10,East_Zone,78.3,0.0,14.0,7.0,3.4,0
2022-02-11,East_Zone,76.9,0.0,17.6,8.5,3.4,0
2022-02-12,East_Zone,83.4,0.0,14.5,8.1,3.9,0
2022-02-13,East_Zone,69.5,0.0,14.2,1.0,3.2,0
2022-02-14,East_Zone,72.0,0.0,15.8,5.8,4.0,0
2022-02-15,East_Zone,74.3,0.0,10.4,2.8,3.6,0
2022-02-16,East_Zone,69.0,2.3,12.3,3.5,3.1,0
2022-02-17,East_Zone,78.5,0.0,10.1,10.4,4.4,0
2022-02-18,East_Zone,83.9,0.0,13.1,4.9,3.0,0
2022-02-19,East_Zone,80.2,0.0,10.7,11.7,2.4,0
2022-02-20,East_Zone,78.0,0.0,18.3,1.8,4.2,0
2022-02-21,East_Zone,83.3,0.0,16.9,2.7,2.3,0
2022-02-22,East_Zone,85.2,2.2,15.8,8.3,4.4,0
2022-02-23,East_Zone,77.8,0.0,16.4,5.0,3.6,0
2022-02-24,East_Zone,86.7,0.0,13.5,6.9,2.6,0
2022-02-25,East_Zone,77.8,0.0,17.8,5.7,3.1,0
2022-02-26,East_Zone,74.5,0.0,15.5,5.6,2.5,0
2022-02-27,East_Zone,75.2,0.0,16.3,5.1,3.8,0
2022-02-28,East_Zone,71.8,0.0,14.6,6.5,2.7,0
2022-03-01,East_Zone,36.6,0.0,42.4,7.9,10.0,0
2022-03-02,East_Zone,34.8,0.0,60.1,10.8,9.9,1
2022-03-03,East_Zone,48.8,0.0,34.1,5.4,9.1,0
2022-03-04,East_Zone,53.5,0.0,34.9,4.8,9.6,0
2022-03-05,East_Zone,37.2,0.0,33.4,4.4,9.8,0
2022-03-06,East_Zone,48.9,0.0,28.9,10.4,9.9,0
2022-03-07,East_Zone,45.6,0.0,22.0,8.1,8.5,0
2022-03-08,East_Zone,48.6,0.0,30.4,1.0,9.2,0
2022-03-09,East_Zone,41.0,0.1,42.1,1.0,9.2,0
2022-03-10,East_Zone,36.3,0.0,30.3,3.5,9.4,0
2022-03-11,East_Zone,47.8,3.6,39.2,6.7,9.0,0
2022-03-12,East_Zone,34.9,0.0,53.8,5.9,9.7,0
2022-03-13,East_Zone,35.1,0.0,55.0,7.5,9.7,0
2022-03-14,East_Zone,40.8,0.0,29.5,5.5,9.4,0
2022-03-15,East_Zone,40.7,0.0,34.6,10.2,9.4,0
2022-03-16,East_Zone,46.3,0.0,35.5,8.3,9.7,0
2022-03-17,East_Zone,44.6,0.0,31.2,6.2,9.2,0
2022-03-18,East_Zone,46.3,0.0,34.0,9.4,9.0,0
2022-03-19,East_Zone,46.0,0.0,35.2,1.1,9.5,0
2022-03-20,East_Zone,52.8,0.0,31.0,5.7,8.7,0
2022-03-21,East_Zone,45.2,0.0,28.5,6.4,9.5,0
2022-03-22,East_Zone,36.8,0.0,33.3,7.8,9.2,0
2022-03-23,East_Zone,49.4,0.0,36.7,1.0,9.5,0
2022-03-24,East_Zone,44.7,0.0,29.5,5.2,9.4,0
2022-03-25,East_Zone,53.5,0.0,27.4,7.2,10.1,0
2022-03-26,East_Zone,43.5,0.0,43.4,7.4,9.8,0
2022-03-27,East_Zone,40.1,0.0,45.1,9.6,9.7,0
2022-03-28,East_Zone,45.4,0.0,36.7,8.3,9.0,0
2022-03-29,East_Zone,53.2,0.0,40.2,5.8,9.9,0
2022-03-30,East_Zone,53.7,0.0,40.7,8.0,9.3,0
2022-03-31,East_Zone,35.2,0.0,69.3,5.4,9.3,1
2022-04-01,East_Zone,46.4,0.0,31.4,6.4,9.2,0
2022-04-02,East_Zone,45.6,0.0,50.8,8.4,9.8,0
2022-04-03,East_Zone,32.5,0.0,57.2,5.9,9.5,1
2022-04-04,East_Zone,43.8,0.0,41.4,7.1,9.5,0
2022-04-05,East_Zone,41.9,0.0,41.1,8.9,9.5,0
2022-04-06,East_Zone,48.8,0.0,28.3,8.1,9.1,0
2022-04-07,East_Zone,38.9,0.0,36.7,9.7,10.2,0
2022-04-08,East_Zone,38.1,0.0,29.4,13.0,8.5,0
2022-04-09,East_Zone,30.2,0.0,41.5,8.1,10.9,0
2022-04-10,East_Zone,37.0,0.0,37.6,4.6,9.5,0
2022-04-11,East_Zone,43.4,0.0,30.8,7.5,9.6,0
2022-04-12,East_Zone,40.8,0.0,39.8,7.4,9.6,0
2022-04-13,East_Zone,52.4,0.0,42.7,7.8,8.5,0
2022-04-14,East_Zone,52.5,0.0,29.2,10.5,8.5,0
2022-04-15,East_Zone,35.7,0.0,43.9,1.0,9.4,0
2022-04-16,East_Zone,48.4,1.8,29.3,10.5,9.8,0
2022-04-17,East_Zone,36.5,0.0,52.3,11.6,9.0,0
2022-04-18,East_Zone,43.0,0.0,33.8,7.7,8.9,0
2022-04-19,East_Zone,48.5,0.0,27.6,7.8,9.2,0
2022-04-20,East_Zone,41.3,0.0,57.6,5.3,10.2,0
2022-04-21,East_Zone,35.6,0.0,57.4,6.0,10.2,1
2022-04-22,East_Zone,44.3,0.0,56.0,8.1,9.2,0
2022-04-23,East_Zone,36.6,0.0,38.4,7.9,8.6,0
2022-04-24,East_Zone,41.2,0.0,44.2,8.2,10.0,0
2022-04-25,East_Zone,60.7,0.0,28.4,7.9,10.0,0
2022-04-26,East_Zone,43.0,0.0,42.0,8.7,9.4,0
2022-04-27,East_Zone,49.9,8.4,41.8,8.4,8.8,0
2022-04-28,East_Zone,47.9,0.0,27.9,2.9,8.9,0
2022-04-29,East_Zone,45.6,0.0,40.1,8.5,9.8,0
2022-04-30,East_Zone,45.1,0.0,31.9,11.6,9.2,0
2022-05-01,East_Zone,38.7,0.0,49.5,5.9,10.6,0
2022-05-02,East_Zone,38.4,0.0,38.8,10.5,10.1,0
2022-05-03,East_Zone,43.8,0.0,43.3,3.2,9.7,0
2022-05-04,East_Zone,39.7,0.0,34.4,5.9,8.2,0
2022-05-05,East_Zone,46.9,0.0,37.6,4.1,9.0,0
2022-05-06,East_Zone,44.9,0.0,53.7,10.1,9.5,0
2022-05-07,East_Zone,41.2,0.0,51.9,10.9,9.4,0
2022-05-08,East_Zone,43.9,0.0,31.7,5.7,9.4,0
2022-05-09,East_Zone,46.3,0.0,35.8,9.5,9.5,0
2022-05-10,East_Zone,39.5,0.0,43.7,11.0,8.7,0
2022-05-11,East_Zone,45.9,0.0,46.3,5.9,10.1,0
2022-05-12,East_Zone,29.6,2.1,47.0,6.4,9.9,0
2022-05-13,East_Zone,42.5,0.0,34.5,8.2,9.6,0
2022-05-14,East_Zone,31.3,0.0,39.7,3.5,10.1,0
2022-05-15,East_Zone,36.4,0.0,33.9,6.3,9.0,0
2022-05-16,East_Zone,49.9,0.0,40.4,12.4,10.3,0
2022-05-17,East_Zone,44.1,0.0,52.5,4.5,9.7,0
2022-05-18,East_Zone,40.7,0.0,33.8,8.6,10.3,0
2022-05-19,East_Zone,35.3,0.0,36.4,7.6,9.0,0
2022-05-20,East_Zone,27.3,0.0,36.3,5.5,10.4,0
2022-05-21,East_Zone,43.3,0.0,30.0,6.7,8.7,0
2022-05-22,East_Zone,53.7,0.0,48.9,11.3,11.1,0
2022-05-23,East_Zone,44.2,2.9,42.3,7.7,9.0,0
2022-05-24,East_Zone,42.1,0.0,32.4,8.1,10.0,0
2022-05-25,East_Zone,48.7,0.0,30.0,10.8,9.0,0
2022-05-26,East_Zone,33.7,0.0,39.8,5.1,10.1,0
2022-05-27,East_Zone,41.9,0.0,36.5,2.9,9.4,0
2022-05-28,East_Zone,42.1,0.0,43.0,11.3,9.0,0
2022-05-29,East_Zone,41.7,0.0,40.8,6.4,7.9,0
2022-05-30,East_Zone,46.7,0.0,40.3,8.7,11.0,0
2022-05-31,East_Zone,46.2,0.0,34.5,3.7,9.4,0
2022-06-01,East_Zone,98.6,5.3,24.5,15.2,3.7,0
2022-06-02,East_Zone,88.4,9.3,41.3,10.7,5.9,0
2022-06-03,East_Zone,98.5,0.0,26.6,14.2,6.0,0
2022-06-04,East_Zone,99.0,0.0,46.1,12.1,5.3,0
2022-06-05,East_Zone,86.5,41.5,43.3,11.4,5.4,0
2022-06-06,East_Zone,91.4,0.0,23.6,13.1,5.4,0
2022-06-07,East_Zone,95.1,1.2,73.7,7.1,6.8,0
2022-06-08,East_Zone,93.7,0.0,25.5,10.5,5.6,0
2022-06-09,East_Zone,99.0,0.0,23.8,16.3,6.3,0
2022-06-10,East_Zone,91.1,7.6,33.3,15.0,6.3,0
2022-06-11,East_Zone,99.0,0.5,45.7,10.8,5.6,0
2022-06-12,East_Zone,93.0,0.0,39.7,15.6,4.8,0
2022-06-13,East_Zone,94.6,35.5,33.9,11.4,5.5,0
2022-06-14,East_Zone,99.0,4.2,40.7,16.2,6.0,0
2022-06-15,East_Zone,90.8,5.0,37.3,13.7,5.7,0
2022-06-16,East_Zone,92.0,44.5,22.1,13.0,5.7,0
2022-06-17,East_Zone,91.1,29.7,33.0,13.7,6.2,0
2022-06-18,East_Zone,99.0,0.0,21.1,21.7,5.6,0
2022-06-19,East_Zone,87.5,32.8,24.5,11.7,5.3,0
2022-06-20,East_Zone,92.5,26.7,62.3,14.7,6.3,0
2022-06-21,East_Zone,89.0,5.8,42.3,16.3,7.1,0
2022-06-22,East_Zone,99.0,47.7,26.1,11.1,4.7,0
2022-06-23,East_Zone,80.4,39.4,35.7,9.2,6.0,0
2022-06-24,East_Zone,91.4,0.0,24.4,12.2,6.6,0
2022-06-25,East_Zone,85.1,0.0,31.3,16.3,4.9,0
2022-06-26,East_Zone,89.8,102.6,29.9,13.0,6.2,1
2022-06-27,East_Zone,95.2,0.0,30.7,13.3,6.3,0
2022-06-28,East_Zone,90.9,14.7,42.6,16.7,4.9,0
2022-06-29,East_Zone,91.6,15.6,36.1,11.6,6.1,0
2022-06-30,East_Zone,89.2,0.0,54.5,13.7,5.8,0
2022-07-01,East_Zone,96.3,9.1,24.6,9.5,5.4,0
2022-07-02,East_Zone,90.4,0.0,24.3,15.0,5.3,0
2022-07-03,East_Zone,93.6,10.7,57.2,14.7,6.7,0
2022-07-04,East_Zone,92.9,0.0,60.9,16.4,5.9,0
2022-07-05,East_Zone,94.9,21.7,36.1,10.6,5.4,0
2022-07-06,East_Zone,95.5,10.4,37.7,13.4,5.4,0
2022-07-07,East_Zone,93.3,24.1,43.1,10.2,5.6,0
2022-07-08,East_Zone,99.0,0.0,36.2,13.3,5.0,0
2022-07-09,East_Zone,92.2,1.4,37.6,18.4,5.4,0
2022-07-10,East_Zone,94.6,12.0,23.1,13.0,5.5,0
2022-07-11,East_Zone,91.8,21.7,24.1,9.9,5.7,0
2022-07-12,East_Zone,90.6,44.7,23.8,12.0,6.2,0
2022-07-13,East_Zone,86.2,39.7,37.1,9.2,5.9,0
2022-07-14,East_Zone,91.6,0.0,23.2,10.1,5.1,0
2022-07-15,East_Zone,91.7,16.5,40.9,16.0,5.1,0
2022-07-16,East_Zone,97.6,32.2,23.4,9.7,5.6,0
2022-07-17,East_Zone,94.3,15.2,26.6,14.9,5.5,0
2022-07-18,East_Zone,90.6,7.6,25.9,14.1,5.5,0
2022-07-19,East_Zone,99.0,19.0,20.2,12.4,5.4,0
2022-07-20,East_Zone,95.1,29.2,46.8,14.7,6.1,0
2022-07-21,East_Zone,92.6,5.7,32.9,11.2,5.8,0
2022-07-22,East_Zone,90.0,35.8,33.4,16.5,5.5,0
2022-07-23,East_Zone,93.9,23.1,48.1,11.9,5.3,0
2022-07-24,East_Zone,95.9,37.0,25.1,12.8,5.1,0
2022-07-25,East_Zone,87.9,18.5,24.7,12.5,6.0,0
2022-07-26,East_Zone,94.2,0.0,25.7,16.1,5.3,0
2022-07-27,East_Zone,94.7,0.0,33.6,15.6,4.8,0
2022-07-28,East_Zone,85.8,41.2,50.7,6.1,6.6,0
2022-07-29,East_Zone,92.9,35.6,42.1,14.8,5.2,0
2022-07-30,East_Zone,83.8,16.2,44.5,8.8,5.9,0
2022-07-31,East_Zone,99.0,0.0,32.4,13.0,5.9,0
2022-08-01,East_Zone,99.0,9.4,25.9,13.7,5.5,0
2022-08-02,East_Zone,93.0,84.5,26.2,12.9,4.1,1
2022-08-03,East_Zone,96.1,32.0,26.2,15.5,5.8,0
2022-08-04,East_Zone,79.8,7.0,38.5,16.2,6.6,0
2022-08-05,East_Zone,85.9,68.7,41.5,11.7,6.3,1
2022-08-06,East_Zone,89.9,17.2,45.0,11.6,4.5,0
2022-08-07,East_Zone,85.8,0.0,44.6,13.9,7.1,0
2022-08-08,East_Zone,94.9,0.0,47.2,9.4,5.0,0
2022-08-09,East_Zone,99.0,58.1,33.5,12.6,5.0,0
2022-08-10,East_Zone,89.1,30.7,25.0,18.0,6.0,0
2022-08-11,East_Zone,86.8,0.0,46.2,9.5,6.1,0
2022-08-12,East_Zone,94.9,0.0,31.9,13.0,5.7,0
2022-08-13,East_Zone,99.0,0.0,32.4,12.2,5.3,0
2022-08-14,East_Zone,84.8,0.0,45.7,20.0,6.6,0
2022-08-15,East_Zone,91.4,9.6,54.8,12.4,5.9,0
2022-08-16,East_Zone,99.0,16.0,26.6,12.6,4.6,0
2022-08-17,East_Zone,84.0,21.5,37.5,10.9,6.5,0
2022-08-18,East_Zone,85.1,49.7,42.0,14.0,5.9,0
2022-08-19,East_Zone,92.8,32.4,25.1,14.8,6.2,0
2022-08-20,East_Zone,91.0,15.9,31.7,11.3,6.0,0
2022-08-21,East_Zone,96.5,27.3,39.6,17.0,7.1,0
2022-08-22,East_Zone,95.2,88.5,26.6,14.8,5.4,1
2022-08-23,East_Zone,87.1,38.1,23.3,16.6,5.4,0
2022-08-24,East_Zone,96.4,18.0,31.4,13.0,6.0,0
2022-08-25,East_Zone,90.3,15.4,34.1,14.7,5.5,0
2022-08-26,East_Zone,99.0,25.6,36.2,13.4,6.1,0
2022-08-27,East_Zone,89.5,49.1,36.6,18.4,3.9,0
2022-08-28,East_Zone,87.9,8.1,45.9,14.3,5.8,0
2022-08-29,East_Zone,93.9,43.1,47.7,14.0,5.8,0
2022-08-30,East_Zone,98.3,17.6,25.9,12.6,5.5,0
2022-08-31,East_Zone,95.0,0.0,37.6,12.5,5.2,0
2022-09-01,East_Zone,63.2,0.0,24.0,6.7,7.0,0
2022-09-02,East_Zone,71.7,0.0,31.5,8.5,6.4,0
2022-09-03,East_Zone,67.6,0.0,22.0,3.9,6.5,0
2022-09-04,East_Zone,69.6,0.0,33.3,6.4,6.7,0
2022-09-05,East_Zone,64.1,0.0,24.7,6.6,6.8,0
2022-09-06,East_Zone,72.9,3.0,25.6,7.1,7.4,0
2022-09-07,East_Zone,68.9,0.0,21.7,1.0,6.5,0
2022-09-08,East_Zone,66.7,3.8,21.4,3.2,6.8,0
2022-09-09,East_Zone,74.9,0.0,24.5,1.9,6.6,0
2022-09-10,East_Zone,73.9,0.0,22.2,6.1,6.1,0
2022-09-11,East_Zone,66.3,0.0,29.8,3.3,6.6,0
2022-09-12,East_Zone,78.0,0.0,25.4,4.5,6.3,0
2022-09-13,East_Zone,70.2,0.0,22.6,2.4,6.7,0
2022-09-14,East_Zone,73.4,0.0,21.2,4.8,6.4,0
2022-09-15,East_Zone,73.2,0.0,23.5,2.6,5.9,0
2022-09-16,East_Zone,68.9,0.0,23.4,8.3,6.3,0
2022-09-17,East_Zone,73.4,0.0,25.0,7.4,5.6,0
2022-09-18,East_Zone,69.5,0.0,23.0,6.5,6.3,0
2022-09-19,East_Zone,68.0,0.0,26.5,5.1,6.6,0
2022-09-20,East_Zone,76.1,2.1,31.1,1.0,7.7,0
2022-09-21,East_Zone,67.1,0.0,22.8,4.6,7.2,0
2022-09-22,East_Zone,59.2,0.0,24.5,3.7,5.9,0
2022-09-23,East_Zone,77.2,0.0,31.9,6.7,6.8,0
2022-09-24,East_Zone,82.3,0.0,30.9,7.9,6.8,0
2022-09-25,East_Zone,70.9,1.1,21.8,7.0,6.2,0
2022-09-26,East_Zone,59.9,0.0,28.6,9.8,6.5,0
2022-09-27,East_Zone,72.1,0.0,20.6,4.3,6.1,0
2022-09-28,East_Zone,65.7,0.0,37.4,4.2,7.9,0
2022-09-29,East_Zone,68.9,0.0,28.6,9.1,6.3,0
2022-09-30,East_Zone,69.1,0.0,18.9,6.5,6.4,0
2022-10-01,East_Zone,73.5,0.0,25.6,5.3,5.0,0
2022-10-02,East_Zone,72.4,0.0,29.2,11.5,7.1,0
2022-10-03,East_Zone,66.3,0.0,20.3,7.7,7.0,0
2022-10-04,East_Zone,77.5,0.0,20.0,5.4,5.6,0
2022-10-05,East_Zone,81.8,0.0,24.1,3.9,6.1,0
2022-10-06,East_Zone,74.4,0.0,20.7,10.0,6.6,0
2022-10-07,East_Zone,70.6,0.0,22.8,6.6,6.4,0
2022-10-08,East_Zone,70.0,0.0,25.5,6.1,6.8,0
2022-10-09,East_Zone,75.2,0.0,23.2,8.0,6.2,0
2022-10-10,East_Zone,60.9,0.0,28.7,8.6,7.7,0
2022-10-11,East_Zone,75.7,0.0,18.6,7.6,5.8,0
2022-10-12,East_Zone,69.2,2.4,24.7,8.7,8.1,0
2022-10-13,East_Zone,81.6,0.5,22.7,7.4,7.1,0
2022-10-14,East_Zone,69.3,2.3,26.3,7.7,7.1,0
2022-10-15,East_Zone,78.7,0.1,26.1,3.8,5.9,0
2022-10-16,East_Zone,61.9,0.0,35.1,11.4,7.3,0
2022-10-17,East_Zone,72.8,0.0,28.9,2.3,7.0,0
2022-10-18,East_Zone,74.9,0.0,21.1,6.9,5.0,0
2022-10-19,East_Zone,65.2,0.0,29.1,2.0,5.8,0
2022-10-20,East_Zone,72.6,0.0,23.8,5.7,6.7,0
2022-10-21,East_Zone,76.5,0.0,25.9,4.3,6.5,0
2022-10-22,East_Zone,69.2,0.0,25.3,6.4,6.2,0
2022-10-23,East_Zone,62.7,0.0,24.8,7.0,7.1,0
2022-10-24,East_Zone,70.0,0.0,26.6,3.1,6.0,0
2022-10-25,East_Zone,66.7,0.0,24.6,5.9,6.2,0
2022-10-26,East_Zone,69.0,2.5,25.5,10.2,6.1,0
2022-10-27,East_Zone,71.1,0.0,24.2,2.1,6.8,0
2022-10-28,East_Zone,63.1,0.0,23.9,3.4,5.4,0
2022-10-29,East_Zone,65.6,0.0,20.6,8.6,6.0,0
2022-10-30,East_Zone,71.1,2.6,32.5,6.2,5.7,0
2022-10-31,East_Zone,68.7,0.0,24.4,6.5,6.3,0
2022-11-01,East_Zone,55.7,0.0,30.7,9.1,7.1,0
2022-11-02,East_Zone,77.1,2.3,21.4,3.6,6.8,0
2022-11-03,East_Zone,73.1,0.0,23.7,4.4,6.0,0
2022-11-04,East_Zone,67.4,0.0,25.1,4.1,6.8,0
2022-11-05,East_Zone,63.9,0.5,25.9,5.0,6.4,0
2022-11-06,East_Zone,74.0,0.0,29.0,10.0,7.4,0
2022-11-07,East_Zone,72.9,10.8,24.8,1.0,6.4,0
2022-11-08,East_Zone,83.3,0.0,24.4,2.4,4.7,0
2022-11-09,East_Zone,73.0,0.0,25.2,1.9,7.0,0
2022-11-10,East_Zone,73.7,0.0,23.8,10.2,6.2,0
2022-11-11,East_Zone,73.6,0.0,19.3,4.2,6.1,0
2022-11-12,East_Zone,77.6,0.0,20.8,5.0,6.5,0
2022-11-13,East_Zone,76.1,0.0,21.7,1.2,5.5,0
2022-11-14,East_Zone,81.0,0.0,18.8,5.2,6.2,0
2022-11-15,East_Zone,69.2,0.0,23.7,8.6,6.8,0
2022-11-16,East_Zone,67.4,0.0,29.3,6.8,6.8,0
2022-11-17,East_Zone,68.1,0.0,25.9,5.7,6.2,0
2022-11-18,East_Zone,73.2,0.0,31.1,1.3,7.2,0
2022-11-19,East_Zone,78.8,0.0,24.5,5.0,5.9,0
2022-11-20,East_Zone,67.0,0.0,29.9,6.4,6.3,0
2022-11-21,East_Zone,69.6,0.0,23.8,3.0,6.4,0
2022-11-22,East_Zone,70.2,4.5,32.6,8.0,6.9,0
2022-11-23,East_Zone,71.8,0.0,21.6,8.7,6.1,0
2022-11-24,East_Zone,75.0,0.0,26.3,4.4,7.3,0
2022-11-25,East_Zone,58.2,0.0,28.6,8.2,6.8,0
2022-11-26,East_Zone,69.3,0.0,21.0,5.7,6.3,0
2022-11-27,East_Zone,69.8,0.0,20.4,9.4,6.4,0
2022-11-28,East_Zone,59.5,0.0,24.9,12.1,6.9,0
2022-11-29,East_Zone,65.6,0.0,26.0,2.7,6.7,0
2022-11-30,East_Zone,67.7,0.0,22.9,8.3,5.3,0
2022-12-01,East_Zone,77.9,0.0,15.2,9.9,4.2,0
2022-12-02,East_Zone,86.7,7.8,11.5,3.1,3.4,0
2022-12-03,East_Zone,78.7,2.8,13.5,4.3,3.8,0
2022-12-04,East_Zone,71.6,0.0,18.8,4.2,3.4,0
2022-12-05,East_Zone,80.2,0.0,12.6,5.6,2.3,0
2022-12-06,East_Zone,83.3,0.0,16.5,4.9,2.2,0
2022-12-07,East_Zone,73.4,0.0,16.2,5.4,3.0,0
2022-12-08,East_Zone,76.0,1.8,12.4,8.5,3.7,0
2022-12-09,East_Zone,80.9,0.0,16.5,1.0,4.4,0
2022-12-10,East_Zone,77.7,0.0,15.4,3.1,3.7,0
2022-12-11,East_Zone,82.1,0.0,15.3,8.0,2.9,0
2022-12-12,East_Zone,78.4,0.0,15.9,7.7,3.1,0
2022-12-13,East_Zone,83.0,0.0,14.2,2.8,4.3,0
2022-12-14,East_Zone,72.9,0.0,16.5,7.7,2.8,0
2022-12-15,East_Zone,78.3,0.0,16.1,10.0,4.8,0
2022-12-16,East_Zone,77.5,1.5,15.8,5.9,4.7,0
2022-12-17,East_Zone,71.3,0.0,17.7,3.0,4.9,0
2022-12-18,East_Zone,73.1,0.0,11.8,8.6,3.6,0
2022-12-19,East_Zone,81.5,5.7,16.5,11.2,3.4,0
2022-12-20,East_Zone,77.9,0.0,13.9,3.3,3.7,0
2022-12-21,East_Zone,74.8,0.0,13.5,6.1,4.0,0
2022-12-22,East_Zone,77.3,0.0,17.1,9.3,3.2,0
2022-12-23,East_Zone,85.6,0.0,13.4,6.3,2.8,0
2022-12-24,East_Zone,65.0,0.0,19.3,1.0,3.5,0
2022-12-25,East_Zone,72.8,0.0,12.9,7.3,2.9,0
2022-12-26,East_Zone,74.5,0.0,14.8,3.1,4.2,0
2022-12-27,East_Zone,85.5,0.0,16.3,2.2,3.2,0
2022-12-28,East_Zone,81.0,0.0,14.0,1.0,3.5,0
2022-12-29,East_Zone,83.7,0.0,13.5,9.6,4.0,0
2022-12-30,East_Zone,69.9,0.7,20.6,3.5,4.5,0
2022-12-31,East_Zone,76.4,1.1,10.0,7.0,3.4,0
2023-01-01,East_Zone,81.5,0.0,14.5,7.7,3.7,0
2023-01-02,East_Zone,78.9,1.9,15.6,6.5,2.9,0
2023-01-03,East_Zone,84.6,0.0,10.2,6.9,3.9,0
2023-01-04,East_Zone,77.5,0.0,15.9,7.1,4.3,0
2023-01-05,East_Zone,81.2,0.0,13.7,6.4,2.3,0
2023-01-06,East_Zone,79.0,0.0,16.4,3.7,4.6,0
2023-01-07,East_Zone,82.4,0.0,15.8,3.5,3.1,0
2023-01-08,East_Zone,83.0,0.0,15.1,5.7,3.9,0
2023-01-09,East_Zone,69.0,0.0,18.2,5.6,3.7,0
2023-01-10,East_Zone,70.9,0.0,9.7,7.3,3.2,0
2023-01-11,East_Zone,83.2,0.0,16.4,9.3,3.4,0
2023-01-12,East_Zone,85.4,0.0,14.2,7.0,2.9,0
2023-01-13,East_Zone,72.9,0.0,16.7,3.6,3.9,0
2023-01-14,East_Zone,73.6,2.8,8.5,1.0,3.0,0
2023-01-15,East_Zone,77.8,2.4,17.9,3.7,2.9,0
2023-01-16,East_Zone,80.5,0.0,20.2,2.0,3.1,0
2023-01-17,East_Zone,87.4,0.0,16.0,3.8,2.8,0
2023-01-18,East_Zone,81.7,0.0,14.8,6.7,3.2,0
2023-01-19,East_Zone,77.7,0.0,14.1,6.3,3.7,0
2023-01-20,East_Zone,76.2,0.0,12.2,11.6,2.9,0
2023-01-21,East_Zone,81.1,0.0,11.6,7.4,3.9,0
2023-01-22,East_Zone,76.5,2.8,16.6,11.7,3.5,0
2023-01-23,East_Zone,75.8,0.0,11.8,8.1,3.2,0
2023-01-24,East_Zone,89.4,1.6,14.7,9.3,3.5,0
2023-01-25,East_Zone,89.7,0.0,12.1,4.9,4.2,0
2023-01-26,East_Zone,85.5,0.0,13.7,2.8,2.6,0
2023-01-27,East_Zone,73.1,0.0,17.2,4.7,4.6,0
2023-01-28,East_Zone,82.3,0.0,16.7,6.0,4.2,0
2023-01-29,East_Zone,83.8,0.0,12.4,4.1,3.4,0
2023-01-30,East_Zone,81.6,2.8,14.3,3.0,4.2,0
2023-01-31,East_Zone,85.5,0.0,14.5,7.3,3.3,0
2023-02-01,East_Zone,79.0,0.0,20.3,3.0,3.9,0
2023-02-02,East_Zone,85.8,0.0,9.9,1.4,2.9,0
2023-02-03,East_Zone,79.2,0.0,20.0,2.6,4.3,0
2023-02-04,East_Zone,82.7,0.0,11.7,5.3,2.9,0
2023-02-05,East_Zone,72.1,0.0,11.6,3.0,3.3,0
2023-02-06,East_Zone,81.9,0.0,10.9,5.3,3.7,0
2023-02-07,East_Zone,78.0,0.0,12.0,7.8,4.0,0
2023-02-08,East_Zone,73.3,0.0,13.9,7.7,3.0,0
2023-02-09,East_Zone,87.3,4.2,15.1,4.0,4.0,0
2023-02-10,East_Zone,86.5,0.0,16.9,2.1,3.0,0
2023-02-11,East_Zone,87.6,0.0,12.0,4.3,2.1,0
2023-02-12,East_Zone,79.4,0.0,16.4,8.0,3.1,0
2023-02-13,East_Zone,83.2,0.0,19.2,8.7,4.2,0
2023-02-14,East_Zone,79.3,0.0,14.6,7.1,3.5,0
2023-02-15,East_Zone,81.8,0.0,12.0,9.6,3.0,0
2023-02-16,East_Zone,73.9,0.0,14.4,11.2,3.5,0
2023-02-17,East_Zone,80.4,0.0,16.0,4.6,3.6,0
2023-02-18,East_Zone,78.9,0.0,15.7,10.5,3.9,0
2023-02-19,East_Zone,74.2,0.0,12.2,5.2,2.4,0
2023-02-20,East_Zone,79.2,0.0,14.2,9.1,3.4,0
2023-02-21,East_Zone,80.7,0.0,11.5,8.1,3.4,0
2023-02-22,East_Zone,86.2,0.0,17.9,1.0,2.8,0
2023-02-23,East_Zone,82.6,0.8,16.4,3.1,2.7,0
2023-02-24,East_Zone,78.6,0.0,15.8,2.3,3.3,0
2023-02-25,East_Zone,79.0,0.0,17.0,1.0,3.6,0
2023-02-26,East_Zone,79.9,0.0,13.9,8.6,3.5,0
2023-02-27,East_Zone,77.0,0.0,16.6,12.2,3.2,0
2023-02-28,East_Zone,74.3,2.0,13.8,5.2,3.1,0
2023-03-01,East_Zone,43.8,0.4,33.6,8.6,9.1,0
2023-03-02,East_Zone,40.6,2.0,33.4,10.5,9.6,0
2023-03-03,East_Zone,35.2,0.0,40.4,6.6,10.4,0
2023-03-04,East_Zone,43.8,0.0,45.0,5.9,8.3,0
2023-03-05,East_Zone,45.2,0.0,38.1,5.3,9.9,0
2023-03-06,East_Zone,37.8,0.0,28.2,7.6,9.1,0
2023-03-07,East_Zone,38.7,0.1,50.3,8.6,10.1,0
2023-03-08,East_Zone,50.7,0.0,31.9,7.4,10.0,0
2023-03-09,East_Zone,48.4,0.0,39.8,7.3,9.0,0
2023-03-10,East_Zone,47.0,0.0,44.0,5.8,10.2,0
2023-03-11,East_Zone,44.8,0.0,33.7,1.2,8.6,0
2023-03-12,East_Zone,41.5,0.0,30.5,8.7,9.4,0
2023-03-13,East_Zone,37.9,0.0,35.6,2.1,9.3,0
2023-03-14,East_Zone,41.9,0.0,48.6,7.9,9.8,0
2023-03-15,East_Zone,44.1,0.0,41.5,8.3,9.0,0
2023-03-16,East_Zone,51.7,0.0,33.3,2.6,9.6,0
2023-03-17,East_Zone,52.6,0.0,28.9,4.2,10.1,0
2023-03-18,East_Zone,39.1,3.6,48.8,12.4,9.2,0
2023-03-19,East_Zone,39.2,0.0,30.7,5.8,9.4,0
2023-03-20,East_Zone,38.3,0.0,47.6,2.3,10.3,0
2023-03-21,East_Zone,43.4,0.0,40.8,8.4,9.4,0
2023-03-22,East_Zone,45.3,0.0,29.7,3.7,10.0,0
2023-03-23,East_Zone,40.2,0.0,37.1,1.0,9.2,0
2023-03-24,East_Zone,48.8,0.0,27.7,7.6,9.1,0
2023-03-25,East_Zone,39.9,0.0,38.9,3.3,8.9,0
2023-03-26,East_Zone,43.5,0.0,28.9,7.0,9.3,0
2023-03-27,East_Zone,41.5,0.0,49.4,3.6,9.8,0
2023-03-28,East_Zone,41.7,0.0,35.7,8.1,9.8,0
2023-03-29,East_Zone,43.2,0.6,41.9,6.6,9.2,0
2023-03-30,East_Zone,43.9,0.0,39.9,1.0,9.1,0
2023-03-31,East_Zone,41.5,0.0,27.8,7.1,9.4,0
2023-04-01,East_Zone,41.5,0.0,34.9,5.1,10.3,0
2023-04-02,East_Zone,49.7,0.0,42.5,10.3,9.9,0
2023-04-03,East_Zone,34.2,0.0,45.1,7.2,10.9,0
2023-04-04,East_Zone,34.9,0.0,30.1,8.3,9.6,0
2023-04-05,East_Zone,29.5,1.7,46.9,3.9,10.2,0
2023-04-06,East_Zone,42.1,0.0,41.4,3.6,10.0,0
2023-04-07,East_Zone,45.4,0.0,32.2,5.9,10.2,0
2023-04-08,East_Zone,41.5,0.0,40.7,4.9,10.3,0
2023-04-09,East_Zone,46.5,0.0,50.3,10.0,9.1,0
2023-04-10,East_Zone,32.5,0.0,29.1,5.5,9.7,0
2023-04-11,East_Zone,49.1,0.0,28.6,2.3,9.3,0
2023-04-12,East_Zone,47.4,0.0,55.1,3.5,9.7,0
2023-04-13,East_Zone,35.7,0.0,41.2,8.9,8.6,0
2023-04-14,East_Zone,42.7,0.0,33.3,5.5,8.4,0
2023-04-15,East_Zone,38.7,2.3,38.5,5.3,9.3,0
2023-04-16,East_Zone,40.1,0.3,32.9,9.2,8.5,0
2023-04-17,East_Zone,45.0,0.0,29.0,3.3,9.0,0
2023-04-18,East_Zone,49.3,0.0,43.8,1.0,10.0,0
2023-04-19,East_Zone,50.9,0.0,46.8,3.4,9.3,0
2023-04-20,East_Zone,42.4,0.0,34.7,6.7,9.5,0
2023-04-21,East_Zone,53.2,0.0,39.1,5.3,8.8,0
2023-04-22,East_Zone,40.6,0.0,46.8,1.3,9.9,0
2023-04-23,East_Zone,48.3,0.0,55.8,9.0,10.1,0
2023-04-24,East_Zone,46.0,0.0,29.6,6.5,8.4,0
2023-04-25,East_Zone,42.6,0.0,41.6,7.2,9.1,0
2023-04-26,East_Zone,43.7,0.0,42.3,7.3,8.8,0
2023-04-27,East_Zone,58.6,0.0,45.9,2.1,9.8,0
2023-04-28,East_Zone,48.3,0.0,36.2,6.9,9.5,0
2023-04-29,East_Zone,39.0,1.1,38.4,8.7,9.5,0
2023-04-30,East_Zone,48.5,0.0,37.7,9.4,9.4,0
2023-05-01,East_Zone,35.0,0.0,59.1,8.2,10.2,1
2023-05-02,East_Zone,38.6,0.0,43.4,7.5,9.9,0
2023-05-03,East_Zone,47.1,0.0,41.2,1.0,9.2,0
2023-05-04,East_Zone,49.9,0.0,23.8,6.0,8.6,0
2023-05-05,East_Zone,43.6,0.0,41.1,3.1,9.5,0
2023-05-06,East_Zone,42.9,0.0,38.7,9.8,9.4,0
2023-05-07,East_Zone,42.7,0.0,45.4,9.4,10.9,0
2023-05-08,East_Zone,42.8,0.0,46.8,3.1,9.5,0
2023-05-09,East_Zone,30.7,0.0,42.3,5.9,9.9,0
2023-05-10,East_Zone,46.6,0.0,38.3,6.7,9.8,0
2023-05-11,East_Zone,38.7,0.0,35.0,8.7,10.3,0
2023-05-12,East_Zone,34.4,0.3,39.7,1.0,9.1,0
2023-05-13,East_Zone,39.5,0.0,48.8,1.0,10.6,0
2023-05-14,East_Zone,45.7,0.0,32.1,6.1,9.2,0
2023-05-15,East_Zone,41.5,8.2,32.1,1.0,10.8,0
2023-05-16,East_Zone,49.2,3.9,33.5,6.5,9.5,0
2023-05-17,East_Zone,34.0,0.8,42.5,7.8,9.0,0
2023-05-18,East_Zone,40.0,0.0,40.4,9.7,9.5,0
2023-05-19,East_Zone,39.5,0.7,39.0,4.1,10.4,0
2023-05-20,East_Zone,42.9,0.0,37.7,6.5,9.5,0
2023-05-21,East_Zone,43.3,0.0,42.1,8.0,9.6,0
2023-05-22,East_Zone,35.8,0.0,42.9,2.5,10.1,0
2023-05-23,East_Zone,48.8,0.0,32.9,8.7,9.1,0
2023-05-24,East_Zone,44.0,2.1,36.2,6.8,9.3,0
2023-05-25,East_Zone,34.3,0.0,33.8,4.2,8.9,0
2023-05-26,East_Zone,31.5,6.5,39.6,6.4,10.7,0
2023-05-27,East_Zone,42.8,0.0,38.7,5.6,8.8,0
2023-05-28,East_Zone,42.7,0.0,35.6,8.3,9.5,0
2023-05-29,East_Zone,45.2,0.0,30.9,4.9,9.6,0
2023-05-30,East_Zone,44.0,0.0,34.9,6.7,9.4,0
2023-05-31,East_Zone,45.6,0.0,34.4,4.1,8.6,0
2023-06-01,East_Zone,96.5,7.1,44.7,11.2,5.2,0
2023-06-02,East_Zone,89.0,20.8,25.8,14.5,5.9,0
2023-06-03,East_Zone,88.5,0.4,26.0,11.3,5.1,0
2023-06-04,East_Zone,87.4,52.9,34.8,16.4,4.4,0
2023-06-05,East_Zone,95.1,25.6,31.9,15.8,5.8,0
2023-06-06,East_Zone,99.0,0.0,21.6,11.7,4.8,0
2023-06-07,East_Zone,89.7,0.0,41.4,14.6,6.1,0
2023-06-08,East_Zone,80.2,2.4,34.2,11.7,5.6,0
2023-06-09,East_Zone,85.3,34.7,30.3,9.2,5.5,0
2023-06-10,East_Zone,86.4,11.3,48.9,12.2,5.9,0
2023-06-11,East_Zone,91.0,46.2,30.8,13.8,4.9,0
2023-06-12,East_Zone,90.9,7.3,35.6,15.6,5.2,0
2023-06-13,East_Zone,93.9,76.8,31.8,14.4,5.5,1
2023-06-14,East_Zone,93.3,23.4,25.2,16.7,4.8,0
2023-06-15,East_Zone,98.9,18.5,32.4,11.1,6.0,0
2023-06-16,East_Zone,90.2,72.4,31.6,12.9,5.4,1
2023-06-17,East_Zone,89.8,0.0,26.5,18.9,4.7,0
2023-06-18,East_Zone,96.9,8.8,25.8,8.2,5.2,0
2023-06-19,East_Zone,84.6,52.2,37.7,12.6,5.8,0
2023-06-20,East_Zone,93.8,42.8,43.2,10.8,5.5,0
2023-06-21,East_Zone,92.6,0.0,41.2,13.4,6.0,0
2023-06-22,East_Zone,90.7,48.4,44.6,12.7,6.1,0
2023-06-23,East_Zone,99.0,76.5,41.6,15.8,7.2,1
2023-06-24,East_Zone,90.8,20.4,30.2,14.8,6.3,0
2023-06-25,East_Zone,99.0,20.5,25.9,10.1,4.6,0
2023-06-26,East_Zone,90.9,19.3,41.0,12.2,5.5,0
2023-06-27,East_Zone,87.8,0.0,26.3,14.0,5.4,0
2023-06-28,East_Zone,93.5,0.0,34.4,16.2,6.0,0
2023-06-29,East_Zone,89.1,0.0,25.9,21.3,5.0,0
2023-06-30,East_Zone,91.1,0.0,25.3,16.1,5.2,0
2023-07-01,East_Zone,97.5,16.3,24.1,11.0,4.7,0
2023-07-02,East_Zone,93.3,4.4,52.5,13.7,5.5,0
2023-07-03,East_Zone,90.3,58.6,32.6,14.5,5.3,0
2023-07-04,East_Zone,98.9,10.8,30.7,12.4,5.4,0
2023-07-05,East_Zone,99.0,6.1,25.1,15.4,4.8,0
2023-07-06,East_Zone,99.0,96.3,25.2,7.2,6.1,1
2023-07-07,East_Zone,95.0,14.4,39.9,15.7,6.0,0
2023-07-08,East_Zone,98.1,0.0,49.1,12.6,4.9,0
2023-07-09,East_Zone,83.1,25.4,35.7,13.7,5.7,0
2023-07-10,East_Zone,94.0,0.0,24.0,18.4,4.5,0
2023-07-11,East_Zone,90.2,0.0,25.8,10.2,6.3,0
2023-07-12,East_Zone,95.7,0.0,24.8,14.8,6.5,0
2023-07-13,East_Zone,91.7,13.5,25.8,16.4,5.5,0
2023-07-14,East_Zone,92.4,21.1,33.8,14.5,5.1,0
2023-07-15,East_Zone,99.0,31.4,60.7,9.2,5.5,0
2023-07-16,East_Zone,94.6,0.0,24.2,18.1,5.2,0
2023-07-17,East_Zone,96.3,29.7,26.3,13.4,5.5,0
2023-07-18,East_Zone,91.5,34.8,37.1,12.4,6.5,0
2023-07-19,East_Zone,94.8,17.3,26.0,13.1,6.1,0
2023-07-20,East_Zone,98.0,42.1,20.0,12.9,5.8,0
2023-07-21,East_Zone,93.9,0.0,44.5,10.4,5.9,0
2023-07-22,East_Zone,96.6,35.7,52.3,14.5,5.2,0
2023-07-23,East_Zone,99.0,37.7,25.0,12.2,5.0,0
2023-07-24,East_Zone,98.0,27.1,22.6,16.0,5.4,0
2023-07-25,East_Zone,96.0,63.2,35.9,15.6,4.9,1
2023-07-26,East_Zone,86.7,21.7,37.2,18.9,5.9,0
2023-07-27,East_Zone,93.6,9.9,26.6,13.4,6.1,0
2023-07-28,East_Zone,95.4,22.4,52.2,11.6,6.2,0
2023-07-29,East_Zone,94.0,0.0,60.1,9.6,6.2,0
2023-07-30,East_Zone,94.0,2.9,36.2,20.6,4.6,0
2023-07-31,East_Zone,98.4,0.0,30.6,16.0,6.4,0
2023-08-01,East_Zone,98.1,81.3,24.0,11.9,4.5,1
2023-08-02,East_Zone,99.0,0.0,32.4,19.1,5.5,0
2023-08-03,East_Zone,96.0,52.1,25.8,18.1,5.9,0
2023-08-04,East_Zone,89.4,0.7,46.1,9.9,6.0,0
2023-08-05,East_Zone,97.0,35.8,24.5,11.7,4.7,0
2023-08-06,East_Zone,75.4,21.8,46.6,13.6,5.3,0
2023-08-07,East_Zone,93.5,92.9,44.8,10.8,6.0,1
2023-08-08,East_Zone,78.0,0.0,23.0,13.7,5.7,0
2023-08-09,East_Zone,82.6,0.0,42.9,16.1,5.2,0
2023-08-10,East_Zone,95.7,2.2,33.4,9.9,5.9,0
2023-08-11,East_Zone,96.2,22.4,31.4,14.9,4.7,0
2023-08-12,East_Zone,89.4,27.0,24.7,17.5,5.9,0
2023-08-13,East_Zone,91.8,17.3,24.4,15.2,4.9,0
2023-08-14,East_Zone,99.0,53.1,23.9,13.8,5.5,0
2023-08-15,East_Zone,90.2,0.0,37.1,12.0,5.6,0
2023-08-16,East_Zone,99.0,14.8,26.5,16.5,6.3,0
2023-08-17,East_Zone,88.3,1.1,68.9,10.5,6.2,0
2023-08-18,East_Zone,94.0,29.9,42.5,14.7,5.4,0
2023-08-19,East_Zone,99.0,64.4,41.6,14.1,5.9,1
2023-08-20,East_Zone,95.3,14.9,25.6,17.4,6.8,0
2023-08-21,East_Zone,87.2,0.0,38.8,12.3,6.2,0
2023-08-22,East_Zone,94.4,4.9,25.1,12.5,5.5,0
2023-08-23,East_Zone,93.1,0.0,33.6,10.3,5.1,0
2023-08-24,East_Zone,85.3,0.0,38.5,15.3,5.4,0
2023-08-25,East_Zone,91.8,30.0,34.7,12.7,6.1,0
2023-08-26,East_Zone,89.1,114.0,35.5,11.4,5.1,1
2023-08-27,East_Zone,98.2,80.5,33.0,11.7,5.6,1
2023-08-28,East_Zone,91.7,44.5,44.5,15.6,6.7,0
2023-08-29,East_Zone,92.8,59.1,26.3,10.7,5.7,0
2023-08-30,East_Zone,92.0,28.9,37.9,11.0,5.1,0
2023-08-31,East_Zone,94.1,20.7,35.6,16.7,7.0,0
2023-09-01,East_Zone,72.6,0.0,30.0,5.5,7.7,0
2023-09-02,East_Zone,66.1,0.0,24.9,8.9,6.8,0
2023-09-03,East_Zone,66.3,0.0,24.1,4.9,7.2,0
2023-09-04,East_Zone,80.1,0.0,19.0,6.0,6.0,0
2023-09-05,East_Zone,67.5,0.0,29.3,6.5,7.1,0
2023-09-06,East_Zone,61.1,0.0,32.5,10.2,6.5,0
2023-09-07,East_Zone,73.9,0.0,23.9,9.9,5.6,0
2023-09-08,East_Zone,74.9,0.0,22.3,9.5,7.9,0
2023-09-09,East_Zone,64.5,0.4,23.1,4.1,5.6,0
2023-09-10,East_Zone,71.8,0.0,25.6,3.0,6.7,0
2023-09-11,East_Zone,72.3,8.8,32.9,8.3,6.9,0
2023-09-12,East_Zone,77.3,0.0,17.6,10.1,6.4,0
2023-09-13,East_Zone,75.4,2.4,22.9,9.5,6.3,0
2023-09-14,East_Zone,64.0,0.0,24.9,6.0,6.4,0
2023-09-15,East_Zone,70.2,0.0,33.0,8.2,6.8,0
2023-09-16,East_Zone,68.7,0.0,26.3,8.2,6.9,0
2023-09-17,East_Zone,73.9,0.0,16.1,6.4,6.1,0
2023-09-18,East_Zone,78.3,0.0,20.1,6.6,6.2,0
2023-09-19,East_Zone,78.4,0.0,25.0,6.3,5.7,0
2023-09-20,East_Zone,81.1,0.2,23.1,3.6,7.6,0
2023-09-21,East_Zone,78.2,0.0,23.9,3.9,6.8,0
2023-09-22,East_Zone,69.7,0.0,26.3,3.9,6.7,0
2023-09-23,East_Zone,74.7,0.7,21.7,1.2,6.0,0
2023-09-24,East_Zone,76.1,0.0,22.9,6.4,5.8,0
2023-09-25,East_Zone,71.2,0.0,25.6,5.9,7.0,0
2023-09-26,East_Zone,73.8,0.0,21.5,8.3,6.2,0
2023-09-27,East_Zone,77.3,0.0,21.3,9.8,6.7,0
2023-09-28,East_Zone,72.0,0.0,22.9,10.0,5.6,0
2023-09-29,East_Zone,68.9,0.0,22.5,10.3,7.3,0
2023-09-30,East_Zone,68.9,0.0,25.1,3.7,7.0,0
2023-10-01,East_Zone,73.2,0.0,26.6,1.7,6.5,0
2023-10-02,East_Zone,71.1,0.0,24.9,8.8,6.8,0
2023-10-03,East_Zone,74.1,0.0,22.6,10.1,6.8,0
2023-10-04,East_Zone,78.5,0.0,18.1,10.7,5.4,0
2023-10-05,East_Zone,70.2,0.0,23.2,7.5,7.4,0
2023-10-06,East_Zone,75.9,1.9,23.2,1.0,6.7,0
2023-10-07,East_Zone,75.4,0.0,20.8,7.1,5.9,0
2023-10-08,East_Zone,63.9,0.0,26.5,7.7,5.9,0
2023-10-09,East_Zone,80.1,0.0,21.9,9.8,6.9,0
2023-10-10,East_Zone,70.8,0.0,21.1,10.3,6.4,0
2023-10-11,East_Zone,66.2,0.0,19.2,8.7,6.5,0
2023-10-12,East_Zone,67.0,0.0,22.9,4.2,6.4,0
2023-10-13,East_Zone,64.5,0.0,28.9,2.9,6.0,0
2023-10-14,East_Zone,70.5,0.0,26.3,7.6,6.9,0
2023-10-15,East_Zone,70.5,0.0,23.6,3.6,6.3,0
2023-10-16,East_Zone,69.3,0.0,25.1,10.4,6.5,0
2023-10-17,East_Zone,73.3,0.0,26.3,1.0,8.0,0
2023-10-18,East_Zone,72.3,3.9,25.6,7.7,7.1,0
2023-10-19,East_Zone,73.8,0.0,22.9,7.0,7.0,0
2023-10-20,East_Zone,71.1,0.2,31.4,5.4,8.3,0
2023-10-21,East_Zone,74.8,0.0,23.8,3.2,6.7,0
2023-10-22,East_Zone,60.3,0.0,25.2,1.0,6.6,0
2023-10-23,East_Zone,69.7,0.0,24.1,4.4,6.0,0
2023-10-24,East_Zone,60.2,0.0,24.8,4.5,6.2,0
2023-10-25,East_Zone,74.6,0.0,19.3,9.3,5.0,0
2023-10-26,East_Zone,74.1,0.0,19.8,3.7,6.7,0
2023-10-27,East_Zone,75.0,0.0,29.3,7.4,5.8,0
2023-10-28,East_Zone,78.4,0.0,22.6,2.1,6.9,0
2023-10-29,East_Zone,73.5,0.0,22.5,7.4,6.3,0
2023-10-30,East_Zone,66.9,0.7,29.7,1.0,6.7,0
2023-10-31,East_Zone,71.6,0.0,31.1,12.3,6.6,0
2023-11-01,East_Zone,68.7,0.0,24.5,5.6,7.3,0
2023-11-02,East_Zone,70.9,0.9,25.1,1.0,7.2,0
2023-11-03,East_Zone,76.8,0.0,23.6,3.8,6.4,0
2023-11-04,East_Zone,69.5,0.0,22.8,3.4,5.9,0
2023-11-05,East_Zone,73.9,0.0,29.0,4.0,7.1,0
2023-11-06,East_Zone,75.8,0.0,22.7,4.9,5.8,0
2023-11-07,East_Zone,63.5,0.0,32.5,4.0,5.8,0
2023-11-08,East_Zone,74.9,0.0,26.6,3.6,6.9,0
2023-11-09,East_Zone,73.4,0.0,29.0,2.5,7.3,0
2023-11-10,East_Zone,73.1,0.0,22.3,8.5,6.1,0
2023-11-11,East_Zone,69.9,2.3,20.4,9.6,6.5,0
2023-11-12,East_Zone,66.6,0.0,25.1,5.2,6.3,0
2023-11-13,East_Zone,71.7,0.0,19.4,5.9,6.7,0
2023-11-14,East_Zone,75.5,0.0,22.1,2.6,7.0,0
2023-11-15,East_Zone,68.3,0.0,21.6,6.2,6.2,0
2023-11-16,East_Zone,73.8,1.9,23.9,6.7,5.8,0
2023-11-17,East_Zone,64.0,0.0,26.3,5.3,5.7,0
2023-11-18,East_Zone,70.7,0.0,23.8,7.2,7.0,0
2023-11-19,East_Zone,70.9,0.0,26.0,6.9,5.9,0
2023-11-20,East_Zone,79.8,0.0,39.8,2.8,7.0,0
2023-11-21,East_Zone,63.7,0.0,25.7,9.6,7.0,0
2023-11-22,East_Zone,74.9,0.0,38.5,5.4,6.5,0
2023-11-23,East_Zone,73.4,0.0,22.3,11.0,6.3,0
2023-11-24,East_Zone,71.4,0.0,30.3,7.3,7.2,0
2023-11-25,East_Zone,71.4,0.0,25.4,11.9,6.0,0
2023-11-26,East_Zone,74.0,0.0,23.7,9.5,5.9,0
2023-11-27,East_Zone,71.5,0.0,22.9,6.7,6.3,0
2023-11-28,East_Zone,80.9,0.0,20.6,3.8,7.0,0
2023-11-29,East_Zone,72.2,0.0,19.2,3.9,7.2,0
2023-11-30,East_Zone,77.6,0.0,23.4,7.6,6.4,0
2023-12-01,East_Zone,73.1,0.0,19.4,6.4,3.3,0
2023-12-02,East_Zone,81.5,0.0,10.4,4.2,3.9,0
2023-12-03,East_Zone,71.6,0.0,18.4,8.5,2.7,0
2023-12-04,East_Zone,80.6,0.0,16.2,6.1,3.7,0
2023-12-05,East_Zone,89.9,0.0,8.8,8.5,3.2,0
2023-12-06,East_Zone,77.1,0.0,17.6,3.1,4.4,0
2023-12-07,East_Zone,75.7,0.0,18.8,9.0,4.5,0
2023-12-08,East_Zone,73.2,0.0,15.3,7.5,2.9,0
2023-12-09,East_Zone,79.6,0.0,12.1,9.6,3.5,0
2023-12-10,East_Zone,70.0,0.0,16.7,8.9,3.2,0
2023-12-11,East_Zone,78.4,0.0,8.4,5.7,3.0,0
2023-12-12,East_Zone,79.8,0.1,15.6,5.5,3.9,0
2023-12-13,East_Zone,84.0,0.0,17.6,11.3,3.4,0
2023-12-14,East_Zone,98.1,0.0,6.6,5.1,3.2,0
2023-12-15,East_Zone,78.6,0.0,10.7,8.2,3.9,0
2023-12-16,East_Zone,85.9,0.0,15.4,4.9,4.4,0
2023-12-17,East_Zone,81.1,0.0,13.5,1.0,3.6,0
2023-12-18,East_Zone,79.1,0.0,13.6,2.3,3.5,0
2023-12-19,East_Zone,79.4,0.0,18.0,7.2,3.0,0
2023-12-20,East_Zone,77.4,4.8,18.1,8.1,4.6,0
2023-12-21,East_Zone,78.9,0.0,16.1,7.2,3.9,0
2023-12-22,East_Zone,76.7,0.0,15.5,9.4,3.6,0
2023-12-23,East_Zone,74.2,0.0,11.3,7.2,3.4,0
2023-12-24,East_Zone,70.9,0.0,15.6,3.7,3.7,0
2023-12-25,East_Zone,83.8,0.0,12.4,7.8,3.8,0
2023-12-26,East_Zone,74.0,0.0,21.0,6.5,4.3,0
2023-12-27,East_Zone,76.6,0.0,14.1,4.3,4.4,0
2023-12-28,East_Zone,79.2,0.0,14.8,7.4,3.6,0
2023-12-29,East_Zone,83.1,0.3,14.8,6.2,4.5,0
2023-12-30,East_Zone,81.0,0.0,13.2,4.2,4.0,0
2023-12-31,East_Zone,78.8,0.0,9.9,5.5,3.2,0
2021-01-01,North_Zone,69.2,0.0,16.5,10.2,2.6,0
2021-01-02,North_Zone,70.8,0.7,16.9,10.1,3.6,0
2021-01-03,North_Zone,66.9,0.0,14.3,6.6,4.4,0
2021-01-04,North_Zone,66.0,0.0,19.7,6.2,3.3,0
2021-01-05,North_Zone,71.0,0.0,13.6,1.7,3.5,0
2021-01-06,North_Zone,70.5,0.0,13.6,11.2,3.5,0
2021-01-07,North_Zone,66.7,0.8,15.7,9.1,4.1,0
2021-01-08,North_Zone,70.1,0.0,9.8,8.3,3.0,0
2021-01-09,North_Zone,68.4,0.0,12.0,1.0,2.8,0
2021-01-10,North_Zone,60.1,0.0,12.3,6.1,3.7,0
2021-01-11,North_Zone,64.9,0.0,19.4,5.6,3.3,0
2021-01-12,North_Zone,57.1,0.0,15.2,8.0,2.4,0
2021-01-13,North_Zone,61.0,0.0,13.4,4.6,4.5,0
2021-01-14,North_Zone,72.6,0.0,11.5,5.3,3.9,0
2021-01-15,North_Zone,69.3,0.0,13.2,7.9,4.5,0
2021-01-16,North_Zone,72.5,0.0,13.2,3.7,3.9,0
2021-01-17,North_Zone,62.6,0.0,15.0,4.3,3.9,0
2021-01-18,North_Zone,56.7,0.0,17.5,6.6,3.8,0
2021-01-19,North_Zone,62.4,0.0,15.6,10.0,3.4,0
2021-01-20,North_Zone,66.9,2.4,11.0,8.4,3.6,0
2021-01-21,North_Zone,63.1,0.0,17.2,9.2,3.3,0
2021-01-22,North_Zone,69.8,0.0,14.7,6.2,2.8,0
2021-01-23,North_Zone,64.8,8.2,10.6,10.5,3.1,0
2021-01-24,North_Zone,66.6,0.0,13.6,1.0,4.2,0
2021-01-25,North_Zone,58.5,0.0,16.0,12.1,2.8,0
2021-01-26,North_Zone,65.7,3.4,16.0,12.5,2.8,0
2021-01-27,North_Zone,65.2,0.0,13.0,7.4,3.8,0
2021-01-28,North_Zone,58.4,0.0,18.1,8.5,3.4,0
2021-01-29,North_Zone,64.3,0.0,12.5,5.9,3.7,0
2021-01-30,North_Zone,62.5,0.7,16.0,5.4,4.1,0
2021-01-31,North_Zone,63.5,0.0,13.6,4.2,3.7,0
2021-02-01,North_Zone,74.8,2.7,11.7,5.9,3.0,0
2021-02-02,North_Zone,62.1,0.0,17.4,7.7,4.4,0
2021-02-03,North_Zone,62.9,0.0,14.8,7.3,3.9,0
2021-02-04,North_Zone,52.9,0.0,16.1,12.0,3.6,0
2021-02-05,North_Zone,58.9,3.5,16.1,6.3,3.5,0
2021-02-06,North_Zone,62.7,5.9,14.9,1.5,3.7,0
2021-02-07,North_Zone,65.3,0.0,7.1,10.9,2.9,0
2021-02-08,North_Zone,70.7,0.0,15.3,2.3,2.5,0
2021-02-09,North_Zone,63.0,0.0,15.3,4.3,4.0,0
2021-02-10,North_Zone,70.9,0.0,14.3,6.8,3.9,0
2021-02-11,North_Zone,61.7,0.0,19.4,7.3,2.3,0
2021-02-12,North_Zone,65.6,0.5,12.6,1.7,3.7,0
2021-02-13,North_Zone,61.9,0.0,17.7,3.8,4.7,0
2021-02-14,North_Zone,65.0,0.0,13.4,1.6,2.7,0
2021-02-15,North_Zone,72.4,0.0,15.3,7.9,3.5,0
2021-02-16,North_Zone,53.7,0.0,12.9,9.6,3.3,0
2021-02-17,North_Zone,54.7,0.0,13.8,2.3,4.4,0
2021-02-18,North_Zone,60.7,0.0,15.9,9.0,4.2,0
2021-02-19,North_Zone,64.1,0.4,15.0,8.8,3.0,0
2021-02-20,North_Zone,70.0,0.0,10.8,4.0,3.5,0
2021-02-21,North_Zone,67.0,0.0,14.0,1.0,4.8,0
2021-02-22,North_Zone,62.4,0.0,14.5,2.8,3.1,0
2021-02-23,North_Zone,65.7,0.0,20.7,4.2,3.8,0
2021-02-24,North_Zone,68.7,0.0,15.8,10.6,3.8,0
2021-02-25,North_Zone,68.4,0.0,9.2,5.6,2.8,0
2021-02-26,North_Zone,68.7,0.0,15.2,3.0,4.6,0
2021-02-27,North_Zone,65.7,0.0,14.4,6.4,3.2,0
2021-02-28,North_Zone,61.3,0.0,14.9,2.1,2.7,0
2021-03-01,North_Zone,28.7,0.0,41.8,7.5,9.4,0
2021-03-02,North_Zone,30.5,0.0,30.6,3.1,9.7,0
2021-03-03,North_Zone,26.6,0.2,37.3,3.5,9.1,0
2021-03-04,North_Zone,36.6,0.5,33.1,7.1,9.6,0
2021-03-05,North_Zone,15.5,0.0,33.0,11.3,9.9,0
2021-03-06,North_Zone,20.9,0.0,33.2,12.6,8.8,0
2021-03-07,North_Zone,24.6,0.0,29.1,2.9,9.0,0
2021-03-08,North_Zone,24.7,3.1,37.1,4.2,9.8,0
2021-03-09,North_Zone,28.6,0.0,30.6,7.5,9.8,0
2021-03-10,North_Zone,21.3,0.0,31.7,9.5,9.1,0
2021-03-11,North_Zone,22.5,0.0,34.5,1.0,9.6,0
2021-03-12,North_Zone,24.5,0.0,32.1,6.3,9.3,0
2021-03-13,North_Zone,39.7,3.7,39.0,4.5,10.0,0
2021-03-14,North_Zone,33.9,0.0,45.4,1.0,10.1,0
2021-03-15,North_Zone,25.3,0.0,35.1,2.0,9.3,0
2021-03-16,North_Zone,25.6,0.0,35.0,4.3,9.8,0
2021-03-17,North_Zone,21.5,0.0,34.7,6.2,9.3,0
2021-03-18,North_Zone,18.0,0.0,33.6,9.0,9.8,0
2021-03-19,North_Zone,30.3,0.0,29.0,7.1,9.5,0
2021-03-20,North_Zone,24.8,0.0,30.3,8.8,10.8,0
2021-03-21,North_Zone,25.2,0.0,39.4,6.1,9.5,0
2021-03-22,North_Zone,22.1,0.0,29.6,3.9,9.2,0
2021-03-23,North_Zone,26.4,0.0,29.8,5.4,8.9,0
2021-03-24,North_Zone,26.6,0.0,39.2,8.1,9.1,0
2021-03-25,North_Zone,29.8,0.0,34.8,9.1,9.2,0
2021-03-26,North_Zone,33.4,0.0,28.5,5.6,9.6,0
2021-03-27,North_Zone,24.0,0.0,29.0,3.2,9.7,0
2021-03-28,North_Zone,32.6,0.0,34.5,7.0,9.7,0
2021-03-29,North_Zone,26.0,1.0,30.0,7.4,9.2,0
2021-03-30,North_Zone,33.4,0.0,30.4,9.7,9.0,0
2021-03-31,North_Zone,27.5,0.8,35.2,4.0,9.0,0
2021-04-01,North_Zone,20.6,0.0,34.2,4.0,9.2,0
2021-04-02,North_Zone,23.9,0.0,39.4,8.3,8.9,0
2021-04-03,North_Zone,27.7,0.0,39.5,4.8,10.5,0
2021-04-04,North_Zone,33.3,0.0,30.3,4.7,10.4,0
2021-04-05,North_Zone,25.1,0.0,38.9,9.8,8.5,0
2021-04-06,North_Zone,34.9,0.0,37.9,1.9,9.7,0
2021-04-07,North_Zone,33.0,0.0,35.5,12.2,9.7,0
2021-04-08,North_Zone,23.3,0.0,41.6,4.2,9.9,0
2021-04-09,North_Zone,28.6,0.0,43.1,8.6,9.4,0
2021-04-10,North_Zone,37.1,0.0,38.0,5.7,10.2,0
2021-04-11,North_Zone,40.6,10.4,30.2,6.8,9.5,0
2021-04-12,North_Zone,21.4,0.0,34.0,5.2,10.2,0
2021-04-13,North_Zone,23.5,0.9,33.3,8.6,9.0,0
2021-04-14,North_Zone,39.7,0.0,27.5,5.0,8.3,0
2021-04-15,North_Zone,23.7,3.8,31.6,4.3,9.7,0
2021-04-16,North_Zone,23.5,2.3,29.6,11.4,8.7,0
2021-04-17,North_Zone,21.8,0.0,41.8,6.1,10.4,0
2021-04-18,North_Zone,28.8,0.0,37.7,4.0,8.3,0
2021-04-19,North_Zone,21.7,0.0,47.6,1.5,9.7,1
2021-04-20,North_Zone,21.4,0.0,40.6,11.6,9.4,0
2021-04-21,North_Zone,24.6,0.0,33.8,4.3,9.3,0
2021-04-22,North_Zone,21.9,0.0,38.8,12.2,9.9,0
2021-04-23,North_Zone,24.7,0.0,31.6,7.2,9.6,0
2021-04-24,North_Zone,41.3,0.0,32.4,6.4,9.7,0
2021-04-25,North_Zone,30.3,0.0,32.9,6.5,9.9,0
2021-04-26,North_Zone,31.7,0.0,37.1,12.6,9.5,0
2021-04-27,North_Zone,23.3,0.0,38.6,1.0,11.0,0
2021-04-28,North_Zone,26.2,0.0,36.0,6.6,10.4,0
2021-04-29,North_Zone,27.6,0.2,28.3,5.2,9.0,0
2021-04-30,North_Zone,16.5,1.7,29.9,5.4,9.3,0
2021-05-01,North_Zone,21.6,2.5,32.2,6.4,9.3,0
2021-05-02,North_Zone,19.0,0.0,32.8,5.2,9.7,0
2021-05-03,North_Zone,19.9,0.0,28.1,6.6,8.7,0
2021-05-04,North_Zone,26.8,0.0,26.3,5.9,8.6,0
2021-05-05,North_Zone,30.9,1.3,46.0,2.1,8.5,0
2021-05-06,North_Zone,28.1,0.0,33.6,7.1,9.2,0
2021-05-07,North_Zone,34.3,0.0,36.0,8.1,10.1,0
2021-05-08,North_Zone,29.1,0.0,36.9,4.4,9.5,0
2021-05-09,North_Zone,32.4,0.0,34.0,11.6,9.4,0
2021-05-10,North_Zone,21.9,1.0,36.6,10.0,9.8,0
2021-05-11,North_Zone,35.2,0.0,26.9,8.5,8.5,0
2021-05-12,North_Zone,33.1,0.0,31.8,8.5,9.4,0
2021-05-13,North_Zone,23.5,0.0,37.1,6.1,10.2,0
2021-05-14,North_Zone,29.7,0.0,37.3,9.4,9.8,0
2021-05-15,North_Zone,32.0,0.0,32.4,10.7,10.0,0
2021-05-16,North_Zone,23.2,0.0,38.1,8.4,10.4,0
2021-05-17,North_Zone,23.9,1.0,30.7,4.3,9.8,0
2021-05-18,North_Zone,19.8,0.0,37.7,5.9,9.3,0
2021-05-19,North_Zone,27.6,0.0,36.2,7.7,9.4,0
2021-05-20,North_Zone,31.1,0.0,31.5,8.5,10.5,0
2021-05-21,North_Zone,22.7,0.0,36.2,5.8,9.8,0
2021-05-22,North_Zone,32.5,0.0,27.1,4.3,9.2,0
2021-05-23,North_Zone,32.5,0.0,31.5,10.8,8.8,0
2021-05-24,North_Zone,27.4,0.0,44.2,2.8,9.8,0
2021-05-25,North_Zone,36.7,0.0,33.7,3.2,9.8,0
2021-05-26,North_Zone,34.4,0.0,35.7,2.0,9.5,0
2021-05-27,North_Zone,24.3,1.2,31.2,3.2,9.1,0
2021-05-28,North_Zone,37.0,0.0,34.7,9.7,9.3,0
2021-05-29,North_Zone,26.0,0.0,32.5,9.8,10.2,0
2021-05-30,North_Zone,28.7,0.0,47.7,5.8,10.3,0
2021-05-31,North_Zone,32.7,0.0,27.1,7.5,9.5,0
2021-06-01,North_Zone,74.0,1.4,40.7,14.0,6.1,0
2021-06-02,North_Zone,67.8,4.4,35.2,10.4,5.1,0
2021-06-03,North_Zone,78.6,1.2,25.9,20.7,5.7,0
2021-06-04,North_Zone,74.2,0.0,21.7,18.1,6.0,0
2021-06-05,North_Zone,83.6,45.6,30.3,15.1,5.4,0
2021-06-06,North_Zone,84.7,0.0,38.4,11.4,6.3,0
2021-06-07,North_Zone,75.0,9.8,28.7,13.3,5.9,0
2021-06-08,North_Zone,78.7,3.9,36.4,11.9,6.2,0
2021-06-09,North_Zone,72.5,6.0,39.8,14.3,5.9,0
2021-06-10,North_Zone,76.3,0.0,26.0,14.9,6.1,0
2021-06-11,North_Zone,85.7,65.1,21.9,13.0,4.5,1
2021-06-12,North_Zone,78.5,43.6,29.8,9.6,5.6,0
2021-06-13,North_Zone,88.1,0.0,26.0,20.4,6.0,0
2021-06-14,North_Zone,73.5,31.0,41.1,14.7,6.0,0
2021-06-15,North_Zone,82.3,9.6,36.8,15.4,6.4,0
2021-06-16,North_Zone,81.3,0.0,23.7,12.7,5.3,0
2021-06-17,North_Zone,82.8,4.7,30.0,9.3,5.3,0
2021-06-18,North_Zone,75.8,9.4,31.9,13.8,4.7,0
2021-06-19,North_Zone,77.1,46.1,35.2,13.0,5.6,0
2021-06-20,North_Zone,73.5,0.0,51.6,16.1,6.3,0
2021-06-21,North_Zone,74.8,85.8,28.7,16.7,6.0,1
2021-06-22,North_Zone,79.4,0.0,42.7,16.3,5.0,0
2021-06-23,North_Zone,81.6,2.1,31.6,17.0,6.3,0
2021-06-24,North_Zone,83.8,21.9,23.6,19.4,4.8,0
2021-06-25,North_Zone,86.2,65.7,31.7,15.2,5.6,1
2021-06-26,North_Zone,83.6,51.5,42.5,17.3,5.5,0
2021-06-27,North_Zone,79.7,7.0,22.3,15.5,5.6,0
2021-06-28,North_Zone,79.0,2.5,36.5,8.3,5.8,0
2021-06-29,North_Zone,73.8,2.4,36.5,13.5,6.2,0
2021-06-30,North_Zone,77.1,0.0,37.1,11.4,6.9,0
2021-07-01,North_Zone,75.3,6.3,31.0,14.7,5.9,0
2021-07-02,North_Zone,85.8,8.8,35.7,11.6,5.3,0
2021-07-03,North_Zone,79.4,24.8,34.6,15.8,6.0,0
2021-07-04,North_Zone,76.6,8.4,33.5,16.9,6.9,0
2021-07-05,North_Zone,88.6,0.0,20.6,17.6,5.7,0
2021-07-06,North_Zone,67.5,4.7,29.8,18.9,6.2,0
2021-07-07,North_Zone,67.6,4.4,31.9,9.0,4.7,0
2021-07-08,North_Zone,79.5,0.0,46.0,10.4,6.1,0
2021-07-09,North_Zone,79.0,8.2,29.9,22.8,5.4,0
2021-07-10,North_Zone,81.9,0.0,23.9,17.0,5.0,0
2021-07-11,North_Zone,69.6,0.0,38.0,14.7,5.8,0
2021-07-12,North_Zone,79.6,14.5,25.5,14.1,5.6,0
2021-07-13,North_Zone,87.8,46.8,35.6,13.8,5.3,0
2021-07-14,North_Zone,82.1,4.1,33.2,8.2,5.8,0
2021-07-15,North_Zone,78.7,0.0,33.2,11.7,5.6,0
2021-07-16,North_Zone,74.1,5.6,39.2,13.7,6.2,0
2021-07-17,North_Zone,78.1,1.0,24.9,11.9,5.6,0
2021-07-18,North_Zone,64.9,47.3,40.0,12.2,6.1,0
2021-07-19,North_Zone,80.3,15.2,29.1,21.7,6.2,0
2021-07-20,North_Zone,85.5,0.0,22.8,13.2,5.7,0
2021-07-21,North_Zone,68.7,54.1,36.4,14.8,5.8,0
2021-07-22,North_Zone,74.5,7.4,32.6,14.7,4.4,0
2021-07-23,North_Zone,73.3,1.9,26.5,15.8,5.9,0
2021-07-24,North_Zone,71.6,0.0,37.8,12.6,5.2,0
2021-07-25,North_Zone,78.5,1.6,31.9,17.7,5.6,0
2021-07-26,North_Zone,68.3,0.0,29.0,15.3,5.8,0
2021-07-27,North_Zone,81.3,0.0,32.3,10.1,6.4,0
2021-07-28,North_Zone,79.9,0.0,42.2,13.7,6.9,0
2021-07-29,North_Zone,77.2,25.5,30.8,13.5,5.1,0
2021-07-30,North_Zone,67.8,32.2,24.7,13.3,4.7,0
2021-07-31,North_Zone,71.9,0.0,36.0,15.5,6.0,0
2021-08-01,North_Zone,80.6,0.0,53.4,15.9,6.1,0
2021-08-02,North_Zone,65.1,0.4,28.0,15.5,4.9,0
2021-08-03,North_Zone,77.9,5.9,25.6,15.0,5.5,0
2021-08-04,North_Zone,74.9,12.6,23.7,14.3,5.8,0
2021-08-05,North_Zone,82.1,0.0,33.0,7.5,4.9,0
2021-08-06,North_Zone,75.0,0.0,30.7,16.3,5.0,0
2021-08-07,North_Zone,79.3,19.5,36.0,15.5,5.3,0
2021-08-08,North_Zone,79.5,19.0,39.4,11.0,5.7,0
2021-08-09,North_Zone,88.7,31.3,25.8,14.8,6.0,0
2021-08-10,North_Zone,78.1,0.0,26.4,15.9,5.4,0
2021-08-11,North_Zone,75.8,8.2,54.3,17.5,6.0,0
2021-08-12,North_Zone,71.9,17.6,26.1,15.5,6.9,0
2021-08-13,North_Zone,82.6,33.3,40.4,15.0,5.2,0
2021-08-14,North_Zone,74.3,0.0,31.5,16.8,5.3,0
2021-08-15,North_Zone,77.1,11.1,25.1,13.1,5.9,0
2021-08-16,North_Zone,75.3,5.3,44.5,15.2,6.5,0
2021-08-17,North_Zone,71.8,11.7,25.6,12.1,5.8,0
2021-08-18,North_Zone,79.7,0.0,30.6,17.3,6.7,0
2021-08-19,North_Zone,85.0,39.1,24.8,9.2,5.7,0
2021-08-20,North_Zone,81.0,11.6,25.7,16.5,4.3,0
2021-08-21,North_Zone,69.8,18.4,32.1,14.1,5.7,0
2021-08-22,North_Zone,75.7,1.5,40.0,16.9,5.5,0
2021-08-23,North_Zone,83.5,0.0,25.4,11.7,6.4,0
2021-08-24,North_Zone,64.6,0.0,47.7,14.3,6.6,0
2021-08-25,North_Zone,73.6,17.8,28.6,14.2,4.6,0
2021-08-26,North_Zone,83.3,0.0,29.6,15.3,6.4,0
2021-08-27,North_Zone,77.0,32.0,43.8,10.9,6.4,0
2021-08-28,North_Zone,83.7,0.0,22.3,15.9,5.2,0
2021-08-29,North_Zone,87.4,10.7,33.6,8.5,5.6,0
2021-08-30,North_Zone,81.2,2.2,29.6,12.0,6.4,0
2021-08-31,North_Zone,82.3,0.0,26.6,9.3,4.4,0
2021-09-01,North_Zone,70.8,0.0,22.9,8.5,6.7,0
2021-09-02,North_Zone,57.0,0.0,21.5,7.2,7.0,0
2021-09-03,North_Zone,57.1,0.0,16.5,7.4,6.0,0
2021-09-04,North_Zone,58.0,0.0,25.2,10.4,6.9,0
2021-09-05,North_Zone,58.4,0.0,24.7,5.1,6.5,0
2021-09-06,North_Zone,55.3,0.0,21.8,7.8,5.9,0
2021-09-07,North_Zone,50.5,0.0,25.6,6.2,6.0,0
2021-09-08,North_Zone,64.5,0.0,34.0,5.7,7.2,0
2021-09-09,North_Zone,56.6,0.0,27.6,9.9,6.2,0
2021-09-10,North_Zone,54.0,0.0,22.3,12.2,5.5,0
2021-09-11,North_Zone,60.7,0.0,24.8,4.7,6.6,0
2021-09-12,North_Zone,56.9,0.0,22.6,8.5,6.1,0
2021-09-13,North_Zone,58.1,0.0,19.4,7.0,5.5,0
2021-09-14,North_Zone,61.5,0.0,20.6,7.0,6.3,0
2021-09-15,North_Zone,45.1,2.4,33.9,6.7,7.3,0
2021-09-16,North_Zone,58.6,0.0,23.6,5.0,6.4,0
2021-09-17,North_Zone,67.2,1.8,22.2,1.0,5.7,0
2021-09-18,North_Zone,57.0,0.0,28.2,10.6,6.9,0
2021-09-19,North_Zone,56.0,0.0,21.8,3.9,7.0,0
2021-09-20,North_Zone,57.2,0.0,18.7,5.3,7.5,0
2021-09-21,North_Zone,54.2,0.0,24.5,5.3,7.3,0
2021-09-22,North_Zone,54.4,2.2,25.5,3.6,5.9,0
2021-09-23,North_Zone,55.0,0.0,23.6,6.7,6.9,0
2021-09-24,North_Zone,62.3,0.0,22.2,5.9,6.5,0
2021-09-25,North_Zone,48.5,0.0,23.0,3.9,5.7,0
2021-09-26,North_Zone,60.0,1.4,25.6,6.4,6.7,0
2021-09-27,North_Zone,58.7,0.0,17.4,5.9,7.3,0
2021-09-28,North_Zone,59.0,0.0,23.2,8.8,7.1,0
2021-09-29,North_Zone,51.4,0.0,23.2,2.0,5.8,0
2021-09-30,North_Zone,64.4,0.0,22.0,3.6,6.4,0
2021-10-01,North_Zone,60.9,0.0,28.4,8.2,6.9,0
2021-10-02,North_Zone,60.8,0.0,25.0,4.1,5.5,0
2021-10-03,North_Zone,47.4,0.0,27.0,3.3,5.6,0
2021-10-04,North_Zone,63.4,0.0,19.6,4.2,6.3,0
2021-10-05,North_Zone,57.7,0.0,25.5,5.7,6.6,0
2021-10-06,North_Zone,48.3,0.0,24.5,5.7,5.4,0
2021-10-07,North_Zone,58.5,0.0,20.7,5.4,6.5,0
2021-10-08,North_Zone,58.3,0.0,24.2,2.9,7.1,0
2021-10-09,North_Zone,60.0,1.2,23.0,8.3,6.3,0
2021-10-10,North_Zone,58.0,0.0,23.2,10.0,6.4,0
2021-10-11,North_Zone,58.8,0.0,22.7,1.0,6.7,0
2021-10-12,North_Zone,62.4,0.0,26.6,1.3,6.8,0
2021-10-13,North_Zone,65.7,0.0,19.1,9.0,5.2,0
2021-10-14,North_Zone,45.4,0.0,18.7,10.7,5.6,0
2021-10-15,North_Zone,54.7,0.0,24.5,1.0,6.2,0
2021-10-16,North_Zone,55.6,0.0,24.3,8.4,5.9,0
2021-10-17,North_Zone,47.4,0.0,24.7,10.9,7.4,0
2021-10-18,North_Zone,53.7,0.1,31.0,3.4,7.1,0
2021-10-19,North_Zone,62.5,0.0,24.6,10.7,5.8,0
2021-10-20,North_Zone,53.0,1.8,21.0,5.5,6.2,0
2021-10-21,North_Zone,53.7,0.0,34.5,6.9,7.5,0
2021-10-22,North_Zone,52.3,0.0,23.5,3.8,6.0,0
2021-10-23,North_Zone,51.7,0.0,26.6,9.0,7.1,0
2021-10-24,North_Zone,66.3,0.0,20.1,8.5,7.1,0
2021-10-25,North_Zone,56.6,0.0,19.5,11.2,7.0,0
2021-10-26,North_Zone,59.3,0.0,23.3,10.3,6.5,0
2021-10-27,North_Zone,45.8,0.0,26.4,6.0,7.3,0
2021-10-28,North_Zone,62.6,0.0,32.4,15.3,6.4,0
2021-10-29,North_Zone,61.5,1.6,20.9,10.1,7.8,0
2021-10-30,North_Zone,56.2,0.0,23.2,7.6,6.6,0
2021-10-31,North_Zone,59.5,0.0,24.0,3.0,7.1,0
2021-11-01,North_Zone,49.6,0.0,24.0,1.4,6.2,0
2021-11-02,North_Zone,62.7,0.0,23.7,1.7,6.7,0
2021-11-03,North_Zone,55.0,0.0,23.9,3.2,6.8,0
2021-11-04,North_Zone,53.1,0.0,29.0,10.1,6.1,0
2021-11-05,North_Zone,51.9,1.4,28.3,7.5,6.1,0
2021-11-06,North_Zone,53.2,0.0,24.9,4.2,6.4,0
2021-11-07,North_Zone,62.6,0.0,19.8,5.6,6.9,0
2021-11-08,North_Zone,58.5,0.0,22.9,5.2,5.3,0
2021-11-09,North_Zone,58.2,0.0,27.7,8.4,6.4,0
2021-11-10,North_Zone,57.8,0.0,21.9,3.4,7.1,0
2021-11-11,North_Zone,60.1,0.0,22.4,7.0,5.6,0
2021-11-12,North_Zone,55.2,0.0,22.9,6.9,7.1,0
2021-11-13,North_Zone,66.5,0.0,26.1,3.5,5.9,0
2021-11-14,North_Zone,45.8,0.0,29.1,10.8,6.1,0
2021-11-15,North_Zone,61.8,0.0,25.8,5.1,6.5,0
2021-11-16,North_Zone,66.4,0.0,19.0,3.0,7.3,0
2021-11-17,North_Zone,53.3,0.0,22.4,8.6,6.0,0
2021-11-18,North_Zone,65.4,0.0,29.9,6.2,5.6,0
2021-11-19,North_Zone,63.9,0.0,20.2,7.2,5.4,0
2021-11-20,North_Zone,64.6,0.0,18.7,2.4,6.7,0
2021-11-21,North_Zone,57.7,0.0,22.4,8.4,5.6,0
2021-11-22,North_Zone,53.8,6.1,27.6,12.5,7.3,0
2021-11-23,North_Zone,56.2,0.0,22.9,2.2,6.4,0
2021-11-24,North_Zone,54.7,0.0,32.7,7.1,6.8,0
2021-11-25,North_Zone,63.3,0.0,24.5,3.6,6.7,0
2021-11-26,North_Zone,59.8,0.0,20.1,14.1,5.8,0
2021-11-27,North_Zone,51.7,0.0,24.6,9.7,6.6,0
2021-11-28,North_Zone,57.1,0.0,32.3,6.8,6.0,0
2021-11-29,North_Zone,60.7,0.0,24.8,2.3,7.3,0
2021-11-30,North_Zone,61.7,0.0,21.0,3.0,5.7,0
2021-12-01,North_Zone,71.0,0.0,9.5,8.2,3.5,0
2021-12-02,North_Zone,63.8,0.0,13.1,1.9,2.8,0
2021-12-03,North_Zone,58.4,1.1,16.6,2.0,3.3,0
2021-12-04,North_Zone,59.3,0.0,15.6,6.0,3.3,0
2021-12-05,North_Zone,56.9,1.9,13.2,6.4,5.2,0
2021-12-06,North_Zone,66.9,0.0,12.2,7.1,3.4,0
2021-12-07,North_Zone,65.3,0.0,12.1,4.7,2.9,0
2021-12-08,North_Zone,63.5,0.0,12.2,8.8,3.1,0
2021-12-09,North_Zone,48.3,0.0,16.5,3.4,2.7,0
2021-12-10,North_Zone,59.3,0.0,12.4,7.9,3.3,0
2021-12-11,North_Zone,70.6,5.5,13.3,6.6,4.5,0
2021-12-12,North_Zone,56.1,0.0,22.7,7.8,4.1,0
2021-12-13,North_Zone,63.8,0.0,18.4,9.5,4.2,0
2021-12-14,North_Zone,57.1,0.0,14.9,4.6,2.9,0
2021-12-15,North_Zone,72.3,0.0,13.1,4.0,3.3,0
2021-12-16,North_Zone,62.0,0.0,17.1,1.0,3.7,0
2021-12-17,North_Zone,64.3,0.0,16.9,1.0,3.2,0
2021-12-18,North_Zone,74.5,0.0,16.9,5.5,3.8,0
2021-12-19,North_Zone,72.9,0.0,12.8,5.7,3.8,0
2021-12-20,North_Zone,62.6,1.6,14.8,2.7,3.8,0
2021-12-21,North_Zone,60.7,0.0,15.5,3.4,3.4,0
2021-12-22,North_Zone,61.7,0.0,16.1,10.6,4.2,0
2021-12-23,North_Zone,65.5,0.0,16.7,8.6,3.4,0
2021-12-24,North_Zone,62.0,0.0,17.5,2.2,3.4,0
2021-12-25,North_Zone,62.1,1.6,14.8,4.7,4.4,0
2021-12-26,North_Zone,70.6,0.0,16.3,7.2,2.9,0
2021-12-27,North_Zone,62.9,0.0,15.8,4.1,2.5,0
2021-12-28,North_Zone,77.4,0.0,11.8,3.6,2.8,0
2021-12-29,North_Zone,64.5,0.0,14.9,5.0,3.7,0
2021-12-30,North_Zone,72.9,0.0,15.1,9.3,4.3,0
2021-12-31,North_Zone,64.1,1.7,17.8,9.5,3.2,0
2022-01-01,North_Zone,68.6,0.0,15.3,3.8,4.6,0
2022-01-02,North_Zone,61.2,0.0,13.7,7.4,3.5,0
2022-01-03,North_Zone,59.3,2.9,15.7,6.0,3.5,0
2022-01-04,North_Zone,64.0,0.0,18.8,3.0,3.2,0
2022-01-05,North_Zone,69.3,0.0,14.4,5.1,4.6,0
2022-01-06,North_Zone,61.6,0.0,19.3,2.2,3.6,0
2022-01-07,North_Zone,55.7,0.0,18.1,9.5,2.9,0
2022-01-08,North_Zone,56.7,0.5,15.8,10.7,5.0,0
2022-01-09,North_Zone,56.7,0.0,15.2,4.8,3.7,0
2022-01-10,North_Zone,56.1,0.0,13.4,4.1,3.9,0
2022-01-11,North_Zone,60.4,0.0,21.9,9.2,4.9,0
2022-01-12,North_Zone,70.4,0.0,13.7,9.6,3.8,0
2022-01-13,North_Zone,61.1,0.0,19.7,2.7,4.3,0
2022-01-14,North_Zone,53.5,0.0,13.7,5.6,3.5,0
2022-01-15,North_Zone,65.4,0.0,11.0,5.8,3.7,0
2022-01-16,North_Zone,65.0,0.0,12.0,3.7,3.3,0
2022-01-17,North_Zone,74.5,1.6,14.9,7.2,3.5,0
2022-01-18,North_Zone,53.9,6.2,19.7,3.9,3.8,0
2022-01-19,North_Zone,60.2,0.0,18.0,4.4,3.4,0
2022-01-20,North_Zone,72.6,0.0,14.9,5.7,3.8,0
2022-01-21,North_Zone,68.3,0.0,11.6,1.5,3.6,0
2022-01-22,North_Zone,66.5,0.0,15.5,1.0,4.0,0
2022-01-23,North_Zone,64.0,0.0,15.9,8.8,3.9,0
2022-01-24,North_Zone,66.8,0.0,13.1,3.8,4.6,0
2022-01-25,North_Zone,69.0,0.0,13.1,12.4,4.0,0
2022-01-26,North_Zone,61.1,0.2,13.1,11.9,3.3,0
2022-01-27,North_Zone,65.8,0.0,19.3,4.5,4.0,0
2022-01-28,North_Zone,58.6,0.0,12.5,13.0,4.2,0
2022-01-29,North_Zone,66.7,0.0,13.3,8.8,2.8,0
2022-01-30,North_Zone,64.5,0.0,15.6,4.1,4.7,0
2022-01-31,North_Zone,58.2,0.0,19.6,1.0,3.3,0
2022-02-01,North_Zone,65.0,5.3,13.2,8.1,4.0,0
2022-02-02,North_Zone,60.3,0.0,15.9,6.1,3.5,0
2022-02-03,North_Zone,57.4,0.0,17.0,7.3,3.6,0
2022-02-04,North_Zone,62.5,1.7,14.5,5.3,2.7,0
2022-02-05,North_Zone,60.9,0.0,10.9,2.6,3.8,0
2022-02-06,North_Zone,65.7,0.0,14.9,4.7,2.7,0
2022-02-07,North_Zone,59.2,0.0,13.4,8.1,2.6,0
2022-02-08,North_Zone,67.6,0.0,15.0,4.9,4.2,0
2022-02-09,North_Zone,53.5,0.0,22.6,4.9,5.0,0
2022-02-10,North_Zone,62.1,0.0,13.5,1.4,3.0,0
2022-02-11,North_Zone,59.7,0.0,17.0,6.3,4.2,0
2022-02-12,North_Zone,69.5,0.0,16.8,2.7,4.1,0
2022-02-13,North_Zone,64.6,2.2,16.8,8.8,3.5,0
2022-02-14,North_Zone,61.4,0.0,17.5,3.8,4.4,0
2022-02-15,North_Zone,64.6,0.0,18.2,5.1,3.6,0
2022-02-16,North_Zone,51.0,0.0,19.1,12.5,4.0,0
2022-02-17,North_Zone,64.1,0.5,14.5,5.1,2.7,0
2022-02-18,North_Zone,71.8,0.0,18.6,4.7,3.0,0
2022-02-19,North_Zone,64.0,0.0,16.1,7.8,4.3,0
2022-02-20,North_Zone,64.3,0.0,15.1,1.0,3.8,0
2022-02-21,North_Zone,66.4,0.0,15.6,9.8,3.4,0
2022-02-22,North_Zone,70.9,0.0,10.9,9.0,4.4,0
2022-02-23,North_Zone,52.9,0.0,16.9,7.6,4.7,0
2022-02-24,North_Zone,56.1,0.3,14.1,1.0,3.7,0
2022-02-25,North_Zone,64.6,0.0,15.7,5.2,2.7,0
2022-02-26,North_Zone,60.6,0.0,14.7,2.2,3.4,0
2022-02-27,North_Zone,69.5,0.9,16.8,9.4,3.1,0
2022-02-28,North_Zone,63.2,0.0,13.7,9.2,3.5,0
2022-03-01,North_Zone,15.7,0.0,37.4,7.2,9.2,0
2022-03-02,North_Zone,26.0,0.0,26.8,2.4,8.4,0
2022-03-03,North_Zone,15.6,0.0,30.5,10.5,8.0,0
2022-03-04,North_Zone,27.1,0.0,33.5,5.2,9.6,0
2022-03-05,North_Zone,28.4,0.0,31.5,11.4,8.0,0
2022-03-06,North_Zone,28.8,0.0,28.8,6.8,9.1,0
2022-03-07,North_Zone,35.9,0.0,30.2,7.5,9.7,0
2022-03-08,North_Zone,31.3,0.0,42.7,4.6,9.3,0
2022-03-09,North_Zone,25.6,0.0,37.5,10.2,9.0,0
2022-03-10,North_Zone,20.3,0.0,28.3,7.8,9.2,0
2022-03-11,North_Zone,31.2,0.0,34.6,10.3,9.0,0
2022-03-12,North_Zone,32.5,0.0,31.4,6.5,9.5,0
2022-03-13,North_Zone,32.5,0.0,29.0,5.9,8.6,0
2022-03-14,North_Zone,31.7,0.0,38.3,7.8,9.5,0
2022-03-15,North_Zone,21.3,0.0,34.9,10.3,9.4,0
2022-03-16,North_Zone,37.0,0.0,39.7,9.1,9.6,0
2022-03-17,North_Zone,22.7,2.3,34.4,6.4,10.5,0
2022-03-18,North_Zone,34.2,0.0,30.1,1.0,9.4,0
2022-03-19,North_Zone,21.2,0.0,30.3,8.4,9.7,0
2022-03-20,North_Zone,25.1,0.0,30.3,1.7,9.0,0
2022-03-21,North_Zone,33.5,0.0,41.5,6.1,9.8,0
2022-03-22,North_Zone,27.4,0.0,32.7,5.7,9.3,0
2022-03-23,North_Zone,33.3,0.0,32.8,1.7,9.4,0
2022-03-24,North_Zone,26.7,0.0,40.2,7.1,10.1,0
2022-03-25,North_Zone,29.8,0.0,29.8,12.5,9.0,0
2022-03-26,North_Zone,29.1,0.0,52.5,5.1,9.7,1
2022-03-27,North_Zone,27.4,0.9,33.0,8.3,9.2,0
2022-03-28,North_Zone,21.2,0.0,29.6,13.1,9.0,0
2022-03-29,North_Zone,26.4,0.0,29.4,8.6,9.4,0
2022-03-30,North_Zone,28.4,0.0,40.6,4.1,9.5,0
2022-03-31,North_Zone,26.6,0.0,42.8,6.7,10.7,0
2022-04-01,North_Zone,15.8,0.0,41.0,7.4,11.5,0
2022-04-02,North_Zone,23.4,3.0,35.5,10.3,9.2,0
2022-04-03,North_Zone,26.5,0.0,31.2,9.6,9.6,0
2022-04-04,North_Zone,25.9,0.0,34.5,1.0,10.1,0
2022-04-05,North_Zone,21.6,0.0,32.3,3.4,9.3,0
2022-04-06,North_Zone,23.9,0.0,35.6,5.8,9.0,0
2022-04-07,North_Zone,25.3,0.0,32.0,3.0,10.5,0
2022-04-08,North_Zone,34.3,0.0,30.1,1.0,9.7,0
2022-04-09,North_Zone,30.5,0.0,38.8,3.8,9.8,0
2022-04-10,North_Zone,20.1,2.7,50.7,6.0,11.0,1
2022-04-11,North_Zone,28.3,0.0,29.9,4.4,9.8,0
2022-04-12,North_Zone,31.4,0.0,29.3,3.0,9.2,0
2022-04-13,North_Zone,25.1,0.0,31.4,6.1,8.8,0
2022-04-14,North_Zone,19.6,0.0,38.4,7.0,9.4,0
2022-04-15,North_Zone,21.1,0.0,37.9,4.6,10.4,0
2022-04-16,North_Zone,29.3,0.0,26.7,10.1,9.5,0
2022-04-17,North_Zone,25.9,0.1,27.5,6.2,9.1,0
2022-04-18,North_Zone,29.1,0.0,33.9,3.4,10.5,0
2022-04-19,North_Zone,35.5,0.0,27.8,2.6,9.1,0
2022-04-20,North_Zone,18.1,0.0,36.5,5.4,10.3,0
2022-04-21,North_Zone,26.9,0.0,37.0,9.3,9.7,0
2022-04-22,North_Zone,23.6,0.0,41.4,3.5,10.9,0
2022-04-23,North_Zone,28.7,0.2,36.8,7.8,10.0,0
2022-04-24,North_Zone,27.2,0.0,35.9,6.3,9.6,0
2022-04-25,North_Zone,24.7,0.0,27.2,12.0,9.1,0
2022-04-26,North_Zone,22.0,0.0,32.6,7.2,9.5,0
2022-04-27,North_Zone,33.5,0.0,26.1,3.9,8.6,0
2022-04-28,North_Zone,35.9,0.0,29.7,8.2,8.4,0
2022-04-29,North_Zone,16.0,0.0,34.2,8.3,9.8,0
2022-04-30,North_Zone,27.8,0.0,39.1,4.8,9.3,0
2022-05-01,North_Zone,31.3,0.0,42.5,2.5,9.4,0
2022-05-02,North_Zone,31.0,0.0,27.8,7.6,9.1,0
2022-05-03,North_Zone,35.8,0.6,26.6,6.2,9.1,0
2022-05-04,North_Zone,25.1,0.0,32.5,1.5,9.5,0
2022-05-05,North_Zone,25.8,5.4,37.5,6.8,10.7,0
2022-05-06,North_Zone,21.9,1.1,29.7,4.1,9.7,0
2022-05-07,North_Zone,14.2,2.2,36.0,1.5,10.9,0
2022-05-08,North_Zone,29.8,0.0,42.8,4.9,9.5,0
2022-05-09,North_Zone,22.2,0.0,35.2,9.8,10.0,0
2022-05-10,North_Zone,26.4,1.1,32.5,9.6,9.2,0
2022-05-11,North_Zone,21.8,0.0,31.8,8.8,9.1,0
2022-05-12,North_Zone,20.8,0.0,33.4,6.8,10.8,0
2022-05-13,North_Zone,27.4,0.0,33.5,7.8,9.0,0
2022-05-14,North_Zone,24.8,0.0,32.7,6.3,8.1,0
2022-05-15,North_Zone,31.3,0.0,31.7,2.7,9.0,0
2022-05-16,North_Zone,29.9,0.0,35.5,3.3,8.3,0
2022-05-17,North_Zone,29.9,0.0,33.9,4.2,8.9,0
2022-05-18,North_Zone,34.2,0.0,26.6,10.2,8.6,0
2022-05-19,North_Zone,38.0,5.4,31.3,9.2,9.3,0
2022-05-20,North_Zone,24.9,0.0,29.5,2.8,8.1,0
2022-05-21,North_Zone,27.1,0.0,35.6,6.2,10.3,0
2022-05-22,North_Zone,31.1,0.0,42.2,4.8,8.6,0
2022-05-23,North_Zone,33.0,0.0,39.0,5.5,9.5,0
2022-05-24,North_Zone,21.0,0.0,33.0,4.4,9.3,0
2022-05-25,North_Zone,24.1,0.0,39.0,10.2,10.2,0
2022-05-26,North_Zone,35.9,0.0,33.2,5.9,9.6,0
2022-05-27,North_Zone,30.1,0.0,35.9,6.6,10.3,0
2022-05-28,North_Zone,31.6,0.0,29.6,6.7,9.1,0
2022-05-29,North_Zone,29.6,9.2,29.3,2.9,9.0,0
2022-05-30,North_Zone,27.9,0.0,30.5,6.3,9.6,0
2022-05-31,North_Zone,27.0,0.0,40.1,9.2,10.3,0
2022-06-01,North_Zone,76.3,0.0,34.0,18.4,6.2,0
2022-06-02,North_Zone,77.0,5.4,36.0,10.6,5.9,0
2022-06-03,North_Zone,81.7,4.5,22.9,9.4,5.5,0
2022-06-04,North_Zone,72.9,21.3,38.8,14.2,5.8,0
2022-06-05,North_Zone,79.5,0.3,38.1,17.3,6.0,0
2022-06-06,North_Zone,90.4,0.0,48.7,15.1,7.1,0
2022-06-07,North_Zone,69.1,20.8,31.3,16.0,5.5,0
2022-06-08,North_Zone,82.1,4.2,24.2,9.9,5.2,0
2022-06-09,North_Zone,76.0,0.0,25.3,12.3,5.3,0
2022-06-10,North_Zone,83.9,25.9,23.3,7.4,5.6,0
2022-06-11,North_Zone,80.8,30.9,24.1,13.6,4.2,0
2022-06-12,North_Zone,81.7,37.3,33.7,7.5,5.6,0
2022-06-13,North_Zone,82.1,23.9,42.7,18.0,6.3,0
2022-06-14,North_Zone,83.2,0.0,21.3,18.7,5.0,0
2022-06-15,North_Zone,83.7,8.5,33.2,14.4,5.8,0
2022-06-16,North_Zone,67.3,7.4,26.6,9.5,6.8,0
2022-06-17,North_Zone,88.3,2.1,24.5,15.1,5.7,0
2022-06-18,North_Zone,77.5,0.0,44.4,19.6,4.5,0
2022-06-19,North_Zone,79.4,33.1,56.1,15.4,5.2,0
2022-06-20,North_Zone,70.9,4.8,35.3,17.6,5.6,0
2022-06-21,North_Zone,74.5,2.1,29.6,12.5,5.1,0
2022-06-22,North_Zone,79.3,35.6,30.6,11.4,5.7,0
2022-06-23,North_Zone,78.2,14.8,31.6,13.8,5.5,0
2022-06-24,North_Zone,81.2,51.8,25.4,8.2,6.2,0
2022-06-25,North_Zone,81.9,47.2,41.2,20.8,5.1,0
2022-06-26,North_Zone,72.8,2.5,22.3,14.4,5.2,0
2022-06-27,North_Zone,80.4,10.6,46.4,16.6,6.0,0
2022-06-28,North_Zone,79.3,3.1,26.2,12.6,5.8,0
2022-06-29,North_Zone,77.4,3.0,30.8,9.4,5.7,0
2022-06-30,North_Zone,72.6,7.1,25.1,18.3,4.1,0
2022-07-01,North_Zone,77.4,0.0,48.8,10.6,6.0,0
2022-07-02,North_Zone,65.8,22.1,31.0,15.0,5.6,0
2022-07-03,North_Zone,78.9,19.5,44.6,15.3,6.4,0
2022-07-04,North_Zone,71.8,9.4,26.3,14.2,6.0,0
2022-07-05,North_Zone,77.6,23.2,35.3,11.6,5.9,0
2022-07-06,North_Zone,75.4,2.1,41.2,13.6,6.0,0
2022-07-07,North_Zone,84.6,0.0,30.4,11.1,6.4,0
2022-07-08,North_Zone,76.4,12.1,35.3,16.4,6.4,0
2022-07-09,North_Zone,72.7,8.7,39.6,15.7,6.0,0
2022-07-10,North_Zone,76.1,15.7,29.8,13.9,6.9,0
2022-07-11,North_Zone,83.2,3.2,39.3,12.3,5.4,0
2022-07-12,North_Zone,79.4,20.3,38.7,20.3,5.1,0
2022-07-13,North_Zone,73.0,11.7,46.5,10.1,5.9,0
2022-07-14,North_Zone,76.6,1.1,33.3,9.4,5.5,0
2022-07-15,North_Zone,66.3,0.0,47.3,13.8,4.5,0
2022-07-16,North_Zone,79.2,6.1,36.3,13.2,5.3,0
2022-07-17,North_Zone,70.1,33.9,28.7,17.3,5.8,0
2022-07-18,North_Zone,79.7,0.0,43.2,15.9,5.8,0
2022-07-19,North_Zone,81.6,2.5,23.4,14.1,5.0,0
2022-07-20,North_Zone,87.5,17.8,49.5,15.5,5.9,0
2022-07-21,North_Zone,72.2,9.8,32.9,15.4,5.8,0
2022-07-22,North_Zone,77.0,0.0,34.6,20.3,6.1,0
2022-07-23,North_Zone,89.8,22.7,23.7,14.8,5.1,0
2022-07-24,North_Zone,82.4,7.9,41.4,12.0,6.3,0
2022-07-25,North_Zone,74.2,0.8,33.3,14.6,5.0,0
2022-07-26,North_Zone,82.3,7.4,23.1,6.1,5.1,0
2022-07-27,North_Zone,80.2,2.0,24.7,13.9,6.5,0
2022-07-28,North_Zone,80.7,3.5,26.2,17.3,4.9,0
2022-07-29,North_Zone,76.1,0.0,25.7,15.8,5.1,0
2022-07-30,North_Zone,78.9,31.5,26.1,14.9,4.8,0
2022-07-31,North_Zone,68.3,1.3,37.4,15.9,5.3,0
2022-08-01,North_Zone,78.0,28.7,35.4,17.3,5.8,0
2022-08-02,North_Zone,82.6,18.6,24.5,18.3,5.9,0
2022-08-03,North_Zone,75.8,18.3,36.8,15.3,5.7,0
2022-08-04,North_Zone,70.6,3.3,29.3,13.1,5.4,0
2022-08-05,North_Zone,83.0,25.3,33.4,7.1,4.9,0
2022-08-06,North_Zone,81.8,0.0,25.0,16.9,5.1,0
2022-08-07,North_Zone,76.2,20.0,25.3,15.5,4.6,0
2022-08-08,North_Zone,73.9,12.5,44.5,14.5,6.3,0
2022-08-09,North_Zone,68.4,0.0,39.5,11.9,6.3,0
2022-08-10,North_Zone,74.0,2.6,26.4,16.9,5.5,0
2022-08-11,North_Zone,75.4,0.0,31.9,13.2,5.9,0
2022-08-12,North_Zone,84.2,0.0,33.3,13.9,6.2,0
2022-08-13,North_Zone,76.3,70.1,25.8,13.8,5.6,1
2022-08-14,North_Zone,82.4,16.7,26.4,15.3,6.4,0
2022-08-15,North_Zone,74.6,37.7,34.9,10.6,5.1,0
2022-08-16,North_Zone,81.4,0.0,24.8,15.7,5.3,0
2022-08-17,North_Zone,78.8,16.5,25.9,11.8,5.3,0
2022-08-18,North_Zone,82.4,0.0,33.3,11.9,6.1,0
2022-08-19,North_Zone,77.0,9.8,25.5,16.7,4.7,0
2022-08-20,North_Zone,66.4,30.1,46.7,11.0,6.8,0
2022-08-21,North_Zone,69.8,22.2,36.2,16.7,6.1,0
2022-08-22,North_Zone,75.1,0.0,33.2,14.3,6.7,0
2022-08-23,North_Zone,72.7,23.4,28.7,9.1,5.6,0
2022-08-24,North_Zone,81.0,7.6,29.2,18.1,5.3,0
2022-08-25,North_Zone,74.9,0.0,35.5,14.9,6.1,0
2022-08-26,North_Zone,91.0,9.3,26.5,15.2,6.2,0
2022-08-27,North_Zone,71.7,2.4,24.4,17.0,5.0,0
2022-08-28,North_Zone,81.1,0.0,24.9,18.5,4.3,0
2022-08-29,North_Zone,72.4,0.0,31.4,14.6,4.6,0
2022-08-30,North_Zone,76.2,10.1,30.0,15.9,5.8,0
2022-08-31,North_Zone,74.5,29.0,54.6,15.1,6.9,0
2022-09-01,North_Zone,46.2,0.0,22.0,5.0,5.6,0
2022-09-02,North_Zone,62.3,0.0,16.4,1.2,5.9,0
2022-09-03,North_Zone,66.8,0.0,22.9,6.6,6.2,0
2022-09-04,North_Zone,53.4,0.9,25.5,10.1,7.7,0
2022-09-05,North_Zone,61.1,0.0,18.6,7.7,7.5,0
2022-09-06,North_Zone,66.9,0.0,15.3,2.8,6.3,0
2022-09-07,North_Zone,55.3,0.0,24.8,9.3,7.0,0
2022-09-08,North_Zone,52.7,0.0,25.6,5.1,7.1,0
2022-09-09,North_Zone,47.0,0.0,21.1,1.0,5.5,0
2022-09-10,North_Zone,61.1,0.0,21.9,9.1,6.8,0
2022-09-11,North_Zone,57.1,0.0,22.3,3.2,5.8,0
2022-09-12,North_Zone,52.2,0.0,22.9,11.3,6.3,0
2022-09-13,North_Zone,56.7,0.0,24.9,9.4,7.2,0
2022-09-14,North_Zone,53.7,0.0,24.0,5.3,6.5,0
2022-09-15,North_Zone,56.7,0.0,19.4,7.4,6.9,0
2022-09-16,North_Zone,58.7,0.0,25.5,13.3,7.3,0
2022-09-17,North_Zone,51.8,0.0,20.9,9.0,5.2,0
2022-09-18,North_Zone,62.1,0.0,23.6,6.7,5.1,0
2022-09-19,North_Zone,50.5,0.0,22.5,14.7,7.1,0
2022-09-20,North_Zone,51.1,0.0,28.1,6.4,7.4,0
2022-09-21,North_Zone,64.7,0.0,26.6,7.7,6.7,0
2022-09-22,North_Zone,62.3,0.0,23.9,3.2,6.7,0
2022-09-23,North_Zone,57.8,0.0,22.8,1.0,6.9,0
2022-09-24,North_Zone,50.3,2.8,26.6,5.1,7.1,0
2022-09-25,North_Zone,53.8,0.0,24.3,6.1,6.3,0
2022-09-26,North_Zone,58.8,0.0,21.0,7.0,6.9,0
2022-09-27,North_Zone,60.3,0.0,18.1,1.7,5.9,0
2022-09-28,North_Zone,58.3,0.0,20.4,8.0,6.4,0
2022-09-29,North_Zone,54.3,0.0,28.3,3.5,6.7,0
2022-09-30,North_Zone,59.7,0.8,17.1,7.8,5.6,0
2022-10-01,North_Zone,51.0,0.0,21.4,8.8,5.9,0
2022-10-02,North_Zone,55.2,0.0,22.0,4.8,7.7,0
2022-10-03,North_Zone,64.1,0.0,19.2,3.1,5.7,0
2022-10-04,North_Zone,45.9,2.8,31.1,10.6,7.0,0
2022-10-05,North_Zone,55.2,0.0,24.8,8.6,6.8,0
2022-10-06,North_Zone,52.4,0.0,24.1,6.5,6.4,0
2022-10-07,North_Zone,57.0,0.0,24.3,10.4,6.9,0
2022-10-08,North_Zone,55.3,2.8,22.9,6.2,6.6,0
2022-10-09,North_Zone,65.4,0.0,21.6,4.1,5.8,0
2022-10-10,North_Zone,57.0,0.0,28.6,3.0,7.0,0
2022-10-11,North_Zone,50.9,0.0,22.6,5.7,6.1,0
2022-10-12,North_Zone,57.8,0.0,28.7,8.3,7.7,0
2022-10-13,North_Zone,51.6,1.3,25.8,10.2,6.8,0
2022-10-14,North_Zone,54.3,0.0,23.0,6.1,6.0,0
2022-10-15,North_Zone,57.0,0.0,25.9,9.6,6.8,0
2022-10-16,North_Zone,55.3,0.0,22.1,5.4,5.8,0
2022-10-17,North_Zone,58.4,0.0,29.9,3.7,6.8,0
2022-10-18,North_Zone,51.8,0.0,25.6,2.1,6.4,0
2022-10-19,North_Zone,52.5,0.0,25.7,4.5,6.0,0
2022-10-20,North_Zone,55.2,0.0,20.9,2.2,5.8,0
2022-10-21,North_Zone,52.8,0.0,25.7,12.0,8.0,0
2022-10-22,North_Zone,62.5,0.0,23.3,7.3,6.5,0
2022-10-23,North_Zone,62.1,0.0,20.0,5.7,6.0,0
2022-10-24,North_Zone,65.4,0.0,23.5,11.2,6.1,0
2022-10-25,North_Zone,65.8,0.0,29.5,2.1,6.9,0
2022-10-26,North_Zone,50.2,0.0,26.0,5.6,6.2,0
2022-10-27,North_Zone,56.4,0.0,25.0,12.0,5.8,0
2022-10-28,North_Zone,50.0,0.0,25.2,5.6,6.5,0
2022-10-29,North_Zone,52.7,0.0,24.1,13.3,6.4,0
2022-10-30,North_Zone,52.9,0.0,24.9,8.4,6.2,0
2022-10-31,North_Zone,54.7,0.0,18.3,9.9,5.6,0
2022-11-01,North_Zone,50.0,0.0,26.3,10.0,6.3,0
2022-11-02,North_Zone,57.0,0.0,22.1,6.0,6.1,0
2022-11-03,North_Zone,50.9,0.0,23.4,4.5,6.1,0
2022-11-04,North_Zone,60.3,0.0,24.8,5.7,6.7,0
2022-11-05,North_Zone,54.2,0.0,20.4,3.0,7.6,0
2022-11-06,North_Zone,70.2,0.0,24.8,5.8,7.3,0
2022-11-07,North_Zone,55.8,0.5,21.6,6.0,7.5,0
2022-11-08,North_Zone,59.5,0.0,19.7,11.1,5.9,0
2022-11-09,North_Zone,48.8,0.0,26.2,7.8,7.6,0
2022-11-10,North_Zone,66.6,0.0,21.5,13.1,6.5,0
2022-11-11,North_Zone,61.8,0.0,24.7,1.0,7.1,0
2022-11-12,North_Zone,55.1,0.0,30.3,2.3,7.0,0
2022-11-13,North_Zone,52.6,0.0,19.4,4.9,6.0,0
2022-11-14,North_Zone,57.4,0.0,24.5,10.5,6.9,0
2022-11-15,North_Zone,52.0,0.0,22.3,5.7,6.7,0
2022-11-16,North_Zone,60.6,0.0,32.2,1.6,5.7,0
2022-11-17,North_Zone,58.8,3.8,28.1,5.3,6.5,0
2022-11-18,North_Zone,57.1,0.0,24.0,2.4,7.0,0
2022-11-19,North_Zone,44.7,2.1,23.5,1.8,6.6,0
2022-11-20,North_Zone,50.0,0.0,27.2,12.0,6.9,0
2022-11-21,North_Zone,62.1,0.2,20.6,4.9,5.8,0
2022-11-22,North_Zone,64.2,6.6,21.5,6.5,6.5,0
2022-11-23,North_Zone,59.4,0.0,30.1,5.7,6.6,0
2022-11-24,North_Zone,48.3,0.0,24.6,5.2,6.4,0
2022-11-25,North_Zone,55.9,0.0,28.6,3.5,6.2,0
2022-11-26,North_Zone,59.6,0.0,28.6,5.1,7.2,0
2022-11-27,North_Zone,44.9,0.0,29.9,7.0,6.9,0
2022-11-28,North_Zone,59.1,0.0,19.8,10.3,6.4,0
2022-11-29,North_Zone,57.7,0.0,24.4,8.8,7.7,0
2022-11-30,North_Zone,53.2,0.0,27.7,2.3,6.9,0
2022-12-01,North_Zone,53.8,0.0,16.5,9.0,4.3,0
2022-12-02,North_Zone,64.5,5.4,11.5,7.4,3.5,0
2022-12-03,North_Zone,62.4,0.0,14.9,4.1,3.3,0
2022-12-04,North_Zone,60.3,2.7,20.0,6.5,3.1,0
2022-12-05,North_Zone,62.3,0.0,13.2,7.7,3.6,0
2022-12-06,North_Zone,63.6,0.0,12.0,6.1,1.8,0
2022-12-07,North_Zone,62.4,5.4,17.3,7.4,3.8,0
2022-12-08,North_Zone,66.4,3.1,14.7,3.4,3.7,0
2022-12-09,North_Zone,64.0,0.0,12.4,12.0,3.2,0
2022-12-10,North_Zone,62.4,0.5,14.3,1.0,3.4,0
2022-12-11,North_Zone,62.8,0.0,17.7,7.7,2.9,0
2022-12-12,North_Zone,51.7,0.0,19.5,7.1,4.6,0
2022-12-13,North_Zone,66.4,0.0,14.9,7.9,3.3,0
2022-12-14,North_Zone,68.4,0.0,7.7,3.9,2.6,0
2022-12-15,North_Zone,62.9,2.9,17.2,9.5,3.9,0
2022-12-16,North_Zone,68.7,0.0,15.2,5.7,3.6,0
2022-12-17,North_Zone,57.1,0.0,10.3,2.4,3.0,0
2022-12-18,North_Zone,52.7,0.0,17.4,2.7,3.3,0
2022-12-19,North_Zone,64.8,0.0,15.9,6.4,3.5,0
2022-12-20,North_Zone,63.1,0.0,16.4,1.2,4.4,0
2022-12-21,North_Zone,67.7,0.0,10.2,11.4,3.5,0
2022-12-22,North_Zone,63.0,0.0,12.8,9.1,3.4,0
2022-12-23,North_Zone,67.0,0.0,15.6,11.5,4.0,0
2022-12-24,North_Zone,70.5,0.0,12.0,11.2,3.4,0
2022-12-25,North_Zone,65.6,0.0,16.3,4.9,3.8,0
2022-12-26,North_Zone,62.4,0.0,15.5,3.4,3.6,0
2022-12-27,North_Zone,55.0,0.0,12.5,1.0,3.7,0
2022-12-28,North_Zone,69.8,0.0,11.8,4.8,3.1,0
2022-12-29,North_Zone,69.3,0.0,16.3,11.3,2.9,0
2022-12-30,North_Zone,71.5,0.0,7.9,3.5,3.7,0
2022-12-31,North_Zone,58.5,0.0,16.9,5.4,4.5,0
2023-01-01,North_Zone,67.3,0.5,15.1,4.3,2.8,0
2023-01-02,North_Zone,68.6,0.0,14.5,7.1,3.6,0
2023-01-03,North_Zone,72.9,5.2,13.1,9.9,3.1,0
2023-01-04,North_Zone,60.5,0.0,13.6,1.4,4.0,0
2023-01-05,North_Zone,62.6,0.0,15.4,2.0,3.7,0
2023-01-06,North_Zone,67.1,0.0,16.0,10.5,5.5,0
2023-01-07,North_Zone,64.8,0.0,14.1,8.2,3.3,0
2023-01-08,North_Zone,56.9,0.0,17.6,5.2,4.6,0
2023-01-09,North_Zone,66.4,0.0,14.5,11.1,4.5,0
2023-01-10,North_Zone,66.4,0.0,15.9,1.9,3.9,0
2023-01-11,North_Zone,65.2,0.0,13.7,8.8,3.5,0
2023-01-12,North_Zone,64.9,0.0,15.3,5.8,3.6,0
2023-01-13,North_Zone,61.0,1.1,17.8,7.8,3.6,0
2023-01-14,North_Zone,68.0,0.0,20.6,1.0,4.5,0
2023-01-15,North_Zone,60.3,0.0,13.7,5.2,2.9,0
2023-01-16,North_Zone,60.9,4.4,15.2,8.2,3.4,0
2023-01-17,North_Zone,63.2,0.0,16.5,5.8,3.4,0
2023-01-18,North_Zone,69.5,0.0,13.1,9.8,2.4,0
2023-01-19,North_Zone,57.1,0.0,14.0,9.7,4.0,0
2023-01-20,North_Zone,59.2,0.0,12.1,3.1,4.0,0
2023-01-21,North_Zone,50.1,0.0,21.2,8.5,3.4,0
2023-01-22,North_Zone,64.1,0.0,15.1,3.0,4.1,0
2023-01-23,North_Zone,58.5,0.0,14.8,6.2,2.5,0
2023-01-24,North_Zone,64.0,0.0,11.8,8.0,3.4,0
2023-01-25,North_Zone,67.7,1.0,14.4,3.5,3.4,0
2023-01-26,North_Zone,58.6,0.0,18.6,8.4,3.7,0
2023-01-27,North_Zone,64.1,0.0,16.7,4.5,3.6,0
2023-01-28,North_Zone,62.1,1.2,15.6,4.3,3.5,0
2023-01-29,North_Zone,66.8,0.0,16.0,8.1,3.3,0
2023-01-30,North_Zone,66.1,2.4,15.5,3.5,3.5,0
2023-01-31,North_Zone,62.3,0.0,12.0,3.3,4.2,0
2023-02-01,North_Zone,60.8,0.0,19.0,9.1,3.4,0
2023-02-02,North_Zone,73.1,0.0,8.6,6.3,4.5,0
2023-02-03,North_Zone,63.6,0.0,18.9,1.6,3.3,0
2023-02-04,North_Zone,58.8,0.0,12.0,8.6,3.5,0
2023-02-05,North_Zone,65.8,0.0,17.5,4.8,4.0,0
2023-02-06,North_Zone,59.0,0.0,14.3,1.8,3.3,0
2023-02-07,North_Zone,71.8,0.0,13.8,1.0,4.3,0
2023-02-08,North_Zone,66.2,0.0,19.8,8.7,4.1,0
2023-02-09,North_Zone,63.2,0.0,18.7,3.4,3.6,0
2023-02-10,North_Zone,63.0,0.0,18.0,2.3,4.5,0
2023-02-11,North_Zone,62.2,0.0,16.2,7.9,3.0,0
2023-02-12,North_Zone,69.0,0.0,12.3,8.4,3.0,0
2023-02-13,North_Zone,64.2,0.0,11.5,3.6,3.7,0
2023-02-14,North_Zone,66.0,0.0,13.6,8.7,3.9,0
2023-02-15,North_Zone,67.9,0.0,15.8,12.2,3.7,0
2023-02-16,North_Zone,60.1,0.0,16.8,10.0,3.5,0
2023-02-17,North_Zone,59.4,0.0,17.6,9.6,3.5,0
2023-02-18,North_Zone,57.8,0.0,15.4,6.9,4.2,0
2023-02-19,North_Zone,60.5,0.0,12.0,4.7,3.5,0
2023-02-20,North_Zone,54.0,3.7,16.5,5.8,3.1,0
2023-02-21,North_Zone,67.0,0.0,16.1,7.3,3.0,0
2023-02-22,North_Zone,71.9,0.6,16.9,2.2,4.5,0
2023-02-23,North_Zone,70.4,0.0,16.2,3.7,3.1,0
2023-02-24,North_Zone,54.7,0.0,17.0,1.7,3.8,0
2023-02-25,North_Zone,67.9,0.0,14.6,6.7,4.3,0
2023-02-26,North_Zone,69.1,0.0,18.3,6.2,4.0,0
2023-02-27,North_Zone,65.6,0.0,8.5,4.0,2.7,0
2023-02-28,North_Zone,65.5,0.0,13.4,8.5,2.8,0
2023-03-01,North_Zone,17.2,0.0,34.1,2.9,10.7,0
2023-03-02,North_Zone,30.4,0.0,32.4,3.9,8.8,0
2023-03-03,North_Zone,20.9,2.0,36.9,8.3,9.3,0
2023-03-04,North_Zone,26.8,0.0,39.4,8.8,9.9,0
2023-03-05,North_Zone,19.3,0.0,34.7,3.6,9.4,0
2023-03-06,North_Zone,35.2,0.0,27.0,6.7,9.5,0
2023-03-07,North_Zone,35.6,0.0,30.1,3.7,8.4,0
2023-03-08,North_Zone,23.1,0.0,35.6,5.4,9.5,0
2023-03-09,North_Zone,22.6,0.0,32.9,6.4,9.9,0
2023-03-10,North_Zone,17.0,0.0,33.1,7.7,9.9,0
2023-03-11,North_Zone,26.5,0.1,34.4,7.0,9.2,0
2023-03-12,North_Zone,24.3,0.0,35.4,6.8,9.0,0
2023-03-13,North_Zone,17.9,0.0,37.3,2.8,9.8,0
2023-03-14,North_Zone,28.7,5.3,38.4,7.2,8.8,0
2023-03-15,North_Zone,27.3,0.0,31.0,7.7,10.1,0
2023-03-16,North_Zone,20.5,0.0,37.4,8.1,9.8,0
2023-03-17,North_Zone,21.4,4.5,42.0,3.8,9.4,0
2023-03-18,North_Zone,35.8,0.0,30.2,8.7,8.7,0
2023-03-19,North_Zone,31.6,0.0,33.6,2.0,9.1,0
2023-03-20,North_Zone,26.3,2.4,36.3,4.7,8.6,0
2023-03-21,North_Zone,31.0,0.0,35.2,5.2,9.8,0
2023-03-22,North_Zone,22.4,3.2,32.9,2.2,9.0,0
2023-03-23,North_Zone,29.6,0.0,31.5,5.1,9.6,0
2023-03-24,North_Zone,29.3,0.0,33.3,6.7,9.8,0
2023-03-25,North_Zone,29.3,1.2,27.8,1.0,9.8,0
2023-03-26,North_Zone,30.7,0.0,33.7,4.8,9.6,0
2023-03-27,North_Zone,24.8,0.0,32.3,1.0,10.1,0
2023-03-28,North_Zone,29.4,0.0,37.4,12.1,10.4,0
2023-03-29,North_Zone,31.1,0.8,34.0,6.6,9.6,0
2023-03-30,North_Zone,15.5,4.4,29.4,6.4,9.5,0
2023-03-31,North_Zone,31.4,0.0,42.4,6.7,9.4,0
2023-04-01,North_Zone,13.7,0.0,31.0,7.8,8.8,0
2023-04-02,North_Zone,28.2,0.0,28.2,8.9,10.0,0
2023-04-03,North_Zone,31.1,0.0,40.4,1.3,10.0,0
2023-04-04,North_Zone,24.6,0.0,37.9,9.9,10.1,0
2023-04-05,North_Zone,18.4,0.0,37.2,9.7,9.3,0
2023-04-06,North_Zone,22.2,2.5,34.0,5.8,10.5,0
2023-04-07,North_Zone,34.8,0.0,31.7,5.6,9.2,0
2023-04-08,North_Zone,20.4,0.0,29.7,1.0,8.9,0
2023-04-09,North_Zone,35.8,0.0,30.8,2.3,9.0,0
2023-04-10,North_Zone,24.1,0.0,42.6,7.6,10.7,0
2023-04-11,North_Zone,20.8,0.0,35.6,9.6,8.9,0
2023-04-12,North_Zone,22.1,0.0,39.9,8.2,9.3,0
2023-04-13,North_Zone,20.1,6.5,39.0,5.8,11.5,0
2023-04-14,North_Zone,31.9,0.0,36.3,11.8,10.1,0
2023-04-15,North_Zone,30.8,0.0,37.2,9.0,9.1,0
2023-04-16,North_Zone,19.3,6.0,33.2,4.8,8.9,0
2023-04-17,North_Zone,30.1,0.0,27.2,12.5,8.2,0
2023-04-18,North_Zone,17.3,0.0,46.7,2.7,10.1,1
2023-04-19,North_Zone,39.1,0.0,27.0,1.6,9.5,0
2023-04-20,North_Zone,19.2,0.0,37.0,4.7,10.6,0
2023-04-21,North_Zone,34.9,0.0,39.1,3.7,8.5,0
2023-04-22,North_Zone,23.4,0.0,44.5,4.9,9.1,0
2023-04-23,North_Zone,24.5,0.0,29.5,8.4,9.2,0
2023-04-24,North_Zone,25.3,0.0,32.4,5.9,11.1,0
2023-04-25,North_Zone,22.7,0.0,36.1,6.0,10.1,0
2023-04-26,North_Zone,26.0,0.0,26.7,6.2,9.4,0
2023-04-27,North_Zone,32.9,0.8,27.0,1.0,8.4,0
2023-04-28,North_Zone,18.1,0.0,40.6,1.5,8.5,0
2023-04-29,North_Zone,19.4,0.0,29.1,4.8,9.3,0
2023-04-30,North_Zone,26.7,0.0,32.8,3.5,9.4,0
2023-05-01,North_Zone,21.3,0.0,29.2,5.3,9.1,0
2023-05-02,North_Zone,24.1,0.0,33.9,10.2,9.3,0
2023-05-03,North_Zone,26.9,0.0,28.0,5.8,8.8,0
2023-05-04,North_Zone,24.0,0.0,32.9,2.0,8.9,0
2023-05-05,North_Zone,35.4,8.0,44.4,3.6,10.6,0
2023-05-06,North_Zone,32.2,0.0,27.6,11.1,8.6,0
2023-05-07,North_Zone,24.7,0.0,45.5,10.6,9.7,0
2023-05-08,North_Zone,19.2,0.0,32.7,7.8,9.5,0
2023-05-09,North_Zone,24.7,0.0,33.7,1.3,9.9,0
2023-05-10,North_Zone,29.3,0.0,34.0,6.9,9.0,0
2023-05-11,North_Zone,25.5,0.0,29.0,7.2,9.9,0
2023-05-12,North_Zone,36.9,0.0,27.3,6.1,8.8,0
2023-05-13,North_Zone,22.2,1.0,32.9,4.3,9.4,0
2023-05-14,North_Zone,26.0,0.0,35.2,4.9,10.5,0
2023-05-15,North_Zone,28.8,0.0,27.6,4.1,8.6,0
2023-05-16,North_Zone,27.6,4.6,37.2,2.6,10.0,0
2023-05-17,North_Zone,24.4,0.0,34.5,10.1,10.1,0
2023-05-18,North_Zone,22.9,1.9,42.4,8.6,10.0,0
2023-05-19,North_Zone,27.4,0.0,33.0,5.1,9.4,0
2023-05-20,North_Zone,26.9,0.0,29.2,7.1,10.6,0
2023-05-21,North_Zone,33.4,0.0,29.0,7.2,9.2,0
2023-05-22,North_Zone,29.1,0.0,34.8,13.0,9.6,0
2023-05-23,North_Zone,25.3,0.0,39.2,8.6,9.5,0
2023-05-24,North_Zone,26.3,0.0,33.1,8.5,9.6,0
2023-05-25,North_Zone,32.5,0.0,34.0,6.1,10.0,0
2023-05-26,North_Zone,26.1,0.0,35.6,4.7,9.4,0
2023-05-27,North_Zone,21.8,2.0,44.4,10.1,8.6,0
2023-05-28,North_Zone,29.6,0.0,32.2,8.0,9.7,0
2023-05-29,North_Zone,36.5,0.0,36.1,3.5,8.8,0
2023-05-30,North_Zone,25.0,0.0,27.5,7.4,9.6,0
2023-05-31,North_Zone,31.2,0.0,36.6,8.5,9.6,0
2023-06-01,North_Zone,69.4,0.0,28.6,7.7,6.2,0
2023-06-02,North_Zone,80.5,0.0,26.0,11.2,5.0,0
2023-06-03,North_Zone,86.3,26.0,32.0,15.1,5.3,0
2023-06-04,North_Zone,80.6,0.0,32.2,8.2,5.4,0
2023-06-05,North_Zone,78.6,3.0,33.9,8.7,4.8,0
2023-06-06,North_Zone,78.0,46.3,23.7,13.2,6.1,0
2023-06-07,North_Zone,77.2,0.0,36.6,15.5,4.8,0
2023-06-08,North_Zone,76.5,44.1,33.2,15.6,6.3,0
2023-06-09,North_Zone,69.4,0.0,54.2,18.7,6.3,0
2023-06-10,North_Zone,74.6,34.1,40.9,14.2,5.7,0
2023-06-11,North_Zone,78.5,2.8,35.0,12.9,5.9,0
2023-06-12,North_Zone,72.3,0.0,39.7,10.1,6.0,0
2023-06-13,North_Zone,74.4,25.9,30.4,12.8,5.4,0
2023-06-14,North_Zone,67.2,2.3,48.8,16.1,6.2,0
2023-06-15,North_Zone,76.6,6.2,49.9,16.3,6.4,0
2023-06-16,North_Zone,79.2,1.4,40.3,14.8,5.2,0
2023-06-17,North_Zone,80.1,25.3,29.3,15.6,5.8,0
2023-06-18,North_Zone,81.0,0.0,42.6,17.8,4.2,0
2023-06-19,North_Zone,80.3,12.5,25.3,14.2,4.4,0
2023-06-20,North_Zone,81.1,18.9,26.4,18.1,5.9,0
2023-06-21,North_Zone,78.8,16.9,35.9,11.8,5.5,0
2023-06-22,North_Zone,77.0,15.4,34.9,13.8,5.2,0
2023-06-23,North_Zone,74.3,15.3,36.4,12.6,5.7,0
2023-06-24,North_Zone,88.2,1.6,39.4,16.4,5.5,0
2023-06-25,North_Zone,77.3,0.0,25.7,11.0,4.9,0
2023-06-26,North_Zone,76.4,15.2,25.5,13.0,4.5,0
2023-06-27,North_Zone,83.3,13.5,23.1,8.4,4.2,0
2023-06-28,North_Zone,79.8,0.0,30.6,15.8,6.1,0
2023-06-29,North_Zone,71.0,5.1,31.4,17.7,5.4,0
2023-06-30,North_Zone,83.8,16.6,33.0,16.7,6.2,0
2023-07-01,North_Zone,78.6,0.0,26.6,16.4,5.3,0
2023-07-02,North_Zone,70.0,7.3,41.6,16.5,6.1,0
2023-07-03,North_Zone,84.4,31.9,31.4,16.1,5.5,0
2023-07-04,North_Zone,81.6,47.1,31.1,15.8,5.7,0
2023-07-05,North_Zone,73.7,0.0,25.0,16.0,5.6,0
2023-07-06,North_Zone,85.5,0.0,41.4,12.0,5.5,0
2023-07-07,North_Zone,81.8,0.0,31.1,13.4,4.9,0
2023-07-08,North_Zone,78.6,0.0,30.0,14.2,6.1,0
2023-07-09,North_Zone,88.9,11.8,23.4,13.0,6.4,0
2023-07-10,North_Zone,78.9,2.1,32.4,9.3,6.7,0
2023-07-11,North_Zone,81.1,8.3,23.0,10.3,5.1,0
2023-07-12,North_Zone,76.5,0.0,25.4,14.7,5.1,0
2023-07-13,North_Zone,81.1,0.0,32.3,16.7,5.3,0
2023-07-14,North_Zone,76.6,6.2,52.7,14.0,5.9,0
2023-07-15,North_Zone,79.4,0.0,26.1,22.3,5.5,0
2023-07-16,North_Zone,76.2,49.4,24.7,11.2,4.9,0
2023-07-17,North_Zone,77.3,11.5,38.4,15.3,4.9,0
2023-07-18,North_Zone,77.4,9.7,33.4,17.9,5.7,0
2023-07-19,North_Zone,73.6,0.0,24.5,17.2,3.4,0
2023-07-20,North_Zone,72.2,16.8,25.8,16.0,5.5,0
2023-07-21,North_Zone,84.3,13.7,22.5,17.2,4.8,0
2023-07-22,North_Zone,64.6,0.0,31.8,14.2,6.2,0
2023-07-23,North_Zone,80.4,38.2,26.1,19.0,6.2,0
2023-07-24,North_Zone,74.1,28.6,38.6,17.8,6.4,0
2023-07-25,North_Zone,86.3,9.0,25.4,11.4,5.3,0
2023-07-26,North_Zone,76.2,47.1,29.8,15.0,4.9,0
2023-07-27,North_Zone,80.2,6.7,38.3,9.4,5.3,0
2023-07-28,North_Zone,74.4,13.7,39.3,18.6,6.0,0
2023-07-29,North_Zone,79.1,0.0,30.8,14.7,4.6,0
2023-07-30,North_Zone,82.3,8.5,30.7,18.0,6.5,0
2023-07-31,North_Zone,76.0,42.8,31.1,13.7,5.4,0
2023-08-01,North_Zone,80.4,0.0,47.2,8.4,6.2,0
2023-08-02,North_Zone,72.3,10.5,34.6,21.9,4.7,0
2023-08-03,North_Zone,79.3,0.0,33.5,14.4,5.1,0
2023-08-04,North_Zone,84.7,0.0,24.8,11.0,4.3,0
2023-08-05,North_Zone,81.1,0.0,33.9,17.4,6.3,0
2023-08-06,North_Zone,88.6,3.1,29.8,20.1,5.5,0
2023-08-07,North_Zone,73.7,2.6,33.9,13.4,6.1,0
2023-08-08,North_Zone,76.4,0.2,19.5,13.7,5.3,0
2023-08-09,North_Zone,75.8,0.0,23.7,14.7,5.7,0
2023-08-10,North_Zone,84.0,0.0,23.8,10.7,5.2,0
2023-08-11,North_Zone,78.5,52.6,42.7,11.9,5.7,0
2023-08-12,North_Zone,79.4,0.4,29.3,19.3,5.5,0
2023-08-13,North_Zone,73.2,3.0,28.9,13.6,5.8,0
2023-08-14,North_Zone,82.5,10.7,30.5,11.5,5.9,0
2023-08-15,North_Zone,70.3,0.0,37.4,12.6,7.5,0
2023-08-16,North_Zone,85.3,0.0,25.8,17.2,6.5,0
2023-08-17,North_Zone,90.2,4.5,48.2,8.1,4.8,0
2023-08-18,North_Zone,78.1,0.0,40.9,14.8,5.7,0
2023-08-19,North_Zone,78.4,10.4,45.8,21.4,5.6,0
2023-08-20,North_Zone,75.4,12.6,32.8,20.1,6.4,0
2023-08-21,North_Zone,70.7,14.5,25.4,15.7,5.3,0
2023-08-22,North_Zone,78.3,18.8,22.8,17.9,5.7,0
2023-08-23,North_Zone,75.5,0.0,23.4,17.9,4.0,0
2023-08-24,North_Zone,71.4,8.0,29.5,13.6,4.7,0
2023-08-25,North_Zone,85.4,75.5,40.3,16.8,7.0,1
2023-08-26,North_Zone,79.7,6.5,31.6,19.4,5.7,0
2023-08-27,North_Zone,79.1,13.7,36.2,10.2,5.1,0
2023-08-28,North_Zone,73.0,10.5,48.7,15.7,6.1,0
2023-08-29,North_Zone,75.4,13.1,39.9,15.1,5.2,0
2023-08-30,North_Zone,82.8,33.3,33.6,14.3,5.5,0
2023-08-31,North_Zone,78.5,9.8,30.2,14.0,4.7,0
2023-09-01,North_Zone,57.5,0.0,27.8,6.7,6.1,0
2023-09-02,North_Zone,59.5,0.0,17.5,6.9,5.9,0
2023-09-03,North_Zone,53.1,0.0,27.6,9.4,7.3,0
2023-09-04,North_Zone,48.4,0.0,26.0,7.4,6.8,0
2023-09-05,North_Zone,50.8,0.0,17.2,5.5,6.5,0
2023-09-06,North_Zone,56.0,0.0,22.8,3.5,6.4,0
2023-09-07,North_Zone,58.2,1.9,21.8,4.6,6.8,0
2023-09-08,North_Zone,47.2,0.0,29.3,6.8,6.2,0
2023-09-09,North_Zone,57.7,0.0,21.9,3.9,5.9,0
2023-09-10,North_Zone,55.9,0.0,25.6,8.8,6.8,0
2023-09-11,North_Zone,46.2,0.0,23.4,7.3,6.3,0
2023-09-12,North_Zone,53.2,0.0,22.0,9.4,6.3,0
2023-09-13,North_Zone,58.0,0.0,25.0,4.1,6.4,0
2023-09-14,North_Zone,57.8,0.0,25.2,3.5,7.3,0
2023-09-15,North_Zone,50.2,0.0,25.0,9.4,7.3,0
2023-09-16,North_Zone,59.7,0.2,20.1,6.4,5.9,0
2023-09-17,North_Zone,63.8,0.0,20.5,5.4,5.2,0
2023-09-18,North_Zone,59.3,0.0,25.9,8.1,6.1,0
2023-09-19,North_Zone,56.6,0.0,23.2,8.0,5.9,0
2023-09-20,North_Zone,53.7,0.0,25.0,2.2,7.0,0
2023-09-21,North_Zone,55.4,2.9,20.7,10.2,6.8,0
2023-09-22,North_Zone,58.9,0.0,24.1,4.8,5.8,0
2023-09-23,North_Zone,57.6,2.6,24.0,11.1,6.0,0
2023-09-24,North_Zone,60.7,0.0,22.4,2.0,5.5,0
2023-09-25,North_Zone,55.8,0.0,26.5,7.0,6.7,0
2023-09-26,North_Zone,56.7,4.5,33.3,5.4,6.8,0
2023-09-27,North_Zone,58.1,0.0,22.3,1.0,6.8,0
2023-09-28,North_Zone,60.9,0.0,23.4,8.0,6.7,0
2023-09-29,North_Zone,60.2,0.0,25.3,1.0,6.9,0
2023-09-30,North_Zone,52.5,1.8,24.1,5.1,5.5,0
2023-10-01,North_Zone,48.3,0.0,22.7,9.3,6.0,0
2023-10-02,North_Zone,64.0,0.0,24.6,4.4,7.0,0
2023-10-03,North_Zone,56.9,0.0,25.6,3.3,6.2,0
2023-10-04,North_Zone,47.2,0.0,25.3,8.4,5.5,0
2023-10-05,North_Zone,53.2,0.4,23.7,5.3,6.9,0
2023-10-06,North_Zone,59.1,0.0,26.2,4.8,6.2,0
2023-10-07,North_Zone,54.8,0.0,24.7,9.8,7.1,0
2023-10-08,North_Zone,54.6,0.0,23.1,2.5,6.4,0
2023-10-09,North_Zone,62.5,0.0,25.9,4.6,6.4,0
2023-10-10,North_Zone,53.6,0.0,20.2,8.6,7.1,0
2023-10-11,North_Zone,51.8,0.0,25.4,2.3,5.7,0
2023-10-12,North_Zone,58.4,0.0,22.7,11.3,7.2,0
2023-10-13,North_Zone,60.0,0.0,21.6,5.3,5.9,0
2023-10-14,North_Zone,57.8,0.0,26.2,8.6,6.7,0
2023-10-15,North_Zone,63.6,0.0,20.0,8.6,6.4,0
2023-10-16,North_Zone,61.0,4.7,18.4,5.5,5.9,0
2023-10-17,North_Zone,58.3,0.0,25.2,4.6,6.1,0
2023-10-18,North_Zone,57.5,0.7,20.4,5.9,6.0,0
2023-10-19,North_Zone,59.7,0.0,19.4,8.1,5.6,0
2023-10-20,North_Zone,57.9,0.0,22.8,3.0,7.6,0
2023-10-21,North_Zone,60.4,0.0,19.4,2.4,5.9,0
2023-10-22,North_Zone,57.5,0.0,30.5,10.5,7.4,0
2023-10-23,North_Zone,58.0,0.0,26.3,3.8,7.2,0
2023-10-24,North_Zone,57.2,0.0,23.4,7.1,6.6,0
2023-10-25,North_Zone,53.2,0.0,22.9,5.4,6.3,0
2023-10-26,North_Zone,59.2,0.0,20.2,5.5,6.4,0
2023-10-27,North_Zone,57.1,1.3,22.9,10.3,6.7,0
2023-10-28,North_Zone,62.2,0.5,16.2,5.7,6.1,0
2023-10-29,North_Zone,68.5,0.0,22.6,4.9,5.4,0
2023-10-30,North_Zone,52.8,0.0,26.0,5.2,5.5,0
2023-10-31,North_Zone,58.5,0.0,24.3,4.5,7.4,0
2023-11-01,North_Zone,62.8,0.0,22.5,4.0,4.8,0
2023-11-02,North_Zone,55.8,0.0,26.1,4.5,6.7,0
2023-11-03,North_Zone,70.3,0.0,20.7,11.0,6.1,0
2023-11-04,North_Zone,52.5,0.0,28.3,8.1,6.7,0
2023-11-05,North_Zone,61.3,0.0,18.8,5.0,5.5,0
2023-11-06,North_Zone,51.0,0.0,26.6,8.9,6.8,0
2023-11-07,North_Zone,53.4,4.8,26.4,1.2,6.7,0
2023-11-08,North_Zone,55.2,0.0,29.5,10.1,8.3,0
2023-11-09,North_Zone,60.7,0.0,24.3,9.9,6.5,0
2023-11-10,North_Zone,57.4,0.0,25.4,12.7,7.3,0
2023-11-11,North_Zone,61.7,0.0,26.0,9.0,5.7,0
2023-11-12,North_Zone,54.4,0.0,27.6,7.3,7.2,0
2023-11-13,North_Zone,51.3,0.0,31.3,9.9,6.9,0
2023-11-14,North_Zone,68.2,0.0,29.0,4.1,6.8,0
2023-11-15,North_Zone,58.2,0.0,24.7,4.8,6.7,0
2023-11-16,North_Zone,53.8,0.0,22.7,5.8,7.4,0
2023-11-17,North_Zone,54.1,0.0,22.3,10.1,6.5,0
2023-11-18,North_Zone,50.0,1.8,27.6,3.4,6.1,0
2023-11-19,North_Zone,61.3,0.0,24.0,3.1,6.1,0
2023-11-20,North_Zone,53.9,0.0,25.4,6.7,7.0,0
2023-11-21,North_Zone,57.8,0.0,23.1,8.2,6.7,0
2023-11-22,North_Zone,56.4,0.0,23.8,3.9,5.5,0
2023-11-23,North_Zone,58.6,0.1,27.6,8.0,6.9,0
2023-11-24,North_Zone,49.1,0.0,30.2,10.1,6.1,0
2023-11-25,North_Zone,50.3,1.8,25.5,9.6,6.8,0
2023-11-26,North_Zone,59.5,0.0,21.0,7.1,5.8,0
2023-11-27,North_Zone,60.4,0.0,22.6,5.7,6.2,0
2023-11-28,North_Zone,57.6,0.0,25.1,11.2,6.2,0
2023-11-29,North_Zone,51.3,0.0,26.1,6.0,7.5,0
2023-11-30,North_Zone,59.9,0.0,24.2,8.8,6.7,0
2023-12-01,North_Zone,62.1,0.0,11.9,11.9,4.1,0
2023-12-02,North_Zone,64.2,2.2,10.4,8.5,5.0,0
2023-12-03,North_Zone,60.4,0.0,13.1,3.0,3.4,0
2023-12-04,North_Zone,71.5,0.0,13.4,2.3,4.3,0
2023-12-05,North_Zone,69.1,0.0,11.7,5.1,2.9,0
2023-12-06,North_Zone,67.3,0.0,14.5,8.1,4.2,0
2023-12-07,North_Zone,69.9,0.0,15.5,7.3,3.0,0
2023-12-08,North_Zone,76.0,0.0,18.4,12.6,3.7,0
2023-12-09,North_Zone,56.1,0.0,13.9,7.3,3.8,0
2023-12-10,North_Zone,61.0,0.0,13.8,5.0,3.9,0
2023-12-11,North_Zone,62.7,0.0,12.1,2.6,2.6,0
2023-12-12,North_Zone,59.1,0.0,16.0,9.5,3.0,0
2023-12-13,North_Zone,58.6,0.0,15.1,6.0,3.9,0
2023-12-14,North_Zone,62.9,0.0,14.3,1.5,3.2,0
2023-12-15,North_Zone,56.3,0.0,17.7,6.1,2.8,0
2023-12-16,North_Zone,69.0,1.8,9.5,3.0,3.2,0
2023-12-17,North_Zone,67.0,0.0,10.5,4.7,3.2,0
2023-12-18,North_Zone,66.6,0.0,14.7,6.0,3.6,0
2023-12-19,North_Zone,68.2,0.0,12.2,3.3,3.7,0
2023-12-20,North_Zone,66.7,0.0,15.6,4.5,3.8,0
2023-12-21,North_Zone,63.5,0.0,12.8,3.8,2.9,0
2023-12-22,North_Zone,75.6,0.0,13.4,3.8,3.2,0
2023-12-23,North_Zone,62.2,0.0,20.0,3.0,4.3,0
2023-12-24,North_Zone,57.0,0.3,11.1,4.6,3.0,0
2023-12-25,North_Zone,57.5,0.0,17.4,3.3,3.4,0
2023-12-26,North_Zone,53.8,0.3,17.5,7.8,2.7,0
2023-12-27,North_Zone,66.1,0.0,11.6,6.6,3.3,0
2023-12-28,North_Zone,61.5,0.0,18.1,9.6,3.9,0
2023-12-29,North_Zone,60.6,0.0,16.7,11.7,2.4,0
2023-12-30,North_Zone,73.3,0.0,16.2,8.0,2.9,0
2023-12-31,North_Zone,64.9,5.5,18.1,7.3,2.8,0
2021-01-01,South_Zone,83.1,0.0,14.3,8.2,3.9,0
2021-01-02,South_Zone,77.1,0.0,10.4,7.4,2.1,0
2021-01-03,South_Zone,73.0,0.0,16.7,6.2,3.5,0
2021-01-04,South_Zone,77.1,0.0,18.4,5.9,4.1,0
2021-01-05,South_Zone,78.8,0.0,16.7,2.9,3.7,0
2021-01-06,South_Zone,69.8,0.0,14.9,8.5,3.2,0
2021-01-07,South_Zone,77.7,0.0,15.7,5.9,3.7,0
2021-01-08,South_Zone,79.3,1.9,14.6,10.3,4.1,0
2021-01-09,South_Zone,78.7,0.0,13.7,8.7,3.4,0
2021-01-10,South_Zone,71.8,0.0,20.2,4.1,2.4,0
2021-01-11,South_Zone,78.6,0.0,11.1,9.7,4.0,0
2021-01-12,South_Zone,79.0,0.0,13.5,1.0,3.7,0
2021-01-13,South_Zone,78.9,0.0,15.9,11.8,3.5,0
2021-01-14,South_Zone,83.5,0.0,12.6,2.0,2.2,0
2021-01-15,South_Zone,86.0,5.0,12.3,7.5,3.2,0
2021-01-16,South_Zone,77.6,0.0,14.8,7.3,3.0,0
2021-01-17,South_Zone,75.5,0.5,17.0,9.4,2.9,0
2021-01-18,South_Zone,82.2,0.0,13.3,5.0,3.3,0
2021-01-19,South_Zone,81.2,0.0,16.5,1.0,3.3,0
2021-01-20,South_Zone,76.7,0.0,15.2,5.0,3.2,0
2021-01-21,South_Zone,82.1,0.0,16.4,5.3,4.0,0
2021-01-22,South_Zone,82.3,0.0,17.6,1.0,3.8,0
2021-01-23,South_Zone,86.8,0.0,12.7,6.1,3.1,0
2021-01-24,South_Zone,86.7,0.0,17.0,2.8,3.2,0
2021-01-25,South_Zone,72.7,0.0,18.2,7.9,3.4,0
2021-01-26,South_Zone,80.5,2.9,12.6,5.3,3.2,0
2021-01-27,South_Zone,78.5,0.0,15.9,11.9,3.9,0
2021-01-28,South_Zone,78.9,3.1,14.3,5.2,2.8,0
2021-01-29,South_Zone,78.2,0.0,11.0,7.3,4.2,0
2021-01-30,South_Zone,72.7,0.0,13.2,5.4,3.8,0
2021-01-31,South_Zone,75.9,0.0,21.0,1.1,2.2,0
2021-02-01,South_Zone,76.1,0.0,13.4,5.4,3.5,0
2021-02-02,South_Zone,80.1,4.2,13.8,8.3,4.1,0
2021-02-03,South_Zone,75.0,0.0,15.1,7.8,3.7,0
2021-02-04,South_Zone,73.5,0.0,15.0,5.1,3.3,0
2021-02-05,South_Zone,81.1,0.0,13.5,1.6,3.4,0
2021-02-06,South_Zone,82.0,0.0,11.2,7.9,3.4,0
2021-02-07,South_Zone,82.4,0.0,14.2,7.3,3.9,0
2021-02-08,South_Zone,88.5,0.0,17.4,8.5,2.8,0
2021-02-09,South_Zone,79.4,0.0,16.7,5.2,3.2,0
2021-02-10,South_Zone,82.0,0.0,14.0,1.0,4.4,0
2021-02-11,South_Zone,75.6,0.0,11.7,7.6,3.4,0
2021-02-12,South_Zone,67.3,0.1,23.8,6.0,4.9,0
2021-02-13,South_Zone,89.4,0.0,10.9,10.2,5.1,0
2021-02-14,South_Zone,73.5,0.0,16.4,6.1,3.3,0
2021-02-15,South_Zone,72.8,0.0,16.6,5.9,2.9,0
2021-02-16,South_Zone,79.0,0.0,14.6,7.3,3.3,0
2021-02-17,South_Zone,78.4,7.8,15.3,4.2,4.2,0
2021-02-18,South_Zone,74.9,0.0,14.3,4.1,4.2,0
2021-02-19,South_Zone,77.2,2.3,15.5,5.7,4.9,0
2021-02-20,South_Zone,84.5,0.0,16.1,3.2,3.5,0
2021-02-21,South_Zone,73.3,0.0,17.8,5.3,3.9,0
2021-02-22,South_Zone,71.3,0.0,16.3,11.8,3.1,0
2021-02-23,South_Zone,80.0,0.0,21.2,9.1,2.3,0
2021-02-24,South_Zone,80.6,0.0,16.4,6.9,3.5,0
2021-02-25,South_Zone,74.9,0.0,16.7,10.7,2.9,0
2021-02-26,South_Zone,71.9,0.0,13.7,3.5,3.8,0
2021-02-27,South_Zone,73.5,0.0,17.9,13.5,2.5,0
2021-02-28,South_Zone,80.9,0.0,11.3,4.6,2.9,0
2021-03-01,South_Zone,50.5,0.4,34.9,12.0,9.5,0
2021-03-02,South_Zone,37.6,0.0,37.2,12.0,9.7,0
2021-03-03,South_Zone,45.9,0.0,29.8,1.0,9.2,0
2021-03-04,South_Zone,46.1,1.5,40.3,10.4,10.6,0
2021-03-05,South_Zone,34.9,0.0,27.9,5.1,10.1,0
2021-03-06,South_Zone,45.6,0.0,49.7,4.3,9.3,0
2021-03-07,South_Zone,43.4,0.0,24.5,7.6,9.9,0
2021-03-08,South_Zone,43.3,0.0,43.1,3.0,10.7,0
2021-03-09,South_Zone,46.5,0.0,32.4,7.5,9.2,0
2021-03-10,South_Zone,47.4,0.0,43.7,3.2,9.6,0
2021-03-11,South_Zone,43.7,0.0,46.2,6.5,9.6,0
2021-03-12,South_Zone,37.5,0.0,24.3,10.0,8.6,0
2021-03-13,South_Zone,32.8,0.0,57.7,7.2,9.7,1
2021-03-14,South_Zone,46.3,0.0,31.3,4.9,10.1,0
2021-03-15,South_Zone,41.4,2.4,39.8,7.6,9.8,0
2021-03-16,South_Zone,44.5,0.0,41.7,1.8,9.2,0
2021-03-17,South_Zone,44.3,0.0,49.2,3.5,9.2,0
2021-03-18,South_Zone,45.3,0.0,41.8,4.7,9.1,0
2021-03-19,South_Zone,43.8,0.0,32.7,8.4,9.2,0
2021-03-20,South_Zone,34.4,0.0,34.0,7.2,10.0,0
2021-03-21,South_Zone,42.2,0.0,33.6,7.6,8.9,0
2021-03-22,South_Zone,45.8,0.0,36.7,5.9,10.0,0
2021-03-23,South_Zone,42.0,0.0,27.4,3.6,9.2,0
2021-03-24,South_Zone,49.2,0.0,30.9,10.5,9.3,0
2021-03-25,South_Zone,49.0,0.0,35.2,3.9,10.0,0
2021-03-26,South_Zone,40.5,0.0,49.1,7.3,10.3,0
2021-03-27,South_Zone,26.1,0.0,37.6,5.7,8.8,0
2021-03-28,South_Zone,35.9,3.6,38.0,7.7,8.9,0
2021-03-29,South_Zone,51.4,0.0,45.9,4.2,9.5,0
2021-03-30,South_Zone,38.5,0.0,42.7,9.2,9.9,0
2021-03-31,South_Zone,32.1,0.0,37.7,10.1,10.4,0
2021-04-01,South_Zone,50.9,0.0,34.8,9.0,9.4,0
2021-04-02,South_Zone,42.7,0.0,39.3,6.5,10.6,0
2021-04-03,South_Zone,47.7,0.0,43.1,4.7,9.1,0
2021-04-04,South_Zone,43.1,0.0,43.0,14.5,9.3,0
2021-04-05,South_Zone,43.4,0.0,45.3,3.0,9.5,0
2021-04-06,South_Zone,40.3,0.6,55.3,8.6,9.4,0
2021-04-07,South_Zone,46.7,0.0,38.6,7.0,10.2,0
2021-04-08,South_Zone,56.8,0.0,34.1,5.8,7.6,0
2021-04-09,South_Zone,49.4,0.0,35.1,6.6,9.1,0
2021-04-10,South_Zone,36.9,0.0,31.8,4.5,10.0,0
2021-04-11,South_Zone,43.2,0.0,45.9,7.3,9.5,0
2021-04-12,South_Zone,52.0,0.0,30.6,7.0,9.9,0
2021-04-13,South_Zone,48.5,0.0,42.2,14.0,10.9,0
2021-04-14,South_Zone,38.1,0.0,46.2,9.2,9.8,0
2021-04-15,South_Zone,46.2,0.0,50.4,7.5,10.4,0
2021-04-16,South_Zone,45.4,0.9,47.9,7.7,11.1,0
2021-04-17,South_Zone,55.6,0.0,44.1,11.5,9.8,0
2021-04-18,South_Zone,42.7,0.1,29.2,3.1,9.2,0
2021-04-19,South_Zone,42.4,0.0,32.3,5.5,9.9,0
2021-04-20,South_Zone,43.9,0.0,31.4,1.0,10.0,0
2021-04-21,South_Zone,44.2,0.8,28.9,7.7,9.2,0
2021-04-22,South_Zone,36.0,0.0,44.3,8.5,9.4,0
2021-04-23,South_Zone,27.4,0.0,38.5,3.0,10.7,0
2021-04-24,South_Zone,43.1,0.0,31.7,10.3,9.1,0
2021-04-25,South_Zone,45.9,0.0,35.5,3.8,10.1,0
2021-04-26,South_Zone,41.3,0.5,35.2,5.0,9.6,0
2021-04-27,South_Zone,54.0,0.0,37.1,6.4,10.5,0
2021-04-28,South_Zone,46.0,0.0,30.6,10.8,8.7,0
2021-04-29,South_Zone,47.8,0.0,46.6,3.4,9.1,0
2021-04-30,South_Zone,45.4,2.5,35.2,6.9,9.9,0
2021-05-01,South_Zone,48.8,0.0,34.4,8.3,8.7,0
2021-05-02,South_Zone,41.6,0.0,48.2,7.7,9.8,0
2021-05-03,South_Zone,48.9,0.0,43.9,7.8,10.5,0
2021-05-04,South_Zone,43.5,0.0,37.5,8.3,8.4,0
2021-05-05,South_Zone,42.5,0.0,49.5,4.3,10.0,0
2021-05-06,South_Zone,49.2,0.0,28.2,11.1,9.9,0
2021-05-07,South_Zone,44.4,0.0,30.5,5.7,9.2,0
2021-05-08,South_Zone,41.8,0.0,50.2,5.3,9.2,0
2021-05-09,South_Zone,51.6,0.0,53.6,10.0,9.6,0
2021-05-10,South_Zone,39.3,0.0,45.2,4.1,9.2,0
2021-05-11,South_Zone,41.2,2.9,53.1,7.0,9.9,0
2021-05-12,South_Zone,45.0,1.2,57.8,3.8,9.7,0
2021-05-13,South_Zone,51.9,0.0,30.8,13.6,8.9,0
2021-05-14,South_Zone,41.4,0.0,43.6,12.9,9.9,0
2021-05-15,South_Zone,31.6,0.0,33.8,5.7,10.4,0
2021-05-16,South_Zone,49.1,0.0,29.7,7.6,9.4,0
2021-05-17,South_Zone,29.2,0.0,41.8,6.0,10.5,0
2021-05-18,South_Zone,48.7,0.0,47.3,5.0,10.6,0
2021-05-19,South_Zone,44.0,0.0,37.9,6.4,9.1,0
2021-05-20,South_Zone,45.1,0.0,50.8,5.9,9.9,0
2021-05-21,South_Zone,37.2,0.0,40.5,1.4,9.4,0
2021-05-22,South_Zone,35.2,0.0,35.9,6.8,8.6,0
2021-05-23,South_Zone,41.6,0.0,47.9,5.9,9.9,0
2021-05-24,South_Zone,46.0,5.1,30.2,6.9,8.6,0
2021-05-25,South_Zone,39.6,0.0,40.2,5.8,9.9,0
2021-05-26,South_Zone,46.3,0.0,30.8,4.9,8.3,0
2021-05-27,South_Zone,57.8,0.0,39.7,8.6,9.5,0
2021-05-28,South_Zone,44.9,0.0,47.9,7.6,8.7,0
2021-05-29,South_Zone,47.0,0.0,44.5,10.2,10.0,0
2021-05-30,South_Zone,45.2,0.0,47.0,7.5,9.4,0
2021-05-31,South_Zone,52.7,0.0,33.4,5.4,9.0,0
2021-06-01,South_Zone,94.2,0.0,24.7,15.9,6.2,0
2021-06-02,South_Zone,85.9,0.0,23.0,8.1,5.2,0
2021-06-03,South_Zone,92.0,0.0,35.8,20.3,5.7,0
2021-06-04,South_Zone,99.0,0.0,22.8,14.8,5.3,0
2021-06-05,South_Zone,89.8,5.8,25.6,20.6,5.8,0
2021-06-06,South_Zone,90.6,8.8,44.1,11.4,6.4,0
2021-06-07,South_Zone,89.1,0.0,36.9,10.6,6.2,0
2021-06-08,South_Zone,99.0,0.0,40.7,15.1,5.4,0
2021-06-09,South_Zone,97.2,20.2,33.3,15.1,6.4,0
2021-06-10,South_Zone,98.1,13.9,25.3,15.0,5.0,0
2021-06-11,South_Zone,95.8,85.4,38.2,14.6,5.2,1
2021-06-12,South_Zone,90.9,0.0,47.6,12.1,5.8,0
2021-06-13,South_Zone,94.5,5.1,32.8,9.5,6.3,0
2021-06-14,South_Zone,86.7,95.6,36.3,14.8,5.0,1
2021-06-15,South_Zone,83.5,14.1,26.0,10.2,6.1,0
2021-06-16,South_Zone,95.2,59.1,26.0,9.9,5.5,0
2021-06-17,South_Zone,97.9,0.0,22.8,12.9,5.1,0
2021-06-18,South_Zone,99.0,8.4,22.9,15.3,6.1,0
2021-06-19,South_Zone,99.0,61.7,26.2,20.0,5.1,1
2021-06-20,South_Zone,99.0,115.7,25.0,16.9,6.9,1
2021-06-21,South_Zone,88.9,0.0,30.3,18.3,5.5,0
2021-06-22,South_Zone,89.0,10.5,48.9,16.0,5.9,0
2021-06-23,South_Zone,96.3,19.2,31.1,15.1,6.5,0
2021-06-24,South_Zone,99.0,5.5,46.6,21.5,5.9,0
2021-06-25,South_Zone,99.0,0.0,22.2,10.0,6.1,0
2021-06-26,South_Zone,96.3,0.0,52.7,12.8,4.7,0
2021-06-27,South_Zone,90.8,11.8,36.2,13.0,5.4,0
2021-06-28,South_Zone,90.9,22.8,24.5,16.7,5.7,0
2021-06-29,South_Zone,99.0,0.0,23.7,11.1,6.1,0
2021-06-30,South_Zone,89.2,41.1,25.5,16.3,6.0,0
2021-07-01,South_Zone,95.4,24.1,22.3,15.7,5.8,0
2021-07-02,South_Zone,94.8,0.0,24.4,16.4,6.1,0
2021-07-03,South_Zone,99.0,0.0,42.0,16.4,6.0,0
2021-07-04,South_Zone,89.4,10.8,46.1,18.6,4.5,0
2021-07-05,South_Zone,81.7,0.0,29.4,13.9,6.5,0
2021-07-06,South_Zone,93.5,221.3,49.3,15.6,5.3,1
2021-07-07,South_Zone,91.9,9.6,24.4,11.8,5.7,0
2021-07-08,South_Zone,90.4,39.5,54.2,11.1,6.0,0
2021-07-09,South_Zone,98.8,2.8,18.0,19.3,5.2,0
2021-07-10,South_Zone,92.6,44.6,30.1,11.6,4.9,0
2021-07-11,South_Zone,97.6,7.6,32.3,15.9,4.4,0
2021-07-12,South_Zone,86.5,0.0,26.4,15.6,5.0,0
2021-07-13,South_Zone,91.5,18.6,26.5,17.5,6.1,0
2021-07-14,South_Zone,96.1,0.0,37.9,9.0,4.8,0
2021-07-15,South_Zone,90.8,15.8,30.5,16.7,5.1,0
2021-07-16,South_Zone,87.4,31.5,24.3,13.8,5.7,0
2021-07-17,South_Zone,99.0,57.1,21.7,12.2,4.7,0
2021-07-18,South_Zone,99.0,5.1,25.3,13.2,5.2,0
2021-07-19,South_Zone,95.3,16.3,24.1,17.1,5.5,0
2021-07-20,South_Zone,85.0,0.7,25.3,16.2,5.7,0
2021-07-21,South_Zone,95.9,23.8,39.8,13.6,5.1,0
2021-07-22,South_Zone,84.2,4.4,36.0,10.6,5.8,0
2021-07-23,South_Zone,94.6,19.9,35.3,10.8,5.9,0
2021-07-24,South_Zone,89.4,24.8,30.4,16.3,4.8,0
2021-07-25,South_Zone,88.4,1.1,26.4,10.2,5.7,0
2021-07-26,South_Zone,90.8,29.0,34.9,13.6,5.2,0
2021-07-27,South_Zone,91.6,54.6,38.2,22.0,5.8,0
2021-07-28,South_Zone,89.0,36.1,38.9,15.4,6.2,0
2021-07-29,South_Zone,97.3,5.2,26.0,16.2,5.4,0
2021-07-30,South_Zone,91.6,0.0,30.6,10.8,6.1,0
2021-07-31,South_Zone,97.6,0.0,38.6,10.3,6.2,0
2021-08-01,South_Zone,92.1,16.6,50.5,16.4,6.4,0
2021-08-02,South_Zone,90.0,2.5,32.5,13.2,5.9,0
2021-08-03,South_Zone,90.1,6.7,25.9,17.5,6.2,0
2021-08-04,South_Zone,83.5,14.9,40.4,14.4,6.0,0
2021-08-05,South_Zone,95.9,24.5,26.0,24.7,4.5,0
2021-08-06,South_Zone,91.5,9.6,33.4,12.6,5.2,0
2021-08-07,South_Zone,78.5,0.0,46.6,15.2,5.8,0
2021-08-08,South_Zone,90.6,87.7,33.5,11.6,5.6,1
2021-08-09,South_Zone,85.2,29.2,54.4,17.4,6.2,0
2021-08-10,South_Zone,99.0,0.0,51.0,15.6,5.3,0
2021-08-11,South_Zone,85.8,6.5,26.2,11.4,6.8,0
2021-08-12,South_Zone,81.7,11.0,58.6,13.3,5.9,0
2021-08-13,South_Zone,98.7,0.4,35.7,18.4,5.7,0
2021-08-14,South_Zone,99.0,5.9,26.0,18.1,5.1,0
2021-08-15,South_Zone,89.4,0.0,34.3,10.1,5.1,0
2021-08-16,South_Zone,87.9,23.9,46.3,12.9,5.8,0
2021-08-17,South_Zone,99.0,8.4,23.3,19.8,5.4,0
2021-08-18,South_Zone,81.1,16.6,34.1,13.8,5.6,0
2021-08-19,South_Zone,85.3,20.1,25.6,14.9,6.5,0
2021-08-20,South_Zone,89.6,9.0,47.4,17.4,5.8,0
2021-08-21,South_Zone,98.4,31.0,54.8,10.3,5.8,0
2021-08-22,South_Zone,90.4,23.4,37.2,11.5,6.2,0
2021-08-23,South_Zone,92.3,11.6,42.7,13.3,5.7,0
2021-08-24,South_Zone,97.5,0.0,44.2,17.9,6.1,0
2021-08-25,South_Zone,99.0,0.0,26.1,17.4,4.8,0
2021-08-26,South_Zone,87.6,0.0,50.4,16.5,5.1,0
2021-08-27,South_Zone,94.4,8.3,25.9,13.9,5.6,0
2021-08-28,South_Zone,99.0,0.0,41.6,17.7,5.6,0
2021-08-29,South_Zone,84.3,0.0,39.3,13.8,5.3,0
2021-08-30,South_Zone,99.0,65.5,24.5,16.0,5.5,1
2021-08-31,South_Zone,87.5,15.9,36.5,17.0,5.8,0
2021-09-01,South_Zone,73.9,0.0,21.1,11.4,5.9,0
2021-09-02,South_Zone,68.6,0.0,28.7,6.1,6.3,0
2021-09-03,South_Zone,68.8,0.0,20.7,5.2,6.4,0
2021-09-04,South_Zone,66.9,0.0,23.7,10.2,5.8,0
2021-09-05,South_Zone,74.5,0.0,21.5,10.4,6.0,0
2021-09-06,South_Zone,77.4,0.0,22.6,4.7,6.7,0
2021-09-07,South_Zone,72.9,3.2,20.7,3.0,6.3,0
2021-09-08,South_Zone,72.1,0.0,23.8,10.0,6.2,0
2021-09-09,South_Zone,77.4,0.0,19.1,1.4,5.7,0
2021-09-10,South_Zone,63.0,0.0,33.9,1.2,6.2,0
2021-09-11,South_Zone,73.8,0.0,26.5,5.5,6.5,0
2021-09-12,South_Zone,74.1,0.0,26.6,6.3,7.8,0
2021-09-13,South_Zone,83.6,0.0,25.7,2.8,6.9,0
2021-09-14,South_Zone,68.6,0.0,25.9,6.7,5.7,0
2021-09-15,South_Zone,72.4,3.7,18.9,6.8,6.6,0
2021-09-16,South_Zone,75.9,0.0,23.2,4.6,6.0,0
2021-09-17,South_Zone,77.7,0.0,20.7,12.1,6.3,0
2021-09-18,South_Zone,69.8,0.0,22.5,7.3,6.0,0
2021-09-19,South_Zone,71.1,0.0,21.5,9.4,7.5,0
2021-09-20,South_Zone,73.9,0.0,24.7,1.6,5.8,0
2021-09-21,South_Zone,67.6,0.0,23.8,1.6,6.6,0
2021-09-22,South_Zone,68.2,0.0,26.3,7.4,6.2,0
2021-09-23,South_Zone,74.2,0.0,20.4,11.6,6.7,0
2021-09-24,South_Zone,76.3,0.0,24.4,3.0,6.6,0
2021-09-25,South_Zone,69.1,0.0,23.2,6.4,7.2,0
2021-09-26,South_Zone,60.8,0.0,26.6,2.3,7.0,0
2021-09-27,South_Zone,58.6,0.0,32.0,3.8,6.3,0
2021-09-28,South_Zone,65.7,0.0,23.3,6.6,8.2,0
2021-09-29,South_Zone,64.2,0.0,25.4,4.5,6.9,0
2021-09-30,South_Zone,70.5,0.0,24.5,2.1,6.1,0
2021-10-01,South_Zone,67.5,0.5,20.9,2.0,6.4,0
2021-10-02,South_Zone,65.4,0.0,31.0,1.0,7.1,0
2021-10-03,South_Zone,66.9,0.0,25.3,7.4,6.9,0
2021-10-04,South_Zone,68.9,0.1,24.8,7.8,6.8,0
2021-10-05,South_Zone,78.3,0.0,23.8,7.8,7.0,0
2021-10-06,South_Zone,75.6,0.7,22.8,3.3,6.9,0
2021-10-07,South_Zone,74.2,0.0,19.8,9.0,5.7,0
2021-10-08,South_Zone,67.4,0.0,29.0,8.1,7.9,0
2021-10-09,South_Zone,73.3,0.0,17.5,6.0,7.3,0
2021-10-10,South_Zone,74.3,0.0,22.2,5.5,6.8,0
2021-10-11,South_Zone,74.6,0.0,23.8,4.1,6.5,0
2021-10-12,South_Zone,67.9,0.0,22.6,6.6,6.4,0
2021-10-13,South_Zone,70.9,0.0,25.5,10.9,6.3,0
2021-10-14,South_Zone,64.8,0.0,18.4,9.4,6.1,0
2021-10-15,South_Zone,72.1,0.0,25.0,5.2,5.2,0
2021-10-16,South_Zone,79.9,0.0,16.5,7.6,7.0,0
2021-10-17,South_Zone,69.9,0.0,24.5,2.7,7.2,0
2021-10-18,South_Zone,81.3,0.3,23.0,8.2,5.4,0
2021-10-19,South_Zone,66.7,4.5,24.8,3.5,7.0,0
2021-10-20,South_Zone,73.8,1.1,22.2,8.1,6.4,0
2021-10-21,South_Zone,75.4,0.0,17.4,14.9,6.0,0
2021-10-22,South_Zone,70.3,0.0,25.3,4.3,6.8,0
2021-10-23,South_Zone,71.9,0.0,22.6,14.8,5.3,0
2021-10-24,South_Zone,69.0,0.0,33.0,7.5,6.7,0
2021-10-25,South_Zone,76.1,0.0,23.5,3.8,6.5,0
2021-10-26,South_Zone,77.9,0.4,25.0,3.6,6.5,0
2021-10-27,South_Zone,73.7,0.0,20.4,13.1,5.4,0
2021-10-28,South_Zone,78.4,1.5,19.5,7.5,6.5,0
2021-10-29,South_Zone,67.4,0.0,25.1,4.3,7.1,0
2021-10-30,South_Zone,75.0,0.0,24.7,5.4,6.7,0
2021-10-31,South_Zone,65.2,0.0,30.7,7.3,6.5,0
2021-11-01,South_Zone,78.4,0.0,21.8,6.0,8.0,0
2021-11-02,South_Zone,83.2,0.0,23.1,7.0,5.9,0
2021-11-03,South_Zone,68.8,0.0,29.8,11.3,7.1,0
2021-11-04,South_Zone,59.3,0.0,26.2,2.6,6.7,0
2021-11-05,South_Zone,69.0,0.0,23.8,7.9,7.6,0
2021-11-06,South_Zone,76.6,0.0,26.0,5.8,6.8,0
2021-11-07,South_Zone,74.5,1.1,23.7,4.5,6.8,0
2021-11-08,South_Zone,70.5,2.9,30.5,9.2,6.9,0
2021-11-09,South_Zone,76.9,1.7,23.6,1.6,5.8,0
2021-11-10,South_Zone,73.9,0.0,24.2,1.0,5.9,0
2021-11-11,South_Zone,79.0,0.0,21.8,6.7,6.2,0
2021-11-12,South_Zone,75.4,0.0,25.3,5.6,7.1,0
2021-11-13,South_Zone,78.4,0.0,25.4,1.9,6.7,0
2021-11-14,South_Zone,74.0,0.0,23.0,1.0,6.3,0
2021-11-15,South_Zone,75.4,2.0,25.2,11.8,7.3,0
2021-11-16,South_Zone,71.6,0.0,21.5,7.4,5.1,0
2021-11-17,South_Zone,66.7,0.0,28.7,6.1,5.8,0
2021-11-18,South_Zone,80.8,0.0,22.9,12.6,4.9,0
2021-11-19,South_Zone,72.9,0.0,23.6,9.1,7.2,0
2021-11-20,South_Zone,75.4,0.0,24.3,11.3,6.4,0
2021-11-21,South_Zone,72.1,0.0,24.2,2.5,7.0,0
2021-11-22,South_Zone,69.9,0.0,22.0,2.3,6.3,0
2021-11-23,South_Zone,74.8,0.0,18.8,7.9,6.8,0
2021-11-24,South_Zone,81.9,0.0,18.8,7.2,6.1,0
2021-11-25,South_Zone,73.5,0.0,25.4,9.7,6.8,0
2021-11-26,South_Zone,64.2,0.0,22.1,1.1,6.5,0
2021-11-27,South_Zone,69.7,0.0,25.3,8.1,6.7,0
2021-11-28,South_Zone,79.4,0.0,25.9,9.0,7.6,0
2021-11-29,South_Zone,70.7,0.0,23.7,8.8,5.5,0
2021-11-30,South_Zone,61.4,0.0,26.0,4.8,6.5,0
2021-12-01,South_Zone,93.7,0.0,6.3,7.6,3.2,0
2021-12-02,South_Zone,84.3,0.0,11.9,3.7,3.4,0
2021-12-03,South_Zone,80.9,0.2,11.3,5.1,3.1,0
2021-12-04,South_Zone,74.7,0.0,19.0,2.9,3.4,0
2021-12-05,South_Zone,85.5,0.0,13.2,3.7,4.3,0
2021-12-06,South_Zone,77.1,0.0,13.6,5.3,3.4,0
2021-12-07,South_Zone,86.8,3.0,11.5,4.5,4.8,0
2021-12-08,South_Zone,82.4,0.0,13.8,3.7,3.8,0
2021-12-09,South_Zone,80.4,0.0,14.7,2.1,3.3,0
2021-12-10,South_Zone,81.4,0.0,12.2,11.9,3.7,0
2021-12-11,South_Zone,80.5,0.0,11.0,4.5,3.4,0
2021-12-12,South_Zone,86.0,0.0,12.0,7.0,4.2,0
2021-12-13,South_Zone,77.3,0.0,10.6,1.0,2.6,0
2021-12-14,South_Zone,69.2,0.0,17.9,10.1,2.6,0
2021-12-15,South_Zone,80.3,0.0,17.9,6.5,3.9,0
2021-12-16,South_Zone,84.1,0.0,11.7,4.7,3.8,0
2021-12-17,South_Zone,82.8,0.0,12.7,4.7,3.6,0
2021-12-18,South_Zone,83.2,0.0,11.4,8.6,3.7,0
2021-12-19,South_Zone,75.8,0.0,17.7,1.0,4.0,0
2021-12-20,South_Zone,83.7,0.0,13.8,3.5,2.6,0
2021-12-21,South_Zone,74.7,0.0,21.8,5.6,4.0,0
2021-12-22,South_Zone,79.3,0.0,10.4,5.6,4.1,0
2021-12-23,South_Zone,76.2,0.0,17.1,13.5,3.7,0
2021-12-24,South_Zone,89.8,1.3,13.9,5.0,2.7,0
2021-12-25,South_Zone,70.0,0.0,15.6,9.0,3.3,0
2021-12-26,South_Zone,81.1,0.0,15.7,11.4,3.9,0
2021-12-27,South_Zone,72.3,0.0,12.1,8.0,4.4,0
2021-12-28,South_Zone,79.8,0.0,12.7,4.0,2.2,0
2021-12-29,South_Zone,75.2,2.1,17.7,2.1,3.9,0
2021-12-30,South_Zone,66.4,0.0,18.6,8.2,3.1,0
2021-12-31,South_Zone,77.9,0.0,20.0,10.9,4.1,0
2022-01-01,South_Zone,75.8,3.8,17.2,7.6,4.0,0
2022-01-02,South_Zone,71.5,0.0,10.0,9.7,3.1,0
2022-01-03,South_Zone,84.5,0.0,12.8,13.8,3.8,0
2022-01-04,South_Zone,88.1,0.0,11.8,8.5,4.0,0
2022-01-05,South_Zone,84.0,0.0,19.1,2.7,3.6,0
2022-01-06,South_Zone,80.3,1.5,15.9,6.2,2.7,0
2022-01-07,South_Zone,80.7,0.0,12.5,10.1,4.2,0
2022-01-08,South_Zone,84.3,0.0,17.3,5.3,4.1,0
2022-01-09,South_Zone,88.2,0.0,13.7,10.5,3.8,0
2022-01-10,South_Zone,86.6,0.7,11.8,5.8,2.9,0
2022-01-11,South_Zone,76.6,0.0,11.2,7.0,3.9,0
2022-01-12,South_Zone,78.2,0.0,18.0,4.9,4.9,0
2022-01-13,South_Zone,80.8,0.0,15.6,6.5,3.5,0
2022-01-14,South_Zone,70.0,0.0,15.0,6.6,3.6,0
2022-01-15,South_Zone,84.3,0.0,10.0,1.2,2.6,0
2022-01-16,South_Zone,90.7,2.0,14.5,4.7,3.0,0
2022-01-17,South_Zone,81.4,0.0,16.3,2.3,2.9,0
2022-01-18,South_Zone,85.9,3.6,15.7,4.8,3.6,0
2022-01-19,South_Zone,78.8,0.0,16.8,3.6,3.4,0
2022-01-20,South_Zone,77.5,1.8,16.9,9.0,3.8,0
2022-01-21,South_Zone,80.2,0.0,16.1,9.1,3.0,0
2022-01-22,South_Zone,76.5,0.0,12.4,7.7,3.3,0
2022-01-23,South_Zone,72.0,3.9,18.6,2.2,3.1,0
2022-01-24,South_Zone,85.8,0.0,14.3,5.7,3.6,0
2022-01-25,South_Zone,87.5,0.0,12.3,2.0,2.4,0
2022-01-26,South_Zone,72.8,0.8,17.0,5.6,3.7,0
2022-01-27,South_Zone,85.4,0.0,12.4,7.9,3.2,0
2022-01-28,South_Zone,78.1,0.0,15.7,9.0,3.6,0
2022-01-29,South_Zone,81.1,0.0,14.4,7.4,2.5,0
2022-01-30,South_Zone,79.7,0.0,17.6,9.8,4.0,0
2022-01-31,South_Zone,85.6,0.0,12.3,6.8,3.2,0
2022-02-01,South_Zone,77.3,0.0,18.5,5.3,3.8,0
2022-02-02,South_Zone,85.9,0.0,15.2,8.6,2.4,0
2022-02-03,South_Zone,82.1,0.0,12.4,8.7,2.6,0
2022-02-04,South_Zone,86.0,3.9,8.5,4.4,2.9,0
2022-02-05,South_Zone,77.7,0.0,10.3,7.1,4.1,0
2022-02-06,South_Zone,90.4,0.0,14.0,5.1,3.8,0
2022-02-07,South_Zone,82.5,1.5,13.1,1.0,3.5,0
2022-02-08,South_Zone,80.0,2.0,19.3,7.3,3.2,0
2022-02-09,South_Zone,68.7,0.0,18.8,2.1,3.0,0
2022-02-10,South_Zone,77.0,0.0,11.4,7.0,3.5,0
2022-02-11,South_Zone,82.2,3.5,20.0,1.4,4.2,0
2022-02-12,South_Zone,82.5,0.0,11.5,3.8,3.5,0
2022-02-13,South_Zone,68.8,0.0,16.0,4.7,4.6,0
2022-02-14,South_Zone,83.8,0.0,15.6,9.6,3.1,0
2022-02-15,South_Zone,74.3,0.0,18.3,4.4,3.8,0
2022-02-16,South_Zone,85.1,0.0,16.6,2.8,2.6,0
2022-02-17,South_Zone,75.4,0.0,20.3,7.1,3.9,0
2022-02-18,South_Zone,82.1,0.0,11.5,5.3,4.2,0
2022-02-19,South_Zone,81.1,0.0,21.3,8.4,3.2,0
2022-02-20,South_Zone,75.2,10.3,13.9,3.0,4.0,0
2022-02-21,South_Zone,74.2,0.0,14.8,6.6,4.4,0
2022-02-22,South_Zone,76.0,0.0,18.4,13.4,3.3,0
2022-02-23,South_Zone,82.8,0.0,15.6,5.3,3.8,0
2022-02-24,South_Zone,75.1,0.0,10.4,6.6,4.2,0
2022-02-25,South_Zone,68.7,0.0,18.3,1.0,3.8,0
2022-02-26,South_Zone,83.1,0.0,15.0,3.4,4.0,0
2022-02-27,South_Zone,78.0,0.0,11.7,7.4,2.3,0
2022-02-28,South_Zone,75.4,0.0,17.7,5.0,4.0,0
2022-03-01,South_Zone,29.9,0.0,45.9,7.8,10.1,0
2022-03-02,South_Zone,40.9,0.0,33.8,7.3,8.6,0
2022-03-03,South_Zone,41.8,0.0,41.9,2.0,9.0,0
2022-03-04,South_Zone,48.6,0.0,36.9,9.0,9.8,0
2022-03-05,South_Zone,41.6,0.0,31.0,2.3,9.1,0
2022-03-06,South_Zone,47.9,0.0,55.5,3.7,10.5,0
2022-03-07,South_Zone,38.0,0.0,41.9,6.7,9.8,0
2022-03-08,South_Zone,39.0,0.0,38.6,10.7,9.6,0
2022-03-09,South_Zone,52.1,0.0,36.1,3.0,9.3,0
2022-03-10,South_Zone,47.1,0.0,30.6,6.4,9.4,0
2022-03-11,South_Zone,43.0,0.0,30.6,6.5,9.8,0
2022-03-12,South_Zone,42.8,0.0,36.4,8.0,9.8,0
2022-03-13,South_Zone,51.4,0.0,35.1,9.6,9.1,0
2022-03-14,South_Zone,49.9,0.0,42.3,4.8,10.3,0
2022-03-15,South_Zone,39.1,0.0,36.4,9.0,9.9,0
2022-03-16,South_Zone,47.1,0.0,28.0,10.0,9.4,0
2022-03-17,South_Zone,44.1,0.0,36.4,11.4,9.5,0
2022-03-18,South_Zone,40.1,2.1,31.7,7.5,9.6,0
2022-03-19,South_Zone,37.5,0.0,56.6,6.5,8.8,0
2022-03-20,South_Zone,47.5,0.0,27.8,4.6,9.3,0
2022-03-21,South_Zone,50.7,0.0,34.0,1.6,10.3,0
2022-03-22,South_Zone,49.5,0.0,38.7,5.2,9.6,0
2022-03-23,South_Zone,41.5,0.0,37.1,6.3,9.5,0
2022-03-24,South_Zone,43.7,0.0,33.0,5.7,9.0,0
2022-03-25,South_Zone,45.1,0.0,43.4,7.8,9.9,0
2022-03-26,South_Zone,40.2,0.0,36.9,1.6,9.4,0
2022-03-27,South_Zone,44.7,0.0,43.2,5.5,10.4,0
2022-03-28,South_Zone,41.2,2.3,42.2,12.0,9.1,0
2022-03-29,South_Zone,37.1,0.0,39.5,9.0,9.3,0
2022-03-30,South_Zone,37.8,0.0,37.8,7.8,9.2,0
2022-03-31,South_Zone,51.9,0.0,35.4,7.2,10.5,0
2022-04-01,South_Zone,45.3,0.1,30.2,4.9,9.1,0
2022-04-02,South_Zone,50.9,0.1,42.3,1.0,9.2,0
2022-04-03,South_Zone,41.0,0.0,35.9,7.4,8.2,0
2022-04-04,South_Zone,45.2,0.0,36.5,1.0,8.9,0
2022-04-05,South_Zone,54.2,0.0,46.0,5.0,9.9,0
2022-04-06,South_Zone,35.0,0.0,44.6,6.0,10.0,0
2022-04-07,South_Zone,30.5,0.0,43.5,4.7,9.4,0
2022-04-08,South_Zone,46.4,0.0,52.3,12.5,9.4,0
2022-04-09,South_Zone,42.5,1.3,28.7,11.5,10.3,0
2022-04-10,South_Zone,42.8,0.0,38.5,9.1,11.1,0
2022-04-11,South_Zone,43.3,0.0,29.6,3.2,9.9,0
2022-04-12,South_Zone,41.7,1.2,47.7,11.8,10.7,0
2022-04-13,South_Zone,34.9,0.0,46.8,7.9,10.8,0
2022-04-14,South_Zone,45.8,0.0,29.0,3.2,10.5,0
2022-04-15,South_Zone,46.7,0.0,34.6,6.1,9.2,0
2022-04-16,South_Zone,40.9,1.1,29.9,8.9,8.7,0
2022-04-17,South_Zone,40.8,0.0,33.8,4.2,10.5,0
2022-04-18,South_Zone,42.6,3.2,34.0,6.4,8.8,0
2022-04-19,South_Zone,35.2,0.0,37.8,6.9,8.9,0
2022-04-20,South_Zone,46.6,0.0,25.5,2.7,8.4,0
2022-04-21,South_Zone,44.1,0.0,36.9,5.2,9.4,0
2022-04-22,South_Zone,42.7,0.0,32.9,2.9,8.2,0
2022-04-23,South_Zone,41.3,1.0,38.6,8.6,8.7,0
2022-04-24,South_Zone,40.4,0.0,46.2,3.3,9.3,0
2022-04-25,South_Zone,38.4,0.0,41.0,6.9,8.9,0
2022-04-26,South_Zone,41.4,0.0,59.0,1.8,10.6,0
2022-04-27,South_Zone,51.4,0.0,36.7,2.6,9.4,0
2022-04-28,South_Zone,44.6,0.0,28.4,2.5,9.5,0
2022-04-29,South_Zone,44.6,0.0,41.6,5.1,9.8,0
2022-04-30,South_Zone,42.6,0.0,35.6,6.5,9.3,0
2022-05-01,South_Zone,46.7,0.0,33.3,7.1,9.9,0
2022-05-02,South_Zone,53.5,0.0,32.5,1.0,9.5,0
2022-05-03,South_Zone,51.9,0.0,24.4,5.5,8.8,0
2022-05-04,South_Zone,33.9,0.0,36.2,3.7,8.5,0
2022-05-05,South_Zone,47.5,0.0,32.6,7.6,9.6,0
2022-05-06,South_Zone,52.5,0.0,30.5,5.2,8.5,0
2022-05-07,South_Zone,40.4,0.0,42.5,5.8,9.9,0
2022-05-08,South_Zone,51.3,0.1,30.4,3.8,9.3,0
2022-05-09,South_Zone,41.7,0.0,31.7,11.2,8.5,0
2022-05-10,South_Zone,34.4,0.0,39.1,2.1,9.8,0
2022-05-11,South_Zone,44.9,0.0,34.9,4.8,9.5,0
2022-05-12,South_Zone,37.9,0.0,28.3,6.3,9.3,0
2022-05-13,South_Zone,43.2,0.0,33.8,5.2,9.5,0
2022-05-14,South_Zone,50.8,0.0,36.1,3.7,9.0,0
2022-05-15,South_Zone,30.6,0.0,43.0,1.0,10.1,0
2022-05-16,South_Zone,35.8,0.0,38.5,3.9,9.2,0
2022-05-17,South_Zone,37.5,0.0,37.6,3.1,8.9,0
2022-05-18,South_Zone,43.3,0.0,36.3,11.0,9.9,0
2022-05-19,South_Zone,46.5,0.0,26.2,12.8,9.6,0
2022-05-20,South_Zone,49.6,0.0,42.0,5.8,9.9,0
2022-05-21,South_Zone,46.8,0.9,43.2,1.8,9.5,0
2022-05-22,South_Zone,47.9,0.0,32.2,8.2,8.1,0
2022-05-23,South_Zone,40.4,0.0,49.8,3.1,10.7,0
2022-05-24,South_Zone,51.3,0.0,24.5,4.4,7.8,0
2022-05-25,South_Zone,35.9,0.0,45.1,4.1,10.1,0
2022-05-26,South_Zone,50.1,0.4,31.5,4.5,10.5,0
2022-05-27,South_Zone,31.3,0.0,55.9,4.9,10.1,1
2022-05-28,South_Zone,50.5,0.0,30.3,2.1,9.4,0
2022-05-29,South_Zone,46.1,0.0,51.4,3.9,10.0,0
2022-05-30,South_Zone,48.0,0.0,28.8,9.1,9.3,0
2022-05-31,South_Zone,40.6,0.0,42.6,5.9,11.0,0
2022-06-01,South_Zone,94.0,18.9,42.1,14.4,5.2,0
2022-06-02,South_Zone,79.4,0.0,30.1,7.3,5.0,0
2022-06-03,South_Zone,95.4,0.0,30.7,16.8,5.4,0
2022-06-04,South_Zone,89.4,2.4,55.1,11.9,7.0,0
2022-06-05,South_Zone,96.2,0.0,22.5,17.4,5.0,0
2022-06-06,South_Zone,96.7,60.2,35.0,14.5,5.9,1
2022-06-07,South_Zone,91.0,16.4,45.1,12.3,6.4,0
2022-06-08,South_Zone,87.4,44.1,33.9,9.0,6.1,0
2022-06-09,South_Zone,94.1,144.9,25.3,20.5,6.1,1
2022-06-10,South_Zone,92.0,0.7,43.8,16.4,6.6,0
2022-06-11,South_Zone,92.8,14.3,40.4,16.6,5.9,0
2022-06-12,South_Zone,94.1,0.0,34.1,19.5,5.4,0
2022-06-13,South_Zone,96.7,14.9,46.6,14.7,5.9,0
2022-06-14,South_Zone,85.5,0.0,46.0,18.1,5.6,0
2022-06-15,South_Zone,91.3,54.1,52.8,12.6,7.4,0
2022-06-16,South_Zone,99.0,56.2,37.0,16.2,5.4,0
2022-06-17,South_Zone,85.5,0.1,26.3,12.1,5.9,0
2022-06-18,South_Zone,95.2,7.2,26.1,12.5,4.7,0
2022-06-19,South_Zone,89.3,8.2,39.0,14.3,5.8,0
2022-06-20,South_Zone,94.2,0.0,23.3,10.2,5.2,0
2022-06-21,South_Zone,90.0,62.7,25.8,15.0,5.9,1
2022-06-22,South_Zone,95.1,19.9,23.5,13.1,5.8,0
2022-06-23,South_Zone,99.0,0.0,25.8,8.0,6.4,0
2022-06-24,South_Zone,84.5,27.7,46.3,12.6,6.7,0
2022-06-25,South_Zone,87.5,0.0,32.4,13.0,5.6,0
2022-06-26,South_Zone,83.3,40.4,52.8,16.6,5.4,0
2022-06-27,South_Zone,99.0,84.2,41.2,14.9,5.2,1
2022-06-28,South_Zone,89.7,21.9,40.3,18.3,5.9,0
2022-06-29,South_Zone,93.6,16.1,31.7,15.6,5.7,0
2022-06-30,South_Zone,92.0,48.2,26.6,12.3,5.7,0
2022-07-01,South_Zone,88.5,14.1,33.5,13.8,5.3,0
2022-07-02,South_Zone,94.1,0.0,24.6,13.0,6.3,0
2022-07-03,South_Zone,99.0,1.3,45.7,15.5,4.9,0
2022-07-04,South_Zone,99.0,43.1,25.6,14.2,5.2,0
2022-07-05,South_Zone,87.9,15.8,39.0,12.1,5.1,0
2022-07-06,South_Zone,94.6,42.2,46.6,14.0,5.7,0
2022-07-07,South_Zone,87.7,7.8,41.1,15.4,6.5,0
2022-07-08,South_Zone,84.5,48.4,32.0,11.0,5.5,0
2022-07-09,South_Zone,97.6,15.8,39.5,15.0,5.8,0
2022-07-10,South_Zone,98.0,31.0,41.7,9.3,6.1,0
2022-07-11,South_Zone,98.4,9.9,35.7,17.3,5.5,0
2022-07-12,South_Zone,92.1,0.0,25.9,15.6,5.8,0
2022-07-13,South_Zone,90.0,1.2,48.5,18.9,6.0,0
2022-07-14,South_Zone,97.8,0.0,26.5,10.7,4.9,0
2022-07-15,South_Zone,96.7,0.0,25.5,17.4,5.2,0
2022-07-16,South_Zone,91.1,115.2,34.9,16.8,5.9,1
2022-07-17,South_Zone,82.7,1.1,45.5,13.5,6.6,0
2022-07-18,South_Zone,96.5,7.8,23.5,12.9,6.2,0
2022-07-19,South_Zone,98.7,0.0,35.0,10.7,6.9,0
2022-07-20,South_Zone,87.8,79.5,30.8,10.0,5.9,1
2022-07-21,South_Zone,94.6,119.2,46.6,11.7,5.6,1
2022-07-22,South_Zone,95.5,1.1,31.0,10.2,5.6,0
2022-07-23,South_Zone,98.0,0.0,26.3,18.8,5.5,0
2022-07-24,South_Zone,97.0,34.3,38.9,9.5,5.5,0
2022-07-25,South_Zone,91.8,0.0,24.6,14.4,5.7,0
2022-07-26,South_Zone,81.1,19.7,55.9,15.3,6.2,0
2022-07-27,South_Zone,92.4,20.4,24.9,15.1,4.8,0
2022-07-28,South_Zone,95.8,2.9,47.1,15.3,6.5,0
2022-07-29,South_Zone,90.7,30.3,32.6,16.8,4.5,0
2022-07-30,South_Zone,87.6,34.0,46.1,12.7,5.7,0
2022-07-31,South_Zone,82.6,0.1,40.1,14.3,6.5,0
2022-08-01,South_Zone,99.0,0.0,40.3,13.1,6.1,0
2022-08-02,South_Zone,95.8,40.1,44.9,17.9,5.6,0
2022-08-03,South_Zone,96.0,4.8,41.5,20.3,6.9,0
2022-08-04,South_Zone,98.4,136.2,33.1,10.4,5.4,1
2022-08-05,South_Zone,96.7,23.2,31.1,7.9,4.4,0
2022-08-06,South_Zone,91.4,0.7,37.4,15.7,6.0,0
2022-08-07,South_Zone,94.8,0.0,24.0,17.2,4.4,0
2022-08-08,South_Zone,90.9,0.0,34.9,19.9,5.2,0
2022-08-09,South_Zone,99.0,0.0,25.4,16.2,5.9,0
2022-08-10,South_Zone,95.3,23.1,38.8,18.2,5.4,0
2022-08-11,South_Zone,92.0,0.7,26.2,19.0,5.9,0
2022-08-12,South_Zone,94.7,0.0,39.8,18.4,5.0,0
2022-08-13,South_Zone,89.9,5.4,25.1,16.6,6.0,0
2022-08-14,South_Zone,99.0,17.1,39.9,10.2,4.7,0
2022-08-15,South_Zone,90.3,10.5,31.6,14.0,6.4,0
2022-08-16,South_Zone,95.6,0.0,35.5,14.9,5.4,0
2022-08-17,South_Zone,99.0,12.9,23.8,13.7,6.4,0
2022-08-18,South_Zone,93.3,0.0,46.1,13.9,5.3,0
2022-08-19,South_Zone,95.5,4.5,24.9,18.7,6.6,0
2022-08-20,South_Zone,93.2,0.8,34.7,11.7,5.1,0
2022-08-21,South_Zone,93.0,0.4,33.6,16.4,4.6,0
2022-08-22,South_Zone,92.8,0.0,23.9,14.9,5.5,0
2022-08-23,South_Zone,95.9,37.1,19.8,11.4,6.0,0
2022-08-24,South_Zone,99.0,0.0,35.4,10.8,6.1,0
2022-08-25,South_Zone,94.7,7.6,24.6,8.9,6.2,0
2022-08-26,South_Zone,88.9,0.0,35.5,15.5,6.2,0
2022-08-27,South_Zone,93.4,0.0,23.3,13.8,4.9,0
2022-08-28,South_Zone,96.2,31.0,53.1,11.5,6.3,0
2022-08-29,South_Zone,95.7,12.7,40.6,8.4,5.8,0
2022-08-30,South_Zone,97.8,44.3,25.0,15.3,5.1,0
2022-08-31,South_Zone,94.9,0.0,23.0,13.5,5.5,0
2022-09-01,South_Zone,74.3,0.0,24.3,3.9,6.4,0
2022-09-02,South_Zone,66.8,0.0,28.1,3.1,7.4,0
2022-09-03,South_Zone,70.3,0.0,24.0,5.3,6.1,0
2022-09-04,South_Zone,76.9,0.0,23.3,7.4,6.1,0
2022-09-05,South_Zone,78.5,0.0,19.8,5.0,5.8,0
2022-09-06,South_Zone,65.9,0.0,25.4,2.4,7.7,0
2022-09-07,South_Zone,67.1,0.0,24.4,5.8,6.1,0
2022-09-08,South_Zone,72.4,0.0,23.6,9.1,7.2,0
2022-09-09,South_Zone,80.2,0.0,24.1,6.1,5.8,0
2022-09-10,South_Zone,64.2,0.0,20.3,6.2,6.6,0
2022-09-11,South_Zone,70.4,12.2,31.5,5.0,6.8,0
2022-09-12,South_Zone,64.9,0.0,23.7,3.3,7.2,0
2022-09-13,South_Zone,69.4,0.0,22.3,3.2,7.0,0
2022-09-14,South_Zone,66.4,3.3,33.5,1.0,6.8,0
2022-09-15,South_Zone,67.5,0.0,29.3,9.5,6.3,0
2022-09-16,South_Zone,69.3,0.0,23.4,7.4,7.4,0
2022-09-17,South_Zone,71.6,0.0,24.0,6.2,6.1,0
2022-09-18,South_Zone,68.5,0.0,24.7,6.9,5.1,0
2022-09-19,South_Zone,63.7,0.0,24.9,7.0,5.4,0
2022-09-20,South_Zone,78.1,0.0,19.7,3.8,5.3,0
2022-09-21,South_Zone,76.3,0.0,22.4,5.0,6.7,0
2022-09-22,South_Zone,77.7,1.0,20.8,4.6,7.6,0
2022-09-23,South_Zone,63.5,0.0,24.7,13.5,5.3,0
2022-09-24,South_Zone,74.3,0.0,22.0,9.1,5.9,0
2022-09-25,South_Zone,73.3,0.0,28.8,6.5,6.6,0
2022-09-26,South_Zone,66.4,0.0,24.0,10.1,7.4,0
2022-09-27,South_Zone,73.0,0.0,21.8,9.7,5.9,0
2022-09-28,South_Zone,72.9,0.0,20.8,1.9,6.6,0
2022-09-29,South_Zone,82.5,2.2,21.2,5.3,6.2,0
2022-09-30,South_Zone,81.9,0.0,22.8,6.0,8.0,0
2022-10-01,South_Zone,64.9,0.0,21.3,7.8,6.4,0
2022-10-02,South_Zone,83.8,0.0,24.5,5.3,6.7,0
2022-10-03,South_Zone,67.4,0.0,23.4,5.7,6.5,0
2022-10-04,South_Zone,76.5,2.5,24.0,4.6,6.2,0
2022-10-05,South_Zone,77.6,0.0,22.1,9.1,6.9,0
2022-10-06,South_Zone,69.1,0.0,19.8,1.7,5.5,0
2022-10-07,South_Zone,73.2,0.0,25.5,4.7,5.3,0
2022-10-08,South_Zone,71.0,0.0,24.1,1.0,6.4,0
2022-10-09,South_Zone,72.9,0.0,26.4,2.9,7.1,0
2022-10-10,South_Zone,74.3,0.0,21.4,7.0,6.0,0
2022-10-11,South_Zone,78.5,0.0,22.5,7.0,6.5,0
2022-10-12,South_Zone,72.6,0.0,22.9,5.1,5.7,0
2022-10-13,South_Zone,69.7,0.1,25.7,9.4,7.2,0
2022-10-14,South_Zone,77.8,0.0,22.8,10.1,6.8,0
2022-10-15,South_Zone,72.2,0.0,30.8,5.8,6.7,0
2022-10-16,South_Zone,77.4,0.0,20.5,6.8,6.4,0
2022-10-17,South_Zone,67.8,1.8,24.8,4.6,5.7,0
2022-10-18,South_Zone,66.7,1.5,23.4,7.9,5.6,0
2022-10-19,South_Zone,71.3,1.4,19.8,2.4,6.2,0
2022-10-20,South_Zone,66.3,0.0,29.7,11.4,6.9,0
2022-10-21,South_Zone,76.0,0.0,23.2,9.4,6.7,0
2022-10-22,South_Zone,74.7,0.0,29.1,2.4,6.4,0
2022-10-23,South_Zone,72.6,0.0,21.0,3.6,6.7,0
2022-10-24,South_Zone,79.0,0.0,23.6,7.3,7.3,0
2022-10-25,South_Zone,79.0,0.0,23.0,5.0,6.3,0
2022-10-26,South_Zone,73.5,0.0,22.9,7.6,6.6,0
2022-10-27,South_Zone,68.6,0.0,22.2,4.9,6.2,0
2022-10-28,South_Zone,80.3,0.0,22.6,10.6,6.3,0
2022-10-29,South_Zone,73.2,1.4,20.8,6.0,6.4,0
2022-10-30,South_Zone,71.6,0.0,25.0,13.3,7.5,0
2022-10-31,South_Zone,67.1,0.0,31.4,7.8,7.2,0
2022-11-01,South_Zone,69.1,0.0,20.7,2.0,6.8,0
2022-11-02,South_Zone,63.6,0.0,25.1,12.3,6.2,0
2022-11-03,South_Zone,73.0,0.0,28.9,9.3,6.1,0
2022-11-04,South_Zone,68.1,0.0,23.3,7.1,6.6,0
2022-11-05,South_Zone,86.4,0.0,24.9,7.9,7.2,0
2022-11-06,South_Zone,65.6,0.0,24.9,2.4,7.5,0
2022-11-07,South_Zone,69.3,0.0,17.4,1.0,4.6,0
2022-11-08,South_Zone,71.5,0.0,31.9,5.9,8.1,0
2022-11-09,South_Zone,80.7,0.0,21.6,10.1,6.6,0
2022-11-10,South_Zone,69.8,0.0,29.9,7.2,7.2,0
2022-11-11,South_Zone,71.9,0.0,31.3,11.1,5.6,0
2022-11-12,South_Zone,63.0,0.0,23.0,10.0,6.3,0
2022-11-13,South_Zone,65.2,0.0,31.9,6.1,7.2,0
2022-11-14,South_Zone,67.6,0.6,21.8,9.6,5.6,0
2022-11-15,South_Zone,61.0,0.0,25.8,10.6,4.8,0
2022-11-16,South_Zone,73.4,0.0,22.0,5.8,6.6,0
2022-11-17,South_Zone,63.1,0.0,19.5,5.4,6.2,0
2022-11-18,South_Zone,66.6,5.1,21.3,6.4,7.2,0
2022-11-19,South_Zone,65.6,0.0,33.1,1.0,6.6,0
2022-11-20,South_Zone,69.3,0.0,20.9,6.8,6.2,0
2022-11-21,South_Zone,71.8,2.7,28.8,8.2,7.0,0
2022-11-22,South_Zone,72.3,0.0,25.4,6.4,7.1,0
2022-11-23,South_Zone,74.4,0.0,28.7,7.0,6.2,0
2022-11-24,South_Zone,78.7,0.0,18.4,5.9,6.7,0
2022-11-25,South_Zone,77.9,0.0,23.0,1.0,6.1,0
2022-11-26,South_Zone,74.5,0.0,19.1,11.0,6.2,0
2022-11-27,South_Zone,73.8,0.0,22.8,4.9,6.8,0
2022-11-28,South_Zone,74.0,1.0,24.3,4.1,7.0,0
2022-11-29,South_Zone,72.8,0.0,23.2,10.1,6.6,0
2022-11-30,South_Zone,69.1,0.0,24.9,8.9,5.8,0
2022-12-01,South_Zone,78.4,0.0,13.3,6.8,2.3,0
2022-12-02,South_Zone,75.1,0.0,14.7,8.3,3.4,0
2022-12-03,South_Zone,79.1,0.0,18.4,2.5,4.3,0
2022-12-04,South_Zone,79.8,0.0,12.8,5.8,3.7,0
2022-12-05,South_Zone,75.6,3.0,15.1,9.9,3.7,0
2022-12-06,South_Zone,76.8,1.5,13.2,4.0,3.4,0
2022-12-07,South_Zone,72.4,0.0,15.9,3.0,3.7,0
2022-12-08,South_Zone,80.3,4.3,21.0,6.2,3.2,0
2022-12-09,South_Zone,80.1,0.0,13.8,6.3,3.9,0
2022-12-10,South_Zone,74.1,0.0,16.0,7.9,4.1,0
2022-12-11,South_Zone,82.4,3.5,16.1,1.9,3.3,0
2022-12-12,South_Zone,75.3,0.0,16.5,1.0,3.8,0
2022-12-13,South_Zone,70.9,0.0,16.7,8.8,2.6,0
2022-12-14,South_Zone,81.6,0.6,19.1,2.8,3.8,0
2022-12-15,South_Zone,70.6,0.0,24.5,4.2,3.9,0
2022-12-16,South_Zone,76.5,0.0,15.7,1.0,4.3,0
2022-12-17,South_Zone,78.2,0.0,16.7,9.1,3.5,0
2022-12-18,South_Zone,81.2,0.0,20.8,7.1,4.3,0
2022-12-19,South_Zone,82.2,0.0,9.9,6.9,3.0,0
2022-12-20,South_Zone,76.5,0.0,9.1,6.9,1.8,0
2022-12-21,South_Zone,85.4,0.0,8.8,1.0,3.1,0
2022-12-22,South_Zone,80.3,0.0,8.8,3.0,3.3,0
2022-12-23,South_Zone,85.5,0.0,19.9,4.6,3.8,0
2022-12-24,South_Zone,80.6,0.0,12.4,3.8,3.5,0
2022-12-25,South_Zone,67.8,0.0,15.1,5.2,3.2,0
2022-12-26,South_Zone,83.2,0.0,10.9,6.7,3.1,0
2022-12-27,South_Zone,93.6,0.0,6.9,9.0,2.4,0
2022-12-28,South_Zone,87.8,0.0,13.5,1.6,2.2,0
2022-12-29,South_Zone,88.1,0.0,15.1,6.0,3.4,0
2022-12-30,South_Zone,75.7,0.0,12.0,8.1,2.9,0
2022-12-31,South_Zone,83.7,2.1,14.8,3.2,4.1,0
2023-01-01,South_Zone,76.2,3.7,13.6,5.4,2.1,0
2023-01-02,South_Zone,81.1,0.0,13.4,7.4,3.6,0
2023-01-03,South_Zone,68.7,8.1,21.5,6.0,5.1,0
2023-01-04,South_Zone,79.1,0.0,9.4,8.0,3.1,0
2023-01-05,South_Zone,76.8,0.0,13.0,6.3,3.4,0
2023-01-06,South_Zone,84.9,1.8,12.7,5.1,3.6,0
2023-01-07,South_Zone,80.1,0.0,19.8,2.5,4.0,0
2023-01-08,South_Zone,78.8,0.0,17.6,6.7,3.4,0
2023-01-09,South_Zone,74.3,0.0,11.5,6.3,2.7,0
2023-01-10,South_Zone,78.9,2.5,12.6,3.0,3.8,0
2023-01-11,South_Zone,74.3,0.0,16.6,7.7,2.4,0
2023-01-12,South_Zone,83.4,0.0,14.9,9.8,4.0,0
2023-01-13,South_Zone,84.5,0.0,15.6,4.0,3.3,0
2023-01-14,South_Zone,87.2,0.0,10.2,3.8,3.3,0
2023-01-15,South_Zone,73.5,0.0,17.8,3.7,3.3,0
2023-01-16,South_Zone,64.0,0.0,17.1,1.0,4.5,0
2023-01-17,South_Zone,70.3,0.0,14.7,12.0,3.6,0
2023-01-18,South_Zone,87.4,0.0,12.8,4.7,3.2,0
2023-01-19,South_Zone,76.2,0.0,16.4,3.4,3.4,0
2023-01-20,South_Zone,77.1,0.0,11.9,2.6,3.3,0
2023-01-21,South_Zone,84.6,0.0,19.4,4.8,5.2,0
2023-01-22,South_Zone,83.6,0.3,17.9,3.9,2.9,0
2023-01-23,South_Zone,77.8,0.0,17.2,10.3,4.3,0
2023-01-24,South_Zone,79.3,0.0,12.1,2.3,3.7,0
2023-01-25,South_Zone,80.1,0.0,12.0,1.4,4.3,0
2023-01-26,South_Zone,79.8,4.2,15.6,7.7,3.9,0
2023-01-27,South_Zone,89.2,4.1,11.4,5.7,3.3,0
2023-01-28,South_Zone,80.1,0.5,16.7,5.3,4.2,0
2023-01-29,South_Zone,85.4,0.0,10.4,7.7,3.4,0
2023-01-30,South_Zone,85.6,2.9,13.7,6.4,3.9,0
2023-01-31,South_Zone,73.8,0.5,13.9,5.9,4.3,0
2023-02-01,South_Zone,83.5,0.0,13.8,1.8,3.5,0
2023-02-02,South_Zone,76.4,0.0,16.9,1.0,3.3,0
2023-02-03,South_Zone,63.4,0.0,20.0,3.9,3.4,0
2023-02-04,South_Zone,66.0,0.0,18.9,2.7,4.0,0
2023-02-05,South_Zone,72.3,1.1,17.6,6.8,3.1,0
2023-02-06,South_Zone,79.6,0.0,18.4,1.0,3.5,0
2023-02-07,South_Zone,81.5,0.0,11.7,4.7,2.8,0
2023-02-08,South_Zone,80.1,0.0,14.7,5.5,3.8,0
2023-02-09,South_Zone,86.5,0.0,18.7,5.9,3.2,0
2023-02-10,South_Zone,71.6,0.0,16.8,7.2,2.8,0
2023-02-11,South_Zone,79.1,0.0,14.6,5.0,2.8,0
2023-02-12,South_Zone,83.2,0.0,10.5,4.0,2.9,0
2023-02-13,South_Zone,72.9,0.0,19.1,9.7,3.4,0
2023-02-14,South_Zone,79.3,0.0,14.8,5.0,3.6,0
2023-02-15,South_Zone,71.5,0.0,14.1,10.3,3.4,0
2023-02-16,South_Zone,86.4,0.0,14.4,5.0,3.7,0
2023-02-17,South_Zone,73.6,0.0,18.4,6.0,3.9,0
2023-02-18,South_Zone,86.3,0.0,19.7,5.6,4.2,0
2023-02-19,South_Zone,75.9,0.0,19.9,6.7,2.6,0
2023-02-20,South_Zone,84.6,0.0,14.3,4.7,2.8,0
2023-02-21,South_Zone,79.6,5.5,13.6,6.3,3.8,0
2023-02-22,South_Zone,79.9,0.0,13.2,10.6,3.5,0
2023-02-23,South_Zone,74.3,0.0,17.9,9.1,4.2,0
2023-02-24,South_Zone,79.1,0.0,15.9,9.2,2.6,0
2023-02-25,South_Zone,82.1,0.0,12.4,2.0,3.1,0
2023-02-26,South_Zone,76.4,0.0,12.8,2.5,3.2,0
2023-02-27,South_Zone,78.8,2.6,14.3,6.7,3.6,0
2023-02-28,South_Zone,74.0,0.0,18.2,8.3,3.7,0
2023-03-01,South_Zone,54.7,0.0,41.6,4.4,9.8,0
2023-03-02,South_Zone,42.4,0.0,38.6,3.9,9.4,0
2023-03-03,South_Zone,49.2,0.0,46.7,10.2,10.4,0
2023-03-04,South_Zone,42.3,0.8,37.0,8.1,10.5,0
2023-03-05,South_Zone,43.3,0.0,41.7,9.2,8.9,0
2023-03-06,South_Zone,38.3,0.0,31.8,4.7,9.4,0
2023-03-07,South_Zone,38.4,0.0,44.9,4.4,10.2,0
2023-03-08,South_Zone,43.5,0.0,40.2,8.8,9.9,0
2023-03-09,South_Zone,50.9,0.0,41.3,5.2,9.3,0
2023-03-10,South_Zone,41.3,0.0,48.0,4.2,9.9,0
2023-03-11,South_Zone,50.6,2.5,38.2,3.3,8.5,0
2023-03-12,South_Zone,46.6,0.0,38.1,4.5,9.5,0
2023-03-13,South_Zone,52.3,0.0,37.2,8.6,8.5,0
2023-03-14,South_Zone,45.9,0.0,30.0,1.5,9.5,0
2023-03-15,South_Zone,50.6,0.0,63.3,7.9,9.2,0
2023-03-16,South_Zone,42.9,0.0,31.5,3.9,9.4,0
2023-03-17,South_Zone,40.3,0.0,34.0,5.4,9.6,0
2023-03-18,South_Zone,40.1,0.0,29.5,5.6,9.3,0
2023-03-19,South_Zone,53.7,0.0,46.6,5.3,9.2,0
2023-03-20,South_Zone,51.2,0.0,28.8,5.1,9.0,0
2023-03-21,South_Zone,38.7,0.0,46.1,4.7,10.4,0
2023-03-22,South_Zone,49.2,0.0,40.4,4.3,9.2,0
2023-03-23,South_Zone,45.8,0.0,41.4,10.0,9.6,0
2023-03-24,South_Zone,54.5,0.0,36.1,6.1,9.0,0
2023-03-25,South_Zone,35.0,0.0,36.5,5.6,10.1,0
2023-03-26,South_Zone,42.2,0.0,36.4,4.1,9.5,0
2023-03-27,South_Zone,42.7,0.0,32.2,4.8,8.9,0
2023-03-28,South_Zone,33.5,0.0,34.5,4.1,9.5,0
2023-03-29,South_Zone,48.2,0.0,40.4,8.3,9.4,0
2023-03-30,South_Zone,42.5,0.0,35.4,3.7,10.3,0
2023-03-31,South_Zone,45.9,0.0,42.1,1.0,9.5,0
2023-04-01,South_Zone,57.6,0.6,32.9,6.2,8.4,0
2023-04-02,South_Zone,35.2,0.0,58.5,5.2,10.3,1
2023-04-03,South_Zone,40.3,0.0,39.2,4.2,10.6,0
2023-04-04,South_Zone,43.2,0.0,39.5,8.7,10.2,0
2023-04-05,South_Zone,44.9,0.0,51.6,1.0,9.1,0
2023-04-06,South_Zone,41.1,0.0,34.7,10.7,9.3,0
2023-04-07,South_Zone,41.9,0.0,32.0,9.2,9.3,0
2023-04-08,South_Zone,48.5,0.0,39.4,4.1,9.5,0
2023-04-09,South_Zone,44.1,2.8,41.5,4.6,9.8,0
2023-04-10,South_Zone,30.2,0.8,41.9,7.5,9.5,0
2023-04-11,South_Zone,38.7,0.0,32.0,7.6,8.8,0
2023-04-12,South_Zone,54.6,0.0,29.0,4.1,9.7,0
2023-04-13,South_Zone,52.0,0.0,23.4,1.1,8.2,0
2023-04-14,South_Zone,39.0,0.0,37.5,12.3,9.0,0
2023-04-15,South_Zone,39.6,0.0,46.1,8.9,9.0,0
2023-04-16,South_Zone,39.2,0.0,51.7,6.5,10.2,0
2023-04-17,South_Zone,48.5,0.0,34.0,6.5,9.4,0
2023-04-18,South_Zone,41.6,0.0,26.0,7.9,9.6,0
2023-04-19,South_Zone,39.7,0.0,34.5,8.2,9.0,0
2023-04-20,South_Zone,46.2,0.0,33.5,1.0,8.6,0
2023-04-21,South_Zone,47.1,0.0,27.6,4.9,8.9,0
2023-04-22,South_Zone,41.2,2.4,56.9,4.6,9.8,0
2023-04-23,South_Zone,34.6,0.0,42.7,5.5,9.8,0
2023-04-24,South_Zone,48.6,0.0,29.1,8.3,8.2,0
2023-04-25,South_Zone,48.7,0.0,39.3,1.0,9.8,0
2023-04-26,South_Zone,47.8,0.0,32.2,2.0,8.8,0
2023-04-27,South_Zone,46.9,0.0,30.2,4.0,8.8,0
2023-04-28,South_Zone,41.8,0.0,40.2,6.5,10.3,0
2023-04-29,South_Zone,37.0,0.0,42.3,8.5,8.3,0
2023-04-30,South_Zone,40.8,0.0,43.8,10.9,9.8,0
2023-05-01,South_Zone,48.7,0.0,42.6,5.1,9.7,0
2023-05-02,South_Zone,42.0,0.0,39.0,8.5,9.0,0
2023-05-03,South_Zone,40.5,0.0,31.9,8.1,9.1,0
2023-05-04,South_Zone,40.9,0.0,36.4,7.6,10.2,0
2023-05-05,South_Zone,45.1,0.0,35.3,5.9,10.6,0
2023-05-06,South_Zone,42.5,0.0,33.8,4.8,10.0,0
2023-05-07,South_Zone,43.4,0.0,45.8,2.8,10.8,0
2023-05-08,South_Zone,46.5,2.0,36.3,2.6,9.0,0
2023-05-09,South_Zone,49.2,0.0,34.2,7.0,8.4,0
2023-05-10,South_Zone,46.2,0.0,57.1,5.8,9.8,0
2023-05-11,South_Zone,49.4,0.0,35.5,4.8,9.9,0
2023-05-12,South_Zone,37.6,0.0,38.7,8.0,8.4,0
2023-05-13,South_Zone,41.2,0.0,30.4,5.4,8.7,0
2023-05-14,South_Zone,39.0,0.0,50.5,3.3,9.3,0
2023-05-15,South_Zone,40.5,0.0,38.1,5.2,9.7,0
2023-05-16,South_Zone,33.9,0.0,46.3,8.5,9.9,0
2023-05-17,South_Zone,41.8,0.0,34.8,2.9,9.0,0
2023-05-18,South_Zone,44.8,0.0,28.1,6.6,9.3,0
2023-05-19,South_Zone,37.1,0.0,44.8,5.8,9.0,0
2023-05-20,South_Zone,39.2,0.0,44.7,3.7,9.4,0
2023-05-21,South_Zone,50.0,0.0,36.5,5.1,8.6,0
2023-05-22,South_Zone,41.8,7.5,46.0,1.3,9.6,0
2023-05-23,South_Zone,52.8,0.0,54.4,6.3,9.2,0
2023-05-24,South_Zone,42.8,0.2,41.7,1.9,10.0,0
2023-05-25,South_Zone,42.0,0.0,36.3,9.2,9.4,0
2023-05-26,South_Zone,41.0,0.0,44.8,5.7,9.5,0
2023-05-27,South_Zone,43.9,0.0,39.9,4.3,10.6,0
2023-05-28,South_Zone,44.4,0.0,41.5,9.5,9.8,0
2023-05-29,South_Zone,58.1,0.0,28.1,2.9,8.9,0
2023-05-30,South_Zone,38.7,0.0,37.0,3.8,9.2,0
2023-05-31,South_Zone,50.1,0.0,31.7,1.0,8.6,0
2023-06-01,South_Zone,96.2,1.8,24.7,17.9,5.4,0
2023-06-02,South_Zone,86.4,64.1,26.2,19.6,5.7,1
2023-06-03,South_Zone,95.9,41.2,42.3,9.0,4.6,0
2023-06-04,South_Zone,99.0,19.3,31.0,11.6,4.8,0
2023-06-05,South_Zone,87.1,34.6,43.9,14.2,5.5,0
2023-06-06,South_Zone,89.8,0.0,56.3,12.5,5.3,0
2023-06-07,South_Zone,81.5,0.0,49.7,13.9,5.9,0
2023-06-08,South_Zone,86.7,0.0,34.1,13.6,5.8,0
2023-06-09,South_Zone,98.7,35.2,33.8,15.2,5.6,0
2023-06-10,South_Zone,90.1,24.3,37.8,11.1,6.0,0
2023-06-11,South_Zone,86.9,0.0,37.0,14.6,5.4,0
2023-06-12,South_Zone,95.2,0.0,26.5,10.7,5.5,0
2023-06-13,South_Zone,90.5,34.4,34.5,12.8,5.1,0
2023-06-14,South_Zone,92.6,5.4,25.1,8.8,5.7,0
2023-06-15,South_Zone,95.3,43.9,45.5,12.8,5.8,0
2023-06-16,South_Zone,86.6,31.0,37.2,12.3,5.0,0
2023-06-17,South_Zone,89.4,0.0,30.1,16.8,5.5,0
2023-06-18,South_Zone,93.0,0.0,40.5,13.8,5.7,0
2023-06-19,South_Zone,96.0,0.0,49.1,14.4,6.0,0
2023-06-20,South_Zone,99.0,16.3,26.1,13.9,5.7,0
2023-06-21,South_Zone,91.5,133.1,25.3,7.6,5.1,1
2023-06-22,South_Zone,99.0,0.0,23.8,8.0,5.9,0
2023-06-23,South_Zone,88.7,1.7,36.7,13.0,6.0,0
2023-06-24,South_Zone,99.0,3.2,45.2,14.8,5.3,0
2023-06-25,South_Zone,85.1,16.1,46.6,13.3,5.2,0
2023-06-26,South_Zone,99.0,39.2,39.9,11.4,5.3,0
2023-06-27,South_Zone,90.9,20.8,26.4,13.3,4.7,0
2023-06-28,South_Zone,99.0,0.0,49.5,13.0,5.9,0
2023-06-29,South_Zone,96.8,38.7,31.1,16.3,6.3,0
2023-06-30,South_Zone,88.3,2.9,32.6,16.2,6.5,0
2023-07-01,South_Zone,89.2,9.4,41.6,12.3,5.1,0
2023-07-02,South_Zone,99.0,56.4,23.8,13.9,5.9,0
2023-07-03,South_Zone,99.0,21.7,25.8,14.8,5.6,0
2023-07-04,South_Zone,93.0,22.7,33.6,15.3,4.2,0
2023-07-05,South_Zone,97.4,2.4,21.4,19.0,5.1,0
2023-07-06,South_Zone,95.0,10.8,48.6,13.9,5.6,0
2023-07-07,South_Zone,95.7,49.1,25.0,17.5,6.2,0
2023-07-08,South_Zone,88.1,29.0,25.7,10.5,5.0,0
2023-07-09,South_Zone,89.7,40.1,30.7,12.1,5.9,0
2023-07-10,South_Zone,92.6,19.2,45.7,7.6,5.7,0
2023-07-11,South_Zone,99.0,49.6,33.9,14.5,4.8,0
2023-07-12,South_Zone,99.0,2.4,25.6,15.9,5.2,0
2023-07-13,South_Zone,95.3,15.6,46.9,6.3,6.7,0
2023-07-14,South_Zone,95.5,33.6,26.6,14.6,5.5,0
2023-07-15,South_Zone,96.4,1.1,38.3,15.8,6.2,0
2023-07-16,South_Zone,90.2,98.0,31.9,15.6,6.1,1
2023-07-17,South_Zone,91.4,22.1,40.4,10.4,5.5,0
2023-07-18,South_Zone,88.7,0.8,35.4,16.3,4.9,0
2023-07-19,South_Zone,89.2,21.4,24.2,14.0,4.8,0
2023-07-20,South_Zone,95.8,3.0,26.5,15.8,6.4,0
2023-07-21,South_Zone,93.9,5.4,35.9,13.6,5.8,0
2023-07-22,South_Zone,96.5,0.0,36.0,15.1,4.6,0
2023-07-23,South_Zone,96.9,9.8,26.4,17.3,6.1,0
2023-07-24,South_Zone,92.4,9.7,47.0,13.4,4.7,0
2023-07-25,South_Zone,94.7,2.8,43.1,14.9,5.3,0
2023-07-26,South_Zone,90.2,12.8,52.2,17.7,5.9,0
2023-07-27,South_Zone,97.2,0.0,24.8,13.6,7.0,0
2023-07-28,South_Zone,91.1,0.0,25.4,10.6,6.0,0
2023-07-29,South_Zone,94.4,0.0,38.6,16.0,5.4,0
2023-07-30,South_Zone,98.6,4.3,24.6,18.3,5.5,0
2023-07-31,South_Zone,86.5,0.0,54.3,17.9,6.5,0
2023-08-01,South_Zone,92.2,12.2,41.8,16.1,6.6,0
2023-08-02,South_Zone,88.9,0.0,40.0,7.0,5.6,0
2023-08-03,South_Zone,88.9,40.7,43.1,12.1,5.7,0
2023-08-04,South_Zone,87.2,0.0,35.1,12.2,5.2,0
2023-08-05,South_Zone,99.0,9.3,36.2,14.1,6.1,0
2023-08-06,South_Zone,97.6,4.0,41.6,19.1,6.3,0
2023-08-07,South_Zone,96.8,0.0,26.4,10.8,4.4,0
2023-08-08,South_Zone,99.0,15.1,46.6,20.7,5.5,0
2023-08-09,South_Zone,93.1,0.0,26.6,12.9,4.9,0
2023-08-10,South_Zone,99.0,31.2,35.4,11.7,5.7,0
2023-08-11,South_Zone,94.3,11.2,24.3,16.5,4.7,0
2023-08-12,South_Zone,93.6,76.5,39.5,16.8,4.9,1
2023-08-13,South_Zone,88.6,7.6,50.0,15.9,6.5,0
2023-08-14,South_Zone,96.0,0.0,26.5,11.7,5.5,0
2023-08-15,South_Zone,97.0,24.9,37.7,15.5,5.6,0
2023-08-16,South_Zone,94.5,54.3,24.9,10.9,5.8,0
2023-08-17,South_Zone,99.0,18.3,46.6,11.6,6.4,0
2023-08-18,South_Zone,93.9,2.6,37.7,13.7,5.4,0
2023-08-19,South_Zone,93.7,0.0,39.9,11.5,5.5,0
2023-08-20,South_Zone,88.1,0.0,36.3,17.2,5.5,0
2023-08-21,South_Zone,95.4,29.1,34.4,12.3,6.3,0
2023-08-22,South_Zone,92.2,23.3,35.9,13.3,5.6,0
2023-08-23,South_Zone,91.8,61.1,25.2,11.4,5.3,1
2023-08-24,South_Zone,90.3,3.8,26.3,17.1,5.8,0
2023-08-25,South_Zone,99.0,0.0,54.1,12.0,7.0,0
2023-08-26,South_Zone,93.9,10.2,24.6,17.4,5.5,0
2023-08-27,South_Zone,83.5,15.4,45.9,17.2,5.7,0
2023-08-28,South_Zone,86.2,10.4,55.5,12.7,7.1,0
2023-08-29,South_Zone,91.1,31.5,45.5,14.1,6.6,0
2023-08-30,South_Zone,94.2,0.0,46.0,12.6,6.5,0
2023-08-31,South_Zone,93.8,41.0,49.4,15.6,5.5,0
2023-09-01,South_Zone,73.0,0.0,29.7,5.4,6.3,0
2023-09-02,South_Zone,70.4,0.8,20.7,4.7,5.2,0
2023-09-03,South_Zone,73.6,0.0,23.5,6.1,7.0,0
2023-09-04,South_Zone,67.0,0.0,24.4,1.3,6.5,0
2023-09-05,South_Zone,65.7,0.0,31.2,5.8,5.6,0
2023-09-06,South_Zone,70.1,0.0,18.8,7.9,6.9,0
2023-09-07,South_Zone,63.7,0.7,28.6,6.4,6.4,0
2023-09-08,South_Zone,76.7,0.0,24.4,8.9,6.3,0
2023-09-09,South_Zone,76.7,0.0,21.3,4.9,5.4,0
2023-09-10,South_Zone,76.7,0.0,23.6,4.6,6.7,0
2023-09-11,South_Zone,71.4,0.0,24.7,2.6,6.8,0
2023-09-12,South_Zone,77.2,0.0,21.1,4.8,6.3,0
2023-09-13,South_Zone,60.2,1.3,29.9,11.9,6.4,0
2023-09-14,South_Zone,75.4,0.0,24.8,6.8,8.1,0
2023-09-15,South_Zone,71.2,0.0,26.1,4.2,5.8,0
2023-09-16,South_Zone,71.8,0.0,32.8,3.0,6.3,0
2023-09-17,South_Zone,73.9,1.3,23.3,1.2,6.8,0
2023-09-18,South_Zone,67.9,0.4,21.9,3.5,5.7,0
2023-09-19,South_Zone,63.7,0.0,24.7,8.3,5.8,0
2023-09-20,South_Zone,68.0,0.0,24.0,4.7,7.1,0
2023-09-21,South_Zone,75.1,0.0,22.8,3.1,6.8,0
2023-09-22,South_Zone,76.0,0.0,22.5,3.5,6.7,0
2023-09-23,South_Zone,65.3,1.6,23.1,7.9,6.5,0
2023-09-24,South_Zone,67.5,0.0,22.7,5.8,6.0,0
2023-09-25,South_Zone,68.5,0.0,23.2,4.1,6.3,0
2023-09-26,South_Zone,69.8,0.0,24.1,5.1,6.4,0
2023-09-27,South_Zone,66.9,0.0,20.4,12.6,6.8,0
2023-09-28,South_Zone,65.1,0.0,23.0,9.7,6.7,0
2023-09-29,South_Zone,66.2,0.0,26.2,10.4,6.0,0
2023-09-30,South_Zone,69.8,10.0,30.1,1.0,7.1,0
2023-10-01,South_Zone,62.5,0.0,32.0,5.5,5.7,0
2023-10-02,South_Zone,71.9,4.0,22.6,4.1,6.2,0
2023-10-03,South_Zone,77.3,0.0,23.4,7.6,5.7,0
2023-10-04,South_Zone,65.1,0.0,24.0,9.2,5.9,0
2023-10-05,South_Zone,68.1,0.0,30.6,7.0,7.8,0
2023-10-06,South_Zone,77.1,4.5,23.4,3.4,5.5,0
2023-10-07,South_Zone,71.6,0.0,20.5,4.0,5.8,0
2023-10-08,South_Zone,69.3,0.0,23.0,7.9,6.7,0
2023-10-09,South_Zone,79.0,0.0,21.4,8.2,6.0,0
2023-10-10,South_Zone,67.5,0.0,30.9,6.4,6.8,0
2023-10-11,South_Zone,79.2,0.0,20.5,6.4,7.1,0
2023-10-12,South_Zone,73.7,0.0,24.0,6.2,6.8,0
2023-10-13,South_Zone,66.9,0.4,32.2,6.8,6.4,0
2023-10-14,South_Zone,73.3,0.0,25.1,8.1,6.4,0
2023-10-15,South_Zone,72.1,0.0,25.9,7.9,6.9,0
2023-10-16,South_Zone,79.5,0.0,19.4,6.1,6.6,0
2023-10-17,South_Zone,69.9,0.0,22.2,5.9,6.4,0
2023-10-18,South_Zone,70.8,0.0,25.6,5.7,6.7,0
2023-10-19,South_Zone,71.3,1.6,24.0,3.7,6.7,0
2023-10-20,South_Zone,73.7,0.0,26.4,3.6,6.5,0
2023-10-21,South_Zone,63.4,0.0,31.9,7.6,6.3,0
2023-10-22,South_Zone,79.2,0.0,19.8,3.9,6.7,0
2023-10-23,South_Zone,73.5,0.0,24.8,8.4,6.7,0
2023-10-24,South_Zone,65.0,0.0,24.1,5.8,5.2,0
2023-10-25,South_Zone,79.6,7.1,20.8,8.5,5.8,0
2023-10-26,South_Zone,82.4,2.5,24.7,7.9,6.2,0
2023-10-27,South_Zone,77.9,0.0,21.9,8.5,6.2,0
2023-10-28,South_Zone,77.4,0.0,26.2,4.6,7.3,0
2023-10-29,South_Zone,71.0,0.0,25.7,7.2,8.5,0
2023-10-30,South_Zone,62.1,0.0,26.0,8.2,5.1,0
2023-10-31,South_Zone,64.7,0.0,20.2,1.3,6.4,0
2023-11-01,South_Zone,71.6,0.0,26.1,11.1,6.6,0
2023-11-02,South_Zone,70.7,0.0,20.5,12.8,6.2,0
2023-11-03,South_Zone,64.4,0.0,30.6,8.8,7.0,0
2023-11-04,South_Zone,72.5,0.0,22.0,8.4,6.4,0
2023-11-05,South_Zone,77.3,0.0,19.7,7.8,6.0,0
2023-11-06,South_Zone,66.6,0.0,20.2,5.0,6.3,0
2023-11-07,South_Zone,67.6,0.0,28.5,5.7,6.9,0
2023-11-08,South_Zone,78.4,0.0,25.3,8.9,6.8,0
2023-11-09,South_Zone,66.0,0.0,24.4,3.1,6.6,0
2023-11-10,South_Zone,73.6,0.0,30.9,2.8,6.3,0
2023-11-11,South_Zone,68.2,0.9,25.7,4.8,8.2,0
2023-11-12,South_Zone,74.5,0.8,23.7,8.0,6.7,0
2023-11-13,South_Zone,78.2,5.9,22.2,3.4,6.8,0
2023-11-14,South_Zone,76.1,0.0,22.6,5.3,6.1,0
2023-11-15,South_Zone,71.8,0.0,38.7,5.7,6.9,0
2023-11-16,South_Zone,65.8,0.0,24.1,3.0,6.6,0
2023-11-17,South_Zone,75.4,0.0,29.3,1.0,5.5,0
2023-11-18,South_Zone,71.0,0.0,17.9,2.9,5.7,0
2023-11-19,South_Zone,72.5,0.0,24.6,6.8,6.0,0
2023-11-20,South_Zone,73.1,0.0,23.7,7.5,6.1,0
2023-11-21,South_Zone,75.9,0.0,20.9,7.5,5.7,0
2023-11-22,South_Zone,75.3,2.1,20.7,7.8,6.3,0
2023-11-23,South_Zone,68.8,0.0,21.6,4.1,7.2,0
2023-11-24,South_Zone,63.5,0.0,26.3,3.5,6.6,0
2023-11-25,South_Zone,76.0,7.2,24.0,7.1,5.7,0
2023-11-26,South_Zone,73.5,0.0,22.3,5.4,5.7,0
2023-11-27,South_Zone,78.9,0.0,21.4,8.7,6.1,0
2023-11-28,South_Zone,70.3,0.0,25.8,7.1,5.7,0
2023-11-29,South_Zone,65.5,0.0,22.4,9.9,6.6,0
2023-11-30,South_Zone,74.3,0.0,30.4,4.6,7.4,0
2023-12-01,South_Zone,79.4,0.0,11.2,9.2,3.0,0
2023-12-02,South_Zone,79.5,0.0,17.0,12.1,3.6,0
2023-12-03,South_Zone,77.6,0.9,12.0,6.2,3.1,0
2023-12-04,South_Zone,89.3,0.0,11.5,7.5,2.9,0
2023-12-05,South_Zone,72.8,0.0,18.1,3.2,3.8,0
2023-12-06,South_Zone,77.3,0.0,15.0,8.7,3.1,0
2023-12-07,South_Zone,78.4,0.0,16.9,9.4,3.1,0
2023-12-08,South_Zone,77.7,0.0,8.0,4.5,2.2,0
2023-12-09,South_Zone,80.7,0.0,14.9,7.8,3.5,0
2023-12-10,South_Zone,89.0,0.0,11.7,6.8,4.0,0
2023-12-11,South_Zone,76.1,0.0,15.8,7.2,4.0,0
2023-12-12,South_Zone,84.0,0.0,9.9,8.4,4.1,0
2023-12-13,South_Zone,60.3,0.0,23.3,7.6,3.5,0
2023-12-14,South_Zone,77.5,0.0,17.2,5.6,4.1,0
2023-12-15,South_Zone,81.2,0.0,8.7,8.5,2.5,0
2023-12-16,South_Zone,75.4,0.0,14.2,9.3,3.9,0
2023-12-17,South_Zone,84.6,0.0,14.7,4.3,4.5,0
2023-12-18,South_Zone,77.7,0.0,14.5,6.0,3.8,0
2023-12-19,South_Zone,77.2,2.8,16.5,1.0,4.6,0
2023-12-20,South_Zone,80.8,0.0,8.8,7.8,2.8,0
2023-12-21,South_Zone,68.5,0.0,16.5,9.7,3.5,0
2023-12-22,South_Zone,75.9,0.0,10.8,5.2,2.7,0
2023-12-23,South_Zone,84.3,0.0,14.2,6.4,3.5,0
2023-12-24,South_Zone,69.8,0.0,12.8,5.3,3.6,0
2023-12-25,South_Zone,72.6,0.0,19.3,4.8,3.7,0
2023-12-26,South_Zone,75.6,0.0,17.3,6.7,3.3,0
2023-12-27,South_Zone,86.5,0.0,17.0,3.6,3.3,0
2023-12-28,South_Zone,82.3,0.0,15.9,5.3,3.8,0
2023-12-29,South_Zone,73.8,0.0,19.0,3.3,3.6,0
2023-12-30,South_Zone,84.4,0.0,16.9,7.8,2.9,0
2023-12-31,South_Zone,75.6,0.0,14.5,6.7,2.3,0
2021-01-01,West_Zone,85.5,0.1,12.5,4.7,3.0,0
2021-01-02,West_Zone,72.3,0.0,14.8,6.1,2.7,0
2021-01-03,West_Zone,84.2,0.0,15.3,5.3,3.0,0
2021-01-04,West_Zone,75.3,0.0,17.8,9.4,3.4,0
2021-01-05,West_Zone,72.3,0.0,17.6,4.7,3.5,0
2021-01-06,West_Zone,76.8,1.0,16.8,7.9,3.2,0
2021-01-07,West_Zone,83.8,0.0,9.3,3.9,4.5,0
2021-01-08,West_Zone,77.4,0.8,13.6,8.4,2.7,0
2021-01-09,West_Zone,79.3,0.2,19.1,9.1,4.4,0
2021-01-10,West_Zone,77.5,0.0,12.6,9.3,3.3,0
2021-01-11,West_Zone,80.8,0.0,17.1,10.4,3.2,0
2021-01-12,West_Zone,79.1,0.0,18.5,6.9,4.0,0
2021-01-13,West_Zone,82.6,0.0,8.5,9.7,2.9,0
2021-01-14,West_Zone,77.8,0.0,13.3,10.9,2.9,0
2021-01-15,West_Zone,84.5,0.0,7.1,2.6,4.2,0
2021-01-16,West_Zone,80.8,1.3,16.6,4.2,2.3,0
2021-01-17,West_Zone,87.2,0.0,18.5,1.5,3.5,0
2021-01-18,West_Zone,82.1,0.0,17.6,9.2,3.7,0
2021-01-19,West_Zone,83.6,0.2,15.4,1.5,4.4,0
2021-01-20,West_Zone,95.3,0.0,13.6,1.0,3.2,0
2021-01-21,West_Zone,82.8,0.0,12.9,2.7,5.0,0
2021-01-22,West_Zone,81.5,0.0,14.8,1.0,3.9,0
2021-01-23,West_Zone,82.2,0.0,15.6,6.8,2.1,0
2021-01-24,West_Zone,73.7,0.0,15.4,2.7,2.6,0
2021-01-25,West_Zone,71.3,0.0,24.2,1.0,4.1,0
2021-01-26,West_Zone,78.7,0.0,11.3,5.9,2.6,0
2021-01-27,West_Zone,83.3,0.0,13.2,6.1,3.7,0
2021-01-28,West_Zone,80.5,1.1,11.0,1.0,3.0,0
2021-01-29,West_Zone,80.9,0.0,13.0,3.9,2.7,0
2021-01-30,West_Zone,82.6,0.0,18.0,5.8,3.1,0
2021-01-31,West_Zone,84.9,0.0,12.4,4.9,3.9,0
2021-02-01,West_Zone,77.1,0.0,16.9,5.0,2.4,0
2021-02-02,West_Zone,77.0,0.0,12.7,9.5,4.0,0
2021-02-03,West_Zone,84.3,1.4,15.7,12.4,4.2,0
2021-02-04,West_Zone,84.4,0.0,12.5,5.1,3.2,0
2021-02-05,West_Zone,72.0,0.0,13.3,2.0,2.6,0
2021-02-06,West_Zone,79.4,0.0,11.8,5.3,3.7,0
2021-02-07,West_Zone,82.9,0.0,9.9,6.6,3.0,0
2021-02-08,West_Zone,81.7,0.0,17.0,5.8,2.7,0
2021-02-09,West_Zone,84.3,0.0,13.8,7.8,4.6,0
2021-02-10,West_Zone,82.3,0.0,11.9,12.6,2.8,0
2021-02-11,West_Zone,80.8,0.0,16.9,1.0,2.7,0
2021-02-12,West_Zone,80.2,9.4,13.5,4.5,3.6,0
2021-02-13,West_Zone,75.2,0.0,15.8,10.6,3.5,0
2021-02-14,West_Zone,78.7,0.0,13.4,4.4,4.3,0
2021-02-15,West_Zone,77.6,0.0,17.5,8.4,3.4,0
2021-02-16,West_Zone,81.1,0.0,11.2,7.9,3.1,0
2021-02-17,West_Zone,67.7,0.2,18.2,9.7,3.9,0
2021-02-18,West_Zone,74.6,0.0,19.1,11.7,3.8,0
2021-02-19,West_Zone,76.3,0.0,20.0,7.0,3.9,0
2021-02-20,West_Zone,76.5,0.0,16.8,1.0,3.8,0
2021-02-21,West_Zone,77.0,0.0,16.3,3.9,3.7,0
2021-02-22,West_Zone,82.2,0.0,13.7,12.6,3.2,0
2021-02-23,West_Zone,75.9,0.8,11.1,1.8,3.8,0
2021-02-24,West_Zone,68.9,1.1,18.3,7.5,3.4,0
2021-02-25,West_Zone,74.5,0.0,19.6,1.0,4.2,0
2021-02-26,West_Zone,83.7,2.7,13.6,1.9,4.3,0
2021-02-27,West_Zone,87.4,0.2,15.0,8.7,3.1,0
2021-02-28,West_Zone,81.2,0.0,17.9,6.1,5.1,0
2021-03-01,West_Zone,34.3,0.0,39.7,4.9,9.2,0
2021-03-02,West_Zone,36.6,0.0,56.2,3.6,9.5,0
2021-03-03,West_Zone,46.1,0.0,33.5,1.0,9.7,0
2021-03-04,West_Zone,42.7,0.0,42.3,8.1,9.9,0
2021-03-05,West_Zone,43.8,4.8,45.7,5.2,9.7,0
2021-03-06,West_Zone,35.9,0.0,44.2,1.4,10.2,0
2021-03-07,West_Zone,43.4,0.0,37.9,6.1,9.6,0
2021-03-08,West_Zone,43.8,0.0,43.1,7.7,10.8,0
2021-03-09,West_Zone,48.7,0.0,34.8,5.4,9.3,0
2021-03-10,West_Zone,36.5,0.0,44.3,6.3,9.2,0
2021-03-11,West_Zone,37.6,3.7,49.6,6.1,9.5,0
2021-03-12,West_Zone,34.5,0.7,26.4,3.9,9.4,0
2021-03-13,West_Zone,36.6,0.0,47.5,6.2,10.1,0
2021-03-14,West_Zone,35.5,0.0,53.7,8.2,10.0,0
2021-03-15,West_Zone,37.2,0.0,38.4,9.1,9.0,0
2021-03-16,West_Zone,39.4,0.9,54.4,8.4,10.5,0
2021-03-17,West_Zone,42.2,0.4,39.5,4.0,10.7,0
2021-03-18,West_Zone,33.3,0.0,31.6,7.9,9.4,0
2021-03-19,West_Zone,44.4,0.0,37.6,7.4,10.6,0
2021-03-20,West_Zone,37.6,0.1,38.9,3.9,10.1,0
2021-03-21,West_Zone,43.5,0.0,45.6,4.6,11.0,0
2021-03-22,West_Zone,37.0,0.0,35.2,8.0,9.7,0
2021-03-23,West_Zone,41.4,2.0,43.8,10.1,9.7,0
2021-03-24,West_Zone,42.3,0.0,35.7,1.0,9.9,0
2021-03-25,West_Zone,40.7,0.0,52.5,10.9,9.6,0
2021-03-26,West_Zone,44.9,0.0,34.6,9.5,9.6,0
2021-03-27,West_Zone,46.8,0.0,26.6,6.6,9.9,0
2021-03-28,West_Zone,36.5,0.0,33.2,5.3,9.9,0
2021-03-29,West_Zone,36.0,0.0,35.0,7.2,9.4,0
2021-03-30,West_Zone,44.5,0.0,27.7,4.1,9.3,0
2021-03-31,West_Zone,39.8,0.0,48.7,5.5,10.2,0
2021-04-01,West_Zone,38.8,0.0,40.7,1.6,10.0,0
2021-04-02,West_Zone,45.6,0.0,41.0,1.0,10.0,0
2021-04-03,West_Zone,42.7,0.0,34.6,13.0,9.6,0
2021-04-04,West_Zone,38.8,1.9,35.1,6.2,9.0,0
2021-04-05,West_Zone,39.4,0.0,44.8,6.6,9.3,0
2021-04-06,West_Zone,46.2,0.0,32.7,5.9,9.6,0
2021-04-07,West_Zone,46.7,0.0,32.9,3.5,9.8,0
2021-04-08,West_Zone,48.8,0.0,57.2,5.1,10.2,0
2021-04-09,West_Zone,39.7,0.0,36.9,6.3,9.1,0
2021-04-10,West_Zone,44.3,0.0,33.6,5.4,9.3,0
2021-04-11,West_Zone,44.1,0.4,42.3,3.7,8.9,0
2021-04-12,West_Zone,43.4,0.0,36.5,7.4,8.6,0
2021-04-13,West_Zone,41.3,0.0,35.2,6.6,9.5,0
2021-04-14,West_Zone,35.0,0.0,36.7,7.2,10.3,0
2021-04-15,West_Zone,38.2,2.3,44.4,8.1,9.7,0
2021-04-16,West_Zone,40.7,0.0,29.7,5.5,10.4,0
2021-04-17,West_Zone,38.9,0.0,27.1,5.5,9.0,0
2021-04-18,West_Zone,38.7,0.0,37.9,10.4,9.5,0
2021-04-19,West_Zone,37.0,0.4,38.5,3.2,9.0,0
2021-04-20,West_Zone,47.6,0.0,34.2,1.0,9.2,0
2021-04-21,West_Zone,47.0,0.0,36.0,7.7,8.7,0
2021-04-22,West_Zone,40.3,0.0,32.2,4.1,8.4,0
2021-04-23,West_Zone,37.9,0.0,50.6,2.8,9.1,0
2021-04-24,West_Zone,30.0,0.0,45.5,8.7,9.9,0
2021-04-25,West_Zone,36.3,0.0,51.1,5.6,9.4,0
2021-04-26,West_Zone,49.1,0.0,28.5,2.2,8.9,0
2021-04-27,West_Zone,46.9,0.0,40.2,11.8,9.8,0
2021-04-28,West_Zone,38.2,0.0,40.5,1.2,8.7,0
2021-04-29,West_Zone,50.0,0.0,34.5,5.7,9.4,0
2021-04-30,West_Zone,32.5,0.0,43.9,1.0,10.2,0
2021-05-01,West_Zone,35.3,0.0,40.4,6.8,10.2,0
2021-05-02,West_Zone,45.5,0.0,43.1,4.1,9.9,0
2021-05-03,West_Zone,52.6,4.2,37.0,8.5,9.4,0
2021-05-04,West_Zone,48.5,0.0,30.7,5.9,8.9,0
2021-05-05,West_Zone,42.0,0.0,40.5,10.1,9.5,0
2021-05-06,West_Zone,30.1,4.0,39.8,4.7,10.7,0
2021-05-07,West_Zone,32.8,0.0,35.6,1.2,9.7,0
2021-05-08,West_Zone,42.0,0.0,43.9,6.7,9.6,0
2021-05-09,West_Zone,40.1,0.0,41.0,5.2,9.9,0
2021-05-10,West_Zone,37.4,0.0,36.6,1.0,9.5,0
2021-05-11,West_Zone,43.1,0.0,38.8,2.8,9.7,0
2021-05-12,West_Zone,43.0,0.0,40.2,3.8,9.4,0
2021-05-13,West_Zone,42.1,0.0,62.8,10.7,9.7,1
2021-05-14,West_Zone,42.1,0.0,43.5,8.1,10.2,0
2021-05-15,West_Zone,52.1,0.0,31.5,5.0,8.1,0
2021-05-16,West_Zone,41.2,0.0,44.0,7.4,9.9,0
2021-05-17,West_Zone,44.2,0.1,33.2,1.0,9.1,0
2021-05-18,West_Zone,49.1,0.0,37.5,4.3,8.3,0
2021-05-19,West_Zone,39.7,0.0,32.8,7.2,8.8,0
2021-05-20,West_Zone,57.2,0.0,43.2,6.5,9.5,0
2021-05-21,West_Zone,43.4,0.0,43.6,4.4,9.7,0
2021-05-22,West_Zone,45.7,0.0,36.4,5.9,9.9,0
2021-05-23,West_Zone,44.4,0.0,43.3,7.0,10.1,0
2021-05-24,West_Zone,52.3,0.0,42.1,6.0,8.6,0
2021-05-25,West_Zone,45.6,0.5,44.4,8.6,9.8,0
2021-05-26,West_Zone,36.1,0.0,33.3,7.0,9.8,0
2021-05-27,West_Zone,48.5,0.0,46.4,7.5,9.8,0
2021-05-28,West_Zone,42.3,0.0,34.8,11.1,9.7,0
2021-05-29,West_Zone,43.1,0.0,39.8,8.5,8.4,0
2021-05-30,West_Zone,34.7,2.6,41.6,11.2,9.1,0
2021-05-31,West_Zone,45.9,0.0,38.3,4.0,10.3,0
2021-06-01,West_Zone,92.2,0.0,24.3,9.2,5.3,0
2021-06-02,West_Zone,93.8,4.9,34.1,13.6,7.0,0
2021-06-03,West_Zone,91.5,2.8,35.4,13.3,4.9,0
2021-06-04,West_Zone,99.0,40.7,24.5,18.4,6.4,0
2021-06-05,West_Zone,99.0,0.0,22.2,10.6,5.0,0
2021-06-06,West_Zone,88.8,114.5,66.5,13.8,6.6,1
2021-06-07,West_Zone,95.1,0.0,25.4,15.2,5.3,0
2021-06-08,West_Zone,93.1,62.3,25.0,14.3,5.6,1
2021-06-09,West_Zone,99.0,8.8,24.6,13.5,5.8,0
2021-06-10,West_Zone,89.1,36.3,48.9,15.1,5.5,0
2021-06-11,West_Zone,94.8,3.0,21.8,17.2,5.8,0
2021-06-12,West_Zone,95.3,0.0,55.1,18.6,5.7,0
2021-06-13,West_Zone,89.7,28.2,38.4,14.1,5.8,0
2021-06-14,West_Zone,94.5,0.0,25.6,11.6,3.9,0
2021-06-15,West_Zone,83.5,3.9,42.1,18.6,5.6,0
2021-06-16,West_Zone,96.2,11.1,37.9,10.8,6.4,0
2021-06-17,West_Zone,99.0,0.0,25.6,19.4,5.9,0
2021-06-18,West_Zone,97.2,33.9,32.6,18.0,6.1,0
2021-06-19,West_Zone,99.0,30.5,25.3,18.5,5.5,0
2021-06-20,West_Zone,88.2,22.9,37.6,16.1,6.7,0
2021-06-21,West_Zone,95.5,48.7,26.2,7.7,5.7,0
2021-06-22,West_Zone,88.0,0.0,35.9,10.9,5.3,0
2021-06-23,West_Zone,90.3,31.9,44.8,14.9,6.3,0
2021-06-24,West_Zone,99.0,3.9,22.9,12.0,5.9,0
2021-06-25,West_Zone,93.5,52.4,35.4,13.1,6.0,0
2021-06-26,West_Zone,84.8,46.4,39.8,15.8,5.5,0
2021-06-27,West_Zone,85.2,0.0,40.3,13.5,5.9,0
2021-06-28,West_Zone,87.7,0.0,25.7,10.3,6.4,0
2021-06-29,West_Zone,97.2,18.5,25.5,16.7,5.8,0
2021-06-30,West_Zone,99.0,82.5,35.8,15.5,4.8,1
2021-07-01,West_Zone,99.0,21.7,26.3,13.3,5.2,0
2021-07-02,West_Zone,84.4,0.0,29.7,16.1,5.2,0
2021-07-03,West_Zone,97.9,29.8,53.0,14.3,5.4,0
2021-07-04,West_Zone,97.1,98.2,40.2,18.0,4.4,1
2021-07-05,West_Zone,84.5,9.2,37.7,14.5,6.9,0
2021-07-06,West_Zone,93.0,0.0,25.8,18.0,5.0,0
2021-07-07,West_Zone,98.0,10.2,40.0,8.4,5.2,0
2021-07-08,West_Zone,92.0,17.8,63.0,15.4,4.8,0
2021-07-09,West_Zone,85.5,0.0,39.3,12.8,6.3,0
2021-07-10,West_Zone,97.7,0.0,25.6,11.4,5.5,0
2021-07-11,West_Zone,79.7,19.7,46.8,17.5,5.7,0
2021-07-12,West_Zone,92.1,0.0,33.8,16.7,5.5,0
2021-07-13,West_Zone,99.0,56.2,32.1,8.0,6.0,0
2021-07-14,West_Zone,91.7,64.4,43.7,16.1,5.5,1
2021-07-15,West_Zone,90.2,10.8,36.8,15.8,4.5,0
2021-07-16,West_Zone,98.4,29.9,31.0,11.8,4.8,0
2021-07-17,West_Zone,99.0,68.3,26.4,11.5,4.8,1
2021-07-18,West_Zone,99.0,5.7,23.4,9.2,5.6,0
2021-07-19,West_Zone,99.0,22.2,25.6,13.0,6.1,0
2021-07-20,West_Zone,97.5,6.4,42.4,13.5,6.6,0
2021-07-21,West_Zone,99.0,67.6,22.1,16.4,4.4,1
2021-07-22,West_Zone,93.7,35.5,39.6,14.8,6.1,0
2021-07-23,West_Zone,95.0,34.9,25.7,10.8,5.2,0
2021-07-24,West_Zone,93.2,7.4,26.0,14.7,7.3,0
2021-07-25,West_Zone,87.8,75.0,30.2,13.2,6.4,1
2021-07-26,West_Zone,89.5,13.6,26.2,11.2,6.6,0
2021-07-27,West_Zone,91.1,8.5,37.7,9.2,6.2,0
2021-07-28,West_Zone,93.7,59.1,38.4,15.9,5.9,0
2021-07-29,West_Zone,96.6,12.0,64.8,15.3,5.7,0
2021-07-30,West_Zone,92.1,0.0,39.5,15.7,5.4,0
2021-07-31,West_Zone,96.2,46.3,48.7,11.8,5.3,0
2021-08-01,West_Zone,97.5,3.3,42.4,14.5,6.1,0
2021-08-02,West_Zone,90.8,35.9,41.0,9.9,6.7,0
2021-08-03,West_Zone,95.7,0.0,37.8,11.0,5.5,0
2021-08-04,West_Zone,90.5,42.7,42.8,14.1,5.3,0
2021-08-05,West_Zone,97.8,32.0,49.9,14.8,4.9,0
2021-08-06,West_Zone,95.3,24.9,41.7,9.1,5.9,0
2021-08-07,West_Zone,88.5,12.0,25.9,10.8,6.3,0
2021-08-08,West_Zone,94.7,0.0,30.6,12.9,6.4,0
2021-08-09,West_Zone,97.8,31.7,63.9,16.9,6.8,0
2021-08-10,West_Zone,90.9,92.4,42.2,11.6,6.0,1
2021-08-11,West_Zone,94.9,38.3,38.0,14.4,5.7,0
2021-08-12,West_Zone,97.4,6.8,25.5,14.7,6.3,0
2021-08-13,West_Zone,90.7,54.1,23.5,13.3,4.8,0
2021-08-14,West_Zone,94.0,6.2,45.9,14.8,5.5,0
2021-08-15,West_Zone,82.8,3.9,52.6,10.0,7.0,0
2021-08-16,West_Zone,90.6,0.0,31.4,12.0,5.0,0
2021-08-17,West_Zone,98.9,18.7,33.5,18.3,5.6,0
2021-08-18,West_Zone,96.8,19.6,25.0,18.5,5.9,0
2021-08-19,West_Zone,90.5,8.2,40.9,16.5,5.8,0
2021-08-20,West_Zone,95.1,0.0,36.5,17.3,6.4,0
2021-08-21,West_Zone,93.0,0.0,33.6,8.5,6.6,0
2021-08-22,West_Zone,96.1,39.1,23.2,11.2,5.7,0
2021-08-23,West_Zone,99.0,13.9,22.6,13.1,6.2,0
2021-08-24,West_Zone,87.3,4.9,46.4,21.2,5.3,0
2021-08-25,West_Zone,95.2,22.4,25.0,13.1,5.4,0
2021-08-26,West_Zone,92.2,0.0,31.3,16.2,7.0,0
2021-08-27,West_Zone,83.7,0.0,41.1,15.1,7.0,0
2021-08-28,West_Zone,87.8,21.5,37.5,15.1,4.9,0
2021-08-29,West_Zone,99.0,0.0,25.8,13.9,5.5,0
2021-08-30,West_Zone,94.5,63.7,38.2,10.4,5.8,1
2021-08-31,West_Zone,87.1,0.0,31.0,5.9,5.9,0
2021-09-01,West_Zone,62.1,0.0,28.2,9.8,7.4,0
2021-09-02,West_Zone,70.6,0.0,24.8,4.2,7.6,0
2021-09-03,West_Zone,79.7,0.0,23.5,1.0,6.4,0
2021-09-04,West_Zone,69.5,0.0,25.9,7.3,7.2,0
2021-09-05,West_Zone,76.1,0.0,30.2,7.3,7.0,0
2021-09-06,West_Zone,72.6,0.0,25.2,8.3,6.5,0
2021-09-07,West_Zone,71.7,0.0,30.5,9.3,5.6,0
2021-09-08,West_Zone,66.4,1.6,21.5,3.2,6.9,0
2021-09-09,West_Zone,76.9,0.0,23.0,3.4,6.8,0
2021-09-10,West_Zone,71.1,0.0,22.1,5.0,6.6,0
2021-09-11,West_Zone,77.2,0.0,21.9,8.5,5.8,0
2021-09-12,West_Zone,67.9,0.0,23.3,1.0,7.6,0
2021-09-13,West_Zone,76.9,0.0,16.7,6.4,6.2,0
2021-09-14,West_Zone,72.2,0.0,25.9,8.8,5.9,0
2021-09-15,West_Zone,74.1,0.0,18.5,8.7,5.4,0
2021-09-16,West_Zone,71.7,0.0,29.4,8.1,7.0,0
2021-09-17,West_Zone,70.4,0.0,23.7,9.2,6.9,0
2021-09-18,West_Zone,69.0,0.0,22.9,1.0,6.1,0
2021-09-19,West_Zone,79.9,0.0,23.5,10.8,6.7,0
2021-09-20,West_Zone,76.1,0.0,25.3,7.0,6.9,0
2021-09-21,West_Zone,68.8,0.0,22.4,10.0,6.5,0
2021-09-22,West_Zone,73.2,0.0,26.0,2.5,6.1,0
2021-09-23,West_Zone,66.6,0.0,26.1,1.0,7.1,0
2021-09-24,West_Zone,65.6,0.0,24.1,11.4,7.0,0
2021-09-25,West_Zone,77.5,1.9,22.8,3.2,6.7,0
2021-09-26,West_Zone,65.0,0.0,20.8,5.1,5.8,0
2021-09-27,West_Zone,76.9,0.0,22.9,7.6,5.6,0
2021-09-28,West_Zone,66.4,0.0,35.4,8.3,6.8,0
2021-09-29,West_Zone,68.6,5.7,29.2,9.2,7.2,0
2021-09-30,West_Zone,72.8,0.0,25.4,6.7,7.1,0
2021-10-01,West_Zone,75.6,0.0,22.1,2.8,6.7,0
2021-10-02,West_Zone,70.9,3.0,18.3,8.1,5.9,0
2021-10-03,West_Zone,74.6,0.0,24.9,8.2,6.0,0
2021-10-04,West_Zone,73.7,0.0,21.4,1.0,6.3,0
2021-10-05,West_Zone,63.7,0.0,27.9,10.3,6.6,0
2021-10-06,West_Zone,71.7,2.6,22.4,1.0,7.0,0
2021-10-07,West_Zone,76.9,0.5,26.6,9.1,6.3,0
2021-10-08,West_Zone,80.6,0.0,22.9,4.1,6.2,0
2021-10-09,West_Zone,76.9,0.0,21.1,8.1,7.5,0
2021-10-10,West_Zone,64.0,0.0,28.1,7.5,7.5,0
2021-10-11,West_Zone,74.4,0.0,23.5,5.9,5.9,0
2021-10-12,West_Zone,77.2,0.0,21.7,7.4,7.2,0
2021-10-13,West_Zone,77.6,0.0,20.1,5.7,5.6,0
2021-10-14,West_Zone,74.3,0.0,26.1,8.1,6.3,0
2021-10-15,West_Zone,78.1,0.0,16.2,12.6,5.9,0
2021-10-16,West_Zone,72.3,0.0,22.2,2.0,6.3,0
2021-10-17,West_Zone,69.3,0.0,22.8,1.0,6.8,0
2021-10-18,West_Zone,64.5,0.0,20.0,4.8,6.3,0
2021-10-19,West_Zone,69.7,0.0,35.0,4.5,7.1,0
2021-10-20,West_Zone,69.5,0.0,32.8,4.9,6.5,0
2021-10-21,West_Zone,76.9,0.0,19.8,3.2,6.5,0
2021-10-22,West_Zone,66.8,6.3,20.9,8.6,6.3,0
2021-10-23,West_Zone,78.4,0.0,18.1,1.9,5.3,0
2021-10-24,West_Zone,85.4,0.0,18.1,7.4,6.4,0
2021-10-25,West_Zone,71.3,0.0,25.2,7.9,6.6,0
2021-10-26,West_Zone,68.6,1.5,31.4,6.9,6.2,0
2021-10-27,West_Zone,72.4,0.0,25.2,7.5,6.3,0
2021-10-28,West_Zone,82.1,0.0,23.5,8.8,6.2,0
2021-10-29,West_Zone,65.3,0.0,25.9,6.2,6.4,0
2021-10-30,West_Zone,72.5,1.2,24.2,5.0,7.5,0
2021-10-31,West_Zone,66.6,0.0,25.6,7.5,7.8,0
2021-11-01,West_Zone,70.1,0.0,21.9,7.8,4.7,0
2021-11-02,West_Zone,68.8,0.0,30.9,8.7,7.0,0
2021-11-03,West_Zone,77.6,1.3,25.3,1.0,7.1,0
2021-11-04,West_Zone,78.4,0.0,30.9,5.4,6.5,0
2021-11-05,West_Zone,72.6,0.0,26.1,2.8,7.1,0
2021-11-06,West_Zone,68.4,0.0,26.2,7.7,7.6,0
2021-11-07,West_Zone,85.0,0.0,22.5,8.2,5.6,0
2021-11-08,West_Zone,71.7,2.7,20.3,5.2,6.3,0
2021-11-09,West_Zone,69.2,1.6,23.3,3.8,7.6,0
2021-11-10,West_Zone,59.5,0.0,31.6,7.8,6.0,0
2021-11-11,West_Zone,76.4,0.0,30.7,5.6,6.6,0
2021-11-12,West_Zone,75.7,0.9,25.3,10.3,6.2,0
2021-11-13,West_Zone,85.9,0.0,20.3,11.3,6.9,0
2021-11-14,West_Zone,65.9,0.0,22.0,9.0,7.1,0
2021-11-15,West_Zone,80.5,0.0,21.4,6.7,6.4,0
2021-11-16,West_Zone,72.6,0.0,22.9,11.5,6.4,0
2021-11-17,West_Zone,73.3,0.0,30.9,6.7,5.6,0
2021-11-18,West_Zone,62.5,0.0,25.4,4.6,7.4,0
2021-11-19,West_Zone,80.9,0.0,20.8,4.0,6.1,0
2021-11-20,West_Zone,74.4,0.0,25.9,3.9,6.5,0
2021-11-21,West_Zone,69.2,0.0,30.0,6.0,7.2,0
2021-11-22,West_Zone,71.8,0.0,33.3,7.4,6.8,0
2021-11-23,West_Zone,68.7,1.9,22.5,1.8,7.0,0
2021-11-24,West_Zone,66.1,0.0,30.9,4.7,7.0,0
2021-11-25,West_Zone,69.4,0.0,23.8,6.6,6.6,0
2021-11-26,West_Zone,61.0,0.0,26.3,7.9,6.8,0
2021-11-27,West_Zone,77.8,0.0,20.9,5.9,5.6,0
2021-11-28,West_Zone,76.8,0.4,25.2,6.7,6.4,0
2021-11-29,West_Zone,68.0,0.0,24.1,2.3,7.1,0
2021-11-30,West_Zone,74.1,0.0,22.7,3.3,5.8,0
2021-12-01,West_Zone,77.7,0.0,15.0,5.8,3.1,0
2021-12-02,West_Zone,81.2,0.0,14.0,7.5,2.9,0
2021-12-03,West_Zone,77.6,0.0,12.1,6.7,3.4,0
2021-12-04,West_Zone,75.8,0.0,13.0,3.5,4.2,0
2021-12-05,West_Zone,86.7,0.0,11.0,5.3,3.6,0
2021-12-06,West_Zone,75.3,0.0,20.7,10.5,2.5,0
2021-12-07,West_Zone,86.2,0.0,19.9,7.6,4.1,0
2021-12-08,West_Zone,77.1,0.0,18.5,5.5,3.4,0
2021-12-09,West_Zone,75.5,0.0,13.1,2.9,3.7,0
2021-12-10,West_Zone,83.0,0.0,18.6,3.9,3.6,0
2021-12-11,West_Zone,83.2,0.0,13.3,6.0,2.9,0
2021-12-12,West_Zone,84.0,0.0,12.7,6.8,3.3,0
2021-12-13,West_Zone,82.9,0.0,18.4,7.7,3.4,0
2021-12-14,West_Zone,75.0,0.0,16.2,7.2,3.7,0
2021-12-15,West_Zone,78.2,0.0,15.3,4.9,3.0,0
2021-12-16,West_Zone,78.5,0.0,14.4,4.5,2.8,0
2021-12-17,West_Zone,72.9,0.0,14.4,12.1,3.9,0
2021-12-18,West_Zone,76.9,0.0,16.3,4.3,4.2,0
2021-12-19,West_Zone,88.0,1.8,11.2,2.1,3.7,0
2021-12-20,West_Zone,78.6,0.0,17.7,1.1,3.2,0
2021-12-21,West_Zone,71.1,0.0,17.0,4.9,3.2,0
2021-12-22,West_Zone,69.4,2.9,18.1,8.8,3.2,0
2021-12-23,West_Zone,88.2,0.0,13.5,4.3,4.0,0
2021-12-24,West_Zone,78.8,0.0,14.5,10.4,3.0,0
2021-12-25,West_Zone,75.0,0.0,16.2,6.0,4.1,0
2021-12-26,West_Zone,78.2,0.0,14.0,9.3,3.8,0
2021-12-27,West_Zone,73.3,3.6,12.2,3.7,4.1,0
2021-12-28,West_Zone,83.1,1.0,20.1,3.8,4.4,0
2021-12-29,West_Zone,76.4,0.0,16.0,6.3,3.9,0
2021-12-30,West_Zone,87.3,0.0,12.6,7.4,2.5,0
2021-12-31,West_Zone,80.6,0.0,12.8,5.5,3.8,0
2022-01-01,West_Zone,85.8,0.0,15.5,6.9,3.6,0
2022-01-02,West_Zone,81.7,1.0,12.7,7.8,3.2,0
2022-01-03,West_Zone,79.5,0.0,21.3,1.7,4.6,0
2022-01-04,West_Zone,83.2,0.0,14.0,5.0,3.4,0
2022-01-05,West_Zone,80.7,0.0,17.4,4.4,3.3,0
2022-01-06,West_Zone,85.8,0.0,6.5,4.6,3.7,0
2022-01-07,West_Zone,76.5,4.3,17.3,7.2,3.4,0
2022-01-08,West_Zone,89.7,0.0,13.2,4.5,3.1,0
2022-01-09,West_Zone,71.9,0.0,19.3,1.0,3.0,0
2022-01-10,West_Zone,79.3,0.0,14.5,5.3,3.0,0
2022-01-11,West_Zone,79.3,0.0,14.6,2.8,3.0,0
2022-01-12,West_Zone,82.6,0.1,12.4,7.5,3.7,0
2022-01-13,West_Zone,75.1,0.0,18.0,8.4,3.0,0
2022-01-14,West_Zone,78.1,0.0,19.1,1.0,2.6,0
2022-01-15,West_Zone,78.3,0.0,14.8,3.7,3.7,0
2022-01-16,West_Zone,71.1,0.5,15.0,7.1,3.1,0
2022-01-17,West_Zone,79.9,1.6,13.5,1.8,3.4,0
2022-01-18,West_Zone,72.2,0.0,17.1,8.3,4.4,0
2022-01-19,West_Zone,73.4,0.0,9.8,9.1,3.3,0
2022-01-20,West_Zone,75.2,0.0,22.5,5.5,4.8,0
2022-01-21,West_Zone,82.6,0.9,13.1,3.7,3.4,0
2022-01-22,West_Zone,84.0,0.0,11.0,1.0,3.9,0
2022-01-23,West_Zone,81.5,0.0,15.5,8.4,3.2,0
2022-01-24,West_Zone,68.7,0.0,16.1,12.0,3.6,0
2022-01-25,West_Zone,73.9,0.0,12.1,11.4,2.8,0
2022-01-26,West_Zone,90.7,0.0,12.0,5.4,2.9,0
2022-01-27,West_Zone,74.8,0.0,13.3,2.7,3.3,0
2022-01-28,West_Zone,79.8,0.0,18.8,8.5,2.9,0
2022-01-29,West_Zone,77.8,6.1,11.2,5.6,3.4,0
2022-01-30,West_Zone,79.3,0.0,15.2,7.4,3.3,0
2022-01-31,West_Zone,75.2,0.5,16.0,6.9,3.7,0
2022-02-01,West_Zone,78.7,0.0,20.1,6.3,3.0,0
2022-02-02,West_Zone,80.4,2.8,13.8,9.1,3.9,0
2022-02-03,West_Zone,76.9,0.0,14.7,9.2,4.5,0
2022-02-04,West_Zone,73.8,14.0,14.9,4.4,4.4,0
2022-02-05,West_Zone,80.2,0.0,15.2,3.2,4.7,0
2022-02-06,West_Zone,73.5,0.0,14.0,1.0,3.5,0
2022-02-07,West_Zone,79.4,0.0,17.9,5.0,3.4,0
2022-02-08,West_Zone,93.5,0.0,12.7,2.7,3.7,0
2022-02-09,West_Zone,85.6,0.0,15.3,7.3,3.4,0
2022-02-10,West_Zone,81.0,0.0,17.6,5.0,2.6,0
2022-02-11,West_Zone,77.9,0.0,16.2,5.3,4.1,0
2022-02-12,West_Zone,68.5,0.0,16.4,8.4,3.4,0
2022-02-13,West_Zone,71.4,0.0,16.7,7.2,2.7,0
2022-02-14,West_Zone,86.2,0.0,13.7,5.6,3.1,0
2022-02-15,West_Zone,76.4,0.0,12.7,11.1,3.3,0
2022-02-16,West_Zone,76.3,0.0,13.7,8.2,3.4,0
2022-02-17,West_Zone,82.1,0.0,8.4,4.8,3.2,0
2022-02-18,West_Zone,73.4,0.0,15.4,4.9,4.3,0
2022-02-19,West_Zone,73.1,0.0,14.6,8.4,2.7,0
2022-02-20,West_Zone,76.9,0.0,18.1,6.6,3.6,0
2022-02-21,West_Zone,75.6,0.0,13.3,2.6,2.9,0
2022-02-22,West_Zone,74.3,0.9,16.7,8.7,4.3,0
2022-02-23,West_Zone,76.2,0.0,13.1,9.8,3.1,0
2022-02-24,West_Zone,81.0,0.0,16.0,9.5,3.3,0
2022-02-25,West_Zone,77.8,0.0,15.1,10.6,4.1,0
2022-02-26,West_Zone,81.3,0.0,9.7,12.2,4.0,0
2022-02-27,West_Zone,82.7,0.0,13.8,11.2,4.3,0
2022-02-28,West_Zone,78.3,0.0,14.9,7.0,2.5,0
2022-03-01,West_Zone,41.7,0.0,37.4,5.4,9.8,0
2022-03-02,West_Zone,47.5,1.6,32.8,1.0,9.5,0
2022-03-03,West_Zone,45.0,0.0,44.1,6.0,9.6,0
2022-03-04,West_Zone,39.9,0.0,45.5,7.6,9.7,0
2022-03-05,West_Zone,43.3,1.3,38.5,6.1,10.3,0
2022-03-06,West_Zone,40.5,0.0,33.4,1.0,10.0,0
2022-03-07,West_Zone,38.5,0.0,37.5,5.1,10.1,0
2022-03-08,West_Zone,50.6,4.3,29.5,7.9,9.3,0
2022-03-09,West_Zone,43.5,0.0,44.6,2.9,11.0,0
2022-03-10,West_Zone,48.6,0.0,30.0,6.5,9.0,0
2022-03-11,West_Zone,44.3,0.0,38.8,7.3,8.5,0
2022-03-12,West_Zone,41.2,0.0,44.9,9.4,9.5,0
2022-03-13,West_Zone,46.8,0.0,38.2,11.1,9.5,0
2022-03-14,West_Zone,40.9,0.0,68.2,4.9,10.8,1
2022-03-15,West_Zone,51.5,0.0,29.2,6.6,8.9,0
2022-03-16,West_Zone,42.9,0.0,36.8,6.6,9.8,0
2022-03-17,West_Zone,42.5,0.0,74.1,7.9,9.2,1
2022-03-18,West_Zone,43.2,0.0,41.4,7.6,10.2,0
2022-03-19,West_Zone,43.3,0.0,49.5,10.3,9.8,0
2022-03-20,West_Zone,44.7,0.0,37.7,1.0,9.3,0
2022-03-21,West_Zone,41.6,1.8,47.6,7.3,11.0,0
2022-03-22,West_Zone,41.6,0.0,31.4,7.5,10.0,0
2022-03-23,West_Zone,52.3,0.0,25.3,5.3,8.4,0
2022-03-24,West_Zone,57.6,0.0,42.3,1.0,9.4,0
2022-03-25,West_Zone,41.1,1.6,37.7,5.8,11.1,0
2022-03-26,West_Zone,44.9,0.0,33.9,3.9,10.6,0
2022-03-27,West_Zone,42.2,1.1,33.6,11.0,9.9,0
2022-03-28,West_Zone,44.8,0.0,27.9,7.1,8.0,0
2022-03-29,West_Zone,53.4,0.0,32.6,3.6,10.1,0
2022-03-30,West_Zone,38.0,0.0,41.9,1.0,9.3,0
2022-03-31,West_Zone,43.6,0.0,30.3,7.8,10.0,0
2022-04-01,West_Zone,38.5,0.0,28.7,8.1,8.8,0
2022-04-02,West_Zone,43.1,0.0,28.4,5.4,9.5,0
2022-04-03,West_Zone,34.6,0.0,35.4,7.8,9.1,0
2022-04-04,West_Zone,50.7,0.0,28.0,5.0,8.9,0
2022-04-05,West_Zone,59.2,0.6,35.5,9.2,9.7,0
2022-04-06,West_Zone,43.3,0.0,32.0,9.0,8.5,0
2022-04-07,West_Zone,36.8,0.0,31.0,1.1,10.7,0
2022-04-08,West_Zone,49.4,0.0,33.9,1.8,8.7,0
2022-04-09,West_Zone,36.8,0.0,44.8,12.1,9.1,0
2022-04-10,West_Zone,52.5,0.0,31.5,8.8,9.6,0
2022-04-11,West_Zone,44.9,0.0,29.7,2.2,10.0,0
2022-04-12,West_Zone,40.2,0.0,36.2,1.3,9.3,0
2022-04-13,West_Zone,43.9,0.0,33.0,6.6,8.7,0
2022-04-14,West_Zone,46.0,0.0,42.1,2.6,9.0,0
2022-04-15,West_Zone,45.1,0.0,29.8,5.0,8.6,0
2022-04-16,West_Zone,39.3,1.8,40.9,5.9,9.8,0
2022-04-17,West_Zone,40.1,0.0,43.7,5.7,9.6,0
2022-04-18,West_Zone,36.4,1.6,36.9,9.4,9.8,0
2022-04-19,West_Zone,48.9,0.0,28.8,11.5,9.4,0
2022-04-20,West_Zone,31.7,0.0,41.7,4.6,10.2,0
2022-04-21,West_Zone,44.1,0.0,29.5,2.6,9.0,0
2022-04-22,West_Zone,47.2,0.0,38.3,7.2,9.0,0
2022-04-23,West_Zone,42.8,0.0,44.5,10.9,9.7,0
2022-04-24,West_Zone,49.3,0.0,30.1,4.8,9.2,0
2022-04-25,West_Zone,40.0,0.0,46.8,8.6,9.9,0
2022-04-26,West_Zone,46.0,0.0,51.4,3.5,9.3,0
2022-04-27,West_Zone,45.2,0.0,48.9,6.1,10.1,0
2022-04-28,West_Zone,51.2,0.0,25.0,2.5,8.3,0
2022-04-29,West_Zone,42.6,1.7,60.0,6.0,9.7,0
2022-04-30,West_Zone,51.6,0.0,27.5,5.7,9.8,0
2022-05-01,West_Zone,41.2,0.8,36.3,7.8,8.8,0
2022-05-02,West_Zone,42.5,0.0,24.7,11.3,9.6,0
2022-05-03,West_Zone,47.0,0.0,33.5,4.8,8.5,0
2022-05-04,West_Zone,45.5,0.0,39.9,1.0,8.6,0
2022-05-05,West_Zone,48.8,0.0,39.1,5.4,8.6,0
2022-05-06,West_Zone,42.3,0.0,28.2,6.9,9.2,0
2022-05-07,West_Zone,35.8,4.2,44.6,6.6,10.2,0
2022-05-08,West_Zone,46.3,0.0,36.0,5.5,10.2,0
2022-05-09,West_Zone,41.4,0.0,41.8,10.5,10.3,0
2022-05-10,West_Zone,33.2,0.0,36.5,6.4,10.1,0
2022-05-11,West_Zone,45.2,0.0,37.9,5.7,9.0,0
2022-05-12,West_Zone,31.3,0.0,41.8,3.7,9.2,0
2022-05-13,West_Zone,37.7,0.0,38.4,1.0,10.0,0
2022-05-14,West_Zone,51.1,3.3,36.0,7.0,10.2,0
2022-05-15,West_Zone,50.3,0.0,48.8,6.7,9.0,0
2022-05-16,West_Zone,37.3,0.0,35.4,2.8,10.2,0
2022-05-17,West_Zone,34.4,0.0,62.4,5.9,8.9,1
2022-05-18,West_Zone,45.3,0.0,32.7,5.6,9.6,0
2022-05-19,West_Zone,48.7,0.0,55.1,4.1,9.7,0
2022-05-20,West_Zone,35.5,0.0,54.2,3.6,9.8,0
2022-05-21,West_Zone,41.5,0.0,35.1,7.2,9.4,0
2022-05-22,West_Zone,51.5,0.0,38.4,5.3,8.9,0
2022-05-23,West_Zone,38.1,0.0,47.2,4.2,10.0,0
2022-05-24,West_Zone,44.3,0.0,47.8,3.4,9.7,0
2022-05-25,West_Zone,38.3,0.0,30.2,5.6,9.8,0
2022-05-26,West_Zone,45.1,0.0,30.5,8.8,10.2,0
2022-05-27,West_Zone,34.4,0.0,36.5,6.6,9.6,0
2022-05-28,West_Zone,36.0,0.0,41.3,5.3,9.1,0
2022-05-29,West_Zone,46.6,0.2,41.7,6.9,8.9,0
2022-05-30,West_Zone,38.6,0.0,52.4,10.1,10.9,0
2022-05-31,West_Zone,36.1,0.0,55.8,7.5,10.9,0
2022-06-01,West_Zone,91.9,0.0,24.0,14.8,6.0,0
2022-06-02,West_Zone,86.3,11.6,75.6,15.9,6.2,0
2022-06-03,West_Zone,93.6,1.5,41.1,13.5,6.2,0
2022-06-04,West_Zone,99.0,20.9,25.7,14.6,6.3,0
2022-06-05,West_Zone,80.1,0.6,32.1,12.5,5.3,0
2022-06-06,West_Zone,89.2,66.0,32.7,9.3,5.7,1
2022-06-07,West_Zone,96.1,16.3,24.5,15.0,4.8,0
2022-06-08,West_Zone,92.2,5.3,37.3,15.0,5.6,0
2022-06-09,West_Zone,94.4,0.0,39.8,13.1,6.6,0
2022-06-10,West_Zone,92.7,22.7,45.8,17.1,6.4,0
2022-06-11,West_Zone,91.5,10.9,35.0,11.8,5.7,0
2022-06-12,West_Zone,92.1,18.9,25.5,8.7,3.9,0
2022-06-13,West_Zone,91.7,0.0,35.7,11.9,5.3,0
2022-06-14,West_Zone,98.0,0.0,41.3,9.4,5.8,0
2022-06-15,West_Zone,87.9,9.0,43.0,15.0,5.7,0
2022-06-16,West_Zone,92.3,0.2,37.3,11.7,5.7,0
2022-06-17,West_Zone,94.7,12.1,31.6,17.0,5.8,0
2022-06-18,West_Zone,99.0,0.0,24.9,16.9,5.2,0
2022-06-19,West_Zone,94.4,52.1,23.5,11.2,5.4,0
2022-06-20,West_Zone,99.0,5.4,26.0,11.6,5.5,0
2022-06-21,West_Zone,99.0,10.7,23.7,15.6,5.0,0
2022-06-22,West_Zone,96.3,23.4,22.3,16.9,6.5,0
2022-06-23,West_Zone,90.2,34.8,46.0,8.0,5.5,0
2022-06-24,West_Zone,93.7,69.9,24.5,14.8,4.1,1
2022-06-25,West_Zone,91.7,0.0,35.4,7.4,6.7,0
2022-06-26,West_Zone,96.0,63.2,44.5,12.4,5.3,1
2022-06-27,West_Zone,92.7,0.0,44.5,17.3,6.3,0
2022-06-28,West_Zone,94.5,7.1,33.9,23.0,5.2,0
2022-06-29,West_Zone,90.5,5.9,23.1,13.3,5.7,0
2022-06-30,West_Zone,88.5,29.1,32.6,10.3,5.6,0
2022-07-01,West_Zone,99.0,18.4,26.3,12.5,6.2,0
2022-07-02,West_Zone,92.4,29.0,33.8,14.2,5.5,0
2022-07-03,West_Zone,90.6,12.6,25.9,12.0,5.2,0
2022-07-04,West_Zone,99.0,20.5,25.8,11.2,5.7,0
2022-07-05,West_Zone,94.3,16.4,36.3,12.7,5.4,0
2022-07-06,West_Zone,97.2,0.0,26.2,15.2,4.4,0
2022-07-07,West_Zone,93.8,5.6,25.9,13.5,5.2,0
2022-07-08,West_Zone,90.5,22.3,40.1,11.4,7.5,0
2022-07-09,West_Zone,90.9,68.7,43.0,12.0,4.7,1
2022-07-10,West_Zone,86.8,65.2,30.9,12.8,5.8,1
2022-07-11,West_Zone,93.4,0.0,30.8,11.0,5.4,0
2022-07-12,West_Zone,92.3,99.1,49.7,11.9,6.9,1
2022-07-13,West_Zone,99.0,0.0,21.3,15.9,4.6,0
2022-07-14,West_Zone,92.1,0.0,43.8,13.3,5.8,0
2022-07-15,West_Zone,80.1,29.8,38.6,8.7,6.2,0
2022-07-16,West_Zone,90.6,98.5,47.5,17.1,5.7,1
2022-07-17,West_Zone,99.0,43.9,48.5,15.3,5.3,0
2022-07-18,West_Zone,94.4,0.0,57.7,9.9,5.9,0
2022-07-19,West_Zone,86.4,0.8,49.8,12.9,5.7,0
2022-07-20,West_Zone,92.0,48.5,65.2,11.6,5.8,0
2022-07-21,West_Zone,91.1,29.5,25.3,16.0,6.1,0
2022-07-22,West_Zone,85.1,0.0,40.2,12.9,6.0,0
2022-07-23,West_Zone,93.5,83.4,24.6,13.8,5.8,1
2022-07-24,West_Zone,94.3,24.4,31.2,13.4,5.8,0
2022-07-25,West_Zone,82.6,23.3,38.4,9.6,6.3,0
2022-07-26,West_Zone,89.0,0.0,25.5,18.2,6.3,0
2022-07-27,West_Zone,95.2,0.0,24.8,16.0,5.3,0
2022-07-28,West_Zone,89.8,20.3,41.4,11.8,6.3,0
2022-07-29,West_Zone,96.0,16.0,30.4,14.6,4.8,0
2022-07-30,West_Zone,87.0,61.6,33.8,16.9,4.3,1
2022-07-31,West_Zone,96.4,73.2,37.5,14.2,6.8,1
2022-08-01,West_Zone,89.6,38.6,24.1,18.7,5.3,0
2022-08-02,West_Zone,99.0,6.4,25.7,22.8,5.7,0
2022-08-03,West_Zone,84.9,0.0,31.8,13.6,4.9,0
2022-08-04,West_Zone,87.7,48.3,33.6,12.3,4.9,0
2022-08-05,West_Zone,94.6,27.8,39.0,11.0,5.3,0
2022-08-06,West_Zone,99.0,35.2,44.3,7.4,6.1,0
2022-08-07,West_Zone,91.8,2.3,54.1,17.7,5.6,0
2022-08-08,West_Zone,94.8,16.0,42.7,12.9,5.6,0
2022-08-09,West_Zone,92.1,66.4,41.0,16.6,5.3,1
2022-08-10,West_Zone,87.8,1.9,34.9,17.2,6.4,0
2022-08-11,West_Zone,89.8,48.6,38.8,10.8,6.2,0
2022-08-12,West_Zone,87.7,0.0,30.5,11.2,5.3,0
2022-08-13,West_Zone,88.9,0.0,24.5,19.2,5.9,0
2022-08-14,West_Zone,96.8,14.4,25.4,13.8,5.4,0
2022-08-15,West_Zone,89.3,27.8,25.1,12.0,5.3,0
2022-08-16,West_Zone,96.2,24.4,25.7,10.9,5.5,0
2022-08-17,West_Zone,89.5,0.0,23.4,13.6,5.8,0
2022-08-18,West_Zone,96.2,0.0,25.5,18.5,5.0,0
2022-08-19,West_Zone,89.9,25.8,38.5,16.1,6.0,0
2022-08-20,West_Zone,99.0,38.6,33.2,14.5,7.1,0
2022-08-21,West_Zone,93.1,35.7,45.5,18.8,5.9,0
2022-08-22,West_Zone,99.0,13.6,23.7,18.2,5.5,0
2022-08-23,West_Zone,90.9,42.1,25.5,15.0,5.5,0
2022-08-24,West_Zone,93.4,5.4,34.7,22.3,5.9,0
2022-08-25,West_Zone,90.1,8.8,25.0,13.3,4.5,0
2022-08-26,West_Zone,93.2,48.5,24.5,17.3,6.5,0
2022-08-27,West_Zone,91.8,41.3,34.4,12.8,6.2,0
2022-08-28,West_Zone,94.7,15.1,19.5,16.7,4.8,0
2022-08-29,West_Zone,91.0,0.0,21.6,13.3,5.3,0
2022-08-30,West_Zone,83.7,10.2,46.0,15.4,5.5,0
2022-08-31,West_Zone,82.2,36.9,29.7,21.2,5.8,0
2022-09-01,West_Zone,64.0,0.0,29.7,8.9,6.7,0
2022-09-02,West_Zone,75.6,0.6,22.5,7.4,6.5,0
2022-09-03,West_Zone,64.9,0.0,21.8,3.7,5.7,0
2022-09-04,West_Zone,64.2,0.0,24.9,6.6,6.2,0
2022-09-05,West_Zone,81.3,0.0,22.7,3.0,7.1,0
2022-09-06,West_Zone,71.1,0.0,19.6,8.7,5.9,0
2022-09-07,West_Zone,76.2,0.0,19.0,8.6,4.6,0
2022-09-08,West_Zone,78.3,0.0,18.2,5.5,6.1,0
2022-09-09,West_Zone,77.3,0.0,20.1,11.0,7.7,0
2022-09-10,West_Zone,64.6,0.0,22.9,10.6,6.9,0
2022-09-11,West_Zone,69.2,0.0,26.1,6.4,6.2,0
2022-09-12,West_Zone,65.9,1.2,20.0,7.7,6.2,0
2022-09-13,West_Zone,79.8,0.0,39.8,4.2,7.2,0
2022-09-14,West_Zone,65.3,1.4,21.2,5.2,5.3,0
2022-09-15,West_Zone,66.0,0.0,24.6,2.8,6.0,0
2022-09-16,West_Zone,67.7,0.0,21.8,4.6,6.6,0
2022-09-17,West_Zone,61.8,1.9,29.5,5.7,7.6,0
2022-09-18,West_Zone,76.3,0.0,30.2,1.0,6.4,0
2022-09-19,West_Zone,85.6,0.0,20.9,7.7,7.2,0
2022-09-20,West_Zone,67.5,0.0,28.5,9.1,6.1,0
2022-09-21,West_Zone,65.1,2.2,23.9,6.0,4.4,0
2022-09-22,West_Zone,63.7,0.0,18.6,1.0,6.6,0
2022-09-23,West_Zone,71.3,1.2,22.5,5.2,6.7,0
2022-09-24,West_Zone,72.7,0.0,19.6,1.8,6.7,0
2022-09-25,West_Zone,70.6,0.0,20.2,4.2,6.7,0
2022-09-26,West_Zone,72.5,0.0,24.3,10.4,6.6,0
2022-09-27,West_Zone,69.9,0.0,35.5,1.0,6.6,0
2022-09-28,West_Zone,70.4,6.0,32.1,3.6,6.6,0
2022-09-29,West_Zone,66.1,2.6,35.3,8.5,6.5,0
2022-09-30,West_Zone,67.0,0.0,22.5,3.9,6.1,0
2022-10-01,West_Zone,77.8,0.0,19.2,3.7,5.1,0
2022-10-02,West_Zone,71.7,1.8,24.0,12.1,5.7,0
2022-10-03,West_Zone,76.9,0.0,22.6,7.1,6.3,0
2022-10-04,West_Zone,75.7,0.0,23.7,8.8,5.1,0
2022-10-05,West_Zone,64.1,8.3,24.6,7.5,5.3,0
2022-10-06,West_Zone,62.9,0.0,26.5,6.5,6.4,0
2022-10-07,West_Zone,68.7,0.0,22.6,9.8,6.3,0
2022-10-08,West_Zone,66.7,0.0,23.3,11.7,6.2,0
2022-10-09,West_Zone,73.9,0.0,26.4,1.0,5.1,0
2022-10-10,West_Zone,73.7,0.0,23.4,5.9,7.4,0
2022-10-11,West_Zone,78.7,0.0,21.4,5.9,5.5,0
2022-10-12,West_Zone,74.7,0.0,22.2,4.7,5.9,0
2022-10-13,West_Zone,71.7,0.0,25.5,8.9,5.8,0
2022-10-14,West_Zone,78.6,0.0,22.3,6.8,7.1,0
2022-10-15,West_Zone,77.2,3.3,18.6,11.8,6.4,0
2022-10-16,West_Zone,69.4,0.0,31.0,9.3,6.4,0
2022-10-17,West_Zone,79.7,0.0,22.8,10.1,6.1,0
2022-10-18,West_Zone,69.7,0.0,31.0,2.4,6.8,0
2022-10-19,West_Zone,69.8,0.0,24.5,3.6,5.7,0
2022-10-20,West_Zone,67.3,0.0,24.2,3.8,6.7,0
2022-10-21,West_Zone,75.6,0.0,23.2,10.0,6.1,0
2022-10-22,West_Zone,78.4,0.0,22.9,3.1,6.7,0
2022-10-23,West_Zone,67.0,0.0,37.2,3.2,7.1,0
2022-10-24,West_Zone,76.5,0.0,28.8,2.6,6.2,0
2022-10-25,West_Zone,63.6,0.0,20.9,14.3,5.1,0
2022-10-26,West_Zone,73.5,0.0,20.4,5.6,6.1,0
2022-10-27,West_Zone,70.0,0.0,26.4,7.6,5.7,0
2022-10-28,West_Zone,69.0,0.0,22.2,2.6,6.4,0
2022-10-29,West_Zone,84.1,0.0,23.0,8.9,6.2,0
2022-10-30,West_Zone,71.7,0.0,23.3,1.0,6.1,0
2022-10-31,West_Zone,68.7,0.0,25.4,3.1,5.7,0
2022-11-01,West_Zone,73.4,0.8,21.2,3.8,7.0,0
2022-11-02,West_Zone,63.1,0.0,21.4,6.7,6.0,0
2022-11-03,West_Zone,66.1,0.0,28.4,3.6,8.0,0
2022-11-04,West_Zone,76.3,0.0,24.4,10.6,6.5,0
2022-11-05,West_Zone,69.9,0.0,21.6,7.5,6.5,0
2022-11-06,West_Zone,63.7,0.0,34.0,3.9,6.8,0
2022-11-07,West_Zone,76.2,0.0,30.0,9.0,6.8,0
2022-11-08,West_Zone,79.8,0.0,21.5,4.8,7.0,0
2022-11-09,West_Zone,72.0,0.0,30.3,4.2,7.3,0
2022-11-10,West_Zone,71.9,0.0,19.7,8.7,5.2,0
2022-11-11,West_Zone,71.4,0.0,22.4,1.0,6.9,0
2022-11-12,West_Zone,68.5,0.0,22.4,8.2,6.7,0
2022-11-13,West_Zone,67.4,0.0,22.7,3.9,6.4,0
2022-11-14,West_Zone,66.9,1.7,23.2,3.9,7.4,0
2022-11-15,West_Zone,68.3,0.0,24.4,11.9,7.5,0
2022-11-16,West_Zone,67.2,1.9,22.7,4.4,6.9,0
2022-11-17,West_Zone,64.0,0.0,23.6,8.9,6.1,0
2022-11-18,West_Zone,71.0,0.0,28.8,6.8,5.9,0
2022-11-19,West_Zone,74.9,0.0,20.5,7.1,6.7,0
2022-11-20,West_Zone,76.3,0.0,37.5,5.2,7.6,0
2022-11-21,West_Zone,72.0,0.0,17.8,5.1,4.9,0
2022-11-22,West_Zone,76.2,0.0,18.8,10.6,6.8,0
2022-11-23,West_Zone,71.5,2.7,28.5,8.8,6.4,0
2022-11-24,West_Zone,69.2,0.0,25.9,4.5,5.5,0
2022-11-25,West_Zone,75.7,0.0,23.3,2.9,6.7,0
2022-11-26,West_Zone,76.1,1.3,22.9,4.2,6.9,0
2022-11-27,West_Zone,71.2,0.0,29.7,8.9,6.4,0
2022-11-28,West_Zone,66.5,0.0,34.9,9.5,6.1,0
2022-11-29,West_Zone,68.2,0.0,28.2,7.7,7.6,0
2022-11-30,West_Zone,65.2,0.0,23.2,1.1,6.0,0
2022-12-01,West_Zone,75.9,0.0,13.5,8.3,4.1,0
2022-12-02,West_Zone,75.1,0.0,16.3,9.9,2.7,0
2022-12-03,West_Zone,73.4,0.0,14.9,6.5,3.7,0
2022-12-04,West_Zone,79.7,0.0,17.5,11.9,3.9,0
2022-12-05,West_Zone,88.5,0.0,9.2,2.0,3.7,0
2022-12-06,West_Zone,77.3,0.0,10.2,8.1,4.2,0
2022-12-07,West_Zone,82.0,0.0,12.3,2.9,2.9,0
2022-12-08,West_Zone,73.6,0.0,15.4,9.2,3.8,0
2022-12-09,West_Zone,75.9,0.0,17.6,7.8,2.8,0
2022-12-10,West_Zone,74.9,0.0,16.0,11.4,2.7,0
2022-12-11,West_Zone,82.7,0.0,13.9,7.5,3.1,0
2022-12-12,West_Zone,74.6,0.0,16.6,4.8,3.8,0
2022-12-13,West_Zone,84.2,0.0,14.8,4.5,4.5,0
2022-12-14,West_Zone,78.6,0.0,13.7,5.2,4.6,0
2022-12-15,West_Zone,75.0,0.0,16.3,4.5,3.4,0
2022-12-16,West_Zone,76.0,0.0,9.6,10.0,3.4,0
2022-12-17,West_Zone,79.6,0.0,16.1,9.8,4.1,0
2022-12-18,West_Zone,85.8,0.0,11.1,1.5,3.8,0
2022-12-19,West_Zone,79.5,0.0,16.5,6.1,3.5,0
2022-12-20,West_Zone,92.2,0.0,11.6,6.2,3.4,0
2022-12-21,West_Zone,83.8,0.0,18.9,3.7,3.6,0
2022-12-22,West_Zone,78.5,0.0,13.3,7.3,3.3,0
2022-12-23,West_Zone,78.8,0.0,12.6,10.4,3.2,0
2022-12-24,West_Zone,78.9,0.5,19.1,8.7,3.6,0
2022-12-25,West_Zone,75.9,1.0,13.1,10.0,3.2,0
2022-12-26,West_Zone,87.5,0.0,10.6,3.8,2.6,0
2022-12-27,West_Zone,80.6,0.0,15.4,6.1,4.0,0
2022-12-28,West_Zone,82.7,0.0,11.0,3.7,3.6,0
2022-12-29,West_Zone,81.5,0.0,16.5,6.7,4.7,0
2022-12-30,West_Zone,91.0,0.0,9.3,7.0,3.4,0
2022-12-31,West_Zone,82.4,0.0,10.8,8.9,3.0,0
2023-01-01,West_Zone,77.0,0.0,17.4,9.9,3.2,0
2023-01-02,West_Zone,87.9,0.0,12.7,8.1,3.4,0
2023-01-03,West_Zone,87.9,0.0,8.2,3.4,3.5,0
2023-01-04,West_Zone,77.9,0.0,14.2,1.9,3.3,0
2023-01-05,West_Zone,81.0,0.0,11.7,7.6,2.5,0
2023-01-06,West_Zone,82.7,1.2,10.5,10.5,2.8,0
2023-01-07,West_Zone,82.9,0.0,11.5,5.9,3.3,0
2023-01-08,West_Zone,73.5,0.0,12.9,1.4,3.8,0
2023-01-09,West_Zone,71.9,0.0,13.9,12.3,2.6,0
2023-01-10,West_Zone,74.9,0.0,14.5,7.5,3.6,0
2023-01-11,West_Zone,76.3,0.0,11.4,6.5,3.5,0
2023-01-12,West_Zone,77.3,0.0,12.5,2.5,3.1,0
2023-01-13,West_Zone,81.2,0.0,16.6,6.0,3.2,0
2023-01-14,West_Zone,78.1,0.0,15.1,8.1,3.1,0
2023-01-15,West_Zone,79.7,0.0,15.4,7.5,3.6,0
2023-01-16,West_Zone,76.2,0.0,9.5,4.0,3.9,0
2023-01-17,West_Zone,74.8,0.0,18.1,5.8,4.4,0
2023-01-18,West_Zone,82.4,0.0,14.3,4.2,2.8,0
2023-01-19,West_Zone,80.7,0.0,17.1,11.0,3.5,0
2023-01-20,West_Zone,77.0,0.0,12.3,8.7,2.0,0
2023-01-21,West_Zone,78.5,0.0,17.1,4.4,3.7,0
2023-01-22,West_Zone,90.4,0.0,14.3,2.5,3.8,0
2023-01-23,West_Zone,78.2,0.0,16.2,6.8,4.5,0
2023-01-24,West_Zone,75.4,2.2,15.3,4.5,2.4,0
2023-01-25,West_Zone,76.4,0.0,17.9,4.7,3.0,0
2023-01-26,West_Zone,81.3,0.0,11.9,2.6,3.4,0
2023-01-27,West_Zone,76.4,0.0,18.0,3.0,2.7,0
2023-01-28,West_Zone,79.0,0.0,14.8,6.5,3.6,0
2023-01-29,West_Zone,69.6,0.0,18.7,5.2,4.1,0
2023-01-30,West_Zone,73.4,0.0,16.3,13.5,2.8,0
2023-01-31,West_Zone,76.3,0.0,18.2,7.8,3.7,0
2023-02-01,West_Zone,75.9,0.0,18.8,2.5,3.0,0
2023-02-02,West_Zone,78.4,0.0,11.3,1.4,4.1,0
2023-02-03,West_Zone,75.3,1.6,19.7,7.2,3.9,0
2023-02-04,West_Zone,80.7,0.0,12.7,4.8,3.0,0
2023-02-05,West_Zone,83.2,0.0,15.4,10.0,2.8,0
2023-02-06,West_Zone,75.4,0.0,20.1,6.8,4.0,0
2023-02-07,West_Zone,85.9,0.0,6.9,1.0,3.9,0
2023-02-08,West_Zone,76.9,4.1,14.0,2.9,3.0,0
2023-02-09,West_Zone,82.5,0.0,13.9,4.0,3.2,0
2023-02-10,West_Zone,78.8,0.0,18.4,7.3,3.2,0
2023-02-11,West_Zone,83.9,0.0,14.0,2.8,4.4,0
2023-02-12,West_Zone,82.5,0.0,15.1,6.5,2.4,0
2023-02-13,West_Zone,80.9,0.0,16.7,2.0,4.4,0
2023-02-14,West_Zone,75.7,0.0,19.6,6.0,3.5,0
2023-02-15,West_Zone,81.5,0.0,12.9,7.1,3.4,0
2023-02-16,West_Zone,86.1,0.0,12.1,10.4,3.2,0
2023-02-17,West_Zone,76.6,0.0,13.5,6.7,3.6,0
2023-02-18,West_Zone,75.4,0.0,15.8,3.5,3.1,0
2023-02-19,West_Zone,83.1,0.0,9.7,10.5,3.9,0
2023-02-20,West_Zone,81.0,0.0,15.2,5.5,4.2,0
2023-02-21,West_Zone,77.7,0.0,10.3,8.3,2.7,0
2023-02-22,West_Zone,77.9,0.0,16.2,4.2,4.0,0
2023-02-23,West_Zone,78.5,0.0,15.0,6.3,3.3,0
2023-02-24,West_Zone,67.2,0.0,16.2,3.6,3.6,0
2023-02-25,West_Zone,78.4,0.0,14.2,7.0,4.4,0
2023-02-26,West_Zone,78.4,0.0,14.7,8.4,3.1,0
2023-02-27,West_Zone,76.9,0.0,17.1,4.5,4.2,0
2023-02-28,West_Zone,86.6,0.0,14.1,4.3,3.7,0
2023-03-01,West_Zone,37.4,0.0,35.1,7.1,9.3,0
2023-03-02,West_Zone,46.1,0.0,23.0,3.5,9.1,0
2023-03-03,West_Zone,29.4,1.0,35.9,1.4,9.7,0
2023-03-04,West_Zone,39.4,0.0,41.0,7.1,8.9,0
2023-03-05,West_Zone,35.9,0.0,55.1,5.7,9.6,0
2023-03-06,West_Zone,43.8,0.0,29.5,5.6,8.6,0
2023-03-07,West_Zone,47.9,0.0,42.2,7.6,9.4,0
2023-03-08,West_Zone,46.4,3.2,42.8,8.0,10.4,0
2023-03-09,West_Zone,44.0,0.0,36.3,5.5,9.8,0
2023-03-10,West_Zone,41.9,0.0,35.6,2.6,8.6,0
2023-03-11,West_Zone,50.2,0.0,33.5,4.1,9.2,0
2023-03-12,West_Zone,47.8,0.0,27.2,7.8,9.2,0
2023-03-13,West_Zone,43.3,0.0,27.5,6.4,9.6,0
2023-03-14,West_Zone,33.5,0.0,38.1,4.4,9.2,0
2023-03-15,West_Zone,43.9,0.0,29.9,3.6,8.5,0
2023-03-16,West_Zone,47.9,0.0,36.1,7.9,9.4,0
2023-03-17,West_Zone,56.3,0.0,35.6,5.3,9.7,0
2023-03-18,West_Zone,41.1,0.0,45.6,8.3,9.8,0
2023-03-19,West_Zone,42.1,0.0,30.1,8.6,8.7,0
2023-03-20,West_Zone,37.1,0.0,36.4,5.1,10.6,0
2023-03-21,West_Zone,43.1,0.0,48.5,8.8,9.7,0
2023-03-22,West_Zone,34.1,0.9,35.9,6.4,9.6,0
2023-03-23,West_Zone,44.9,0.0,42.1,6.8,9.2,0
2023-03-24,West_Zone,49.7,0.0,31.9,1.0,9.9,0
2023-03-25,West_Zone,44.3,0.0,41.9,3.1,9.9,0
2023-03-26,West_Zone,41.4,0.0,39.4,3.2,9.7,0
2023-03-27,West_Zone,46.8,0.0,36.2,5.0,8.7,0
2023-03-28,West_Zone,44.5,0.0,36.5,6.3,10.1,0
2023-03-29,West_Zone,40.1,0.0,34.4,6.5,9.9,0
2023-03-30,West_Zone,56.0,0.0,30.0,6.9,9.8,0
2023-03-31,West_Zone,43.6,0.0,31.6,3.9,9.3,0
2023-04-01,West_Zone,45.4,0.0,44.8,8.1,9.6,0
2023-04-02,West_Zone,29.3,0.7,38.6,11.4,9.5,0
2023-04-03,West_Zone,48.5,0.0,43.5,4.9,10.9,0
2023-04-04,West_Zone,48.8,2.0,46.8,4.0,9.3,0
2023-04-05,West_Zone,42.2,0.0,41.0,3.9,8.9,0
2023-04-06,West_Zone,44.7,0.1,43.0,6.3,9.4,0
2023-04-07,West_Zone,45.3,0.0,40.9,4.4,9.2,0
2023-04-08,West_Zone,40.4,0.0,35.4,1.0,10.2,0
2023-04-09,West_Zone,46.7,0.0,36.1,1.6,8.6,0
2023-04-10,West_Zone,43.5,0.0,27.5,9.1,8.8,0
2023-04-11,West_Zone,41.0,0.0,34.3,9.8,9.5,0
2023-04-12,West_Zone,48.4,0.0,41.0,10.8,10.3,0
2023-04-13,West_Zone,49.1,0.0,36.0,6.7,9.8,0
2023-04-14,West_Zone,36.3,0.0,46.9,3.0,10.7,0
2023-04-15,West_Zone,39.0,0.0,38.0,4.7,9.7,0
2023-04-16,West_Zone,39.4,0.0,38.2,1.5,9.4,0
2023-04-17,West_Zone,47.3,0.0,37.3,1.4,10.0,0
2023-04-18,West_Zone,41.8,0.0,28.5,6.8,8.4,0
2023-04-19,West_Zone,43.6,0.0,42.5,7.6,8.6,0
2023-04-20,West_Zone,47.0,0.0,38.7,11.9,10.1,0
2023-04-21,West_Zone,45.6,0.0,30.4,5.8,9.4,0
2023-04-22,West_Zone,49.8,0.0,34.5,1.9,9.9,0
2023-04-23,West_Zone,44.1,0.0,31.0,5.6,8.8,0
2023-04-24,West_Zone,40.1,0.0,43.7,5.2,10.4,0
2023-04-25,West_Zone,40.2,0.0,31.6,4.5,9.7,0
2023-04-26,West_Zone,45.0,0.0,51.9,7.0,9.7,0
2023-04-27,West_Zone,41.9,0.0,30.5,2.4,9.4,0
2023-04-28,West_Zone,44.9,0.0,38.2,6.4,9.7,0
2023-04-29,West_Zone,43.1,0.0,36.8,8.0,9.0,0
2023-04-30,West_Zone,40.5,0.0,30.2,10.3,9.0,0
2023-05-01,West_Zone,37.0,0.0,46.4,6.9,9.9,0
2023-05-02,West_Zone,50.0,0.0,40.2,9.1,9.2,0
2023-05-03,West_Zone,42.4,0.0,43.8,4.7,8.8,0
2023-05-04,West_Zone,36.2,0.0,41.6,5.1,9.8,0
2023-05-05,West_Zone,44.4,0.0,39.0,10.0,10.0,0
2023-05-06,West_Zone,41.8,0.0,39.4,1.9,10.2,0
2023-05-07,West_Zone,62.3,0.0,37.0,4.8,9.7,0
2023-05-08,West_Zone,44.6,0.0,38.1,9.4,10.0,0
2023-05-09,West_Zone,40.6,0.0,39.1,5.4,10.1,0
2023-05-10,West_Zone,47.6,0.0,50.4,5.1,9.8,0
2023-05-11,West_Zone,36.4,0.0,30.1,5.2,8.0,0
2023-05-12,West_Zone,40.1,0.0,49.9,6.4,10.5,0
2023-05-13,West_Zone,56.3,0.0,31.3,9.3,8.7,0
2023-05-14,West_Zone,41.8,1.2,39.8,8.8,8.9,0
2023-05-15,West_Zone,38.5,0.0,27.6,6.0,8.5,0
2023-05-16,West_Zone,42.2,3.3,34.4,9.3,10.9,0
2023-05-17,West_Zone,46.9,0.0,54.5,7.0,10.0,0
2023-05-18,West_Zone,45.8,0.0,36.1,8.6,8.8,0
2023-05-19,West_Zone,38.1,0.6,38.9,2.9,9.1,0
2023-05-20,West_Zone,39.7,0.0,36.8,11.2,9.5,0
2023-05-21,West_Zone,38.2,0.0,43.3,6.7,10.0,0
2023-05-22,West_Zone,45.1,0.0,37.8,1.0,9.6,0
2023-05-23,West_Zone,51.4,1.0,34.9,11.0,8.8,0
2023-05-24,West_Zone,51.9,0.0,29.9,6.0,9.4,0
2023-05-25,West_Zone,43.7,0.0,44.2,4.8,9.3,0
2023-05-26,West_Zone,35.9,0.0,37.4,4.2,10.2,0
2023-05-27,West_Zone,37.5,0.0,33.4,7.3,9.4,0
2023-05-28,West_Zone,45.9,0.0,38.3,3.3,9.0,0
2023-05-29,West_Zone,35.3,0.0,38.9,4.3,10.0,0
2023-05-30,West_Zone,42.4,0.2,36.4,4.3,9.7,0
2023-05-31,West_Zone,41.9,1.5,47.6,5.1,9.4,0
2023-06-01,West_Zone,87.4,0.3,33.9,12.5,6.1,0
2023-06-02,West_Zone,86.5,36.0,42.1,16.6,6.2,0
2023-06-03,West_Zone,92.7,47.2,34.2,14.8,6.4,0
2023-06-04,West_Zone,95.3,21.3,37.3,15.2,6.1,0
2023-06-05,West_Zone,95.4,18.0,57.3,15.8,5.8,0
2023-06-06,West_Zone,95.7,8.4,38.2,13.7,4.7,0
2023-06-07,West_Zone,95.3,59.8,25.1,10.9,5.6,0
2023-06-08,West_Zone,88.1,1.6,40.9,19.4,6.0,0
2023-06-09,West_Zone,88.1,11.4,31.9,16.8,5.7,0
2023-06-10,West_Zone,87.6,7.1,52.2,18.8,4.1,0
2023-06-11,West_Zone,93.9,6.7,42.9,17.1,6.2,0
2023-06-12,West_Zone,95.2,0.0,32.6,12.6,5.1,0
2023-06-13,West_Zone,83.1,0.0,30.8,7.0,6.0,0
2023-06-14,West_Zone,89.3,8.3,33.6,10.3,6.7,0
2023-06-15,West_Zone,99.0,27.7,23.4,15.9,5.3,0
2023-06-16,West_Zone,94.4,0.0,30.3,13.7,5.8,0
2023-06-17,West_Zone,84.1,46.4,43.8,12.7,5.8,0
2023-06-18,West_Zone,99.0,30.9,23.1,6.5,5.7,0
2023-06-19,West_Zone,92.1,17.7,39.9,14.0,5.8,0
2023-06-20,West_Zone,91.1,19.1,62.9,10.8,5.7,0
2023-06-21,West_Zone,93.1,0.0,48.2,11.8,5.3,0
2023-06-22,West_Zone,94.3,0.0,23.1,16.6,6.4,0
2023-06-23,West_Zone,89.1,0.0,36.2,10.9,6.0,0
2023-06-24,West_Zone,99.0,79.9,21.8,11.2,5.8,1
2023-06-25,West_Zone,97.7,21.3,38.3,14.6,5.9,0
2023-06-26,West_Zone,98.4,12.8,26.1,16.6,6.1,0
2023-06-27,West_Zone,98.7,12.6,23.7,12.8,4.9,0
2023-06-28,West_Zone,91.5,28.3,22.5,18.4,5.4,0
2023-06-29,West_Zone,96.5,0.0,58.0,10.2,6.2,0
2023-06-30,West_Zone,89.8,37.7,26.6,9.6,6.4,0
2023-07-01,West_Zone,94.9,9.0,32.9,9.4,7.2,0
2023-07-02,West_Zone,85.8,15.7,26.6,9.0,5.8,0
2023-07-03,West_Zone,77.7,44.0,63.7,15.0,5.7,0
2023-07-04,West_Zone,91.6,47.3,56.0,11.1,5.2,0
2023-07-05,West_Zone,90.2,47.6,26.3,9.8,5.0,0
2023-07-06,West_Zone,83.3,39.7,32.6,15.1,5.2,0
2023-07-07,West_Zone,97.5,41.0,25.4,16.5,3.8,0
2023-07-08,West_Zone,99.0,0.0,39.0,17.2,5.3,0
2023-07-09,West_Zone,99.0,2.4,26.5,16.6,6.0,0
2023-07-10,West_Zone,94.9,0.0,23.1,11.2,5.5,0
2023-07-11,West_Zone,96.4,20.9,22.8,14.8,5.2,0
2023-07-12,West_Zone,97.8,21.9,34.4,15.5,4.7,0
2023-07-13,West_Zone,99.0,6.5,32.1,12.6,6.2,0
2023-07-14,West_Zone,93.7,0.0,24.3,14.5,5.8,0
2023-07-15,West_Zone,93.4,17.5,34.4,10.2,5.6,0
2023-07-16,West_Zone,93.9,121.4,39.2,12.1,4.4,1
2023-07-17,West_Zone,97.4,0.0,25.6,15.1,5.2,0
2023-07-18,West_Zone,91.2,0.0,41.9,18.5,6.0,0
2023-07-19,West_Zone,93.5,46.4,26.5,17.5,5.6,0
2023-07-20,West_Zone,99.0,0.0,25.6,16.0,5.6,0
2023-07-21,West_Zone,96.2,26.9,57.8,14.2,6.3,0
2023-07-22,West_Zone,97.0,0.8,25.7,13.8,5.6,0
2023-07-23,West_Zone,99.0,14.7,46.6,9.7,6.2,0
2023-07-24,West_Zone,89.5,0.0,44.1,11.5,5.3,0
2023-07-25,West_Zone,99.0,6.8,47.6,11.6,5.1,0
2023-07-26,West_Zone,95.7,0.0,35.9,15.7,6.0,0
2023-07-27,West_Zone,99.0,76.9,44.3,16.8,6.2,1
2023-07-28,West_Zone,90.8,17.5,22.0,16.2,5.7,0
2023-07-29,West_Zone,91.2,1.0,25.6,17.5,5.6,0
2023-07-30,West_Zone,93.5,0.0,46.1,14.2,5.6,0
2023-07-31,West_Zone,96.4,0.0,26.0,11.1,5.7,0
2023-08-01,West_Zone,99.0,0.0,26.2,13.9,5.8,0
2023-08-02,West_Zone,91.4,15.3,25.5,11.8,5.8,0
2023-08-03,West_Zone,99.0,6.0,25.4,16.0,7.1,0
2023-08-04,West_Zone,99.0,0.0,21.4,12.9,4.8,0
2023-08-05,West_Zone,96.8,6.8,34.6,13.7,7.6,0
2023-08-06,West_Zone,85.3,100.0,51.4,16.1,5.2,1
2023-08-07,West_Zone,99.0,3.6,23.2,11.8,5.6,0
2023-08-08,West_Zone,99.0,11.0,35.8,16.9,4.9,0
2023-08-09,West_Zone,98.4,9.1,24.4,10.0,5.7,0
2023-08-10,West_Zone,93.8,9.3,36.9,14.9,6.3,0
2023-08-11,West_Zone,95.5,4.3,26.1,13.7,5.6,0
2023-08-12,West_Zone,93.5,0.0,30.5,16.5,6.2,0
2023-08-13,West_Zone,98.3,0.0,24.8,9.9,5.2,0
2023-08-14,West_Zone,94.1,28.9,30.5,9.4,4.4,0
2023-08-15,West_Zone,88.5,0.0,36.0,16.3,6.1,0
2023-08-16,West_Zone,86.9,1.5,38.7,12.8,5.8,0
2023-08-17,West_Zone,89.9,70.3,31.3,13.7,5.3,1
2023-08-18,West_Zone,95.3,0.0,26.4,12.0,5.3,0
2023-08-19,West_Zone,92.3,1.2,38.4,16.7,6.0,0
2023-08-20,West_Zone,93.2,0.0,41.0,14.9,5.3,0
2023-08-21,West_Zone,94.4,54.5,43.0,14.7,6.0,0
2023-08-22,West_Zone,91.7,69.6,25.3,10.5,6.2,1
2023-08-23,West_Zone,99.0,11.2,30.7,15.5,6.8,0
2023-08-24,West_Zone,90.4,0.0,42.4,11.0,6.6,0
2023-08-25,West_Zone,91.9,24.2,26.5,12.0,5.7,0
2023-08-26,West_Zone,96.3,15.3,30.8,9.9,5.7,0
2023-08-27,West_Zone,82.8,35.2,38.8,13.5,5.5,0
2023-08-28,West_Zone,90.1,24.5,26.5,17.2,5.3,0
2023-08-29,West_Zone,99.0,6.0,24.9,14.7,6.0,0
2023-08-30,West_Zone,86.4,0.0,24.8,12.7,5.3,0
2023-08-31,West_Zone,95.9,35.4,56.0,14.3,6.1,0
2023-09-01,West_Zone,79.4,4.1,23.6,6.3,5.9,0
2023-09-02,West_Zone,70.3,0.5,23.1,6.2,7.2,0
2023-09-03,West_Zone,73.5,0.0,23.2,6.5,6.2,0
2023-09-04,West_Zone,75.2,0.0,29.9,2.9,7.3,0
2023-09-05,West_Zone,66.9,0.0,30.1,6.3,6.2,0
2023-09-06,West_Zone,74.7,0.0,26.0,1.0,6.1,0
2023-09-07,West_Zone,66.4,0.0,28.6,7.7,7.4,0
2023-09-08,West_Zone,70.4,0.0,22.1,2.7,6.0,0
2023-09-09,West_Zone,65.8,0.0,28.5,9.5,5.7,0
2023-09-10,West_Zone,75.2,0.0,20.9,1.0,5.7,0
2023-09-11,West_Zone,78.9,0.0,21.5,11.0,6.8,0
2023-09-12,West_Zone,67.8,1.8,31.9,1.1,7.1,0
2023-09-13,West_Zone,64.0,0.0,26.1,2.4,6.1,0
2023-09-14,West_Zone,66.2,0.0,24.0,6.9,6.1,0
2023-09-15,West_Zone,72.2,0.0,26.3,7.9,7.0,0
2023-09-16,West_Zone,80.6,0.0,24.3,5.1,7.3,0
2023-09-17,West_Zone,74.3,0.0,22.7,8.7,6.3,0
2023-09-18,West_Zone,69.2,0.0,24.7,3.6,6.8,0
2023-09-19,West_Zone,76.8,0.0,21.7,4.8,6.9,0
2023-09-20,West_Zone,71.2,0.0,22.6,5.1,7.7,0
2023-09-21,West_Zone,70.1,0.0,23.4,4.4,5.7,0
2023-09-22,West_Zone,67.3,0.0,23.1,1.0,6.0,0
2023-09-23,West_Zone,78.4,0.0,24.4,5.9,6.2,0
2023-09-24,West_Zone,58.7,0.0,24.3,5.7,7.0,0
2023-09-25,West_Zone,75.0,0.0,24.9,9.2,6.3,0
2023-09-26,West_Zone,70.6,0.0,21.8,2.1,6.5,0
2023-09-27,West_Zone,66.1,0.0,33.7,4.1,6.8,0
2023-09-28,West_Zone,78.9,0.0,26.0,9.6,6.6,0
2023-09-29,West_Zone,67.3,4.1,25.2,6.9,6.6,0
2023-09-30,West_Zone,70.2,0.0,20.6,7.6,6.9,0
2023-10-01,West_Zone,70.2,0.0,25.2,7.4,5.9,0
2023-10-02,West_Zone,73.7,0.0,23.9,7.4,6.4,0
2023-10-03,West_Zone,67.4,0.0,29.1,11.5,5.9,0
2023-10-04,West_Zone,64.9,0.0,22.1,6.3,6.5,0
2023-10-05,West_Zone,67.8,0.0,23.2,3.0,6.3,0
2023-10-06,West_Zone,76.6,0.0,26.4,7.9,7.2,0
2023-10-07,West_Zone,72.3,0.0,23.5,4.3,6.4,0
2023-10-08,West_Zone,72.6,0.0,26.1,5.7,6.3,0
2023-10-09,West_Zone,67.7,0.2,31.1,7.1,6.5,0
2023-10-10,West_Zone,67.8,0.0,24.9,3.5,7.5,0
2023-10-11,West_Zone,79.2,0.0,25.3,4.5,5.6,0
2023-10-12,West_Zone,70.7,0.0,23.9,7.4,6.1,0
2023-10-13,West_Zone,69.7,0.0,23.4,4.4,6.4,0
2023-10-14,West_Zone,78.1,0.0,22.3,8.9,6.0,0
2023-10-15,West_Zone,68.6,0.0,23.0,3.0,6.7,0
2023-10-16,West_Zone,70.7,1.3,20.5,3.0,6.2,0
2023-10-17,West_Zone,71.8,0.0,23.8,11.7,6.6,0
2023-10-18,West_Zone,70.7,0.0,25.5,1.4,6.6,0
2023-10-19,West_Zone,74.2,0.0,21.9,5.9,6.3,0
2023-10-20,West_Zone,84.9,3.6,19.3,11.6,5.4,0
2023-10-21,West_Zone,71.5,0.0,29.0,5.9,6.7,0
2023-10-22,West_Zone,58.3,0.0,26.3,10.0,5.5,0
2023-10-23,West_Zone,76.2,0.0,19.1,8.0,5.8,0
2023-10-24,West_Zone,71.8,3.2,24.0,6.0,6.7,0
2023-10-25,West_Zone,69.8,5.1,29.5,5.6,7.3,0
2023-10-26,West_Zone,70.9,0.0,29.3,1.0,8.0,0
2023-10-27,West_Zone,76.5,0.0,15.6,5.0,5.8,0
2023-10-28,West_Zone,67.8,0.0,34.3,6.7,6.2,0
2023-10-29,West_Zone,73.8,0.0,25.5,6.7,6.8,0
2023-10-30,West_Zone,68.5,2.7,24.7,13.4,7.6,0
2023-10-31,West_Zone,67.1,0.0,23.6,6.8,7.3,0
2023-11-01,West_Zone,84.6,0.0,31.7,7.9,6.0,0
2023-11-02,West_Zone,65.9,0.0,29.3,9.5,6.5,0
2023-11-03,West_Zone,70.7,0.0,26.4,7.6,7.1,0
2023-11-04,West_Zone,65.8,0.0,21.2,5.7,6.9,0
2023-11-05,West_Zone,71.6,0.0,25.0,5.8,6.9,0
2023-11-06,West_Zone,68.0,0.0,22.2,4.9,6.1,0
2023-11-07,West_Zone,69.1,3.7,24.4,7.3,6.8,0
2023-11-08,West_Zone,73.6,0.6,34.2,5.5,7.3,0
2023-11-09,West_Zone,76.6,0.0,19.6,7.9,5.7,0
2023-11-10,West_Zone,74.6,0.0,23.8,3.0,7.2,0
2023-11-11,West_Zone,64.3,0.0,21.4,6.4,6.9,0
2023-11-12,West_Zone,83.1,0.3,20.2,10.7,5.8,0
2023-11-13,West_Zone,69.1,0.8,18.2,5.3,6.7,0
2023-11-14,West_Zone,77.3,0.0,30.1,11.5,7.1,0
2023-11-15,West_Zone,74.4,0.0,31.0,6.5,7.2,0
2023-11-16,West_Zone,74.8,0.0,23.5,5.8,7.4,0
2023-11-17,West_Zone,68.8,0.0,21.5,6.3,6.3,0
2023-11-18,West_Zone,72.9,0.0,23.1,5.1,6.6,0
2023-11-19,West_Zone,66.8,0.0,30.3,1.0,5.1,0
2023-11-20,West_Zone,69.3,0.0,30.6,8.6,7.3,0
2023-11-21,West_Zone,70.5,0.0,23.8,12.6,7.1,0
2023-11-22,West_Zone,62.7,0.0,21.9,7.4,7.2,0
2023-11-23,West_Zone,78.2,0.0,22.4,7.6,5.8,0
2023-11-24,West_Zone,74.2,0.0,19.0,5.5,6.8,0
2023-11-25,West_Zone,68.6,0.0,24.9,9.5,7.1,0
2023-11-26,West_Zone,72.9,0.0,17.1,5.9,5.7,0
2023-11-27,West_Zone,72.1,0.0,26.1,6.8,7.2,0
2023-11-28,West_Zone,68.2,0.0,22.2,1.3,6.6,0
2023-11-29,West_Zone,58.2,0.0,28.6,4.4,5.6,0
2023-11-30,West_Zone,74.2,0.0,23.1,7.1,6.8,0
2023-12-01,West_Zone,80.6,0.0,16.6,8.7,3.1,0
2023-12-02,West_Zone,79.3,0.0,12.8,8.8,2.4,0
2023-12-03,West_Zone,69.8,0.0,20.7,1.3,4.0,0
2023-12-04,West_Zone,77.5,0.3,18.3,1.6,3.6,0
2023-12-05,West_Zone,72.6,0.0,13.5,7.8,4.3,0
2023-12-06,West_Zone,74.2,0.0,14.5,3.8,3.6,0
2023-12-07,West_Zone,72.8,0.0,19.1,8.7,4.2,0
2023-12-08,West_Zone,81.1,0.0,18.6,1.1,4.0,0
2023-12-09,West_Zone,77.9,1.9,13.8,5.7,4.1,0
2023-12-10,West_Zone,76.2,0.0,15.9,5.9,3.0,0
2023-12-11,West_Zone,87.5,0.0,17.2,7.4,3.7,0
2023-12-12,West_Zone,80.7,0.0,15.1,2.9,3.4,0
2023-12-13,West_Zone,84.4,0.0,8.8,1.0,3.6,0
2023-12-14,West_Zone,77.6,1.3,14.2,6.5,3.6,0
2023-12-15,West_Zone,75.7,3.0,15.5,7.6,3.2,0
2023-12-16,West_Zone,68.2,0.0,14.8,9.0,3.3,0
2023-12-17,West_Zone,82.5,0.0,17.2,4.9,4.6,0
2023-12-18,West_Zone,80.4,0.0,16.4,8.3,2.6,0
2023-12-19,West_Zone,74.9,0.0,20.3,7.5,4.2,0
2023-12-20,West_Zone,78.1,0.0,15.4,10.0,4.3,0
2023-12-21,West_Zone,81.2,0.0,17.4,5.8,4.0,0
2023-12-22,West_Zone,74.3,0.8,9.8,1.0,4.4,0
2023-12-23,West_Zone,75.6,2.3,15.8,5.8,4.1,0
2023-12-24,West_Zone,75.6,0.0,11.2,6.3,3.5,0
2023-12-25,West_Zone,83.6,4.7,22.1,7.6,3.6,0
2023-12-26,West_Zone,85.7,0.0,11.1,1.4,3.5,0
2023-12-27,West_Zone,68.0,0.0,15.0,5.1,3.9,0
2023-12-28,West_Zone,72.5,0.0,13.2,8.6,3.4,0
2023-12-29,West_Zone,80.3,0.0,11.7,5.7,2.9,0
2023-12-30,West_Zone,74.7,1.2,18.3,5.1,2.9,0
2023-12-31,West_Zone,72.7,0.0,14.4,11.7,3.6,0
